5	PASS [   0.503s] (  1/519) ken-cli entrypoint_tests::apartial_cannot_apply_afull_writefile_wrapper
5	PASS [   0.599s] (  2/519) ken-cli::cli_i1_entrypoint_abi argv_after_separator_round_trips_non_utf8_and_pre_separator_is_rejected
5	PASS [   0.518s] (  3/519) ken-cli::cli_i1_entrypoint_abi named_main_with_wrong_signature_is_rejected_before_execution
5	PASS [   0.008s] (  4/519) ken-cli::dasm_c2_observation_artifact_identity dasm_c2_artifact_identity_worker
5	PASS [   0.931s] (  5/519) ken-cli::cli_i1_entrypoint_abi missing_and_duplicate_main_report_distinct_named_errors
5	PASS [   0.444s] (  6/519) ken-cli::ken_check_mode check_file_with_failing_fence_exits_one_same_error_path
5	PASS [   0.905s] (  7/519) ken-cli::i8_clock_effect scripted_wall_clock_is_byte_identical_and_reaches_the_injected_host
5	PASS [   0.438s] (  8/519) ken-cli::ken_check_mode ken_run_rejects_a_pure_library_without_named_main
5	PASS [   0.011s] (  9/519) ken-cli::ken_fmt fmt_rewrites_plain_and_literate_sources_through_landed_entry_points
5	PASS [   0.445s] ( 10/519) ken-cli::ken_check_mode stale_reject_in_catalog_entry_is_still_refused_after_roots_loading
5	PASS [  38.581s] ( 11/519) ken-cli::ken_fmt strict_frozen_corpus_gate_is_green
5	PASS [   0.006s] ( 12/519) ken-cli::library_documentation_gates agent_controlled_paths_fail_loudly_on_escape
5	PASS [   0.006s] ( 13/519) ken-cli::library_documentation_gates agent_pack_integrity_rejects_missing_modules_and_cycles
5	PASS [   0.290s] ( 14/519) ken-cli::library_documentation_gates check_and_write_modes_never_mutate_the_ledger
5	PASS [   0.115s] ( 15/519) ken-cli::library_documentation_gates ledger_rejects_a_dot_slash_alias_row_even_though_the_manifest_matches_it
5	PASS [   0.008s] ( 16/519) ken-cli::library_documentation_gates symlink_escape_is_rejected_by_confinement_and_by_the_walk
5	PASS [   0.006s] ( 17/519) ken-cli::mrc_d8_manifest_premise mrc_d8_control_moving_the_featured_edge_reds_fact_three
5	PASS [  73.723s] ( 18/519) ken-cli::abi_s6_mapping_surface_native read_only_mapping_refuses_payload_write_with_exact_rights
5	PASS [  47.435s] ( 19/519) ken-cli::px4b_native_production two_vis_nodes_resume_once_in_source_order
5	PASS [  50.487s] ( 20/519) ken-cli::px7l_checked_host_recursive_bind static_direct_vis_retains_the_existing_lowering_path
5	PASS [  51.970s] ( 21/519) ken-cli::px7m_hostresult_computational_match flipped_outer_arm_label_preserves_the_inner_owner_contract
5	PASS [  58.241s] ( 22/519) ken-cli::rt_branched_scrutinee_unit_body_port suppressing_match_branch_entry_is_a_recorder_positive_control
5	PASS [   0.567s] ( 23/519) ken-cli::rt_cold_lowering_path_enumeration rt_write_pair_source
5	PASS [   0.473s] ( 24/519) ken-cli::rt_native_string_construction native_string_decomposed_char_list_normalizes
5	PASS [  75.621s] ( 25/519) ken-cli::rt_cold_lowering_path_enumeration rt_allocate_stage
5	PASS [ 222.264s] ( 26/519) ken-cli::lang_checked_ih_body_view_cause d5_inorder_compiles_runs_and_its_exit_value_discriminates_every_recursive_position
5	PASS [   0.620s] ( 27/519) ken-cli::rt_span_prov_native sp_c_released_span_not_revived_by_slot_reuse_interp
5	PASS [   0.450s] ( 28/519) ken-cli::t2_acceptance ac2_provable_goal_yields_proved
5	PASS [   0.008s] ( 29/519) ken-elaborator checked_core::tests::annotations_do_not_change_semantic_fingerprint_but_do_change_artifact
5	PASS [   0.009s] ( 30/519) ken-elaborator checked_core::tests::body_view_rejects_non_executable_erased_field_projection
5	PASS [   0.009s] ( 31/519) ken-elaborator checked_core::tests::body_view_rejects_stale_field_identity_order_mismatch
5	PASS [   0.009s] ( 32/519) ken-elaborator checked_core::tests::body_view_rejects_stale_package_identity_and_hash_facts
5	PASS [   0.009s] ( 33/519) ken-elaborator checked_core::tests::body_view_rejects_unsupported_record_projection_shape
5	PASS [   0.010s] ( 34/519) ken-elaborator checked_core::tests::package_consumer_uses_artifact_without_surface_source
5	PASS [   0.008s] ( 35/519) ken-elaborator checked_core::tests::primitive_identity_is_registry_symbol_not_primitive_global_id
5	PASS [   1.573s] ( 36/519) ken-elaborator compiler_driver::tests::executable_entrypoint_metadata_identity_is_deterministic_and_content_addressed
5	PASS [   0.624s] ( 37/519) ken-elaborator compiler_driver::tests::executable_entrypoint_reports_imported_dependency_as_non_closed
5	PASS [   0.529s] ( 38/519) ken-elaborator compiler_driver::tests::executable_entrypoint_reports_unsupported_lowerability_before_native_work
5	PASS [  45.976s] ( 39/519) ken-cli::rt_planner_seed_binding_order two_same_type_parameters_read_after_a_bind_keep_their_values
5	PASS [   1.098s] ( 40/519) ken-elaborator compiler_driver::tests::target_closure_reaches_declaration_dependencies_and_changes_with_content
5	PASS [   0.010s] ( 41/519) ken-elaborator conversions::tests::manifested_width_changes_the_generated_bounds
5	PASS [   0.521s] ( 42/519) ken-elaborator compiler_driver::tests::unsupported_target_metadata_is_reported_as_named_lane
5	PASS [   0.012s] ( 43/519) ken-elaborator elab::nested_lift_association_tests::swapped_lift_association_mutation_rejects
5	PASS [   0.447s] ( 44/519) ken-elaborator elab::match_matrix_occurrence_tests::production_two_level_recursive_split_rebases_binding_under_both_ihs
5	PASS [   0.442s] ( 45/519) ken-elaborator elab::omega_index_refinement_tests::hidden_result_matched_type_classifier_remains_type_only
5	PASS [   0.009s] ( 46/519) ken-elaborator erasure::px7l_tests::finish_rejects_an_unconsumed_computational_ih_call_seed
5	PASS [   0.008s] ( 47/519) ken-elaborator erasure::px7l_tests::runtime_selected_response_binder_is_not_shifted_with_its_free_environment
5	PASS [   0.008s] ( 48/519) ken-elaborator erasure::selected_host_binder_depth_tests::selected_host_leaf_free_var_resolves_through_actual_match_and_let_environments
5	PASS [   0.008s] ( 49/519) ken-elaborator fo_kripke::tests::positive_control_certificate_computes_true
5	PASS [   0.007s] ( 50/519) ken-elaborator modules::namespace_effect_tests::ambient_local_import_of_same_identity_is_a_binding_noop
5	PASS [   0.443s] ( 51/519) ken-elaborator elab::result_transport_control_flow_tests::active_premise_frame_order_and_overflow_fail_closed
5	PASS [   0.451s] ( 52/519) ken-elaborator modules::namespace_effect_tests::constrained_instance_field_purity_tracks_imported_class_id
5	PASS [   0.446s] ( 53/519) ken-elaborator modules::namespace_effect_tests::file_backed_child_never_counts_as_inline_descendant_of_imported_owner
5	PASS [   0.442s] ( 54/519) ken-elaborator modules::namespace_effect_tests::file_operator_import_retains_checked_id_and_fixity
5	PASS [   0.442s] ( 55/519) ken-elaborator modules::namespace_effect_tests::file_unit_root_import_keeps_its_declared_inline_child
5	PASS [   0.444s] ( 56/519) ken-elaborator modules::namespace_effect_tests::generated_instance_same_checked_identity_reimport_is_idempotent
5	PASS [   0.438s] ( 57/519) ken-elaborator modules::namespace_effect_tests::private_roster_requires_every_name_and_sweeps_identity_aliases
5	PASS [   0.877s] ( 58/519) ken-elaborator modules::namespace_effect_tests::in_memory_root_import_refuses_later_child_even_when_external_n_is_loaded
5	PASS [   0.008s] ( 59/519) ken-elaborator parser::as_pattern_precedence_tests::tuple_pattern_retains_surface_arity_while_parentheses_group
5	PASS [   0.007s] ( 60/519) ken-elaborator parser::atom_form_closure::every_type_form_is_reachable_through_at
5	PASS [   0.007s] ( 61/519) ken-elaborator parser::atom_form_closure::the_shared_literal_map_refuses_every_non_literal_token
5	PASS [   0.444s] ( 62/519) ken-elaborator r_layer_tests::acceptance::class_declaration_requires_initialized_class_env_without_mutation
5	PASS [   0.445s] ( 63/519) ken-elaborator r_layer_tests::acceptance::nested_app_each_binder
5	PASS [   1.327s] ( 64/519) ken-elaborator modules::namespace_effect_tests::selective_or_loaded_owner_does_not_grant_inline_child_access
5	PASS [   0.444s] ( 65/519) ken-elaborator r_layer_tests::acceptance::unbound_name_rejected_at_resolution
5	PASS [   1.711s] ( 66/519) ken-elaborator r_layer_tests::cat_bytes_keys_closeout::bytes_keys_loader_visible_inventory_is_empty
5	PASS [   3.493s] ( 67/519) ken-elaborator r_layer_tests::cat_ord_nat_canonical_owner::compatibility_roots_still_build_lawful_classes_and_order
5	PASS [   6.009s] ( 68/519) ken-elaborator r_layer_tests::cat_effectful_classes_pub_export::effectful_classes_publication_adds_zero_trust
5	PASS [   1.820s] ( 69/519) ken-elaborator r_layer_tests::cat_order_pub_export::order_facade_exports_all_four_owned_operation_identities
5	PASS [   5.582s] ( 70/519) ken-elaborator r_layer_tests::cat_priority_queue_acceptance::public_client_constructs_peeks_merges_and_drains_exact_exports
5	PASS [   7.313s] ( 71/519) ken-elaborator r_layer_tests::cat_tier_d_cursor_import::parsing_cursor_loader_visible_inventory_is_exact
5	PASS [   5.051s] ( 72/519) ken-elaborator r_layer_tests::cat_tier_d_parsing_group_import::parsing_module_provider_closure_is_exact_and_sibling_disjoint
5	PASS [   8.586s] ( 73/519) ken-elaborator r_layer_tests::cat_tier_d_posix_import::filesystem_path_posix_loader_visible_inventory_is_exact_and_usable
5	PASS [   7.261s] ( 74/519) ken-elaborator r_layer_tests::cat_tier_e_decoder_import::decoder_selective_import_ledger_is_exact
5	PASS [  16.703s] ( 75/519) ken-elaborator r_layer_tests::cat_tier_e_argparse_import::argparse_checked_provider_and_schema_closure_is_exact
5	PASS [   0.431s] ( 76/519) ken-elaborator r_layer_tests::constrained_instance_elaboration::constrained_pair_instance_binds_two_dicts_and_resolves_at_use_site
5	PASS [   1.743s] ( 77/519) ken-elaborator r_layer_tests::ds1_empty_dec_acceptance::ac4_bridge_demonstrated_over_deceq_bool_not_only_deceq_int
5	PASS [   0.008s] ( 78/519) ken-elaborator r_layer_tests::effects::classify_telescope_unknown_is_conservative
5	PASS [   0.007s] ( 79/519) ken-elaborator r_layer_tests::effects::handler_fold_discharges_effect
5	PASS [   0.007s] ( 80/519) ken-elaborator r_layer_tests::effects::higher_order_two_params_each_guarded
5	PASS [   0.008s] ( 81/519) ken-elaborator r_layer_tests::effects::lower_bind_swapped_methods_rejected
5	PASS [   0.007s] ( 82/519) ken-elaborator r_layer_tests::effects::row_poly_mixed_concrete_and_var
5	PASS [   0.008s] ( 83/519) ken-elaborator r_layer_tests::effects::surf1_surface_visits_open_row_reaches_join_and_stays_conservative
5	PASS [   0.008s] ( 84/519) ken-elaborator r_layer_tests::kenfmt_b3_layout::ac5_interstitial_comment_forces_the_application_group
5	PASS [   0.010s] ( 85/519) ken-elaborator r_layer_tests::kenfmt_b3_layout::selective_import_items_wrap_without_inventory_or_fixed_point_drift
5	PASS [   0.008s] ( 86/519) ken-elaborator r_layer_tests::kenfmt_b4_splicing::ac5_full_document_is_byte_idempotent_and_canonical_input_is_a_noop
5	PASS [   0.884s] ( 87/519) ken-elaborator r_layer_tests::lang_fixity_decl_surface::declared_associativity_changes_structure_with_late_declaration
5	PASS [   6.908s] ( 88/519) ken-elaborator r_layer_tests::cat_tier_e_schema_import::schema_publication_is_visibility_only
5	PASS [   0.010s] ( 89/519) ken-elaborator r_layer_tests::lang_mod_catalog_evidence_frontier::discovery_known_answer_covers_both_source_spellings
5	PASS [   0.451s] ( 90/519) ken-elaborator r_layer_tests::lang_structural_result_elab::d2_generated_support_name_stays_unresolvable_beside_visible_source_name
5	PASS [   0.009s] ( 91/519) ken-elaborator r_layer_tests::lang_structural_result_elab::retired_selector_spelling_is_a_parse_error
5	PASS [   1.292s] ( 92/519) ken-elaborator r_layer_tests::lang_fixity_decl_surface::non_associative_chain_requires_parentheses
5	PASS [   0.944s] ( 93/519) ken-elaborator r_layer_tests::let4_multi_binding::ac2_ac3_group_and_nested_forms_resolve_and_lower_identically
5	PASS [   0.474s] ( 94/519) ken-elaborator r_layer_tests::n4_program_admits::single_source_package_self_admits_without_program
5	PASS [   1.856s] ( 95/519) ken-elaborator r_layer_tests::lc_acceptance::ac3_overlap_check_first_ok_second_errors
5	PASS [   0.009s] ( 96/519) ken-elaborator seal2_tests::producer_closure::certificate_ignores_prose_only_carrier_mentions
5	PASS [   0.487s] ( 97/519) ken-elaborator seal2_tests::adversary_repros::wrapped_return_is_seen_by_the_closed_oracle
5	PASS [   0.476s] ( 98/519) ken-elaborator seal2_tests::producer_closure::one_field_class_has_the_exact_singleton_owner_field_population
5	PASS [   0.482s] ( 99/519) ken-elaborator::ax2_axiom_named_postulates module_qualification_is_the_axiom_owner
5	PASS [   0.483s] (100/519) ken-elaborator::ax2_axiom_named_postulates repeated_expression_axioms_share_the_owner_label_but_not_identity
5	PASS [  61.444s] (101/519) ken-cli::rt_resource_release_carried_observe the_carried_resource_route_observes_resource_scalar_and_completes_native_construction
5	PASS [   0.007s] (102/519) ken-elaborator::b2_acceptance hoas_foil_reaches_positivity_violation_not_universe_gate
5	PASS [   0.006s] (103/519) ken-elaborator::b2_acceptance no_modal_construct_in_kernel
5	PASS [   3.089s] (104/519) ken-elaborator::bytes_primitive_contracts byte_primitives_satisfy_each_contract_on_independent_inputs
5	PASS [   0.868s] (105/519) ken-elaborator::case_eq_dependent_match_sugar modifier_has_zero_trusted_base_delta
5	PASS [   4.889s] (106/519) ken-elaborator::cat5_parsing_package cat5_d1_valid_half_open_bounds_and_zero_width_offsets_check
5	PASS [   4.564s] (107/519) ken-elaborator::cat5_parsing_package cat5_d2_legacy_unguarded_repeat_is_not_exported
5	PASS [   0.454s] (108/519) ken-elaborator::cat_codec_import codec_loader_visible_inventory_is_empty
5	PASS [   9.210s] (109/519) ken-elaborator::cat_deque_closeout deque_direct_provider_inventory_is_exact_and_canonical
5	PASS [   2.714s] (110/519) ken-elaborator::cat_derived_pub_export derived_loader_publishes_exactly_its_authorized_export_surface
5	PASS [   2.091s] (111/519) ken-elaborator::cat_gcd_acceptance entry_adds_no_trust_beyond_the_preexisting_provider_closure
5	PASS [   2.169s] (112/519) ken-elaborator::cat_gcd_acceptance gcd_vectors_compute_and_divisibility_law_artifacts_remain_checked
5	PASS [  11.601s] (113/519) ken-elaborator::cat_map_bool_and_owner map_resolves_exact_lawfulclasses_bool_and_family_without_local_identity
5	PASS [   0.453s] (114/519) ken-elaborator::cat_string_bijection_pub_export string_bijection_loader_visible_inventory_is_exact
5	PASS [   0.521s] (115/519) ken-elaborator::cat_vec_acceptance entry_adds_no_trusted_declarations_beyond_its_providers
5	PASS [  46.797s] (116/519) ken-elaborator::b1_acceptance open_hole_postcondition_rides_p_as_unknown
5	PASS [  46.904s] (117/519) ken-elaborator::b2_acceptance block_elaborates_delegated_and_visible
5	PASS [   3.051s] (118/519) ken-elaborator::cc2_text_codec_numeric_acceptance cc2_checked_code_has_zero_axiom_and_zero_trusted_base_delta
5	PASS [   2.947s] (119/519) ken-elaborator::cc4_diagnostic_core_acceptance derived_fixture_retains_lawfulclasses_for_cc4_dependency_closure
5	PASS [   6.225s] (120/519) ken-elaborator::cc1_nonempty_validation_acceptance validation_ap_distinct_nonempty_nat_errors_keep_both_heads_in_order
5	PASS [   3.319s] (121/519) ken-elaborator::cc4_diagnostic_core_acceptance diagnostic_core_loader_surface_and_carrier_shapes_are_exact
5	PASS [   3.585s] (122/519) ken-elaborator::cc6a_process_arguments_exit_acceptance process_arguments_round_trips_genuinely_invalid_utf8_byte_identically
5	PASS [   2.715s] (123/519) ken-elaborator::compare_ord_lexicographic_acceptance pair_and_list_instances_compute_lexicographically
5	PASS [   0.699s] (124/519) ken-elaborator::conversions_acceptance ac3_no_implicit_cross_type_coercion_rejects
5	PASS [   3.694s] (125/519) ken-elaborator::conversions_acceptance ac1_round_trip_law_at_max_every_width
5	PASS [   2.070s] (126/519) ken-elaborator::conversions_acceptance ac5_neg_intn_computes_in_range_every_signed_width
5	PASS [   0.459s] (127/519) ken-elaborator::dependent_match_coherent_frame_acceptance recursive_step_only_false_is_rejected_after_true_base_elaborates
5	PASS [   2.218s] (128/519) ken-elaborator::decimal_char_acceptance char_eq_and_ord_on_projection
5	PASS [   0.449s] (129/519) ken-elaborator::dependent_match_context_telescope_acceptance three_deep_transitive_closure_follows_index_refinement
5	PASS [   0.488s] (130/519) ken-elaborator::dependent_match_eigen_guard_localization dependent_guard_without_context_extension_uses_constructor_local_view
5	PASS [   0.437s] (131/519) ken-elaborator::dependent_match_nonnullary_acceptance ac1_list_hypothesis_threading_elaborates_and_narrows_structurally
5	PASS [   0.006s] (132/519) ken-elaborator::dotted_module_path_parser selective_import_accepts_a_dotted_module_path
5	PASS [   0.006s] (133/519) ken-elaborator::dotted_module_path_parser use_is_retired_before_dotted_module_path_parsing
5	PASS [   0.459s] (134/519) ken-elaborator::dependent_match_wstyle_acceptance ac2_ill_typed_wstyle_arm_stays_kernel_rejected
5	PASS [   1.854s] (135/519) ken-elaborator::ds2_ord_nat_acceptance trusted_base_delta_is_empty_across_the_entry
5	PASS [   2.947s] (136/519) ken-elaborator::ds3_sum_combinators_acceptance ac8_andthen_short_circuits_on_err
5	PASS [  10.746s] (137/519) ken-elaborator::cc8_env_config_decoder_acceptance cc8_adds_no_trust_and_declares_no_second_universe
5	PASS [   0.470s] (138/519) ken-elaborator::ds6c_intlit_elaborator_emission int_literal_mints_no_postulate_and_no_num_values_entry
5	PASS [   0.437s] (139/519) ken-elaborator::ds6c_intlit_elaborator_emission refl_still_accepted_on_a_genuinely_abstract_eq_shaped_goal
5	PASS [   2.817s] (140/519) ken-elaborator::ds5b_dependent_match_refinement_acceptance real_fok_derivation_structural_consumers_cover_type_and_omega_motives
5	PASS [   0.472s] (141/519) ken-elaborator::ds8b_pure_into_proc_widening ac8_positive_pure_witness_satisfies_traversable_proc_field
5	PASS [   0.641s] (142/519) ken-elaborator::es2_acceptance perm_body_is_a_truncation
5	PASS [   0.647s] (143/519) ken-elaborator::es2_acceptance sort_refinement_unfolds_issorted_and_perm
5	PASS [   0.438s] (144/519) ken-elaborator::es3_modules_acceptance strict_roots_parameterized_abstract_export_keeps_two_faces
5	PASS [   3.661s] (145/519) ken-elaborator::es4_classes_acceptance eq_and_deceq_int_instances_are_the_ds6a_certificate_posture
5	PASS [   6.567s] (146/519) ken-elaborator::ds7_applicative_monad_acceptance trusted_base_delta_is_empty_across_the_entry
5	PASS [   0.009s] (147/519) ken-elaborator::explicit_data_parser explicit_where_block_accepts_simple_default_result_constructors
5	PASS [   0.008s] (148/519) ken-elaborator::explicit_data_parser named_constructor_field_sugar_rejects_duplicate_labels
5	PASS [   0.438s] (149/519) ken-elaborator::fr2_absurd_collision_hygiene reserved_sugar_still_works_when_undeclared
5	PASS [   0.443s] (150/519) ken-elaborator::i7_env_process_projectors_acceptance both_packages_elaborate_as_transparent_structural_projectors
5	PASS [   0.444s] (151/519) ken-elaborator::i7_env_process_projectors_acceptance working_directory_round_trip_preserves_argv_and_environment
5	PASS [   9.150s] (152/519) ken-elaborator::ds7_applicative_monad_acceptance derived_concat_map_import_identity_and_concrete_vector_are_pinned
5	PASS [   2.831s] (153/519) ken-elaborator::es4_classes_acceptance where_ord_supplies_same_comparator_as_explicit_form
5	PASS [   0.007s] (154/519) ken-elaborator::ken_md_literate only_exact_ken_fences_compile
5	PASS [   0.006s] (155/519) ken-elaborator::kenfmt_b2_token_kind ac2_and_ac4_preserve_identifiers_and_layout_while_spelling_notation
5	PASS [   0.470s] (156/519) ken-elaborator::ken_md_literate ken_reject_with_invalid_body_check_passes
5	PASS [   0.445s] (157/519) ken-elaborator::kernel_conv_congruence_closure omega_congruence_is_reached_by_checked_ken_source
5	PASS [   0.007s] (158/519) ken-elaborator::km_literal_trust_accounting literal_classification_is_the_only_primitive_accounting_exclusion
5	PASS [   0.440s] (159/519) ken-elaborator::ktr2_data_lowering_diagnostics ordinary_legacy_type_zero_data_still_elaborates
5	PASS [   2.805s] (160/519) ken-elaborator::k3_literal_char_view fresh_ascii_literal_closes_generic_checked_finite_code_witness
5	PASS [   0.432s] (161/519) ken-elaborator::kw_theorem_surface_keyword theorem_elaborates_and_formats_while_retired_spelling_is_an_identifier
5	PASS [   0.430s] (162/519) ken-elaborator::l2_acceptance ac1_construct_then_eliminate_reduces
5	PASS [   0.442s] (163/519) ken-elaborator::l2_acceptance ac2_elim_computes_on_circle
5	PASS [   0.432s] (164/519) ken-elaborator::l2_acceptance ac3_exhaustive_elim_reduces_on_blue
5	PASS [   0.442s] (165/519) ken-elaborator::l2_acceptance ac4_all_distinct_arms_accept
5	PASS [   0.431s] (166/519) ken-elaborator::l2_acceptance nested_ctor_pattern_selects_the_right_arm_at_succ_zero
5	PASS [   0.452s] (167/519) ken-elaborator::l3_strings_roundtrip_acceptance ac2_round_trip_l2s_s2l_identity
5	PASS [   0.434s] (168/519) ken-elaborator::l3_strings_roundtrip_acceptance ac2_s2l_injectivity_over_normalized_strings
5	PASS [   2.712s] (169/519) ken-elaborator::l3_strings_surface_acceptance concat_slice_compose_and_floor_totality
5	PASS [   2.695s] (170/519) ken-elaborator::l3a_acceptance functor_law_emits_obligation_cross_decl_resolves
5	PASS [   0.438s] (171/519) ken-elaborator::l3a_acceptance sort_emits_issorted_and_perm
5	PASS [   0.875s] (172/519) ken-elaborator::l4_export_reexport abstract_reexport_preserves_hidden_constructor_boundary
5	PASS [   0.442s] (173/519) ken-elaborator::l4_export_reexport facade_loader_edge_participates_in_cycle_detection
5	PASS [   1.287s] (174/519) ken-elaborator::l4_export_reexport admitted_reexport_carries_only_the_named_instance_surface
5	PASS [   0.703s] (175/519) ken-elaborator::l6_acceptance decode_invalid_utf8_returns_error
5	PASS [   1.068s] (176/519) ken-elaborator::l4_export_reexport imported_identity_clashes_are_latent_fail_closed_but_same_identity_is_idempotent
5	PASS [   0.468s] (177/519) ken-elaborator::l7_acceptance pure_but_effectful_foreign_is_the_named_residual
5	PASS [   0.537s] (178/519) ken-elaborator::l7_acceptance unprovable_foreign_ensures_emits_runtime_check
5	PASS [   0.007s] (179/519) ken-elaborator::lang_application_atom_if_rejection argument_position_predicate_admits_only_the_forbidden_shape
5	PASS [   0.008s] (180/519) ken-elaborator::lang_atom_start_classification_closure a_bare_operator_name_is_never_a_declaration_body
5	PASS [   0.007s] (181/519) ken-elaborator::lang_atom_start_classification_closure ac3_if_is_still_refused_as_an_argument_and_still_admitted_as_a_head
5	PASS [   0.009s] (182/519) ken-elaborator::lang_atom_start_classification_closure invariant_2_an_empty_brace_is_not_a_legal_record_literal
5	PASS [   0.015s] (183/519) ken-elaborator::lang_bare_operator_atom_rejection ac_grouped_and_prefix_head_forms_are_preserved
5	PASS [   0.015s] (184/519) ken-elaborator::lang_comment_classifier_shared ac3_lexer_and_lossless_comment_end_are_the_same_offset
5	PASS [   0.658s] (185/519) ken-elaborator::l_resolver_globals ac1_absent_name_still_errors
5	PASS [   0.529s] (186/519) ken-elaborator::lang_constructor_namespace_shadowing_guard distinct_constructor_spellings_across_families_compile
5	PASS [   0.008s] (187/519) ken-elaborator::lang_foreign_name_format_chars escaped_format_character_round_trips_as_literal_data
5	PASS [   0.008s] (188/519) ken-elaborator::lang_foreign_name_format_chars formatter_split_keeps_non_literal_occurrences_as_typed_errors
5	PASS [   0.006s] (189/519) ken-elaborator::lang_foreign_name_format_chars raw_bidi_override_rejects_in_every_required_source_context
5	PASS [   0.455s] (190/519) ken-elaborator::lang_foreign_name_control_chars ordinary_foreign_names_still_accept
5	PASS [   0.467s] (191/519) ken-elaborator::lang_infix_application_default infix_elaborates_to_the_same_term_as_prefix_application
5	PASS [   0.443s] (192/519) ken-elaborator::lang_instance_search_second_path sole_explicit_constraint_retains_the_legacy_d_alias_row
5	PASS [   0.450s] (193/519) ken-elaborator::lang_match_as_pattern top_level_wildcard_alias_remains_fail_closed
5	PASS [   0.502s] (194/519) ken-elaborator::lang_match_literal_patterns every_supported_carrier_selects_and_falls_through_by_value
5	PASS [   0.878s] (195/519) ken-elaborator::lang_match_guards guard_presence_flips_later_arm_reachability
5	PASS [   0.474s] (196/519) ken-elaborator::lang_match_or_pattern definitionally_equal_common_context_binder_types_are_accepted
5	PASS [   0.433s] (197/519) ken-elaborator::lang_match_record_pattern component_coverage_respects_open_fields_and_names_the_real_gap
5	PASS [   0.455s] (198/519) ken-elaborator::lang_match_tuple_pattern top_level_tuple_binds_components_by_projection_without_pair_elimination
5	PASS [   0.471s] (199/519) ken-elaborator::lang_match_record_pattern top_record_uses_labels_punning_and_omission_without_elimination
5	PASS [   1.857s] (200/519) ken-elaborator::lang_mod_nat_floor_realization selective_import_floor_collision_rejects_but_renamed_and_qualified_access_accept
5	PASS [   0.478s] (201/519) ken-elaborator::lang_mod_or_canonical_home core_logic_or_loads_standalone_with_exact_relevant_shape
5	PASS [   4.611s] (202/519) ken-elaborator::lang_mod_nat_floor_realization strict_roots_accept_original_ten_canonical_families_and_constructors
5	PASS [   0.464s] (203/519) ken-elaborator::lang_mod_pair_floor_realization pair_reexport_is_identity_preserving_republication
5	PASS [   2.746s] (204/519) ken-elaborator::lang_mod_pair_floor_realization pair_floor_binding_collisions_reject_before_allocation
5	PASS [   0.477s] (205/519) ken-elaborator::lang_mod_strict_resolution_d1 strict_admits_floor_kernel_locals_and_explicit_imports_without_new_trust
5	PASS [   1.859s] (206/519) ken-elaborator::lang_mod_pair_floor_realization strict_bare_pair_floor_name_matrix_accepts_exact_ids
5	PASS [   0.007s] (207/519) ken-elaborator::lang_old_operand_start_admission bare_head_only_operands_reject_locally_and_grouped_forms_parse
5	PASS [   0.495s] (208/519) ken-elaborator::lang_prelude_floor_fifteen space_residual_survives_missing_empty_global_spelling
5	PASS [   0.479s] (209/519) ken-elaborator::lang_qualified_constructor_privacy forge_buffer_file
5	PASS [   0.470s] (210/519) ken-elaborator::lang_qualified_constructor_privacy forge_trace_file
5	PASS [   0.750s] (211/519) ken-elaborator::lang_qualified_constructors forged_qualified_global_spelling_cannot_redirect_checked_member
5	PASS [   0.633s] (212/519) ken-elaborator::lang_qualified_constructors other_parent_buffer_cannot_index_resource_type
5	PASS [   0.549s] (213/519) ken-elaborator::lang_qualified_constructors scoped_resource_kind_qualifies_every_arm_and_checks_coverage
5	PASS [   0.008s] (214/519) ken-elaborator::lang_reserved_infix_names reserved_names_do_not_widen_excluded_identifier_grammars
5	PASS [   4.986s] (215/519) ken-elaborator::lang_mod_strict_resolution_d1 strict_class_choke_covers_every_d0_direct_class_representation
5	PASS [   0.473s] (216/519) ken-elaborator::lang_roots_loader_local_instance_dict_scope earlier_inline_class_import_replay_binds_the_exact_instance_dictionary
5	PASS [   0.470s] (217/519) ken-elaborator::lang_standard_infix_call_completion a_facade_glyph_rename_republishes_the_defining_globalid
5	PASS [   0.475s] (218/519) ken-elaborator::lang_standard_infix_call_completion ac2b_an_unrelated_local_operator_with_the_same_glyph_is_left_alone
5	PASS [   0.471s] (219/519) ken-elaborator::lang_standard_infix_call_completion ac9_the_shape_contract_catches_the_nearest_legal_neighbour_not_only_an_obvious_break
5	PASS [   0.008s] (220/519) ken-elaborator::lang_surface_if lossless_and_layout_keep_if_surface_syntax
5	PASS [   0.477s] (221/519) ken-elaborator::lang_symbolic_operator_names fixed_minus_still_elaborates_as_subtraction
5	PASS [   0.941s] (222/519) ken-elaborator::lang_surface_block_comments acd0_bool_literals_and_trueish_preserved
5	PASS [   0.485s] (223/519) ken-elaborator::lang_symbolic_operator_names symbolic_name_uses_existing_export_import_and_resolution_identity
5	PASS [   0.477s] (224/519) ken-elaborator::lang_truncation_surface_syntax d1_ascii_formation_elaborates_and_kernel_checks
5	PASS [   0.470s] (225/519) ken-elaborator::lang_truncation_surface_syntax d1_truncation_headed_constrained_instance_resolves_by_a_consistent_head
5	PASS [   0.472s] (226/519) ken-elaborator::lang_truncation_surface_syntax d1_unicode_formation_elaborates_and_kernel_checks
5	PASS [   0.470s] (227/519) ken-elaborator::lang_type_projection_surface_form a_projection_in_a_data_declaration_is_refused_where_it_is_written
5	PASS [   0.476s] (228/519) ken-elaborator::let5_checking_mode_let unannotated_let_infers_rhs_before_checking_body
5	PASS [   0.478s] (229/519) ken-elaborator::literal_escapes_conformance raw_triple_backslashes_are_data
5	PASS [   0.015s] (230/519) ken-elaborator::literal_escapes_lexer_unit common_escapes_decode_in_every_kind
5	PASS [   0.006s] (231/519) ken-elaborator::literal_escapes_lexer_unit incomplete_escape_takes_precedence_over_unterminated
5	PASS [   0.006s] (232/519) ken-elaborator::literal_escapes_lexer_unit well_shaped_invalid_scalar_spans_the_complete_escape
5	PASS [   2.669s] (233/519) ken-elaborator::lang_type_projection_surface_form the_two_projection_grammars_are_not_subsets_of_each_other
5	PASS [  11.689s] (234/519) ken-elaborator::map_build_acceptance cat4_relations_compose_and_converse_over_adjacency_maps
5	PASS [  11.907s] (235/519) ken-elaborator::map_build_acceptance cat4_union_intersection_difference_execute_over_nat
5	PASS [  40.212s] (236/519) ken-elaborator::kenfmt_c_capstone canonical_live_corpus_is_a_fixed_point
5	PASS [  11.649s] (237/519) ken-elaborator::map_build_acceptance cat_rel_seed_non_root_successor_path_executes
5	PASS [   0.458s] (238/519) ken-elaborator::mutual_recursion_surface_acceptance non_terminating_mutual_group_is_rejected_by_sct
5	PASS [  10.962s] (239/519) ken-elaborator::map_build_acceptance set_is_map_unit
5	PASS [   0.010s] (240/519) ken-elaborator::n3_import_exclusion parser_distinguishes_item_rename_from_module_alias_and_rejects_hiding
5	PASS [   0.912s] (241/519) ken-elaborator::n3_import_exclusion deselection_and_rename_resolve_the_clash_with_distinct_identities
5	PASS [   0.008s] (242/519) ken-elaborator::nc13_core_expression_lowering generated_closure_arity_mismatch_stays_runtime_ir_error
5	PASS [   0.813s] (243/519) ken-elaborator::nc14_data_match_lowering peano_shaped_user_data_remains_an_exact_constructor
5	PASS [  11.336s] (244/519) ken-elaborator::map_build_acceptance tolist_ascending_via_real_insert
5	PASS [   0.009s] (245/519) ken-elaborator::nc15_record_sigma_lowering witness_rejects_runtime_or_checked_core_field_status_drift
5	PASS [   0.011s] (246/519) ken-elaborator::nc14_data_match_lowering unsupported_proof_only_match_rejects_before_runtime_program_success
5	PASS [   0.011s] (247/519) ken-elaborator::nc17_recursion_dictionaries_modules recursive_body_view_lowers_to_explicit_runtime_declaration_ref
5	PASS [   0.014s] (248/519) ken-elaborator::nc18_effects_foreign_boundary_ir hidden_foreign_fact_rejects_before_runtime_success
5	PASS [   0.011s] (249/519) ken-elaborator::nc5_erasure_runtime_ir nested_constructor_lowerability_blocker_rejects
5	PASS [   0.011s] (250/519) ken-elaborator::nc5_erasure_runtime_ir proof_erasure_boundary_witness_accepts_pair_derived_metadata
5	PASS [   0.010s] (251/519) ken-elaborator::nc5_erasure_runtime_ir proof_erasure_boundary_witness_rejects_field_status_drift
5	PASS [   0.010s] (252/519) ken-elaborator::nc5_erasure_runtime_ir proof_erasure_boundary_witness_rejects_missing_record_declaration_and_target_metadata
5	PASS [   1.382s] (253/519) ken-elaborator::n3_import_exclusion prelude_is_unshadowable_but_lexical_binders_still_shadow_imports
5	PASS [   0.423s] (254/519) ken-elaborator::px3_abi_scalars ac4_trusted_delta_is_the_exact_named_twelve_entries
5	PASS [   0.439s] (255/519) ken-elaborator::px9_file_error_to_system bridge_is_total_transparent_and_preserves_every_file_error_field
5	PASS [   0.435s] (256/519) ken-elaborator::record_decl_form record_keyword_preserves_declaration_neighbours
5	PASS [   1.341s] (257/519) ken-elaborator::px8f_buffer_io_surface checked_source_cannot_forge_or_project_buffer_handles
5	PASS [   0.432s] (258/519) ken-elaborator::record_index_sigma_closure first_sigma_component_retypes_an_existing_field
5	PASS [   0.433s] (259/519) ken-elaborator::record_index_sigma_closure recursive_record_field_uses_projected_evidence_not_whole_record_j
5	PASS [   0.007s] (260/519) ken-elaborator::sec1_acceptance deferred_machinery_carries_reify_trigger
5	PASS [   0.005s] (261/519) ken-elaborator::sec1ct_acceptance ct_discipline_cross_case_sweep
5	PASS [   0.006s] (262/519) ken-elaborator::sec1ct_acceptance ct_guarded_branch_implicit_leak_rejected
5	PASS [   0.005s] (263/519) ken-elaborator::sec1ct_acceptance timing_guarantee_delegated_not_claimed
5	PASS [   0.006s] (264/519) ken-elaborator::sec2_acceptance declassify_every_use_audited_and_in_delta
5	PASS [   0.447s] (265/519) ken-elaborator::sct_reconstruction_descent control_shape_a_near_miss_still_rejected
5	PASS [   0.573s] (266/519) ken-elaborator::state_effect_build_eff6_integration ac2_runstate_next_post_increment_through_real_interp
5	PASS [   0.435s] (267/519) ken-elaborator::surf_space_cells_p1 ac_s6_mut_outside_space_is_a_specific_error_with_a_span
5	PASS [   0.878s] (268/519) ken-elaborator::surf_space_cells_p1 generated_initial_state_does_not_claim_the_initial_member
5	PASS [   0.597s] (269/519) ken-elaborator::surface_named_proof_claims attached_proof_canonical_path_and_selector_both_resolve
5	PASS [   2.281s] (270/519) ken-elaborator::surf_space_cells_p1 ac_s5_space_label_is_emitted_and_required
5	PASS [   0.569s] (271/519) ken-elaborator::surface_named_proof_claims bare_attached_proof_name_is_not_in_ordinary_namespace
5	PASS [   0.585s] (272/519) ken-elaborator::surface_named_proof_claims public_attached_proof_requires_public_subject
5	PASS [   0.008s] (273/519) ken-elaborator::t1_acceptance additive_unknown_field_accepted
5	PASS [   0.007s] (274/519) ken-elaborator::t1_acceptance proved_result_empty_diagnostics_and_delta
5	PASS [   0.448s] (275/519) ken-elaborator::surface_named_proof_claims qualified_module_import_exposes_prop_intro_through_family_path
5	PASS [   0.431s] (276/519) ken-elaborator::v1_acceptance bogus_cert_not_proved
5	PASS [   0.431s] (277/519) ken-elaborator::v1_acceptance requires_elaborates_to_pi_proof_arg
5	PASS [   0.426s] (278/519) ken-elaborator::v1_acceptance requires_on_final_param_unaffected
5	PASS [   0.433s] (279/519) ken-elaborator::v1_acceptance result_in_ensures_resolves
5	PASS [   0.007s] (280/519) ken-elaborator::v2_acceptance nonrecursive_degenerate_no_ih_placeholder
5	PASS [   0.432s] (281/519) ken-elaborator::v2_acceptance exhaustive_traversal_no_silent_skip
5	PASS [   0.012s] (282/519) ken-elaborator::v3_acceptance discharged_goal_cert_kernel_accepts
5	PASS [   0.430s] (283/519) ken-elaborator::v2_acceptance refinement_return_type_emits_phi
5	PASS [   2.561s] (284/519) ken-elaborator::v3_fo_checker_soundness_d0_buildability_probe probe2b_propositional_truncation_ascii_spelling_probe
5	PASS [   2.583s] (285/519) ken-elaborator::v3_fo_checker_soundness_d1a_elaborator_divergence_finding control_fn_parameter_with_recursive_fn_equality_elaborates
5	PASS [   2.601s] (286/519) ken-elaborator::v3_fo_checker_soundness_d1a_elaborator_divergence_finding minimal_data_ctor_with_recursive_nat_eq_equality_elaborates
5	PASS [   2.601s] (287/519) ken-elaborator::v3_fo_checker_soundness_d2_bool_inversion fok_and_right_applies_to_a_concrete_true_true_instance
5	PASS [   2.623s] (288/519) ken-elaborator::v3_fo_checker_soundness_d2_bool_inversion fok_or_elim_right_branch_applies_to_a_concrete_instance
5	PASS [   2.559s] (289/519) ken-elaborator::v3_fo_embedding_adequacy_d1 recursive_parent_call_is_rejected_by_unchanged_sct
5	PASS [   2.573s] (290/519) ken-elaborator::v3_fo_ken_level_checker_authoring fok_iform_has_exactly_five_slice_constructors
5	PASS [   0.007s] (291/519) ken-elaborator::v3_fo_kripke_slice_acceptance fo_withheld_and_ordinary_unknown_holes_carry_distinct_trusted_base_labels
5	PASS [   0.006s] (292/519) ken-elaborator::v3_fo_obligation_signature_discovery_acceptance conjunct_3_convert_distinguishes_structurally_different_iforms
5	PASS [ 427.932s] (293/519) ken-cli::abi_s6_mapping_surface_native complete_carried_mapping_access_matrix_matches_the_interpreter
5	PASS [  10.917s] (294/519) ken-elaborator::v3_fo_sorted_eigenparameter_wrong_sort_controls world_eigen_into_object_binder_is_refused_by_the_sort_guard
5	PASS [   0.025s] (295/519) ken-elaborator::v4_acceptance disproved_verdict_projects_false_tag
5	PASS [   0.014s] (296/519) ken-elaborator::v4_acceptance unknown_propagates_in_strict_position
5	PASS [   0.635s] (297/519) ken-elaborator::val1_string_literals gcd_views_elaborate
5	PASS [   0.720s] (298/519) ken-elaborator::val1_string_literals is_even_nested_pattern_elaborates_and_reduces
5	PASS [   0.007s] (299/519) ken-foundation canonical::tests::kind_tags_disambiguate
5	PASS [   0.006s] (300/519) ken-foundation canonical::tests::set_ordering_deterministic
5	PASS [   0.007s] (301/519) ken-foundation store::tests::loud_at_limit
5	PASS [   0.013s] (302/519) ken-foundation store::tests::reset_releases_memory
5	PASS [   0.012s] (303/519) ken-host abi_m1_d0_probe::schema_v2_target_identity_carries_the_bounded_layout_inventory
5	PASS [   0.008s] (304/519) ken-host abi_v1::tests::fs_append_file_raw_dispatch_appends_exact_bytes
5	PASS [   0.006s] (305/519) ken-host abi_v1::tests::generated_effect_layout_matches_every_live_wire_record
5	PASS [   0.006s] (306/519) ken-host abi_v1::tests::resource_error_reply_decoder_is_canonical_and_fail_closed
5	PASS [   0.006s] (307/519) ken-host abi_v1::tests::root_denial_writer_needs_no_live_process_context
5	PASS [   0.007s] (308/519) ken-host effect_v1::tests::abi_s1_descriptor_operation_ids_are_explicit_and_distinct
5	PASS [   0.006s] (309/519) ken-host effect_v1::tests::abi_s6_d1_mapping_is_opaque_lineage_bound_and_terminally_unmapped
5	PASS [   0.006s] (310/519) ken-host effect_v1::tests::abi_s6_d5a_mapping_accounting_is_fixed_4kib_and_buffer_is_byte_granular
5	PASS [   0.007s] (311/519) ken-host effect_v1::tests::all_pre_resource_operations_share_one_semantic_dispatch
5	PASS [   0.007s] (312/519) ken-host effect_v1::tests::generated_manifest_binds_the_opaque_capability_layout
5	PASS [   0.007s] (313/519) ken-host effect_v1::tests::resource_tokens_admit_through_acquiring_lineage_without_error_collapse
5	PASS [   0.009s] (314/519) ken-host effect_wire::tests::abi_s6_d3_mapping_requests_round_trip_and_protection_fails_closed
5	PASS [   0.007s] (315/519) ken-host effect_wire::tests::ac1_every_new_request_survives_an_encode_decode_round_trip
5	PASS [   0.009s] (316/519) ken-host effect_wire::tests::ac3b_the_sleep_request_carries_a_deadline_and_no_cancellation_surface
5	PASS [   0.006s] (317/519) ken-host mapping_v1::tests::file_mapping_flags_are_private_not_shared_or_anonymous
5	PASS [   0.015s] (318/519) ken-interp eff_tests::eff1_perform_rule_uniform_across_classes
5	PASS [   0.014s] (319/519) ken-interp eff_tests::eff2_sequencing_trace_is_spine_order
5	PASS [   0.011s] (320/519) ken-interp eff_tests::eff6_unknown_strict_through_driver
5	PASS [   0.009s] (321/519) ken-interp eff_tests::regression_pure_program_never_reaches_driver
5	PASS [   0.009s] (322/519) ken-interp eval::px0_target_classification_tests::px1_named_unavailable_lane_maps_to_ken_unsupported
5	PASS [   0.010s] (323/519) ken-interp eval::px5b_effect_observation_tests::abi_s6_d2_mapping_view_results_use_existing_interp_values_and_refusals
5	PASS [   0.011s] (324/519) ken-interp eval::px5b_effect_observation_tests::rt_parity_malformed_read_offset_precedes_closed_resource
5	PASS [   0.012s] (325/519) ken-interp tests::can_cast_refl_to_value
5	PASS [   0.010s] (326/519) ken-interp tests::can_no_stuck_closed_ground
5	PASS [   0.011s] (327/519) ken-interp tests::lazy_match_taken_branch_only
5	PASS [   0.011s] (328/519) ken-interp::ds6b_intlit_eq_reduction_cross_layer kernel_and_interp_agree_on_equal_bigints
5	PASS [   1.769s] (329/519) ken-interp::elim_bool_dispatch_acceptance computed_bool_agrees_with_literal_bool_dispatch
5	PASS [   0.887s] (330/519) ken-interp::elim_bool_dispatch_acceptance computed_bool_via_leq_int_dispatches_correctly
5	PASS [   0.006s] (331/519) ken-interp::f1_bignum_acceptance f1_oracle_magnitude_boundary_matrix
5	PASS [   0.450s] (332/519) ken-interp::i2_console_floor console_surface_and_package_are_zero_trust_definitions
5	PASS [   0.449s] (333/519) ken-interp::i3_fs_floor scoped_resource_kinds_keep_runtime_roles_after_user_bare_rebindings
5	PASS [   0.458s] (334/519) ken-interp::i5_scoped_capability change_mode_is_distinct_handle_bound_and_validated_before_dispatch
5	PASS [   0.010s] (335/519) ken-interp::k1p5_ih_wstyle_vis_fold_acceptance wstyle_ih_folds_at_depth_two
5	PASS [   0.451s] (336/519) ken-interp::l1_acceptance ac3_overflow_obligation_emitted_int32
5	PASS [   0.453s] (337/519) ken-interp::l1_acceptance ac5_no_implicit_cross_type_coercion
5	PASS [   0.444s] (338/519) ken-interp::l1_acceptance sec62_abstract_add_is_neutral
5	PASS [   0.444s] (339/519) ken-interp::l1_acceptance sweep_int8_overflow_emits_obligation
5	PASS [   0.007s] (340/519) ken-interp::nc12_runtime_ir_evaluator runtime_ir_evaluator_runs_nc5_seed_subset_without_native_claims
5	PASS [   0.008s] (341/519) ken-kernel check::tests::universe_no_type_type
5	PASS [   0.009s] (342/519) ken-kernel conv::tests::framed_case3_distinct_convertible_consts_unfold_but_never_refuse
5	PASS [   0.006s] (343/519) ken-kernel conv::tests::level_max_same_var_higher_offset_dominates
5	PASS [   0.006s] (344/519) ken-kernel env::literal_rollback_tests::popped_literal_is_absent_from_raw_table_before_id_reuse
5	PASS [   0.006s] (345/519) ken-kernel inductive::tests::iota_reduct_wrong_ctor_arity_errors_not_panics
5	PASS [   0.007s] (346/519) ken-kernel inductive::tests::method_ih_usage_treats_an_unexposed_method_as_all_live
5	PASS [   0.006s] (347/519) ken-kernel sct::tests::declared_telescope_is_maximal_and_not_body_counted
5	PASS [   0.013s] (348/519) ken-kernel::acceptance ac3_pi_beta
5	PASS [   0.008s] (349/519) ken-kernel::acceptance ac5_nested_double_positive_admitted
5	PASS [   0.007s] (350/519) ken-kernel::acceptance ac5_positive_list_admitted
5	PASS [   0.008s] (351/519) ken-kernel::acceptance ac7_iota_reduction_terminates
5	PASS [   0.008s] (352/519) ken-kernel::acceptance k2_j_on_refl_is_base
5	PASS [   0.009s] (353/519) ken-kernel::acceptance k2_omega_pi_convertible
5	PASS [   0.009s] (354/519) ken-kernel::acceptance k2_seam1_cast_inductive_index_change_stuck
5	PASS [   0.009s] (355/519) ken-kernel::acceptance k2_seam3_omega_quot_elim_accepted
5	PASS [   0.009s] (356/519) ken-kernel::acceptance k2_uip_definitional
5	PASS [   0.010s] (357/519) ken-kernel::ds6a_int_deceq_certificate unregistered_primitive_has_no_certificate
5	PASS [   0.009s] (358/519) ken-kernel::ds6a_int_deceq_certificate well_shaped_registration_succeeds_and_types_round_trip
5	PASS [   0.012s] (359/519) ken-kernel::eliminator_shape_demand_driven transparent_recursive_argument_keeps_its_induction_hypothesis
5	PASS [   0.010s] (360/519) ken-kernel::k1p5_wstyle ac4_k1_suite_regression
5	PASS [   0.008s] (361/519) ken-kernel::k1p5_wstyle ac5_elim_itree_ret_and_vis_compute
5	PASS [   0.011s] (362/519) ken-kernel::k2c_conversion sct_reject_bare_self_reference
5	PASS [   0.010s] (363/519) ken-kernel::k4_omega_motive non_omega_foil_distinct_reducts_do_not_convert
5	PASS [   0.007s] (364/519) ken-kernel::k4_omega_motive omega_motive_iota_is_the_existing_constructor_selects_method_rule
5	PASS [   0.013s] (365/519) ken-kernel::k5_omega_fragment absurd_type_motive_proof_must_actually_be_bottom
5	PASS [   0.010s] (366/519) ken-kernel::k7_eq_at_inductive_whnf eq_at_inductive_already_constructor_headed_operand_unaffected
5	PASS [   0.012s] (367/519) ken-kernel::nested_inductives_all generated_all_support_has_the_frozen_first_order_carrier
5	PASS [   0.007s] (368/519) ken-kernel::nested_inductives_all generated_all_type_and_omega_cross_at_the_exact_public_level
5	PASS [   0.009s] (369/519) ken-kernel::nested_inductives_d3_shapes direct_and_wstyle_shapes_project_to_the_legacy_api
5	PASS [   0.012s] (370/519) ken-kernel::nested_inductives_d3b_d4 convertible_field_spellings_generate_convertible_lifts_and_iota_terms
5	PASS [   0.007s] (371/519) ken-kernel::nested_inductives_d3b_d4 sigma_lift_method_and_iota_are_one_kernel_checked_pair
5	PASS [   0.009s] (372/519) ken-kernel::sigma_eq_pair_refl sigma_eq_component_proof_checks_under_first_proof_binder
5	PASS [   0.012s] (373/519) ken-runtime activation_abi::tests::c_open_and_begin_return_owned_typed_region_refusals
5	PASS [   0.007s] (374/519) ken-runtime activation_abi::tests::the_abi_statuses_are_distinct
5	PASS [   0.007s] (375/519) ken-runtime activation_services::tests::a_partially_bound_record_is_not_published
5	PASS [   0.007s] (376/519) ken-runtime activation_services::tests::the_record_fields_sit_at_the_offsets_emitted_code_loads
5	PASS [   0.007s] (377/519) ken-runtime boundary_activation::tests::cap_one_cannot_be_raised_child
5	PASS [   0.009s] (378/519) ken-runtime boundary_activation::tests::finishing_withdraws_the_services_pointer_and_seals_the_image
5	PASS [   0.011s] (379/519) ken-runtime boundary_activation::tests::reservable_large_grants_publish_at_open_and_begin
5	PASS [   0.010s] (380/519) ken-runtime boundary_value::invocation_aggregate_decode_tests::a_nested_aggregate_carries_an_adopted_persistent_child
5	PASS [   0.042s] (381/519) ken-runtime boundary_value_clif::tests::b2v_ac10_a_multi_node_cycle_is_refused_while_a_shared_dag_adopts
5	PASS [   0.088s] (382/519) ken-runtime boundary_value_clif::tests::b2v_ac10_the_magnitude_boundary_is_a_real_emitted_partition
5	PASS [   0.043s] (383/519) ken-runtime boundary_value_clif::tests::b2v_ac6_a_refused_graph_installs_no_identity_at_all
5	PASS [   0.007s] (384/519) ken-runtime boundary_value_clif::tests::b2v_ac6_equal_ordinals_in_two_artifacts_do_not_collide
5	PASS [   0.059s] (385/519) ken-runtime boundary_value_clif::tests::b2v_helper_population_does_not_grow_with_the_value_population
5	PASS [   0.025s] (386/519) ken-runtime boundary_value_clif::tests::d3_a_span_past_the_live_data_is_refused_on_the_bounds_axis
5	PASS [   0.025s] (387/519) ken-runtime boundary_value_clif::tests::d3_an_undecodable_word_is_refused_before_any_node_is_read
5	PASS [   0.008s] (388/519) ken-runtime canonical::tests::ac_v1b_corpus_covers_every_value_variant
5	PASS [   0.007s] (389/519) ken-runtime cranelift_backend::artifact::api::tests::nc22_ambiguous_runtime_ir_report_target_rejects_before_native_lowering
5	PASS [   0.040s] (390/519) ken-runtime cranelift_backend::artifact::api::tests::nc22_cranelift_agrees_with_runtime_ir_report_for_broad_starter_shapes
5	PASS [   0.008s] (391/519) ken-runtime cranelift_backend::artifact::api::tests::nc8_certificate_rejects_add_int_non_literal_int_operand_shape
5	PASS [   0.007s] (392/519) ken-runtime cranelift_backend::artifact::api::tests::nc8_certificate_rejects_let_expression_in_validated_example
5	PASS [   0.008s] (393/519) ken-runtime cranelift_backend::artifact::api::tests::nc8_certificate_rejects_unsupported_total_primitive_in_validated_example
5	PASS [   0.007s] (394/519) ken-runtime cranelift_backend::artifact::api::tests::reachable_declaration_effect_metadata_rejects_before_backend_lowering
5	PASS [   0.007s] (395/519) ken-runtime cranelift_backend::artifact::api::tests::reachable_foreign_checked_core_metadata_rejects_before_backend_lowering
5	PASS [   0.007s] (396/519) ken-runtime cranelift_backend::grafted_spine_control_graph::tests::duplicate_terminal_rejects_at_member_affinity_layer
5	PASS [   0.202s] (397/519) ken-runtime cranelift_backend::lowering::aggregates::tests::a_call_use_coordinate_substitution_is_inert_for_a_self_authorizing_aggregate
5	PASS [   0.009s] (398/519) ken-runtime cranelift_backend::lowering::boundary::tests::b2v_ac3_the_lowered_boundary_disposition_has_no_wildcard_arm
5	PASS [   0.007s] (399/519) ken-runtime cranelift_backend::lowering::boundary::tests::recut2_identity_is_a_function_of_owner_and_needs_no_second_wiring
5	PASS [   0.032s] (400/519) ken-runtime cranelift_backend::lowering::core::primitive::tests::cranelift_runs_scalar_seed_and_verifies_function
5	PASS [   0.054s] (401/519) ken-runtime cranelift_backend::lowering::core::primitive::tests::safe_bytes_slice_and_decode_native_results_are_explicit
5	PASS [   0.026s] (402/519) ken-runtime cranelift_backend::lowering::core::tests::constructors::architect_probe_direct_none_frame_ret_vis_carried_match_compiles
5	PASS [   0.028s] (403/519) ken-runtime cranelift_backend::lowering::core::tests::constructors::c1_d3_ac_c4_the_recursive_positions_ownership_comes_from_the_frame
5	PASS [   0.032s] (404/519) ken-runtime cranelift_backend::lowering::core::tests::constructors::constructor_field_composes_through_computational_consumer
5	PASS [   0.032s] (405/519) ken-runtime cranelift_backend::lowering::core::tests::constructors::constructor_field_missing_case_owns_default_before_fields
5	PASS [   0.032s] (406/519) ken-runtime cranelift_backend::lowering::core::tests::constructors::constructor_field_recursive_ih_offset_selects_argument_binder
5	PASS [   0.032s] (407/519) ken-runtime cranelift_backend::lowering::core::tests::constructors::constructor_field_selected_case_composes_before_field_lowering
5	PASS [   0.054s] (408/519) ken-runtime cranelift_backend::lowering::core::tests::constructors::cranelift_runs_constructor_match_and_record_projection_seeds
5	PASS [   0.027s] (409/519) ken-runtime cranelift_backend::lowering::core::tests::constructors::d2_a_negative_runtime_length_fails_closed_rather_than_looping
5	PASS [   0.021s] (410/519) ken-runtime cranelift_backend::lowering::core::tests::constructors::dynamic_constructor_all_known_omitted_runs_source_default_without_panic
5	PASS [   0.009s] (411/519) ken-runtime cranelift_backend::lowering::core::tests::constructors::dynamic_constructor_known_omission_owns_source_default
5	PASS [   0.036s] (412/519) ken-runtime cranelift_backend::lowering::core::tests::constructors::heterogeneous_final_merge_kind_is_deferred_to_the_runtime_discriminator
5	PASS [   0.102s] (413/519) ken-runtime cranelift_backend::lowering::core::tests::constructors::nested_worker_depends_on_both_levels
5	PASS [   0.041s] (414/519) ken-runtime cranelift_backend::lowering::core::tests::constructors::selected_worker_generated_gate_rejects_copied_ticket_after_activation_reuse
5	PASS [   0.011s] (415/519) ken-runtime cranelift_backend::lowering::core::tests::constructors::static_worker_as_aggregate_field_is_transported_and_non_materializable
5	PASS [   0.010s] (416/519) ken-runtime cranelift_backend::lowering::core::tests::constructors::static_worker_fails_closed_as_match_scrutinee
5	PASS [   0.040s] (417/519) ken-runtime cranelift_backend::lowering::core::tests::constructors::static_worker_twice_called_binding_succeeds
5	PASS [   0.066s] (418/519) ken-runtime cranelift_backend::lowering::core::tests::constructors::static_worker_witness_runs_and_distinguishes_capture_order
5	PASS [   0.009s] (419/519) ken-runtime cranelift_backend::lowering::core::tests::control::distinguished_root_cannot_discharge_missing_match_site_marker
5	PASS [   0.027s] (420/519) ken-runtime cranelift_backend::lowering::core::tests::control::process_lowering_without_checked_root_authority_rejects_before_cfg
5	PASS [   0.007s] (421/519) ken-runtime cranelift_backend::lowering::core::tests::control::the_bare_source_term_detector_catches_the_shape_it_is_looking_for
5	PASS [   0.007s] (422/519) ken-runtime cranelift_backend::lowering::core::tests::control::the_entry_keyed_collection_detector_catches_the_shape_it_is_looking_for
5	PASS [   0.062s] (423/519) ken-runtime cranelift_backend::lowering::core::tests::d5_c4_a_retargeted_declaration_call_is_refused_before_emission
5	PASS [  32.529s] (424/519) ken-elaborator::v3_fo_route_consumption_apparatus encoder_covers_every_slice_source_constructor_and_route_consumes_composite
5	PASS [   0.007s] (425/519) ken-runtime cranelift_backend::lowering::core::tests::effects::every_admitted_host_operation_has_a_gapless_seat_contract_derived_from_its_key
5	PASS [   0.039s] (426/519) ken-runtime cranelift_backend::lowering::core::tests::effects::live_effect_emitter_inventory_and_generated_layout_mutations_are_closed
5	PASS [   0.054s] (427/519) ken-runtime cranelift_backend::lowering::core::tests::effects::abi_s6_d5a_all_anonymous_mapping_operations_lower_as_one_native_set
5	PASS [   0.043s] (428/519) ken-runtime cranelift_backend::lowering::core::tests::effects::repeating_a_complete_visit_is_lawful
5	PASS [   0.009s] (429/519) ken-runtime cranelift_backend::lowering::core::tests::every_source_term_carrier_holds_an_occurrence_and_never_a_bare_expression
5	PASS [   0.036s] (430/519) ken-runtime cranelift_backend::lowering::core::tests::host_call_carrier::d5_c4_a_duplicated_checked_occurrence_is_refused_after_its_lawful_first
5	PASS [   0.188s] (431/519) ken-runtime cranelift_backend::lowering::core::tests::effects::native_nullary_resource_error_set_rejects_payloads_and_unknown_identities
5	PASS [   0.039s] (432/519) ken-runtime cranelift_backend::lowering::core::tests::host_call_carrier::d7_the_two_same_shaped_target_population_executes
5	PASS [   0.157s] (433/519) ken-runtime cranelift_backend::lowering::core::tests::host_call_carrier::d5_the_checked_call_closeout_rejects_omission_duplication_and_a_substituted_callee
5	PASS [   0.036s] (434/519) ken-runtime cranelift_backend::lowering::core::tests::host_call_carrier::d8_all_trap_host_result_emits_no_merge_or_predecessor_conversion
5	PASS [   0.009s] (435/519) ken-runtime cranelift_backend::lowering::core::tests::host_call_carrier::rtfp_both_exact_occurrences_lower_under_equal_header_fingerprints
5	PASS [   0.028s] (436/519) ken-runtime cranelift_backend::lowering::core::tests::host_call_carrier::minted_seed_material_is_present_in_the_finalized_artifact
5	PASS [   0.063s] (437/519) ken-runtime cranelift_backend::lowering::core::tests::positional_candidate_settlement::ced_d3_m1_suppressing_the_binding_installation_is_refused_at_the_ih_marker_guard
5	PASS [   0.054s] (438/519) ken-runtime cranelift_backend::lowering::core::tests::positional_candidate_settlement::ced_d3_m5_settling_the_direct_candidate_twice_is_refused_at_the_second_settlement
5	PASS [   0.125s] (439/519) ken-runtime cranelift_backend::lowering::core::tests::host_call_carrier::typed_trap_exit_identity_and_caller_protocol_mutations_are_discriminating
5	PASS [   0.039s] (440/519) ken-runtime cranelift_backend::lowering::core::tests::positional_candidate_settlement::d3_the_process_root_keeps_descriptor_order_while_source_bodies_do_not
5	PASS [   0.091s] (441/519) ken-runtime cranelift_backend::lowering::core::tests::positional_candidate_settlement::r3_the_base_uncomposed_slot_population_stays_singleton_and_rehomed_expects_no_inner_frame
5	PASS [   0.119s] (442/519) ken-runtime cranelift_backend::lowering::core::tests::recursor_fusion::r3_fused_outer_selector_refuses_an_escaped_selected_claim
5	PASS [   0.050s] (443/519) ken-runtime cranelift_backend::lowering::core::tests::specialization_binding::ced_d2_the_composite_early_close_reaches_candidate_totality_on_the_generalized_owner_domain
5	PASS [   0.014s] (444/519) ken-runtime cranelift_backend::lowering::core::tests::specialization_binding::d3b_every_generated_frame_requirement_resolves_to_exactly_one_context
5	PASS [   0.187s] (445/519) ken-runtime cranelift_backend::lowering::core::tests::source_frame_bridge::d8m_the_checked_bridge_refuses_every_way_the_transported_identity_can_go_wrong
5	PASS [   0.014s] (446/519) ken-runtime cranelift_backend::lowering::core::tests::specialization_binding::d5a_a_generated_context_resolves_only_under_the_identity_that_encloses_it
5	PASS [   0.013s] (447/519) ken-runtime cranelift_backend::lowering::core::tests::specialization_binding::d5a_the_final_executable_population_is_the_emittable_set_minus_the_superseded_bodies
5	PASS [   0.106s] (448/519) ken-runtime cranelift_backend::lowering::core::tests::specialization_binding::d3b_the_consumer_refuses_an_index_the_emission_seat_does_not_hold
5	PASS [   0.057s] (449/519) ken-runtime cranelift_backend::lowering::core::tests::specialization_binding::d5a_the_landed_object_fixture_consumes_its_ih_marker_before_emitting_the_worker_call
5	PASS [   0.007s] (450/519) ken-runtime cranelift_backend::lowering::seed_material::tests::seed_material_alignment_matches_the_declared_carrier
5	PASS [   0.078s] (451/519) ken-runtime cranelift_backend::lowering::source::tests::d6b_calling_the_selected_recursive_argument_in_the_ordinary_unit_copy_fails_closed_at_the_carrier
5	PASS [   0.020s] (452/519) ken-runtime cranelift_backend::lowering::source::tests::oriented_edge_mutations_reject_in_the_source_machine_consumer
5	PASS [   0.013s] (453/519) ken-runtime cranelift_backend::lowering::source::tests::px8j_source_machine_install_rejects_wrong_control_roles_and_origins
5	PASS [   0.007s] (454/519) ken-runtime cranelift_backend::lowering::units::admitted_matches_role_sequence::a_source_only_permutation_is_refused
5	PASS [   0.007s] (455/519) ken-runtime cranelift_backend::planning::plan_extraction_tests::oriented_plan_round_trips_the_encoded_plan
5	PASS [   0.007s] (456/519) ken-runtime cranelift_backend::planning::static_transition::aggregates::checked_ih_captured_env_schema::an_arity_above_the_positional_run_refuses_rather_than_truncating
5	PASS [   0.010s] (457/519) ken-runtime cranelift_backend::planning::static_transition::aggregates::checked_ih_captured_env_schema::bind_continuation_production_rejects_response_field_origin_mismatch
5	PASS [   0.011s] (458/519) ken-runtime cranelift_backend::planning::static_transition::aggregates::checked_ih_captured_env_schema::capture_origin_rejects_a_force_owner_paired_with_the_wrong_seat
5	PASS [   0.012s] (459/519) ken-runtime cranelift_backend::planning::static_transition::aggregates::checked_ih_captured_env_schema::the_record_declares_a_positional_child_model_for_its_arity
5	PASS [   0.279s] (460/519) ken-runtime cranelift_backend::lowering::core::tests::specialization_binding::erasing_a_seat_key_axis_or_collapsing_the_contract_rejects
5	PASS [   0.008s] (461/519) ken-runtime cranelift_backend::planning::static_transition::closure::tests::boundary_b1_preserves_equal_occurrences_and_reuses_one_activation_program
5	PASS [   0.009s] (462/519) ken-runtime cranelift_backend::planning::static_transition::closure::tests::boundary_b1r_primitive_partiality_is_occurrence_exact_material
5	PASS [   0.023s] (463/519) ken-runtime cranelift_backend::planning::static_transition::closure::tests::boundary_c1_equal_name_bytes_have_one_canonical_span
5	PASS [   0.008s] (464/519) ken-runtime cranelift_backend::planning::static_transition::closure::tests::boundary_c1_producer_and_eliminator_share_one_constructor_identity
5	PASS [   0.015s] (465/519) ken-runtime cranelift_backend::planning::static_transition::closure::tests::d4b_admission_is_exactly_the_closed_required_vector
5	PASS [   0.014s] (466/519) ken-runtime cranelift_backend::planning::static_transition::construction::tests::boundary_a_topology_is_identical_to_the_pre_d9_planner
5	PASS [   0.009s] (467/519) ken-runtime cranelift_backend::planning::static_transition::construction::tests::d4_the_declaration_call_partition_follows_the_seed_class
5	PASS [   0.006s] (468/519) ken-runtime cranelift_backend::planning::static_transition::continuations::fusion::tests::d2e_binder_role_separates_a_hypothesis_from_an_ordinary_child
5	PASS [   0.016s] (469/519) ken-runtime cranelift_backend::planning::static_transition::continuations::fusion::tests::d2f_7_the_zero_region_install_is_exact_once_on_both_flags
5	PASS [   0.011s] (470/519) ken-runtime cranelift_backend::planning::static_transition::continuations::fusion::tests::d2i_the_discovery_ledger_is_richer_than_the_seed_reconstruction
5	PASS [   0.011s] (471/519) ken-runtime cranelift_backend::planning::static_transition::continuations::tests::contspec_assigned_key_mutation_plans_an_edge_to_the_wrong_alternative
5	PASS [   0.014s] (472/519) ken-runtime cranelift_backend::planning::static_transition::continuations::tests::contspec_open_and_ambiguous_sources_refuse_only_the_candidate
5	PASS [   0.010s] (473/519) ken-runtime cranelift_backend::planning::static_transition::continuations::tests::contsrc_d2_populates_both_producer_local_binding_kinds
5	PASS [   0.013s] (474/519) ken-runtime cranelift_backend::planning::static_transition::continuations::tests::contsrc_d4a_a_producer_local_environment_is_admitted_and_r_still_declines
5	PASS [   0.009s] (475/519) ken-runtime cranelift_backend::planning::static_transition::continuations::tests::d3b_alias_eligibility_not_position_decides
5	PASS [   0.010s] (476/519) ken-runtime cranelift_backend::planning::static_transition::immediate_bridge::tests::a_duplicate_identity_refuses_rather_than_overwriting
5	PASS [   0.006s] (477/519) ken-runtime cranelift_backend::planning::static_transition::immediate_bridge::tests::lifted_differential_same_expr_opposite_verdicts_across_one_binder
5	PASS [   0.006s] (478/519) ken-runtime cranelift_backend::planning::static_transition::immediate_bridge::tests::refuses_a_scrutinee_that_is_not_a_var
5	PASS [   0.010s] (479/519) ken-runtime cranelift_backend::planning::static_transition::immediate_bridge::tests::the_plan_accessors_return_the_installed_row
5	PASS [   0.009s] (480/519) ken-runtime cranelift_backend::planning::static_transition::joins_traps::tests::d8_trap_predecessors_do_not_create_a_result_edge
5	PASS [   0.006s] (481/519) ken-runtime cranelift_backend::planning::static_transition::selected_pending_calls::tests::one_emission_owner_refuses_mixed_response_and_ordinary_returns
5	PASS [   0.015s] (482/519) ken-runtime cranelift_backend::planning::static_transition::units::tests::b2r_ac10_the_descriptor_population_matches_the_prediction_on_every_fixture
5	PASS [   0.014s] (483/519) ken-runtime cranelift_backend::planning::static_transition::units::tests::b2r_ac5_an_imported_capture_edge_is_refused_and_intra_module_recursion_is_not
5	PASS [   0.011s] (484/519) ken-runtime cranelift_backend::planning::static_transition::units::tests::contspec_abi_preflight_makes_boundary_construction_allocation_free
5	PASS [   0.006s] (485/519) ken-runtime cranelift_backend::surface::surface_diagnostics_tests::backend_failure_renders_every_variant_distinctly
5	PASS [   0.006s] (486/519) ken-runtime cranelift_backend::surface::surface_diagnostics_tests::error_constructors_build_the_arms_they_name
5	PASS [   0.007s] (487/519) ken-runtime executable_artifact_contract::tests::available_native_artifact_rejects_unavailable_or_unsupported_lanes
5	PASS [   0.007s] (488/519) ken-runtime executable_artifact_contract::tests::blocked_gate_rejects_available_native_artifact_claim
5	PASS [   0.007s] (489/519) ken-runtime executable_entrypoint_packaging::tests::contract_target_mismatch_rejects_entrypoint_binding
5	PASS [   0.007s] (490/519) ken-runtime executable_entrypoint_packaging::tests::mismatched_report_contract_closure_identity_rejects_after_hash_refresh
5	PASS [   0.007s] (491/519) ken-runtime executable_entrypoint_packaging::tests::non_closed_or_imported_entrypoint_rejects_before_native_work
5	PASS [   0.006s] (492/519) ken-runtime invocation_tickets::tests::generation_counter_overflow_is_refused_without_wrapping
5	PASS [   0.006s] (493/519) ken-runtime ir::tests::acf2_computational_constructor_is_load_bearing
5	PASS [   0.006s] (494/519) ken-runtime ir::tests::frame_header_encoding_is_unambiguous_at_field_boundaries
5	PASS [   2.429s] (495/519) ken-runtime cranelift_backend::planning::static_transition::closure::tests::b2r_ac6_the_abi_plane_declares_no_emission_construct
5	PASS [   2.437s] (496/519) ken-runtime native_execution_differential::tests::forged_object_linker_hash_rejects_unsupported_package_kind
5	PASS [   2.906s] (497/519) ken-runtime native_execution_differential::tests::hidden_deferred_effect_body_reports_named_unavailable_without_native_execution
5	PASS [   0.007s] (498/519) ken-runtime native_process_entrypoint::tests::argv_environment_and_cwd_are_byte_accurate_and_field_ordered
5	PASS [   0.008s] (499/519) ken-runtime object_linker_packaging::tests::forged_entrypoint_package_version_rejects_before_linking
5	PASS [   0.008s] (500/519) ken-runtime object_linker_packaging::tests::forged_platform_support_version_rejects_before_linking
5	PASS [   2.550s] (501/519) ken-runtime native_execution_differential::tests::stale_executable_bytes_reject_before_native_execution
5	PASS [   0.008s] (502/519) ken-runtime oriented_subcontinuation_plan::tests::computational_ih_parent_edges_roundtrip_and_bind_exact_occurrences
5	PASS [   0.007s] (503/519) ken-runtime platform_runtime_support::tests::host_effect_execution_target_stays_a_named_unavailable_lane
5	PASS [   0.007s] (504/519) ken-runtime target_abi::tests::native_identity_accepts_match_and_rejects_mismatch
5	PASS [   0.085s] (505/519) ken-runtime::value_depth_totality ac_p3b_debug_returns_and_renders_at_depth_d
5	PASS [   0.227s] (506/519) ken-runtime::value_depth_totality ac_v12_witness_hashing_is_total_at_depth_d
5	PASS [   0.212s] (507/519) ken-runtime::value_depth_totality ac_v3c_recursive_clone_dies_on_the_real_carrier_at_depth_d
5	PASS [   0.088s] (508/519) ken-runtime::value_depth_totality ac_v3d_drop_alone_is_total_at_depth_d
5	PASS [   0.108s] (509/519) ken-runtime::value_depth_totality ac_v3d_drop_alone_is_total_at_depth_d_through_all_child_positions
5	PASS [   0.074s] (510/519) ken-runtime::value_depth_totality ac_v9_a_closure_at_depth_d_minus_one_is_refused_transitively
5	PASS [   0.007s] (511/519) ken-runtime::value_depth_totality every_chain_variant_builds_a_chain_of_that_variant
5	PASS [   0.008s] (512/519) ken-verify canonical::tests::target_and_effect_manifest_mismatch_fail_closed
5	PASS [   0.009s] (513/519) ken-verify host::tests::unscripted_clock_read_fails_loudly
5	PASS [   2.384s] (514/519) ken-runtime object_linker_packaging::tests::nonprocess_starter_preserves_named_persistent_reservation_fault
5	PASS [  96.512s] (515/519) ken-elaborator::px8x_static_export_projection real_checked_buffer_denotation_emits_direct_delegated_body
5	PASS [  52.597s] (516/519) ken-verify scenario::tests::real_artifact_five_op_observation_matches_interp_on_twin_roots
5	PASS [ 156.209s] (517/519) ken-verify scenario::tests::fs_remove_file_real_artifact_distinguishes_success_wrong_kind_and_missing
5	PASS [ 233.988s] (518/519) ken-elaborator::v3_fo_ken_level_checker_authoring_d4_d5_conversion_measured measure_kernel_conversion_load_on_real_source_programs
5	PASS [ 197.188s] (519/519) ken-verify scenario::tests::fs_create_directory_real_artifact_matches_the_landed_inert_flag_contract
1	PASS [   0.006s] (  1/517) ken-cli entrypoint_tests::exit_code_mapping_is_total_and_failure_zero_fails_closed
1	PASS [   0.691s] (  2/517) ken-cli entrypoint_tests::non_root_proceeds_and_process_input_cannot_forge_the_marker
1	PASS [   0.693s] (  3/517) ken-cli entrypoint_tests::root_admission_precedes_host_leaves_and_marker_flips_the_same_program
1	PASS [   0.992s] (  4/517) ken-cli::console_exec closed_stdout_is_an_io_failure_not_sigpipe_termination
1	PASS [   1.111s] (  5/517) ken-cli::i8_clock_effect undeclared_clock_row_is_a_named_effect_escape
1	PASS [   0.971s] (  6/517) ken-cli::ken_check_mode ken_run_still_drives_io_on_an_io_shaped_file_unchanged
1	PASS [   0.940s] (  7/517) ken-cli::ken_md_literate_cli plain_ken_run_path_still_executes
1	PASS [   0.022s] (  8/517) ken-cli::library_documentation_gates agent_schema_contract_rejects_each_declared_constraint_class
1	PASS [   0.017s] (  9/517) ken-cli::library_documentation_gates invalid_kind_detector_rejects_case_variant
1	PASS [   0.586s] ( 10/517) ken-cli::library_documentation_gates missing_origin_main_anchor_is_rejected_not_silently_skipped
1	PASS [   0.019s] ( 11/517) ken-cli::mrc_d8_manifest_premise mrc_d8_control_removing_the_resolver_reds_fact_one
1	PASS [   0.018s] ( 12/517) ken-cli::mrc_d8_manifest_premise mrc_d8_control_the_reader_survives_a_value_spanning_lines
1	PASS [  62.854s] ( 13/517) ken-cli::px4b_native_production linked_home_root_uses_only_production_account_database_boundary
1	PASS [  80.252s] ( 14/517) ken-cli::abi_s6_mapping_surface_native offset_direct_map_write_then_window_read_preserves_process_local_bytes
1	PASS [  47.804s] ( 15/517) ken-cli::px7f_resource_native linked_public_escape_is_exact_closed
1	PASS [   0.464s] ( 16/517) ken-cli::px8l_recursive_decl_native nondecreasing_cycle_is_rejected_before_native_lowering
1	PASS [   0.014s] ( 17/517) ken-cli::record_literal_parser_depth record_literal_parser_retains_nested_match_depth
1	PASS [  45.463s] ( 18/517) ken-cli::px8l_recursive_decl_native dynamic_zero_seed_takes_the_base_case
1	PASS [   9.273s] ( 19/517) ken-cli::rosetta rosetta_examples_match_their_oracles
1	PASS [ 168.516s] ( 20/517) ken-cli::abi_s6_mapping_surface_native suppressing_bounded_response_owner_drive_restores_the_pending_vis_trap
1	PASS [   1.833s] ( 21/517) ken-cli::rt_native_string_construction native_string_scalar_above_u8_is_not_refused
1	PASS [  62.109s] ( 22/517) ken-cli::rt_escape_second_resource_native escape_one_used_matches_interpreter
1	PASS [   0.747s] ( 23/517) ken-cli::t2_acceptance ac2_verdict_flip_provable_vs_open
1	PASS [   0.324s] ( 24/517) ken-cli::t2_acceptance ac3_eval_type_universe
1	PASS [   0.007s] ( 25/517) ken-elaborator checked_core::tests::body_view_preserves_arbitrary_precision_integer_literals
1	PASS [   0.007s] ( 26/517) ken-elaborator checked_core::tests::body_view_recovers_runtime_record_sigma_projection
1	PASS [   0.007s] ( 27/517) ken-elaborator checked_core::tests::body_view_rejects_target_outside_selected_closure
1	PASS [   0.006s] ( 28/517) ken-elaborator checked_core::tests::body_view_rejects_unjustified_partial_primitive_contract
1	PASS [   0.007s] ( 29/517) ken-elaborator checked_core::tests::global_id_drift_does_not_enter_canonical_term_identity
1	PASS [   0.006s] ( 30/517) ken-elaborator checked_core::tests::level_encoding_uses_semilattice_normal_form
1	PASS [   0.008s] ( 31/517) ken-elaborator checked_core::tests::semantic_sections_are_order_independent
1	PASS [   0.008s] ( 32/517) ken-elaborator checked_core::tests::validator_rejects_missing_or_unsupported_artifact_versions
1	PASS [   0.324s] ( 33/517) ken-elaborator elab::nested_lift_association_tests::direct_recursive_ih_self_call_discharges_before_ordinary_arguments
1	PASS [   0.324s] ( 34/517) ken-elaborator elab::nested_lift_association_tests::lifted_dispatch_rejects_a_foreign_constructor_before_reading_lift_evidence
1	PASS [   0.328s] ( 35/517) ken-elaborator elab::nested_lift_association_tests::selector_distinguishes_nonuniverse_classifier_from_kernel_failure
1	PASS [   0.329s] ( 36/517) ken-elaborator elab::result_transport_control_flow_tests::large_convoy_validation_returns_the_owner_preserving_base
1	PASS [   0.008s] ( 37/517) ken-elaborator erasure::d1b_role_b_decoder_alignment::every_role_decodes_into_the_field_it_was_encoded_from
1	PASS [   0.008s] ( 38/517) ken-elaborator erasure::px7l_tests::a_real_nullary_host_vis_continuation_is_one_operand_throughout
1	PASS [   0.913s] ( 39/517) ken-elaborator erasure::px7l_tests::double_counting_the_injected_result_is_refused_by_the_runtime_marker_gate
1	PASS [   0.009s] ( 40/517) ken-elaborator export::exact_inventory_tests::px8_runtime_operations_have_exact_fs_family_and_injective_spellings
1	PASS [   0.008s] ( 41/517) ken-elaborator export::resource_lifetime_hash_tests::abi_s6_d3_mapping_alphabet_projects_exact_lifetime_or_rejects_use_only
1	PASS [   0.009s] ( 42/517) ken-elaborator fo_kripke::tests::mentions_var0_detects_var0_in_pair_second_component
1	PASS [   0.007s] ( 43/517) ken-elaborator layout::tests::formats_blocks_with_two_space_relative_nesting
1	PASS [   0.331s] ( 44/517) ken-elaborator modules::namespace_effect_tests::apply_import_rejects_stale_ambient_identity_above_current_local
1	PASS [   0.621s] ( 45/517) ken-elaborator modules::namespace_effect_tests::earlier_same_unit_sibling_wins_over_file_import_in_both_orders
1	PASS [   0.349s] ( 46/517) ken-elaborator modules::namespace_effect_tests::file_import_keeps_descendant_exports_from_selected_file_provider
1	PASS [   0.325s] ( 47/517) ken-elaborator modules::namespace_effect_tests::file_reexports_preserve_provider_id_through_facade_and_in_scope
1	PASS [   0.332s] ( 48/517) ken-elaborator modules::namespace_effect_tests::forward_local_export_cannot_authorize_unavailable_self_facade
1	PASS [   1.013s] ( 49/517) ken-elaborator modules::namespace_effect_tests::imported_owner_grants_only_its_bound_inline_child_path
1	PASS [   0.813s] ( 50/517) ken-elaborator modules::namespace_effect_tests::inline_grandchild_preserves_transitive_authority_and_privacy
1	PASS [   0.413s] ( 51/517) ken-elaborator modules::namespace_effect_tests::same_head_class_instances_search_by_selected_provider_identity
1	PASS [   1.031s] ( 52/517) ken-elaborator modules::namespace_effect_tests::strict_roots_refuses_checked_same_top_proved_forgery_before_load_or_reuse
1	PASS [   0.007s] ( 53/517) ken-elaborator parser::atom_form_closure::all_lists_each_variant_once
1	PASS [   0.007s] ( 54/517) ken-elaborator parser::atom_form_closure::the_derived_expression_roster_claims_exactly_the_historical_set
1	PASS [   0.007s] ( 55/517) ken-elaborator parser::atom_start_premise::no_operator_token_is_admitted_as_an_atom_start
1	PASS [   0.326s] ( 56/517) ken-elaborator r_layer_tests::acceptance::existing_invariants_still_green
1	PASS [   1.241s] ( 57/517) ken-elaborator r_layer_tests::acceptance::pipeline_errors_at_correct_stage
1	PASS [   0.362s] ( 58/517) ken-elaborator r_layer_tests::acceptance::wrong_return_app_rejected
1	PASS [  10.006s] ( 59/517) ken-elaborator r_layer_tests::cat_effectful_classes_import::effectful_classes_import_closure_is_exact_and_identity_preserving
1	PASS [   4.267s] ( 60/517) ken-elaborator r_layer_tests::cat_lawful_functors_pub_export::lawful_functors_bool_algebra_uses_only_lawfulclasses_canonical_family
1	PASS [   4.700s] ( 61/517) ken-elaborator r_layer_tests::cat_ord_nat_canonical_owner::pair_floor_advances_the_structural_compare_boundary
1	PASS [  92.447s] ( 62/517) ken-cli::rt_cold_lowering_path_enumeration rt_cap41_offset_out_of_range_stage
1	PASS [   2.501s] ( 63/517) ken-elaborator r_layer_tests::cat_tier_d_cursor_import::diagnostics_core_loader_visible_inventory_is_exact
1	PASS [   4.284s] ( 64/517) ken-elaborator r_layer_tests::cat_priority_queue_acceptance::direct_declarations_and_private_names_reach_the_import_boundary
1	PASS [   2.844s] ( 65/517) ken-elaborator r_layer_tests::cat_tier_d_decoder_import::parsing_decoder_imports_exact_canonical_cursor_surface
1	PASS [  53.294s] ( 66/517) ken-cli::rt_selected_pending_call_admission owner_vis_join_consumption_refuses_before_dead_subtree_disposition
1	PASS [   0.688s] ( 67/517) ken-elaborator r_layer_tests::cat_tier_d_process_environment_import::process_environment_loader_visible_surface_is_exact_and_usable
1	PASS [   5.228s] ( 68/517) ken-elaborator r_layer_tests::cat_tier_d_parsing_group_import::parsing_numeric_provider_closure_is_exact_and_sibling_disjoint
1	PASS [   2.954s] ( 69/517) ken-elaborator r_layer_tests::cc6b_path_posix_acceptance::ordered_dependency_closure_elaborates_path_package
1	PASS [   0.344s] ( 70/517) ken-elaborator r_layer_tests::constrained_instance_elaboration::swapped_constraint_names_fail_closed
1	PASS [   0.009s] ( 71/517) ken-elaborator r_layer_tests::effects::cap_op_with_token_accepted
1	PASS [   0.014s] ( 72/517) ken-elaborator r_layer_tests::effects::eff_pure_default_is_effect_free
1	PASS [   0.010s] ( 73/517) ken-elaborator r_layer_tests::effects::handler_multishot_rejected
1	PASS [   0.006s] ( 74/517) ken-elaborator r_layer_tests::effects::itree_bind_ret_left_unit
1	PASS [   0.015s] ( 75/517) ken-elaborator r_layer_tests::effects::lower_elim_itree_wrong_method_count_rejected
1	PASS [   0.016s] ( 76/517) ken-elaborator r_layer_tests::effects::row_poly_undeclared_row_var_rejected
1	PASS [   0.014s] ( 77/517) ken-elaborator r_layer_tests::kenfmt_b3_layout::ac2_ac3_mandatory_breaks_separators_and_no_alignment
1	PASS [   0.017s] ( 78/517) ken-elaborator r_layer_tests::kenfmt_b3_layout::ac6_independent_oracle_mandatory_forms_are_exact_fixed_points
1	PASS [   0.016s] ( 79/517) ken-elaborator r_layer_tests::kenfmt_b4_splicing::ac1_extractor_exposes_all_four_roles_and_marker_spans_additively
1	PASS [   0.019s] ( 80/517) ken-elaborator r_layer_tests::kenfmt_let_layout::ac3_ac4_nested_simple_bindings_fit_or_break_as_one_typed_chain
1	PASS [   0.537s] ( 81/517) ken-elaborator r_layer_tests::lang_fixity_decl_surface::fixity_declarations_survive_layout_formatting
1	PASS [   7.404s] ( 82/517) ken-elaborator r_layer_tests::cat_tier_e_argparse_import::argparse_publication_is_visibility_only
1	PASS [   0.017s] ( 83/517) ken-elaborator r_layer_tests::lang_mod_catalog_evidence_frontier::parsed_provider_interfaces_and_loader_edges_have_known_answer
1	PASS [   0.408s] ( 84/517) ken-elaborator r_layer_tests::lang_fixity_decl_surface::recursive_symbolic_definition_reassociates_after_self_preadmission
1	PASS [   0.766s] ( 85/517) ken-elaborator r_layer_tests::lang_structural_result_elab::d2_wstyle_without_a_trailing_result_binder_is_exactly_out_of_scope
1	PASS [   0.662s] ( 86/517) ken-elaborator r_layer_tests::lang_structural_result_elab::validated_nested_results_elaborate_and_kernel_check
1	PASS [   1.681s] ( 87/517) ken-elaborator r_layer_tests::lc_acceptance::ac6_sct_wellfounded_accepted_cyclic_rejected
1	PASS [   1.844s] ( 88/517) ken-elaborator r_layer_tests::n4_program_admits::admission_does_not_replace_overlap_or_orphan_gates
1	PASS [   0.637s] ( 89/517) ken-elaborator seal2_tests::adversary_repros::carrier_closure_holds_deeply_on_the_landed_surface
1	PASS [   0.658s] ( 90/517) ken-elaborator seal2_tests::producer_closure::class_entry_view_preserves_the_seal2_producer_population
1	PASS [   0.897s] ( 91/517) ken-elaborator seal2_tests::producer_closure::unclassifiable_global_member_fails_loudly
1	PASS [  19.452s] ( 92/517) ken-elaborator r_layer_tests::cat_tier_e_json_import::json_publication_is_visibility_only
1	PASS [  22.635s] ( 93/517) ken-elaborator seal2_tests::producer_closure::catalog_source_root_confinement_certificate
1	PASS [  41.653s] ( 94/517) ken-elaborator::b1_acceptance alphabet_equals_perform_node_signatures
1	PASS [ 299.310s] ( 95/517) ken-cli::dasm_c2_observation_artifact_identity dasm_c2_observation_is_native_artifact_identical
1	PASS [   0.007s] ( 96/517) ken-elaborator::b2_acceptance temporal_spec_constructor_shape
1	PASS [   0.319s] ( 97/517) ken-elaborator::bare_proof_selector_atom declaration_head_and_bare_selector_body_are_parsed_and_elaborated_separately
1	PASS [   0.323s] ( 98/517) ken-elaborator::case_eq_dependent_match_sugar three_constructor_enum_is_not_bool_hardcoded
1	PASS [   1.991s] ( 99/517) ken-elaborator::cat3_collections_package cat3_d2_bad_sorted_and_bad_perm_witnesses_rejected
1	PASS [   1.948s] (100/517) ken-elaborator::cat3_collections_package derived_owns_checked_map_and_filter_identities
1	PASS [   1.945s] (101/517) ken-elaborator::cat3_collections_package derived_reuses_canonical_nat_order_operations_with_zero_trust_delta
1	PASS [   3.269s] (102/517) ken-elaborator::cat5_parsing_package cat5_d2_failure_with_invalid_span_rejected_by_law
1	PASS [  34.753s] (103/517) ken-elaborator::b2_acceptance obligation_not_dischargeable_in_ken
1	PASS [   4.031s] (104/517) ken-elaborator::cat5_parsing_package cat5_d3_bool_parser_printer_formatter_roundtrip_on_source_bytes
1	PASS [  70.994s] (105/517) ken-elaborator::b1_acceptance same_program_same_export_hash
1	PASS [   2.824s] (106/517) ken-elaborator::cat5_parsing_package derived_fixture_retains_lawfulclasses_for_cat5_dependency_closure
1	PASS [   0.680s] (107/517) ken-elaborator::cat_idf_trust_free_provider cold_vector_trust_set_equals_separately_fresh_compiler_base
1	PASS [   1.998s] (108/517) ken-elaborator::cat_concat_map_append_law concat_map_append_has_the_exact_raw_checked_proposition
1	PASS [   2.719s] (109/517) ken-elaborator::cat_sort_insertion_sort_acceptance boolean_vectors_compute_and_both_generic_laws_instantiate
1	PASS [   4.033s] (110/517) ken-elaborator::cat_deque_closeout pop_back_list_view_checks_in_loaded_package_and_on_inhabited_deques
1	PASS [   0.305s] (111/517) ken-elaborator::cat_vec_acceptance roots_loader_registers_the_indexed_public_surface
1	PASS [   0.731s] (112/517) ken-elaborator::cat_vector_closeout vector_loader_visible_inventory_is_empty
1	PASS [   0.007s] (113/517) ken-elaborator::catalog_taxonomy catalog_package_root_lint_rejects_an_unlisted_probe
1	PASS [   1.626s] (114/517) ken-elaborator::cat_string_keys_closeout string_keys_direct_lawfulclasses_consumption_is_exact
1	PASS [   0.021s] (115/517) ken-elaborator::cc2_text_codec_numeric_acceptance verified_roundtrip_stays_structural_and_key_instances_stay_out_of_numeric
1	PASS [  67.216s] (116/517) ken-elaborator::b1_exact_denotation_alphabet same_family_host_operations_have_distinct_signatures_and_hashes
1	PASS [   4.694s] (117/517) ken-elaborator::cc1_nonempty_validation_acceptance validation_registry_has_applicative_but_no_monad_instance
1	PASS [   9.294s] (118/517) ken-elaborator::cat_map_dom_member map_trusted_base_is_unchanged_from_provider_closure
1	PASS [   2.253s] (119/517) ken-elaborator::cc5_pretty_doc_acceptance all_three_laws_are_checked_and_consumable_as_proofs
1	PASS [   0.340s] (120/517) ken-elaborator::class_field_purity surf2_d1_unmarked_classes_and_sort_discriminant_stay_status_quo
1	PASS [   2.661s] (121/517) ken-elaborator::cc6a_process_arguments_exit_acceptance ordered_dependency_closure_elaborates_both_packages
1	PASS [   2.092s] (122/517) ken-elaborator::compare_ord_lexicographic_acceptance raw_compare_discriminates_all_results_and_strict_negatives
1	PASS [   1.317s] (123/517) ken-elaborator::conversions_acceptance neg_uintn_out_of_scope_unregistered
1	PASS [   0.365s] (124/517) ken-elaborator::dependent_match_context_telescope_acceptance captured_env_follows_fin_index_refinement_under_match
1	PASS [   0.471s] (125/517) ken-elaborator::dependent_match_coherent_frame_acceptance direct_same_context_control_stays_elaborable
1	PASS [   0.388s] (126/517) ken-elaborator::dependent_match_declared_index_plain_acceptance constant_motive_stays_green
1	PASS [   0.375s] (127/517) ken-elaborator::dependent_match_motive_rebase_acceptance control_no_match_reflexive_self_equality_still_elaborates
1	PASS [   0.343s] (128/517) ken-elaborator::dependent_match_nonnullary_acceptance ac2_mis_narrowed_cons_arm_stays_kernel_rejected
1	PASS [   9.634s] (129/517) ken-elaborator::cc3_parsing_cursor_decoder_acceptance repetition_progress_and_arg_locations_are_discriminating
1	PASS [   0.342s] (130/517) ken-elaborator::ds5b_dependent_match_refinement_acceptance base_case_construction_retypes_the_checking_goal
1	PASS [   0.344s] (131/517) ken-elaborator::ds5b_dependent_match_refinement_acceptance non_indexed_match_stays_unaffected
1	PASS [   0.352s] (132/517) ken-elaborator::ds5b_dependent_match_refinement_acceptance trusted_base_delta_is_empty_across_all_three_capabilities
1	PASS [   0.344s] (133/517) ken-elaborator::ds6c_intlit_elaborator_emission interpreter_evaluates_real_elaborated_intlit
1	PASS [   2.079s] (134/517) ken-elaborator::ds4_list_combinators_acceptance ac8_off_by_one_range_length_rejected
1	PASS [   0.349s] (135/517) ken-elaborator::ds6c_intlit_elaborator_emission real_distinct_int_literals_reduce_to_bottom_and_reject_tt_and_refl
1	PASS [   2.090s] (136/517) ken-elaborator::ds4_list_combinators_acceptance trusted_base_delta_is_empty_across_the_file
1	PASS [   0.344s] (137/517) ken-elaborator::ds6c_intlit_elaborator_emission real_int_literal_elaborates_to_intlit_and_tt_checks_end_to_end
1	PASS [   0.347s] (138/517) ken-elaborator::ds8b_pure_into_proc_widening non_regression_malformed_proc_field_marker_still_rejected_at_class_decl
1	PASS [   7.407s] (139/517) ken-elaborator::cc7_argparse_acceptance ordered_closure_elaborates_the_renderer_specialization_and_multifile_client
1	PASS [   0.335s] (140/517) ken-elaborator::ds9_json_codec_acceptance intrinsic_all_lift_former_nested_pi_domain_remains_rejected
1	PASS [   2.505s] (141/517) ken-elaborator::either_catalog_package_acceptance either_and_combinators_are_real_globals
1	PASS [   0.014s] (142/517) ken-elaborator::either_catalog_package_acceptance zero_axiom_in_sums_ken
1	PASS [   2.941s] (143/517) ken-elaborator::ds9_json_codec_acceptance json_and_all_six_constructors_are_real_globals
1	PASS [   0.727s] (144/517) ken-elaborator::es2_acceptance issorted_and_perm_applications_reduce_past_their_own_head
1	PASS [   0.548s] (145/517) ken-elaborator::es3_modules_acceptance client_match_hidden_ctor_rejected_at_surface
1	PASS [   4.467s] (146/517) ken-elaborator::ds8_traversable_acceptance traverse_composition_law_is_present_and_kernel_checked
1	PASS [   0.702s] (147/517) ken-elaborator::es4_classes_acceptance char_ord_laws_reject_missing_law_field
1	PASS [   0.351s] (148/517) ken-elaborator::explicit_data_elaboration legacy_simple_data_still_elaborates
1	PASS [   1.574s] (149/517) ken-elaborator::es3_modules_acceptance module_elaborates_to_identical_flat_sigma
1	PASS [   0.006s] (150/517) ken-elaborator::fr1_zero_ctor_data_acceptance both_spellings_parse_to_zero_constructor_decls
1	PASS [   0.356s] (151/517) ken-elaborator::explicit_data_elaboration type_possible_arity_one_constructor_witness_is_the_applied_pattern
1	PASS [   0.016s] (152/517) ken-elaborator::i4d_boundary_header_parser boundary_header_is_accepted_before_imports_and_rejected_after_them
1	PASS [   5.829s] (153/517) ken-elaborator::ds8_traversable_acceptance compose_ap_cmp_is_present_and_kernel_checked
1	PASS [   0.371s] (154/517) ken-elaborator::generated_index_evidence_closure generated_record_index_reflexivity_closes_top_first_child
1	PASS [   0.414s] (155/517) ken-elaborator::i4d_boundary_header_parser direct_file_reader_preserves_manifest_without_minting_or_trust_growth
1	PASS [   0.350s] (156/517) ken-elaborator::k3_literal_char_view occurrences_convert_from_values_not_literal_ids_and_other_ops_remain_neutral
1	PASS [   0.347s] (157/517) ken-elaborator::ken_md_literate elaboration_errors_report_original_markdown_offsets
1	PASS [   0.007s] (158/517) ken-elaborator::ken_md_literate unrecognized_ken_role_is_a_hard_extraction_error
1	PASS [   0.010s] (159/517) ken-elaborator::kenfmt_signature_layout layout_changes_only_whitespace_and_token_spelling_by_existing_token_kind
1	PASS [   0.689s] (160/517) ken-elaborator::i4d_boundary_header_parser loader_projects_both_readers_and_admits_clause_changes_real_dispatch
1	PASS [   2.148s] (161/517) ken-elaborator::es4_classes_acceptance ord_bool_provable_laws_are_real_proofs_not_postulates
1	PASS [   0.353s] (162/517) ken-elaborator::ken_md_literate ken_example_with_valid_body_check_passes_and_is_not_tangled
1	PASS [   0.340s] (163/517) ken-elaborator::kernel_conv_congruence_closure quotient_elim_congruence_is_reached_by_checked_ken_source
1	PASS [   0.353s] (164/517) ken-elaborator::km_sigma_eq_pair_refl wrong_endpoint_pair_lens_law_still_rejects
1	PASS [   0.358s] (165/517) ken-elaborator::ktr2_data_lowering_diagnostics failed_localization_preserves_the_unattributed_kernel_error
1	PASS [   0.348s] (166/517) ken-elaborator::ktr2_data_lowering_diagnostics undefined_uppercase_constructor_argument_is_unresolved
1	PASS [   0.345s] (167/517) ken-elaborator::l2_acceptance ac4_duplicate_arm_is_reachability_error
1	PASS [   0.352s] (168/517) ken-elaborator::l2_acceptance ac8_option_table_branch_motive_elaborates
1	PASS [   0.345s] (169/517) ken-elaborator::l2_acceptance nested_ctor_pattern_accepted_and_reduces
1	PASS [   0.343s] (170/517) ken-elaborator::l2_acceptance unknown_ctor_in_pattern_is_error
1	PASS [   0.352s] (171/517) ken-elaborator::l3_strings_roundtrip_acceptance derived_list_char_surface_out_of_scope
1	PASS [   0.349s] (172/517) ken-elaborator::l3a_acceptance string_byte_length_differs_from_char_length
1	PASS [   0.333s] (173/517) ken-elaborator::l3a_recursive_view_smoke poly_id_list_elaborates
1	PASS [   0.348s] (174/517) ken-elaborator::l3b_acceptance user_ord_sort_emits_both_conjuncts
1	PASS [   0.375s] (175/517) ken-elaborator::l6_acceptance read_bytes_untracked_is_type_error
1	PASS [   0.376s] (176/517) ken-elaborator::l7_acceptance world_foreign_without_row_rejected
1	PASS [   0.681s] (177/517) ken-elaborator::l4_export_reexport unresolved_sources_fail_closed_at_the_export_site
1	PASS [   0.006s] (178/517) ken-elaborator::lang_application_atom_if_rejection grouped_and_leading_if_are_unaffected
1	PASS [   0.006s] (179/517) ken-elaborator::lang_atom_start_classification_closure ac0_the_bare_proof_selector_is_refused_as_an_argument_at_every_depth
1	PASS [   0.346s] (180/517) ken-elaborator::l_resolver_globals ac1_cross_decl_lowercase_global_resolves
1	PASS [   0.006s] (181/517) ken-elaborator::lang_atom_start_classification_closure the_effect_row_veto_governs_the_expression_position_too
1	PASS [   0.347s] (182/517) ken-elaborator::l_resolver_globals ac2_local_param_shadows_global
1	PASS [   0.352s] (183/517) ken-elaborator::lang_atom_start_classification_closure ac6_the_as_alias_exclusion_governs_the_pattern_position
1	PASS [   0.354s] (184/517) ken-elaborator::lang_bytes_hex_list_literal bracketed_and_quoted_bytes_have_the_same_elaborated_type_and_value
1	PASS [   0.016s] (185/517) ken-elaborator::lang_foreign_name_format_chars formatter_inverse_preserves_string_and_character_values
1	PASS [   0.007s] (186/517) ken-elaborator::lang_foreign_name_format_chars literate_hard_errors_rebase_to_document_spans_in_every_role
1	PASS [   0.010s] (187/517) ken-elaborator::lang_foreign_name_format_chars reject_recovery_composes_suffix_rewrite_and_document_coordinates
1	PASS [   0.376s] (188/517) ken-elaborator::lang_foreign_name_control_chars span_points_at_the_offending_literal_not_the_foreign_keyword
1	PASS [   0.012s] (189/517) ken-elaborator::lang_lex_hex_float hex_float_values_and_boundaries
1	PASS [   0.006s] (190/517) ken-elaborator::lang_lex_numeric_forms decimal_fraction_separators_do_not_change_exponent
1	PASS [   0.351s] (191/517) ken-elaborator::lang_instance_registry_identity_key rebound_construction_prerequisite_refuses_before_emitting_a_dictionary_term
1	PASS [   1.721s] (192/517) ken-elaborator::l4_export_reexport loader_executes_import_identity_clash_and_rename_discriminators
1	PASS [   0.376s] (193/517) ken-elaborator::lang_match_guards guard_composes_after_whole_pattern_and_module_rewriting_reaches_it
1	PASS [   0.691s] (194/517) ken-elaborator::lang_match_as_pattern alias_delegates_to_the_inner_patterns_subsumption_cause
1	PASS [   1.354s] (195/517) ken-elaborator::lang_facade_export_load_order available_inline_facade_selects_its_checked_id_in_every_entry_order
1	PASS [   0.321s] (196/517) ken-elaborator::lang_match_or_pattern or_patterns_compose_inside_tuple_record_constructor_and_as_patterns
1	PASS [   0.425s] (197/517) ken-elaborator::lang_match_record_pattern module_rewriting_recurses_through_record_field_patterns
1	PASS [   1.022s] (198/517) ken-elaborator::lang_match_guards guarded_top_wildcard_and_variable_remain_refused
1	PASS [   0.354s] (199/517) ken-elaborator::lang_match_tuple_pattern empty_and_trailing_comma_tuple_patterns_have_surface_diagnostics
1	PASS [   0.352s] (200/517) ken-elaborator::lang_mod_catalog_realization canonical_or_publishes_constructors_under_legacy_roots_idempotently
1	PASS [   0.353s] (201/517) ken-elaborator::lang_mod_nat_floor_realization primitive_signature_inventory_is_executable_and_closed
1	PASS [   1.771s] (202/517) ken-elaborator::lang_match_literal_patterns unsupported_carriers_fail_closed_with_the_named_row_and_carrier
1	PASS [   0.346s] (203/517) ken-elaborator::lang_mod_nat_floor_realization public_wrapper_all_renamed_data_preserves_local_parentage
1	PASS [   1.331s] (204/517) ken-elaborator::lang_mod_catalog_completeness lawful_local_pair_proofs_do_not_extend_the_derived_subject_namespace
1	PASS [   0.688s] (205/517) ken-elaborator::lang_mod_nat_floor_realization strict_floor_export_allocates_nothing_and_nonmember_prod_rejects
1	PASS [   0.723s] (206/517) ken-elaborator::lang_mod_strict_resolution_d0 vector_strict_floor_provider_transition_sentinel
1	PASS [   0.383s] (207/517) ken-elaborator::lang_qualified_constructor_privacy buffer_capacity_decl
1	PASS [   1.309s] (208/517) ken-elaborator::lang_mod_strict_resolution_d0 every_ambient_name_representation_reaches_its_current_route
1	PASS [   0.345s] (209/517) ken-elaborator::lang_qualified_constructor_privacy forge_mapping_decl
1	PASS [   0.328s] (210/517) ken-elaborator::lang_qualified_constructor_privacy mapping_resource_decl
1	PASS [   0.349s] (211/517) ken-elaborator::lang_qualified_constructors local_qualified_constructor_expression_preserves_bare_id
1	PASS [   0.331s] (212/517) ken-elaborator::lang_qualified_constructors qualified_resource_type_matches_prescoping_bare_checked_term
1	PASS [   1.681s] (213/517) ken-elaborator::lang_prelude_floor_fifteen five_floor_name_redeclarations_fail_before_allocation
1	PASS [   0.355s] (214/517) ken-elaborator::lang_reserved_infix_names simultaneous_reserved_names_remain_distinct_without_generic_operator_tokens
1	PASS [   0.671s] (215/517) ken-elaborator::lang_reserved_infix_names formatter_canonicalizes_alias_tokens_and_protects_comments_and_literals
1	PASS [   0.444s] (216/517) ken-elaborator::lang_roots_loader_local_instance_dict_scope legacy_roots_same_unit_alias_selects_the_same_synthesis_identity
1	PASS [   0.345s] (217/517) ken-elaborator::lang_standard_infix_call_completion the_standard_fixities_govern_parsing_and_and_binds_tighter_than_or
1	PASS [   0.529s] (218/517) ken-elaborator::lang_surface_int_precision huge_surface_int_reaches_kernel_and_evaluation_exactly
1	PASS [   0.018s] (219/517) ken-elaborator::lang_surface_pair projection_chains_and_float_literals_split_at_the_lexer
1	PASS [   1.298s] (220/517) ken-elaborator::lang_standard_infix_call_completion a_parameterized_carrier_resolves_from_its_inferred_core_application
1	PASS [   0.006s] (221/517) ken-elaborator::lang_truncation_surface_syntax ac5_truncation_head_bare_argument_and_grouped_argument_all_parse
1	PASS [   0.360s] (222/517) ken-elaborator::lang_symbolic_operator_names fixed_star_still_elaborates_as_multiplication
1	PASS [   0.451s] (223/517) ken-elaborator::lang_truncation_surface_syntax d2_elim_trunc_elaborates_and_computes_via_the_i_reduction
1	PASS [   0.341s] (224/517) ken-elaborator::lang_truncation_surface_syntax d2_elim_trunc_lower_arity_is_not_a_collision
1	PASS [   0.532s] (225/517) ken-elaborator::lang_truncation_surface_syntax d2_elim_trunc_surface_sugar_refuses_a_type_classified_target
1	PASS [   0.362s] (226/517) ken-elaborator::lang_truncation_surface_syntax d2_trunc_intro_is_reserved_sugar_declaring_it_is_a_hard_error
1	PASS [   0.361s] (227/517) ken-elaborator::lang_type_projection_surface_form a_chained_projection_with_an_absent_outer_field_is_refused_at_the_chain
1	PASS [   0.006s] (228/517) ken-elaborator::literal_escapes_lexer_unit raw_triple_string_performs_no_escape_processing
1	PASS [   0.005s] (229/517) ken-elaborator::literal_escapes_lexer_unit x41bc_does_not_greedily_consume_a_third_digit
1	PASS [   2.605s] (230/517) ken-elaborator::lang_standard_infix_call_completion ac7_both_operands_are_checked_even_when_the_first_settles_the_result
1	PASS [   0.836s] (231/517) ken-elaborator::lang_type_projection_surface_form ac2_both_rejections_fire_with_a_span_on_the_projection
1	PASS [   8.924s] (232/517) ken-elaborator::lang_membership_operator_surface membership_surface_adds_no_trusted_declaration
1	PASS [   8.721s] (233/517) ken-elaborator::map_build_acceptance cat4_delete_dropkey_filters_all_equivalent_keys
1	PASS [   0.006s] (234/517) ken-elaborator::match_arm_glyph match_arm_spellings_parse_and_retired_spellings_reject
1	PASS [   8.740s] (235/517) ken-elaborator::map_build_acceptance cat4_keys_values_are_aligned_tolist_projections
1	PASS [   8.800s] (236/517) ken-elaborator::map_build_acceptance cat_map_dependency_closure_roots_loads_declared_imports
1	PASS [   0.382s] (237/517) ken-elaborator::n2_in_repo_loader cross_file_import_resolves_lazily_through_plural_root_api_and_caches
1	PASS [   0.009s] (238/517) ken-elaborator::nc13_core_expression_lowering mutual_direct_call_cycle_rejects_loudly
1	PASS [   0.356s] (239/517) ken-elaborator::nat_arithmetic_laws_acceptance entry_elaborates_and_registers_the_free_laws
1	PASS [   1.002s] (240/517) ken-elaborator::n1_duplicate_definition totally_reserved_sugar_names_keep_the_existing_hard_error
1	PASS [   1.440s] (241/517) ken-elaborator::nc14_data_match_lowering checked_ih_abi_and_match_refusal_site_are_discriminated_before_authority
1	PASS [   1.170s] (242/517) ken-elaborator::nc14_data_match_lowering d5_native_scalar_merge_admits_checked_structural_nat
1	PASS [   0.013s] (243/517) ken-elaborator::nc15_record_sigma_lowering runtime_record_projection_from_constructed_sigma_lowers_and_evaluates
1	PASS [   0.013s] (244/517) ken-elaborator::nc17_recursion_dictionaries_modules imported_declaration_ref_requires_exact_dependency_seed_identity
1	PASS [   0.013s] (245/517) ken-elaborator::nc17_recursion_dictionaries_modules runtime_evaluator_executes_terminating_recursive_declaration_ref
1	PASS [   0.013s] (246/517) ken-elaborator::nc18_effects_foreign_boundary_ir pure_program_report_keeps_starter_subset_ready
1	PASS [   0.012s] (247/517) ken-elaborator::nc5_erasure_runtime_ir reachable_lowerability_blocker_rejects_before_runtime_ir
1	PASS [   1.261s] (248/517) ken-elaborator::nc14_data_match_lowering nested_recursive_bag_join_residual_folds_all_leaves_at_nat_three
1	PASS [   0.377s] (249/517) ken-elaborator::proof_vocabulary structural_and_forward_proof_definitions_elaborate
1	PASS [   8.494s] (250/517) ken-elaborator::map_build_acceptance fold_agrees_with_left_fold_over_tolist
1	PASS [   0.322s] (251/517) ken-elaborator::px8p_checked_buffer_producer with_buffer_has_the_ruled_surface_and_keeps_raw_allocation_private
1	PASS [   0.378s] (252/517) ken-elaborator::px9_system_error_classification system_error_shape_wraps_filesystem_slots_and_preserves_ioerror_identity
1	PASS [   0.440s] (253/517) ken-elaborator::record_decl_form class_instance_projection_is_unchanged_in_a_record_program
1	PASS [   0.415s] (254/517) ken-elaborator::record_decl_form shared_field_labels_keep_class_and_record_owners_distinct
1	PASS [   0.377s] (255/517) ken-elaborator::record_index_sigma_closure if_condition_validation_closes_an_active_result_premise
1	PASS [   0.418s] (256/517) ken-elaborator::rt_dasm_d1b_role_a_role_authority d1b_role_a_package_cannot_declare_a_runtime_role_constructor_spelling
1	PASS [   0.516s] (257/517) ken-elaborator::record_literal dependent_field_values_use_prior_literal_fields
1	PASS [   0.010s] (258/517) ken-elaborator::sec1_acceptance by_proof_trichotomy_cross_case_sweep
1	PASS [   0.005s] (259/517) ken-elaborator::sec1_acceptance ct_label_parses_carries_and_defers_timing
1	PASS [   0.006s] (260/517) ken-elaborator::sec1_acceptance label_survives_effect_routing
1	PASS [   0.005s] (261/517) ken-elaborator::sec1ct_acceptance ct_value_into_var_time_primitive_rejected
1	PASS [   0.008s] (262/517) ken-elaborator::sec2_acceptance attenuate_bound_discharge_mirrors_elaborator
1	PASS [   0.009s] (263/517) ken-elaborator::sec2_acceptance no_row_view_is_inert_rejected
1	PASS [   0.005s] (264/517) ken-elaborator::sec2_acceptance world_action_without_capability_rejected
1	PASS [   0.407s] (265/517) ken-elaborator::rt_dasm_d1b_role_c1_trusted_base_provenance c1_a_retargeted_assumption_identity_is_refused
1	PASS [   0.330s] (266/517) ken-elaborator::sct_reconstruction_descent shape_b_ackermann_accepts_and_evaluates_correctly
1	PASS [   0.474s] (267/517) ken-elaborator::sub1_bytes_structural_view ac4_both_runtime_roundtrip_directions_are_real_and_total
1	PASS [   0.330s] (268/517) ken-elaborator::surf_space_cells_p1 ac_s6_becomes_outside_space_is_a_specific_error_with_a_span
1	PASS [   0.323s] (269/517) ken-elaborator::surf_space_cells_p1 public_block_space_is_a_specific_surface_refusal
1	PASS [   0.348s] (270/517) ken-elaborator::surface_def_refinement type_is_reserved_not_a_free_identifier
1	PASS [   0.353s] (271/517) ken-elaborator::surface_arrow_in_expr_acceptance arrow_let_bound_is_a_real_pi
1	PASS [   0.408s] (272/517) ken-elaborator::surface_named_proof_claims module_selective_import_exposes_prop_intro_without_bare_intro
1	PASS [   0.006s] (273/517) ken-elaborator::t1_acceptance false_unknown_non_confusable_roundtrip
1	PASS [   0.005s] (274/517) ken-elaborator::t1_acceptance glivenko_wire_sweep_classically_valid_never_false
1	PASS [   0.345s] (275/517) ken-elaborator::surface_transport_acceptance ill_typed_transport_wrong_witness_type_is_kernel_rejected
1	PASS [   0.344s] (276/517) ken-elaborator::surface_transport_acceptance stuck_match_over_abstract_key_transports_via_hand_written_motive
1	PASS [   0.005s] (277/517) ken-elaborator::v3_acceptance ipc_lem_invalid_not_refuted_unknown
1	PASS [   0.007s] (278/517) ken-elaborator::v2_acceptance recursive_fn_per_ctor_obligation_with_ih_placeholder
1	PASS [   0.345s] (279/517) ken-elaborator::v1_acceptance old_out_of_scope_rejects
1	PASS [   2.052s] (280/517) ken-elaborator::v3_fo_checker_soundness_d0_buildability_probe probe3b_bool_true_hypothesis_eliminates_by_cases_naive_prebound
1	PASS [   2.054s] (281/517) ken-elaborator::v3_fo_checker_soundness_d0_buildability_probe probe2_propositional_truncation_literal_spec_syntax
1	PASS [   1.962s] (282/517) ken-elaborator::v3_fo_checker_soundness_d2_bool_inversion fok_and_left_applies_to_a_concrete_true_true_instance
1	PASS [   1.943s] (283/517) ken-elaborator::v3_fo_checker_soundness_d3 fragment_witness_excludes_nested_forall_world_right
1	PASS [   2.048s] (284/517) ken-elaborator::v3_fo_checker_soundness_d2_bool_inversion fok_or_left_false_naive_prebound_form_is_kernel_rejected
1	PASS [   2.078s] (285/517) ken-elaborator::v3_fo_checker_soundness_d3 accepted_imp_right_init_tree_instantiates_full_checker_soundness
1	PASS [   0.005s] (286/517) ken-elaborator::v3_fo_kripke_slice_acceptance positive_control_certificate_computes_true
1	PASS [   2.032s] (287/517) ken-elaborator::v3_fo_checker_soundness_d4 accepted_forall_world_right_reaches_full_checker_soundness
1	PASS [   0.028s] (288/517) ken-elaborator::v3_fo_sorted_eigenparameter_refuting_cert corrected_search_finds_no_certificate_for_the_refuting_embed_image
1	PASS [   2.105s] (289/517) ken-elaborator::v3_fo_ken_level_checker_authoring fok_rule_has_exactly_three_slice_variants
1	PASS [   6.157s] (290/517) ken-elaborator::v3_fo_sorted_eigenparameter_wrong_sort_controls malformed_atomic_argument_role_is_refused
1	PASS [   0.006s] (291/517) ken-elaborator::v4_acceptance evidence_consumed_unchanged_from_v3
1	PASS [   0.611s] (292/517) ken-elaborator::val1_string_literals string_literal_elaborates_to_string_type
1	PASS [   0.013s] (293/517) ken-foundation canonical::tests::record_field_order_is_declaration
1	PASS [   0.011s] (294/517) ken-foundation hash::tests::fnv1a_different_inputs_different_hashes
1	PASS [   0.019s] (295/517) ken-foundation store::tests::intern_distinct_values_different_slots
1	PASS [   0.015s] (296/517) ken-foundation::acceptance equality_is_constant_time
1	PASS [   0.014s] (297/517) ken-host abi_v1::tests::abi_s6_d4_file_acquire_raw_request_layout_is_exact
1	PASS [   0.017s] (298/517) ken-host abi_v1::tests::native_dispatch_projects_revoked_path_as_the_distinct_ioerror_tag
1	PASS [   0.013s] (299/517) ken-host abi_v1::tests::positioned_future_generation_reifies_malformed_resource
1	PASS [   0.015s] (300/517) ken-host abi_v1::tests::posture_failure_prevents_context_publication
1	PASS [   0.012s] (301/517) ken-host abi_v1::tests::scripted_home_success_mints_only_after_one_real_resolution
1	PASS [   0.015s] (302/517) ken-host abi_v1::tests::wrong_generation_is_capability_denied_before_filesystem_access
1	PASS [   0.021s] (303/517) ken-host effect_v1::tests::abi_s1_partial_keeps_descriptor_operations_represented_unavailable
1	PASS [   0.013s] (304/517) ken-host effect_v1::tests::abi_s6_d3_mapping_dispatch_is_ambient_non_minting_and_view_bounded
1	PASS [   0.014s] (305/517) ken-host effect_v1::tests::capability_admission_inventory_is_exact_and_abi_r3_closed
1	PASS [   0.012s] (306/517) ken-host effect_v1::tests::catalog_is_closed_and_availability_is_exact
1	PASS [   0.016s] (307/517) ken-host effect_wire::tests::abi_s1_descriptor_requests_and_position_reply_round_trip_typed_wire
1	PASS [   0.013s] (308/517) ken-host effect_wire::tests::linked_trace_codec_preserves_allocation_failure_identity
1	PASS [   0.013s] (309/517) ken-host effect_wire::tests::linked_trace_codec_preserves_file_origin_canonical_revoked_identity
1	PASS [   0.013s] (310/517) ken-host effect_wire::tests::linked_trace_codec_roundtrips_identity_bytes_and_outcomes
1	PASS [   0.013s] (311/517) ken-host revocation_v1::tests::attenuation_creates_a_child_with_the_supplied_parent_link
1	PASS [   0.013s] (312/517) ken-host tests::cwd_root_is_resolved_once_and_preserves_scope_and_symlink_denials
1	PASS [   0.015s] (313/517) ken-host tests::rooted_operations_preserve_bytes_and_nofollow_policy
1	PASS [   0.032s] (314/517) ken-interp eval::f1_bignum_tests::f1_zero_and_sign_canonical
1	PASS [   0.027s] (315/517) ken-interp eval::px5b_effect_observation_tests::ac3_sleep_until_is_refused_on_a_path_that_still_serves_an_available_op
1	PASS [   0.020s] (316/517) ken-interp eval::px5b_effect_observation_tests::budget_eff_capped_full_write_reifies_effective_not_raw_remaining
1	PASS [   0.010s] (317/517) ken-interp eval::px5b_effect_observation_tests::d1_a_wall_instant_is_not_decodable_as_a_monotonic_deadline
1	PASS [   0.023s] (318/517) ken-interp eval::px5b_effect_observation_tests::recording_is_behaviorally_inert
1	PASS [   0.023s] (319/517) ken-interp eval::px5b_effect_observation_tests::route_classifies_all_terminal_arms
1	PASS [   0.021s] (320/517) ken-interp eval::px5b_effect_observation_tests::rt_parity_short_read_reifies_remaining_and_request_budget
1	PASS [   0.071s] (321/517) ken-interp tests::det_same_term_same_value
1	PASS [   0.691s] (322/517) ken-interp tests::g1_end_to_end
1	PASS [   0.010s] (323/517) ken-interp tests::shortcircuit_and_or
1	PASS [   9.130s] (324/517) ken-elaborator::v3_fo_sorted_eigenparameter_wrong_sort_controls object_eigen_into_world_binder_is_refused_by_the_sort_guard
1	PASS [   0.006s] (325/517) ken-interp::f2f3_acceptance ac3_all_bare_fixed_width_arms_degrade_on_overflow
1	PASS [   0.007s] (326/517) ken-interp::f2f3_acceptance ac4_bare_add_int8_overflow_degrades_not_wraps
1	PASS [  11.481s] (327/517) ken-elaborator::v3_fo_route_proved_composition accepted_certificate_returns_exact_kernel_checked_composite
1	PASS [   0.336s] (328/517) ken-interp::fs_driver_build_acceptance absent_path_surfaces_total_not_found_result
1	PASS [   0.363s] (329/517) ken-interp::fs_driver_build_capability_acceptance r1_sufficient_cap_reads_fixture
1	PASS [   0.323s] (330/517) ken-interp::i3_fs_floor surface_and_render_package_add_zero_trusted_base_entries
1	PASS [   0.384s] (331/517) ken-interp::i5_scoped_capability coarse_authority_is_a_named_real_dispatch_backstop
1	PASS [   0.361s] (332/517) ken-interp::i5_scoped_capability symlink_policy_pairs_reach_the_real_dispatch_and_resolver
1	PASS [   0.022s] (333/517) ken-interp::k1p5_ih_wstyle_vis_fold_acceptance mixed_direct_and_wstyle_positions_fold_together
1	PASS [   0.010s] (334/517) ken-interp::k1p5_ih_wstyle_vis_fold_acceptance wstyle_unused_ih_is_dead_code_skipped
1	PASS [   0.350s] (335/517) ken-interp::i5_scoped_capability traversal_denies_while_sibling_accepts_through_real_dispatch
1	PASS [   0.345s] (336/517) ken-interp::l1_acceptance ac4_bare_overflow_never_wraps_silently
1	PASS [   0.348s] (337/517) ken-interp::l1_acceptance sec61_literal_reduces_in_kernel
1	PASS [   0.472s] (338/517) ken-interp::nc7_differential_trust_report unsupported_preflight_report_emits_no_differential_claim
1	PASS [   0.377s] (339/517) ken-interp::px7f_system_resource read_only_handle_metadata_surfaces_exact_right_not_held_masks
1	PASS [   0.008s] (340/517) ken-kernel check::tests::k2_piproduct_over_omega_lands_in_omega
1	PASS [   0.011s] (341/517) ken-kernel conv::tests::closed_nil_positive_reduces_by_iota_without_refusal
1	PASS [   0.008s] (342/517) ken-kernel conv::tests::open_recursive_distinct_maps_refuse_once_and_return_false
1	PASS [   0.006s] (343/517) ken-kernel inductive::tests::iota_reduct_wrong_methods_arity_errors_not_panics
1	PASS [   0.007s] (344/517) ken-kernel inductive::tests::occurs_finds_former
1	PASS [   0.008s] (345/517) ken-kernel sct::tests::is_exact_reconstruction_reorder_rejected
1	PASS [   0.007s] (346/517) ken-kernel sct::tests::is_exact_reconstruction_wrong_ctor_rejected
1	PASS [   0.008s] (347/517) ken-kernel subst::tests::subst_tel_application_spine
1	PASS [   0.035s] (348/517) ken-kernel::acceptance ac4_elim_nat_iota_suc
1	PASS [   0.008s] (349/517) ken-kernel::acceptance ac6_subject_reduction_k1_property
1	PASS [   0.007s] (350/517) ken-kernel::acceptance k2_eq_inductive_diff_ctor_is_bottom
1	PASS [   0.007s] (351/517) ken-kernel::acceptance k2_propext_definitional
1	PASS [   0.008s] (352/517) ken-kernel::acceptance k2_seam3_nonomega_quot_elim_rejected
1	PASS [   0.007s] (353/517) ken-kernel::acceptance k2_trunc_eq_is_top
1	PASS [   0.359s] (354/517) ken-interp::px8p_checked_buffer malformed_and_policy_invalid_capacities_have_exact_distinct_errors
1	PASS [   0.009s] (355/517) ken-kernel::ds6b_intlit_eq_reduction intlit_infer_fails_closed_when_unregistered
1	PASS [   0.007s] (356/517) ken-kernel::eq_at_inductive_multifield_binder two_field_unequal_later_field_witness_discriminates
1	PASS [   0.008s] (357/517) ken-kernel::k1p5_wstyle ac1_itree_w_style_admitted
1	PASS [   0.005s] (358/517) ken-kernel::k1p5_wstyle ac2_elim_uses_ih_flips
1	PASS [   0.005s] (359/517) ken-kernel::k1p5_wstyle qa_wstyle_double_pi_branching_telescope
1	PASS [   0.006s] (360/517) ken-kernel::k1p5_wstyle ac3_wstyle_iota_in_conversion
1	PASS [   0.007s] (361/517) ken-kernel::k2c_conversion sct_reject_ctor_wrap_compose
1	PASS [   0.007s] (362/517) ken-kernel::k2c_conversion sct_reject_growing
1	PASS [   0.008s] (363/517) ken-kernel::k4_omega_motive omega_motive_excluded_middle_shaped_admitted
1	PASS [   0.008s] (364/517) ken-kernel::k2c_series2 cast_inductive_index_rewrite
1	PASS [   0.005s] (365/517) ken-kernel::k4_omega_motive type_motive_regression_still_admitted
1	PASS [   0.173s] (366/517) ken-kernel::k7_eq_at_inductive_whnf eq_at_inductive_collapses_operation_wrapped_distinct_constructors
1	PASS [   0.178s] (367/517) ken-kernel::k5_omega_fragment refl_does_not_inhabit_constructor_disjoint_equality
1	PASS [   0.008s] (368/517) ken-kernel::ktr1_constructor_universe_gate incomparable_symbolic_level_is_rejected_closed
1	PASS [   0.009s] (369/517) ken-kernel::nested_inductives_all generated_support_failure_rolls_back_the_whole_host_transaction
1	PASS [   0.007s] (370/517) ken-kernel::nested_inductives_remaining polarity_producer_covers_all_four_positions_with_independent_mutations
1	PASS [   0.009s] (371/517) ken-kernel::nested_inductives_remaining production_nested_lift_is_consumed_and_iota_computes
1	PASS [   0.009s] (372/517) ken-kernel::sigma_sort k1_sigma_nat_nat_regression
1	PASS [   0.023s] (373/517) ken-runtime activation_abi::tests::the_c_abi_drives_the_whole_lifecycle_with_handles_and_statuses_only
1	PASS [   0.021s] (374/517) ken-runtime activation_abi::tests::zero_epoch_profile_refuses_before_publishing_an_activation_handle
1	PASS [   0.007s] (375/517) ken-runtime activation_services::tests::the_unit_call_envelope_matches_its_closed_field_inventory
1	PASS [   0.006s] (376/517) ken-runtime boundary_activation::tests::concurrent_epoch_child
1	PASS [   0.008s] (377/517) ken-runtime boundary_activation::tests::the_services_record_carries_the_boundary_base_and_not_the_native_one
1	PASS [   0.017s] (378/517) ken-runtime boundary_activation::tests::the_eight_authorized_limits_reach_their_own_published_ceilings
1	PASS [   0.010s] (379/517) ken-runtime boundary_activation::tests::two_activations_do_not_share_mutable_arena_state
1	PASS [   0.199s] (380/517) ken-runtime boundary_resource_profile::tests::an_exhaustion_names_its_scope_and_resource_distinguishably
1	PASS [   0.199s] (381/517) ken-runtime boundary_value::invocation_aggregate_decode_tests::each_malformed_node_refuses_at_its_own_gate
1	PASS [   0.007s] (382/517) ken-runtime boundary_value::reservation_units_tests::reservation_failure_reports_nodes_in_logical_nodes_not_backing_cells
1	PASS [   0.172s] (383/517) ken-runtime boundary_value_clif::tests::b2v_a_constructed_persistent_word_survives_the_invocation_arena
1	PASS [   0.173s] (384/517) ken-runtime boundary_value_clif::tests::b2v_a_separately_compiled_consumer_reads_a_spilled_int_by_content
1	PASS [   0.009s] (385/517) ken-runtime boundary_value_clif::tests::b2v_ac6_invocation_owned_classes_are_never_persisted
1	PASS [   0.020s] (386/517) ken-runtime boundary_value_clif::tests::b2v_acv5_an_already_owned_ground_root_still_takes_the_fast_path
1	PASS [   0.006s] (387/517) ken-runtime boundary_value_clif::tests::b2v_the_plan_owner_bands_agree_with_referent_owner
1	PASS [   0.007s] (388/517) ken-runtime canonical::tests::ac_v9_a_refusal_carries_no_projectable_image
1	PASS [   0.031s] (389/517) ken-runtime boundary_value_clif::tests::b2v_the_frozen_prefix_refuses_emitted_mutation
1	PASS [   0.006s] (390/517) ken-runtime cranelift_backend::artifact::api::tests::nc8_certificate_missing_fields_rejects_loudly
1	PASS [   0.006s] (391/517) ken-runtime cranelift_backend::artifact::api::tests::reachable_unsupported_metadata_rejects_before_backend_lowering
1	PASS [   0.007s] (392/517) ken-runtime cranelift_backend::artifact::api::tests::reachable_effectful_checked_core_metadata_rejects_before_backend_lowering
1	PASS [   0.009s] (393/517) ken-runtime cranelift_backend::grafted_spine_control_graph::tests::several_real_seed_alternatives_may_converge_on_one_terminal
1	PASS [   0.212s] (394/517) ken-runtime cranelift_backend::lowering::aggregates::tests::a_constructor_store_loop_child_reports_a_direct_boundary_transfer
1	PASS [   0.008s] (395/517) ken-runtime cranelift_backend::lowering::boundary::tests::c1_d5_a_closure_free_constructor_is_admissible
1	PASS [   0.006s] (396/517) ken-runtime cranelift_backend::lowering::boundary::tests::recut2_derived_witnesses_come_from_the_production_authority
1	PASS [   0.219s] (397/517) ken-runtime cranelift_backend::lowering::aggregates::tests::a_sibling_records_field_schema_is_refused_before_any_allocation
1	PASS [   0.007s] (398/517) ken-runtime cranelift_backend::lowering::boundary::tests::refusal_pins_rehomed_computational_match_without_selector_exclusion
1	PASS [   0.006s] (399/517) ken-runtime cranelift_backend::lowering::core::branched_scrutinee_unit_body_observer_tests::direct_construct_missing_recursive_position_still_refuses
1	PASS [   0.009s] (400/517) ken-runtime cranelift_backend::lowering::core::tests::constructors::a_capture_contract_declaring_the_seed_lane_for_a_lexical_callable_rejects
1	PASS [   0.044s] (401/517) ken-runtime cranelift_backend::lowering::boundary::tests::recut2_the_emitted_helper_graph_changes_when_the_owner_bands_change
1	PASS [   0.024s] (402/517) ken-runtime cranelift_backend::lowering::core::tests::constructors::c1_d3_ac_c3_a_constructor_outside_the_case_set_reaches_the_closed_default
1	PASS [   0.021s] (403/517) ken-runtime cranelift_backend::lowering::core::tests::constructors::carried_bool_dispatch_selects_exact_false_and_true_ordinals
1	PASS [   0.040s] (404/517) ken-runtime cranelift_backend::lowering::core::tests::constructors::c1_d3_ac_c7_computational_match_eliminates_a_carried_value_non_recursively
1	PASS [   0.019s] (405/517) ken-runtime cranelift_backend::lowering::core::tests::constructors::carried_bool_family_refuses_a_partial_case_set_pre_arm
1	PASS [   0.023s] (406/517) ken-runtime cranelift_backend::lowering::core::tests::constructors::carried_nat_match_selects_zero_and_suc_immediates
1	PASS [   0.021s] (407/517) ken-runtime cranelift_backend::lowering::core::tests::constructors::d2_a_runtime_byte_span_crosses_by_copy_into_a_persistent_bytes_node
1	PASS [   0.014s] (408/517) ken-runtime cranelift_backend::lowering::core::tests::constructors::dynamic_constructor_unknown_tag_runs_malformed_not_source_default
1	PASS [   0.020s] (409/517) ken-runtime cranelift_backend::lowering::core::tests::constructors::dynamic_constructor_mixed_present_and_omitted_keeps_default_distinct
1	PASS [   0.026s] (410/517) ken-runtime cranelift_backend::lowering::core::tests::constructors::nested_computational_payload_kind_rejects_specifically
1	PASS [   0.028s] (411/517) ken-runtime cranelift_backend::lowering::core::tests::constructors::nested_computational_producer_well_formed_control_emits
1	PASS [   0.009s] (412/517) ken-runtime cranelift_backend::lowering::core::tests::constructors::static_worker_construction_rejects_capture_count_against_definition
1	PASS [   0.009s] (413/517) ken-runtime cranelift_backend::lowering::core::tests::control::checked_frame_branch_scope_harness_uses_live_lowering_ledger
1	PASS [   0.011s] (414/517) ken-runtime cranelift_backend::lowering::core::tests::control::oriented_dynamic_edge_ledger_is_affine_and_sibling_isolated
1	PASS [   0.035s] (415/517) ken-runtime cranelift_backend::lowering::core::tests::control::px8j_owned_scope_deletion_fails_closed_before_another_frame_is_emitted
1	PASS [   0.070s] (416/517) ken-runtime cranelift_backend::lowering::core::tests::constructors::successive_selected_workers_refuse_one_past_generation_before_third_call
1	PASS [   0.016s] (417/517) ken-runtime cranelift_backend::lowering::core::tests::control::px8j_release_validator_rejects_repeated_and_broken_scope_lineage
1	PASS [   0.009s] (418/517) ken-runtime cranelift_backend::lowering::core::tests::control::rt_escape_within_path_duplicate_frame_consume_still_rejects
1	PASS [   0.045s] (419/517) ken-runtime cranelift_backend::lowering::core::tests::control::px8j_siblings_share_an_origin_and_nested_ih_gets_a_child_origin
1	PASS [   0.007s] (420/517) ken-runtime cranelift_backend::lowering::core::tests::control::the_identifier_census_survives_the_evasions_that_defeated_the_text_scan
1	PASS [   0.038s] (421/517) ken-runtime cranelift_backend::lowering::core::tests::effects::a_dead_arm_traps_while_the_same_arm_constructed_still_refuses_strictly
1	PASS [   0.038s] (422/517) ken-runtime cranelift_backend::lowering::core::tests::effects::ac_2_withdrawing_the_byte_span_availability_restores_the_exact_original_refusal
1	PASS [   0.097s] (423/517) ken-runtime cranelift_backend::lowering::core::tests::effects::borrowed_ingress_malformed_metadata_fails_closed
1	PASS [   0.015s] (424/517) ken-runtime cranelift_backend::lowering::core::tests::effects::budget_eff_native_read_some_capped_full_and_short_reify_effective_not_raw_remaining
1	PASS [   0.040s] (425/517) ken-runtime cranelift_backend::lowering::core::tests::effects::console_read_rejects_a_response_referent_misclassified_as_a_scalar
1	PASS [   0.045s] (426/517) ken-runtime cranelift_backend::lowering::core::tests::effects::px8n_fs_read_at_arm_rejects_over_bound_span_before_observation
1	PASS [   0.048s] (427/517) ken-runtime cranelift_backend::lowering::core::tests::effects::px8n_fs_write_at_arm_rejects_over_bound_reply_before_observation
1	PASS [   0.039s] (428/517) ken-runtime cranelift_backend::lowering::core::tests::host_call_carrier::b2f_emits_one_defined_target_unit_per_planned_function_unit
1	PASS [   0.052s] (429/517) ken-runtime cranelift_backend::lowering::core::tests::host_call_carrier::d4_a_lexical_closure_declaration_retains_a_binding_and_still_runs
1	PASS [   0.062s] (430/517) ken-runtime cranelift_backend::lowering::core::tests::host_call_carrier::d4_an_unrecorded_continuation_emission_reds_the_clif_sweep
1	PASS [   0.066s] (431/517) ken-runtime cranelift_backend::lowering::core::tests::host_call_carrier::d4_claiming_the_same_causal_token_twice_reds_the_ledger
1	PASS [   0.073s] (432/517) ken-runtime cranelift_backend::lowering::core::tests::host_call_carrier::d7_binding_a_distinct_same_shaped_body_changes_the_executed_result
1	PASS [   0.009s] (433/517) ken-runtime cranelift_backend::lowering::core::tests::host_call_carrier::rtfp_header_drift_after_identity_selection_rejects_by_fingerprint
1	PASS [   0.006s] (434/517) ken-runtime cranelift_backend::lowering::core::tests::host_call_carrier::rtfp_the_two_frames_are_header_identical_and_body_distinct
1	PASS [   0.050s] (435/517) ken-runtime cranelift_backend::lowering::core::tests::positional_candidate_settlement::ced_d3_m2_settling_inline_on_bridge_entry_collides_at_promotion_from_the_entry_seat
1	PASS [   0.750s] (436/517) ken-runtime cranelift_backend::lowering::core::tests::control::the_backend_production_surface_inventory_is_closed
1	PASS [   0.168s] (437/517) ken-runtime cranelift_backend::lowering::core::tests::recursor_fusion::r3_fused_parameter_projection_refuses_before_claim_consumption
1	PASS [   0.217s] (438/517) ken-runtime cranelift_backend::lowering::core::tests::positional_candidate_settlement::ced_d3_the_five_rows_are_five_proofs_and_not_one_shared_terminal
1	PASS [   0.025s] (439/517) ken-runtime cranelift_backend::lowering::core::tests::recursor_fusion::required_consumer_projection_censuses_each_governed_row
1	PASS [   0.068s] (440/517) ken-runtime cranelift_backend::lowering::core::tests::recursor_fusion::r3_fused_target_authority_validator_is_wired_to_both_real_selectors
1	PASS [   0.035s] (441/517) ken-runtime cranelift_backend::lowering::core::tests::source_frame_bridge::d8g_the_composed_selected_argument_reaches_its_target_at_the_shared_emitter
1	PASS [   0.050s] (442/517) ken-runtime cranelift_backend::lowering::core::tests::source_frame_bridge::d8p_preserves_the_refusals_the_projection_could_have_weakened
1	PASS [   0.033s] (443/517) ken-runtime cranelift_backend::lowering::core::tests::specialization_binding::contsrc_the_emission_resolver_refuses_a_producer_local_coordinate
1	PASS [   0.120s] (444/517) ken-runtime cranelift_backend::lowering::core::tests::source_frame_bridge::d8g_the_functionized_population_binds_its_table_and_suffix_at_the_shared_emitter
1	PASS [   0.036s] (445/517) ken-runtime cranelift_backend::lowering::core::tests::specialization_binding::d5a_a_missing_generated_context_binding_refuses_before_any_phantom_is_emitted
1	PASS [   0.013s] (446/517) ken-runtime cranelift_backend::lowering::core::tests::specialization_binding::d5a_a_specialization_owned_edge_separates_root_provenance_from_its_immediate_slot
1	PASS [   0.031s] (447/517) ken-runtime cranelift_backend::lowering::core::tests::specialization_binding::d5a_an_unmarked_static_worker_call_is_untouched_by_the_marker_seam
1	PASS [   0.039s] (448/517) ken-runtime cranelift_backend::lowering::core::tests::specialization_binding::d5a_suppressing_the_marker_consumption_restores_the_pending_closeout_refusal
1	PASS [   0.020s] (449/517) ken-runtime cranelift_backend::lowering::core::tests::specialization_binding::d8a_one_emission_owner_answers_one_composed_source_coordinate
1	PASS [   0.045s] (450/517) ken-runtime cranelift_backend::lowering::core::tests::specialization_binding::d6a_the_same_checked_frame_with_a_direct_predecessor_stays_direct
1	PASS [   0.034s] (451/517) ken-runtime cranelift_backend::lowering::core::tests::specialization_binding::d8k_the_causal_population_is_a_disjoint_partition_of_direct_and_composed
1	PASS [   0.008s] (452/517) ken-runtime cranelift_backend::lowering::source::tests::ordinary_match_backedge_forward_preserves_both_routing_axes
1	PASS [   0.007s] (453/517) ken-runtime cranelift_backend::lowering::units::admitted_matches_role_sequence::a_short_admitted_run_is_refused_against_the_roles
1	PASS [   0.007s] (454/517) ken-runtime cranelift_backend::lowering::units::admitted_matches_role_sequence::an_ordinal_disagreement_with_the_roles_is_refused
1	PASS [   0.010s] (455/517) ken-runtime cranelift_backend::planning::static_transition::aggregates::checked_ih_captured_env_schema::a_capture_free_continuation_unit_receives_no_checked_ih_record
1	PASS [   0.010s] (456/517) ken-runtime cranelift_backend::planning::static_transition::aggregates::checked_ih_captured_env_schema::a_program_with_an_envelope_less_captured_unit_still_plans
1	PASS [   0.091s] (457/517) ken-runtime cranelift_backend::lowering::core::tests::specialization_binding::d8i_the_discharge_facet_is_transported_stated_and_refuses_both_ways
1	PASS [   0.009s] (458/517) ken-runtime cranelift_backend::planning::static_transition::aggregates::checked_ih_captured_env_schema::a_seed_sourced_capture_is_refused_rather_than_admitted
1	PASS [   0.010s] (459/517) ken-runtime cranelift_backend::planning::static_transition::aggregates::checked_ih_captured_env_schema::a_unit_boundary_environment_program_receives_no_checked_ih_record
1	PASS [   0.011s] (460/517) ken-runtime cranelift_backend::planning::static_transition::aggregates::checked_ih_captured_env_schema::transport_lookup_is_exact_and_has_no_seat_fallback
1	PASS [   0.011s] (461/517) ken-runtime cranelift_backend::planning::static_transition::closure::tests::b2o_ac4_each_seed_class_adds_exactly_one_function_unit
1	PASS [   0.010s] (462/517) ken-runtime cranelift_backend::planning::static_transition::closure::tests::boundary_c1_declared_and_projected_field_share_one_identity
1	PASS [   0.011s] (463/517) ken-runtime cranelift_backend::planning::static_transition::closure::tests::d7_1c_an_omitted_or_misclassified_member_reds_in_planning
1	PASS [   0.020s] (464/517) ken-runtime cranelift_backend::planning::static_transition::closure::tests::boundary_c1_validate_rejects_equal_bytes_interned_at_two_spans
1	PASS [   0.010s] (465/517) ken-runtime cranelift_backend::planning::static_transition::closure::tests::d7_1c_the_member_population_closes_and_ordinary_closures_are_outside_it
1	PASS [   0.008s] (466/517) ken-runtime cranelift_backend::planning::static_transition::closure::tests::entry_and_reachability_closure_rejects_balancing_invalid_root
1	PASS [   0.010s] (467/517) ken-runtime cranelift_backend::planning::static_transition::construction::tests::nested_registration_issues_the_outer_pair_and_excludes_the_inner_resume
1	PASS [   0.027s] (468/517) ken-runtime cranelift_backend::planning::static_transition::closure::tests::d7_1c_the_planning_refusal_is_what_the_whole_lowering_entry_reports
1	PASS [   0.016s] (469/517) ken-runtime cranelift_backend::planning::static_transition::continuations::fusion::tests::d2j_the_segment_owner_re_home_is_provenance_and_non_aliasing
1	PASS [   0.015s] (470/517) ken-runtime cranelift_backend::planning::static_transition::continuations::tests::contspec_locally_forwarded_parameter_retains_exact_source_position
1	PASS [   0.034s] (471/517) ken-runtime cranelift_backend::planning::static_transition::continuations::fusion::tests::d2f_2_the_region_claim_is_issued_once_and_each_ruled_rule_refuses
1	PASS [   0.012s] (472/517) ken-runtime cranelift_backend::planning::static_transition::continuations::tests::contsrc_d3a_validator_rederives_a_producer_local_source
1	PASS [   0.012s] (473/517) ken-runtime cranelift_backend::planning::static_transition::continuations::tests::contspec_nested_fixed_point_requires_interning_before_discovery
1	PASS [   0.007s] (474/517) ken-runtime cranelift_backend::planning::static_transition::immediate_bridge::tests::new_intent_static_host_operation_cause
1	PASS [   0.009s] (475/517) ken-runtime cranelift_backend::planning::static_transition::immediate_bridge::tests::checked_ih_slots_wrapper_suppresses_the_heterogeneous_test
1	PASS [   0.007s] (476/517) ken-runtime cranelift_backend::planning::static_transition::immediate_bridge::tests::refuses_when_the_binder_offset_underflows_the_scrutinee_index
1	PASS [   0.012s] (477/517) ken-runtime cranelift_backend::planning::static_transition::joins_traps::tests::d8_abi_parameter_provenance_reaches_the_exact_nested_join
1	PASS [   0.008s] (478/517) ken-runtime cranelift_backend::planning::static_transition::occurrences::tests::a_body_occurrence_naming_an_in_range_control_node_is_refused
1	PASS [   0.006s] (479/517) ken-runtime cranelift_backend::planning::static_transition::occurrences::tests::occurrence_table_negative_controls_fail_at_named_artifacts
1	PASS [   0.024s] (480/517) ken-runtime cranelift_backend::planning::static_transition::joins_traps::tests::d8_callable_summary_removal_reds_at_the_plan_boundary
1	PASS [   0.014s] (481/517) ken-runtime cranelift_backend::planning::static_transition::selected_pending_calls::tests::same_pending_leaves_admit_owner_and_refuse_ordinary_callee
1	PASS [   0.011s] (482/517) ken-runtime cranelift_backend::planning::static_transition::units::tests::b2r_ac4_the_abi_is_invariant_under_payload_and_depth_and_rejects_an_implicit_tail
1	PASS [   0.008s] (483/517) ken-runtime executable_artifact_contract::tests::available_native_artifact_accepts_only_with_exact_ready_bindings
1	PASS [   0.006s] (484/517) ken-runtime executable_artifact_contract::tests::available_object_or_linker_lane_rejects_in_v0
1	PASS [   0.007s] (485/517) ken-runtime executable_artifact_contract::tests::missing_unavailable_marker_rejects
1	PASS [   0.006s] (486/517) ken-runtime executable_artifact_contract::tests::native_artifact_available_without_hash_rejects
1	PASS [   0.007s] (487/517) ken-runtime hash::tests::fnv1a_distinct_inputs
1	PASS [   0.010s] (488/517) ken-runtime executable_artifact_contract::tests::unsupported_native_marker_rejects_blank_construct_or_reason
1	PASS [   0.006s] (489/517) ken-runtime hash::tests::fnv1a_hello
1	PASS [   0.005s] (490/517) ken-runtime ir::tests::acf2_computational_recursive_position_values_are_load_bearing
1	PASS [   0.007s] (491/517) ken-runtime ir::tests::acf2_default_trap_message_is_load_bearing
1	PASS [   0.005s] (492/517) ken-runtime ir::tests::checked_ih_binder_morphism_maps_the_lawful_ordinal_zero_to_runtime_four
1	PASS [   0.009s] (493/517) ken-runtime ir::tests::seed_examples_are_observation_limited
1	PASS [   0.008s] (494/517) ken-runtime native_effect_v1::tests::denial_precedes_host_action
1	PASS [   0.006s] (495/517) ken-runtime native_effect_v1::tests::fs_append_dispatch_is_ordered_and_response_arena_is_invocation_lived
1	PASS [   2.550s] (496/517) ken-runtime native_execution_differential::tests::non_supported_effect_foreign_lowerability_is_unsupported_not_native_tested
1	PASS [   2.560s] (497/517) ken-runtime native_execution_differential::tests::closeout_report_recommends_nc28_for_full_chain_starter_corpus
1	PASS [   0.041s] (498/517) ken-runtime native_process_entrypoint::tests::exit_status_mapping_is_shared_and_fails_closed
1	PASS [   2.479s] (499/517) ken-runtime object_linker_packaging::tests::an_absent_profile_is_refused_before_packaging_not_at_run
1	PASS [   0.015s] (500/517) ken-runtime object_linker_packaging::tests::forged_support_for_non_executable_payload_rejects_before_linking
1	PASS [   2.959s] (501/517) ken-runtime native_execution_differential::tests::reports_tested_native_runtime_and_interpreter_agreement
1	PASS [   0.014s] (502/517) ken-runtime object_linker_packaging::tests::signed_root_trap_decoder_returns_exact_catalog_provenance
1	PASS [   0.007s] (503/517) ken-runtime oriented_subcontinuation_plan::tests::computational_ih_parent_edge_deletion_corruption_and_swap_reject
1	PASS [   0.008s] (504/517) ken-runtime platform_runtime_support::tests::imported_declaration_ref_rejects_even_under_closed_entrypoint_claim
1	PASS [   0.009s] (505/517) ken-runtime platform_runtime_support::tests::trap_observation_stays_runtime_report_comparable
1	PASS [   0.014s] (506/517) ken-runtime store::tests::ac_v2c_interning_a_nested_compound_mints_exactly_one_slot
1	PASS [   0.009s] (507/517) ken-runtime store::tests::dedup_uses_memcmp_not_hash_only
1	PASS [   0.006s] (508/517) ken-runtime store::tests::scalars_are_immediate
1	PASS [   0.006s] (509/517) ken-runtime unknown::tests::unknown_and_unknown_is_unknown
1	PASS [   0.320s] (510/517) ken-runtime::value_depth_totality ac_p3a_host_recursive_debug_dies_at_depth_d
1	PASS [   0.181s] (511/517) ken-runtime::value_depth_totality ac_v12_witness_equality_is_total_at_depth_d
1	PASS [   2.431s] (512/517) ken-runtime object_linker_packaging::tests::packages_and_smokes_scalar_starter_executable
1	PASS [  37.837s] (513/517) ken-elaborator::px7f_resource_lifetime_export checked_resource_producer_emits_exactly_one_correlated_t_body
1	PASS [  35.112s] (514/517) ken-interp::b3_acceptance sigma_event_concretizes_sigma_member
1	PASS [  33.482s] (515/517) ken-verify scenario::tests::clock_wall_now_normalized_real_artifact_differential_discriminates
1	PASS [  39.512s] (516/517) ken-verify scenario::tests::change_mode_is_observed_and_matches_across_real_twin_roots
1	PASS [  98.977s] (517/517) ken-verify scenario::tests::fs_read_directory_exercises_every_path_policy_refusal
2	PASS [   0.504s] (  1/517) ken-cli entrypoint_tests::declared_afull_mints_runner_caps_and_writes_through_capture_host
2	PASS [   0.609s] (  2/517) ken-cli::fs_read_file_lines_flip_e2e m_suff_apartial_reads_fixture
2	PASS [   1.143s] (  3/517) ken-cli::deterministic_app injected_application_run_is_byte_identical_and_drives_capture_host
2	PASS [   0.022s] (  4/517) ken-cli::ken_fmt fmt_check_names_every_offender_and_never_writes
2	PASS [   0.025s] (  5/517) ken-cli::ken_fmt fmt_fails_loudly_for_unsupported_paths_and_must_parse_bodies
2	PASS [   0.013s] (  6/517) ken-cli::library_documentation_gates agent_key_space_detectors_reject_duplicate_pack_and_task_ids
2	PASS [   0.191s] (  7/517) ken-cli::library_documentation_gates content_currency_gate_rejects_drift_hidden_behind_a_duplicate_out_of_order_kind_field
2	PASS [   0.125s] (  8/517) ken-cli::library_documentation_gates ledger_rejects_a_path_escaping_the_repository
2	PASS [   0.504s] (  9/517) ken-cli::ken_check_mode check_existing_catalog_entry_through_roots_loader
2	PASS [   0.201s] ( 10/517) ken-cli::library_documentation_gates ledger_set_mismatch_when_a_citation_is_added_without_a_ledger_row
2	PASS [   1.172s] ( 11/517) ken-cli::library_documentation_gates ledger_set_mismatch_when_a_citation_is_removed_but_its_ledger_row_stays
2	PASS [   0.006s] ( 12/517) ken-cli::mrc_d8_manifest_premise mrc_d8_real_control_fact_one_reds_on_the_shipped_workspace_manifest
2	PASS [   0.007s] ( 13/517) ken-cli::mrc_d8_manifest_premise mrc_d9_control_a_featured_normal_edge_on_any_member_reds_fact_four
2	PASS [  54.307s] ( 14/517) ken-cli::px4b_native_production fs_scope_denial_reaches_ken_as_the_named_error
2	PASS [  67.349s] ( 15/517) ken-cli::abi_s6_mapping_surface_native window_direct_map_bytes_executes_natively_and_matches_the_interpreter
2	PASS [  78.484s] ( 16/517) ken-cli::abi_s6_mapping_surface_native out_of_range_map_write_is_invalid_bounds_not_clamped
2	PASS [  46.846s] ( 17/517) ken-cli::px4b_native_production real_source_builds_one_identity_bound_linked_process_artifact
2	PASS [  52.863s] ( 18/517) ken-cli::px7l_checked_host_recursive_bind delayed_capturing_generic_bind_agrees_across_real_executors
2	PASS [   0.007s] ( 19/517) ken-cli::rt_cold_lowering_path_enumeration the_expectation_table_covers_exactly_the_population
2	PASS [  51.061s] ( 20/517) ken-cli::px8ta_oriented_subcontinuation public_one_level_bracket_finishes_and_releases
2	PASS [   0.651s] ( 21/517) ken-cli::rt_native_string_construction native_string_single_non_ascii_scalar_is_not_a_utf8_byte
2	PASS [  60.986s] ( 22/517) ken-cli::rt_escape_second_resource_native escape_resource_plus_plain_matches_interpreter
2	PASS [   0.009s] ( 23/517) ken-elaborator checked_core::tests::body_view_recovers_package_bound_record_sigma_construction
2	PASS [   0.008s] ( 24/517) ken-elaborator checked_core::tests::body_view_rejects_body_outside_selected_closure
2	PASS [   0.018s] ( 25/517) ken-elaborator checked_core::tests::body_view_rejects_unsupported_dependent_motive
2	PASS [   0.019s] ( 26/517) ken-elaborator checked_core::tests::emitter_adds_v0_schema_hashes_and_validates_representative_fixtures
2	PASS [   0.015s] ( 27/517) ken-elaborator checked_core::tests::int_lit_skip_term_consumes_exactly_its_own_bytes
2	PASS [   0.016s] ( 28/517) ken-elaborator checked_core::tests::runtime_meaning_metadata_changes_semantic_fingerprint
2	PASS [   0.018s] ( 29/517) ken-elaborator compiler_driver::tests::erased_whole_match_does_not_precede_the_runtime_match_census
2	PASS [   0.858s] ( 30/517) ken-elaborator elab::nested_lift_association_tests::anonymous_u_to_r_association_selects_r_and_rejects_when_deleted
2	PASS [   0.607s] ( 31/517) ken-elaborator elab::nested_lift_association_tests::recursive_ih_record_sigma_evidence_is_applied_before_source_arguments
2	PASS [   0.756s] ( 32/517) ken-elaborator elab::nested_lift_association_tests::selected_result_sort_accepts_type_spelling_and_rejects_inverse
2	PASS [   0.619s] ( 33/517) ken-elaborator elab::nested_lift_association_tests::type_resident_support_does_not_override_omega_result_sort
2	PASS [   0.564s] ( 34/517) ken-elaborator elab::omega_index_refinement_tests::branch_goal_classifier_outside_type_or_omega_fails_closed
2	PASS [   0.812s] ( 35/517) ken-elaborator elab::omega_index_refinement_tests::hidden_result_prefilter_delegates_a_lawful_omega_outer_binding
2	PASS [   0.727s] ( 36/517) ken-elaborator elab::result_transport_control_flow_tests::non_family_result_shape_still_uses_whole_index_fallback
2	PASS [   0.013s] ( 37/517) ken-elaborator erasure::px7l_tests::arbitrary_precision_integer_literal_erases_losslessly
2	PASS [   0.019s] ( 38/517) ken-elaborator erasure::px7l_tests::checked_ih_morphism_preserves_the_plan_ordinal_and_maps_it_to_runtime_four
2	PASS [   0.019s] ( 39/517) ken-elaborator export::resource_lifetime_hash_tests::one_descriptor_field_mutation_changes_the_t_hash
2	PASS [   0.014s] ( 40/517) ken-elaborator fo_kripke::tests::quote_fo_accepts_both_controls_and_refuses_outside_the_slice
2	PASS [   0.015s] ( 41/517) ken-elaborator fo_kripke::tests::subst_form_at_matches_hand_written_expectations_at_binder_depth
2	PASS [   0.017s] ( 42/517) ken-elaborator format::tests::recovery_cursor_rounds_an_interior_byte_to_the_next_utf8_boundary
2	PASS [   0.017s] ( 43/517) ken-elaborator lossless::comment_kind_mapping_tests::from_comment_kind_maps_each_arm_directly
2	PASS [   0.582s] ( 44/517) ken-elaborator modules::namespace_effect_tests::bound_dictionary_purity_uses_selected_class_id
2	PASS [   2.067s] ( 45/517) ken-elaborator modules::namespace_effect_tests::external_inline_edge_cannot_predeclare_later_same_unit_sibling
2	PASS [   1.270s] ( 46/517) ken-elaborator modules::namespace_effect_tests::file_import_retains_checked_leaf_identity_across_same_name_memory_owner
2	PASS [  60.361s] ( 47/517) ken-cli::rt_selected_pending_call_admission selected_pending_call_admits_validated_owner_without_a_package
2	PASS [   0.834s] ( 48/517) ken-elaborator modules::namespace_effect_tests::file_root_import_uses_its_own_exports_after_memory_shadow
2	PASS [   0.618s] ( 49/517) ken-elaborator modules::namespace_effect_tests::forward_local_export_waits_for_its_checked_id
2	PASS [   0.626s] ( 50/517) ken-elaborator modules::namespace_effect_tests::in_memory_import_preserves_its_own_inline_grandchild
2	PASS [   0.434s] ( 51/517) ken-elaborator modules::namespace_effect_tests::selected_private_identity_is_unbound_even_with_a_spelling_binding
2	PASS [   0.010s] ( 52/517) ken-elaborator parser::as_pattern_precedence_tests::as_binds_tighter_than_flat_or
2	PASS [   0.019s] ( 53/517) ken-elaborator parser::atom_form_closure::every_expression_form_is_reachable_through_at
2	PASS [   0.017s] ( 54/517) ken-elaborator parser::atom_form_closure::the_derived_roster_admits_exactly_the_historical_twelve
2	PASS [   0.014s] ( 55/517) ken-elaborator parser::atom_start_premise::the_operator_roster_matches_canonical_operator_name
2	PASS [   1.321s] ( 56/517) ken-elaborator modules::namespace_effect_tests::inline_sibling_does_not_inherit_owner_declaration_access
2	PASS [   0.619s] ( 57/517) ken-elaborator r_layer_tests::acceptance::id_elaborates_checks
2	PASS [   1.329s] ( 58/517) ken-elaborator r_layer_tests::acceptance::shadow_outer_not_captured
2	PASS [   2.414s] ( 59/517) ken-elaborator r_layer_tests::cat_bool_pub_export::boolean_provider_selective_imports_retain_provider_identities
2	PASS [  92.962s] ( 60/517) ken-cli::rt_cold_lowering_path_enumeration rt_cap41_out_of_range_stage
2	PASS [   4.722s] ( 61/517) ken-elaborator r_layer_tests::cat_lawful_functors_pub_export::lawful_functors_list_instance_selects_derived_map_and_both_laws
2	PASS [   3.591s] ( 62/517) ken-elaborator r_layer_tests::cat_ord_nat_canonical_owner::registry_has_one_lawful_classes_owned_ord_nat_dictionary
2	PASS [   6.471s] ( 63/517) ken-elaborator r_layer_tests::cat_tier_d_cursor_import::diagnostics_core_publication_is_visibility_only
2	PASS [  14.451s] ( 64/517) ken-elaborator r_layer_tests::cat_effectful_classes_import::effectful_classes_imports_erase_to_identical_kernel_trees_and_zero_trust
2	PASS [   8.497s] ( 65/517) ken-elaborator r_layer_tests::cat_priority_queue_acceptance::empty_singleton_duplicates_and_pop_persistence_match_seed
2	PASS [   0.440s] ( 66/517) ken-elaborator r_layer_tests::cat_tier_d_process_environment_import::process_environment_publication_is_visibility_only
2	PASS [   0.041s] ( 67/517) ken-elaborator r_layer_tests::cat_tier_e_argparse_import::argparse_selective_import_ledger_is_exact
2	PASS [   0.012s] ( 68/517) ken-elaborator r_layer_tests::cat_tier_e_json_import::json_selective_import_ledger_is_exact
2	PASS [   3.591s] ( 69/517) ken-elaborator r_layer_tests::cc6b_path_posix_acceptance::package_roots_loads_and_adds_zero_trust
2	PASS [   0.008s] ( 70/517) ken-elaborator r_layer_tests::ds1_empty_dec_acceptance::ac1_dec_admits_and_elim_dec_large_eliminates_into_type0
2	PASS [   0.011s] ( 71/517) ken-elaborator r_layer_tests::effects::cap_op_without_token_rejected
2	PASS [   0.009s] ( 72/517) ken-elaborator r_layer_tests::effects::eff_row_inferred_transitively
2	PASS [   0.008s] ( 73/517) ken-elaborator r_layer_tests::effects::handler_tail_resumptive_folds
2	PASS [   0.007s] ( 74/517) ken-elaborator r_layer_tests::effects::itree_bind_vis_distributes
2	PASS [   0.008s] ( 75/517) ken-elaborator r_layer_tests::effects::lower_handler_fold_uniform_kernel_checks_and_reduces
2	PASS [   0.008s] ( 76/517) ken-elaborator r_layer_tests::effects::space_operation_row_inference_and_escape
2	PASS [   0.014s] ( 77/517) ken-elaborator r_layer_tests::kenfmt_b3_layout::ac3_wide_declaration_signatures_nest_and_keep_fitting_binders_flat
2	PASS [   0.018s] ( 78/517) ken-elaborator r_layer_tests::kenfmt_b3_layout::ac6_reachable_fmt9_fences_remain_parse_preserved_after_horizontal_supersession
2	PASS [   0.010s] ( 79/517) ken-elaborator r_layer_tests::kenfmt_b4_splicing::ac2_parse_first_role_gate_has_both_fallback_and_hard_error_orientations
2	PASS [   0.013s] ( 80/517) ken-elaborator r_layer_tests::kenfmt_let_layout::ac5_nested_bindings_in_a_match_arm_are_structurally_indented
2	PASS [   0.910s] ( 81/517) ken-elaborator r_layer_tests::lang_fixity_decl_surface::fixity_precedence_range_is_zero_through_nine
2	PASS [   0.473s] ( 82/517) ken-elaborator r_layer_tests::lang_fixity_decl_surface::undeclared_operator_uses_default_only_on_table_miss
2	PASS [   6.058s] ( 83/517) ken-elaborator r_layer_tests::cat_tier_d_parsing_group_import::process_arguments_implementation_helper_remains_private
2	PASS [   0.470s] ( 84/517) ken-elaborator r_layer_tests::lang_structural_result_elab::multiple_wildcard_slots_never_publish_a_latest_surface_binding
2	PASS [   0.439s] ( 85/517) ken-elaborator r_layer_tests::lang_structural_result_elab::wildcard_slot_is_not_a_surface_addressable_recursive_result_operand
2	PASS [   0.904s] ( 86/517) ken-elaborator r_layer_tests::lc_acceptance::ac7_derive_kernel_rechecks_candidate
2	PASS [   0.443s] ( 87/517) ken-elaborator r_layer_tests::n4_program_admits::admitted_ambient_resolution_records_distinct_provider_provenance
2	PASS [   9.613s] ( 88/517) ken-elaborator r_layer_tests::cat_tier_d_decoder_import::parsing_decoder_loader_visible_inventory_is_exact
2	PASS [   0.007s] ( 89/517) ken-elaborator seal2_tests::producer_closure::certificate_fails_closed_on_an_unresolvable_module_form
2	PASS [   0.447s] ( 90/517) ken-elaborator seal2_tests::adversary_repros::class_field_producer_is_seen_by_the_closed_oracle
2	PASS [   0.007s] ( 91/517) ken-elaborator seal2_tests::producer_closure::unclassifiable_source_root_fails_loudly
2	PASS [   0.451s] ( 92/517) ken-elaborator seal2_tests::producer_closure::closed_oracle_reaches_the_class_field_namespace
2	PASS [   0.481s] ( 93/517) ken-elaborator::ax2_axiom_named_postulates standalone_api_requires_and_preserves_its_caller_owner
2	PASS [ 262.619s] ( 94/517) ken-cli::mrc_4a1_child_transport mrc_4a1_child_transport_and_its_controls
2	PASS [   0.007s] ( 95/517) ken-elaborator::b2_acceptance eventually_elaborates_to_until_true
2	PASS [   0.444s] ( 96/517) ken-elaborator::case_eq_dependent_match_sugar stuck_bool_scrutinee_binds_a_usable_equation_and_kernel_checks
2	PASS [   0.434s] ( 97/517) ken-elaborator::cat1_constructor_classes explicit_class_param_kind_accepts_bare_indformer_instance_head
2	PASS [   2.867s] ( 98/517) ken-elaborator::cat1_lawful_functors_package lawful_functors_package_elaborates_with_parametric_list_monoid
2	PASS [   0.029s] ( 99/517) ken-elaborator::cat3_collections_package cat3_d1_law_surfaces_are_proof_returning_not_prop_wrappers
2	PASS [   2.829s] (100/517) ken-elaborator::cat3_collections_package cat3_d1_wrong_take_drop_witness_rejected
2	PASS [   2.667s] (101/517) ken-elaborator::cat3_collections_package cat3_d3_view_lens_records_and_flavors_check_against_real_package_defs
2	PASS [   4.409s] (102/517) ken-elaborator::cat5_parsing_package cat5_d2_success_parser_carries_valid_consumed_span_from_start
2	PASS [   9.817s] (103/517) ken-elaborator::cat5_parsing_package parsing_append_occurrence_population_and_migration_shape_are_pinned
2	PASS [   1.788s] (104/517) ken-elaborator::cat_bsearch_acceptance generic_decision_and_yes_no_evidence_instantiate
2	PASS [   2.604s] (105/517) ken-elaborator::cat_concat_map_append_law concat_map_append_stays_private_and_adds_no_provider_closure_trust
2	PASS [   2.736s] (106/517) ken-elaborator::cat_deque_acceptance front_back_and_rebalancing_paths_preserve_sequence_order
2	PASS [   6.000s] (107/517) ken-elaborator::cat_deque_closeout pop_front_list_view_checks_in_loaded_package_and_on_inhabited_deques
2	PASS [  83.571s] (108/517) ken-elaborator::b1_exact_denotation_alphabet ordinary_declared_headroom_is_not_an_alphabet_source
2	PASS [   2.825s] (109/517) ken-elaborator::cat_property_acceptance property_finite_sample_witnesses_retain_behavior
2	PASS [   3.397s] (110/517) ken-elaborator::cat_idf_trust_free_provider combinators_are_trust_free_canonical_checked_imports
2	PASS [  87.528s] (111/517) ken-elaborator::b1_acceptance removing_assume_shrinks_p_and_changes_hash
2	PASS [   1.022s] (112/517) ken-elaborator::cat_vector_closeout vector_owned_inventory_transition_sentinel_and_zero_local_trust
2	PASS [   1.753s] (113/517) ken-elaborator::cat_string_keys_closeout string_keys_loader_visible_inventory_is_empty
2	PASS [   3.079s] (114/517) ken-elaborator::cat_sort_insertion_sort_acceptance entry_adds_no_trusted_declarations
2	PASS [   4.829s] (115/517) ken-elaborator::cc3_parsing_cursor_decoder_acceptance cc3_checked_identity_closure_and_trust_are_structural
2	PASS [   5.025s] (116/517) ken-elaborator::cc3_parsing_cursor_decoder_acceptance ordered_dependency_closure_elaborates_cursor_then_decoder
2	PASS [   6.941s] (117/517) ken-elaborator::cc1_nonempty_validation_acceptance ordered_dependency_closure_elaborates_both_packages_and_all_laws
2	PASS [   3.317s] (118/517) ken-elaborator::cc5_pretty_doc_acceptance group_and_alt_flip_at_the_exact_fitting_boundary
2	PASS [   3.868s] (119/517) ken-elaborator::cc6a_process_arguments_exit_acceptance arguments_reuses_the_canonical_lawful_classes_relation
2	PASS [   3.686s] (120/517) ken-elaborator::cc6a_process_arguments_exit_acceptance cc6a_has_zero_trust_delta_and_no_new_carrier_or_string_hop
2	PASS [   0.462s] (121/517) ken-elaborator::class_field_purity surf2_d1_marked_instance_fields_and_projection_are_checked
2	PASS [   0.466s] (122/517) ken-elaborator::conversions_acceptance ac3_explicit_conversion_accepts_as_option
2	PASS [   3.603s] (123/517) ken-elaborator::cc6a_process_arguments_exit_acceptance exit_policy_is_total_explicit_and_keeps_uint8_payloads
2	PASS [   0.457s] (124/517) ken-elaborator::decimal_char_acceptance char_is_isscalar_refinement
2	PASS [   0.465s] (125/517) ken-elaborator::decimal_char_acceptance decimal_add_same_exponent
2	PASS [   2.938s] (126/517) ken-elaborator::compare_ord_lexicographic_acceptance list_instance_routes_the_canonical_compare_into_raw_list_compare
2	PASS [   0.534s] (127/517) ken-elaborator::dependent_match_coherent_frame_acceptance forced_index_telescope_recursive_step_only_false_stays_kernel_rejected
2	PASS [   1.395s] (128/517) ken-elaborator::decimal_char_acceptance int_to_char_rejects_surrogate_and_oor
2	PASS [   0.492s] (129/517) ken-elaborator::dependent_match_context_telescope_acceptance captured_env_index_couples_goal_type_argument
2	PASS [   3.599s] (130/517) ken-elaborator::conversions_acceptance ac4_saturating_sub_clamps_at_lower_boundary_every_width
2	PASS [   0.481s] (131/517) ken-elaborator::dependent_match_declared_index_plain_acceptance coupled_successor_motive_elaborates_and_wrong_index_rejects
2	PASS [   0.491s] (132/517) ken-elaborator::dependent_match_motive_rebase_acceptance control_uncoupled_result_index_goal_is_left_unchanged
2	PASS [   0.007s] (133/517) ken-elaborator::dotted_module_path_parser import_accepts_a_dotted_module_path
2	PASS [   0.451s] (134/517) ken-elaborator::dependent_match_nonnullary_acceptance ac1_tree_two_recursive_fields_elaborates_and_narrows_structurally
2	PASS [   0.479s] (135/517) ken-elaborator::dependent_match_wstyle_acceptance ac1b_itree_vis_dependent_branch_domain_elaborates
2	PASS [   0.008s] (136/517) ken-elaborator::ds4_list_combinators_acceptance zero_axiom_in_collections_ken
2	PASS [   0.434s] (137/517) ken-elaborator::ds5b_dependent_match_refinement_acceptance omega_branch_goal_uses_tagged_direct_j_restoration
2	PASS [   0.471s] (138/517) ken-elaborator::ds5b_dependent_match_refinement_acceptance sibling_convoy_retypes_outer_binder_through_nested_match
2	PASS [   1.940s] (139/517) ken-elaborator::ds2_ord_nat_acceptance entry_elaborates_with_every_checked_fence
2	PASS [   1.775s] (140/517) ken-elaborator::ds2_ord_nat_acceptance refl_trans_antisym_need_no_conversion
2	PASS [   0.011s] (141/517) ken-elaborator::ds7_applicative_monad_acceptance zero_axiom_in_checked_fences
2	PASS [   3.886s] (142/517) ken-elaborator::ds6a_int_deceq_acceptance deceq_char_transports_from_deceq_int_not_a_fresh_postulate
2	PASS [   0.667s] (143/517) ken-elaborator::ds8b_pure_into_proc_widening ac8_negative_effectful_witness_still_rejected_for_const_field
2	PASS [   6.632s] (144/517) ken-elaborator::ds7_applicative_monad_acceptance ac8_axiom_masking_a_law_is_rejected_by_the_zero_delta_check
2	PASS [   0.587s] (145/517) ken-elaborator::effect_composition_resp_coproduct_acceptance resp_coproduct_inr_reduces_to_rh_applied_to_payload
2	PASS [   7.421s] (146/517) ken-elaborator::ds8_traversable_acceptance wired_superclass_fields_reused_not_reproved
2	PASS [   0.694s] (147/517) ken-elaborator::es2_acceptance demoted_predicates_are_transparent_not_opaque
2	PASS [   0.471s] (148/517) ken-elaborator::es3_modules_acceptance retired_use_reports_the_migration_diagnostic
2	PASS [   4.313s] (149/517) ken-elaborator::ds9_json_codec_acceptance json_roots_loads_from_only_its_declared_imports
2	PASS [   0.471s] (150/517) ken-elaborator::explicit_data_elaboration explicit_where_named_constructor_field_sugar_lowers_to_positional_constructor
2	PASS [   0.008s] (151/517) ken-elaborator::explicit_data_parser explicit_signature_constructor_rejects_record_style_field_list
2	PASS [   0.482s] (152/517) ken-elaborator::explicit_data_elaboration indexed_impossible_constructor_may_be_omitted_from_non_empty_vector_match
2	PASS [   0.478s] (153/517) ken-elaborator::explicit_data_elaboration indexed_vector_family_records_indices_and_constructor_targets
2	PASS [   0.007s] (154/517) ken-elaborator::i4d_boundary_header_parser root_execution_marker_is_checked_header_metadata
2	PASS [   0.488s] (155/517) ken-elaborator::fr2_absurd_collision_hygiene landed_class_eq_shape_elaborates_cleanly_with_the_guard_active
2	PASS [   0.007s] (156/517) ken-elaborator::k5_absurd_trusted_base absurd_motive_position_counted_in_trusted_base_delta
2	PASS [   0.490s] (157/517) ken-elaborator::generated_index_evidence_closure generated_record_index_reflexivity_closes_top_second_child
2	PASS [   0.007s] (158/517) ken-elaborator::kenfmt_b1_lossless public_consumer_depends_only_on_the_formattable_source_interface
2	PASS [   0.490s] (159/517) ken-elaborator::k3_literal_rollback fresh_string_and_non_string_literals_after_rollback_keep_own_values
2	PASS [   0.481s] (160/517) ken-elaborator::ken_md_literate ken_example_with_invalid_body_check_fails
2	PASS [   0.480s] (161/517) ken-elaborator::l2_acceptance ac1_nil_arm_reduces_to_default
2	PASS [   0.940s] (162/517) ken-elaborator::ktr2_data_lowering_diagnostics data_type_references_follow_declaration_order
2	PASS [   0.477s] (163/517) ken-elaborator::l2_acceptance ac2_nested_match_produces_nested_elim
2	PASS [   0.467s] (164/517) ken-elaborator::l2_acceptance ac3_exhaustive_match_accepts
2	PASS [   0.478s] (165/517) ken-elaborator::l2_acceptance ac8_option_table_wrong_constructor_argument_still_rejects
2	PASS [   0.467s] (166/517) ken-elaborator::l2_acceptance ac8_wrong_specialized_branch_still_rejects
2	PASS [   0.466s] (167/517) ken-elaborator::l2_acceptance nested_ctor_pattern_missing_case_is_exhaustiveness_error
2	PASS [   0.470s] (168/517) ken-elaborator::l2_acceptance nested_ctor_pattern_shadowed_by_earlier_flat_arm_is_reachability_error
2	PASS [   0.473s] (169/517) ken-elaborator::l2_acceptance non_first_ordinal_constructor_witness_indexes_correctly
2	PASS [   0.481s] (170/517) ken-elaborator::l3a_acceptance fuel_bounded_unfold_produces_finite_prefix
2	PASS [   0.477s] (171/517) ken-elaborator::l3a_recursive_view_smoke recursive_view_self_ref_resolves_and_sct_accepts
2	PASS [   0.489s] (172/517) ken-elaborator::l4_export_reexport formatter_is_fixed_point_and_export_adds_no_trust
2	PASS [   0.935s] (173/517) ken-elaborator::l3b_acceptance user_deceq_instance_keys_map_via_real_search
2	PASS [   0.484s] (174/517) ken-elaborator::l6_acceptance bytes_slice_inbounds_and_oob
2	PASS [   4.725s] (175/517) ken-elaborator::kenfmt_b1_lossless whole_catalog_and_every_parseable_ken_fence_round_trip_byte_exactly
2	PASS [   0.483s] (176/517) ken-elaborator::l_match_ih_fix_acceptance ac2_tree_size_uses_both_ihs_and_computes_right_value
2	PASS [   0.007s] (177/517) ken-elaborator::lang_application_atom_if_rejection match_guards_are_an_accepted_false_positive
2	PASS [   0.007s] (178/517) ken-elaborator::lang_atom_start_classification_closure ac0_the_grouped_spelling_is_the_sanctioned_one_and_parses
2	PASS [   0.007s] (179/517) ken-elaborator::lang_atom_start_classification_closure ac9_positive_control_the_excluded_tokens_still_start_atoms_elsewhere
2	PASS [   0.006s] (180/517) ken-elaborator::lang_atom_start_classification_closure the_match_equation_binder_is_not_a_scrutinee_argument
2	PASS [   0.006s] (181/517) ken-elaborator::lang_bytes_hex_list_literal bracketed_hex_pairs_lex_to_existing_byte_string_token
2	PASS [   0.474s] (182/517) ken-elaborator::l_match_ih_fix_acceptance ac4_three_recursive_fields_also_elaborates
2	PASS [   1.424s] (183/517) ken-elaborator::l4_export_reexport roots_loader_prop_intro_follows_only_imported_family_paths
2	PASS [   0.007s] (184/517) ken-elaborator::lang_foreign_name_format_chars formatter_recovery_advances_on_multibyte_boundaries
2	PASS [   0.007s] (185/517) ken-elaborator::lang_foreign_name_format_chars literate_recovery_auto_fixes_literal_payloads_and_keeps_canonicalization
2	PASS [   0.006s] (186/517) ken-elaborator::lang_foreign_name_format_chars reports_the_first_raw_format_character
2	PASS [   0.466s] (187/517) ken-elaborator::lang_foreign_name_control_chars library_name_containing_escaped_nul_rejects
2	PASS [   0.007s] (188/517) ken-elaborator::lang_lex_numeric_forms separators_and_radix_integers_have_boundaries
2	PASS [   0.478s] (189/517) ken-elaborator::lang_instance_registry_identity_key rebound_declaration_entry_refuses_the_old_dictionary_identity
2	PASS [   0.460s] (190/517) ken-elaborator::lang_match_as_pattern nested_constructor_alias_uses_its_depth_rebased_occurrence
2	PASS [   0.477s] (191/517) ken-elaborator::lang_match_guards guard_composes_with_nested_tuple_and_record_patterns
2	PASS [   0.486s] (192/517) ken-elaborator::lang_match_or_pattern alternatives_feed_one_body_slot_over_the_same_occurrence
2	PASS [   1.859s] (193/517) ken-elaborator::lang_facade_export_load_order later_inline_facade_rejects_before_expansion_in_every_entry_order
2	PASS [   0.919s] (194/517) ken-elaborator::lang_match_guards multiple_guards_fall_through_in_source_order
2	PASS [   0.474s] (195/517) ken-elaborator::lang_match_or_pattern partially_subsumed_union_remains_reachable_and_exhaustive
2	PASS [   0.478s] (196/517) ken-elaborator::lang_match_record_pattern omitted_fields_bind_nothing_and_do_not_shift_outer_variables
2	PASS [   0.479s] (197/517) ken-elaborator::lang_mod_nat_floor_realization public_wrapper_rejects_floor_constructor_before_allocation
2	PASS [   0.479s] (198/517) ken-elaborator::lang_mod_or_omega_param_elab omega_sorted_parameters_and_indices_elaborate_for_type_families
2	PASS [   1.403s] (199/517) ken-elaborator::lang_match_tuple_pattern grouping_is_not_a_tuple_and_top_level_catchalls_remain_refused
2	PASS [   0.467s] (200/517) ken-elaborator::lang_mod_pair_floor_realization pair_floor_remains_available_after_unrelated_loads
2	PASS [   0.009s] (201/517) ken-elaborator::lang_mod_pub_eligibility every_parsed_ineligible_pub_placement_is_a_surface_error
2	PASS [   0.849s] (202/517) ken-elaborator::lang_mod_pub_eligibility public_attached_proof_still_rejects_a_private_subject
2	PASS [   1.803s] (203/517) ken-elaborator::lang_mod_pair_floor_realization floor_pair_positive_path_unfolds_to_sigma
2	PASS [   1.385s] (204/517) ken-elaborator::lang_nested_former_recursion_acceptance ac_executes_at_runtime_and_dropping_nested_ih_changes_the_value
2	PASS [   0.625s] (205/517) ken-elaborator::lang_prelude_floor_fifteen flat_empty_constructor_cannot_replace_checked_residual_identity
2	PASS [   0.627s] (206/517) ken-elaborator::lang_qualified_constructor_privacy buffer_capacity_file
2	PASS [   0.528s] (207/517) ken-elaborator::lang_qualified_constructor_privacy forge_mapping_file
2	PASS [   2.869s] (208/517) ken-elaborator::lang_prelude_collections ac5_new_combinators_add_zero_trusted_base_entries
2	PASS [   0.516s] (209/517) ken-elaborator::lang_qualified_constructor_privacy mapping_resource_file
2	PASS [   0.446s] (210/517) ken-elaborator::lang_qualified_constructors local_qualified_constructor_pattern_uses_identity_for_coverage
2	PASS [   0.474s] (211/517) ken-elaborator::lang_qualified_constructors same_shaped_other_type_cannot_donate_constructor
2	PASS [   1.860s] (212/517) ken-elaborator::lang_reserved_infix_names generic_and_fixed_operator_paths_remain_distinct
2	PASS [   0.474s] (213/517) ken-elaborator::lang_roots_loader_local_instance_dict_scope private_class_dictionary_stays_off_the_owner_surface
2	PASS [   0.481s] (214/517) ken-elaborator::lang_standard_infix_call_completion a_rebound_carrier_name_is_refused_before_dictionary_selection
2	PASS [   2.779s] (215/517) ken-elaborator::lang_reserved_infix_names unbound_reserved_names_reach_resolution_without_implicit_meaning
2	PASS [   0.440s] (216/517) ken-elaborator::lang_standard_infix_call_completion two_parameter_head_preserves_prerequisite_instantiation_order
2	PASS [   0.007s] (217/517) ken-elaborator::lang_surface_block_comments ac4_unterminated_errors_have_spans_in_both_scanners
2	PASS [   1.835s] (218/517) ken-elaborator::lang_standard_infix_call_completion ac7_the_boolean_operators_have_the_complete_expected_truth_tables
2	PASS [   0.486s] (219/517) ken-elaborator::lang_surface_pair checked_dependent_and_inferred_nondependent_pairs_elaborate
2	PASS [   1.855s] (220/517) ken-elaborator::lang_surface_decimal_precision narrow_decimal_pairs_and_i32_exponents_remain_exact
2	PASS [   0.007s] (221/517) ken-elaborator::lang_symbolic_operator_names retired_match_arm_spellings_remain_lexically_reserved
2	PASS [   0.007s] (222/517) ken-elaborator::lang_truncation_surface_syntax ac6_ascii_truncbar_canonicalizes_to_the_unicode_glyph
2	PASS [   0.480s] (223/517) ken-elaborator::lang_surface_pair lossless_layout_grouping_and_ascription_preserve_pair_surface
2	PASS [   0.473s] (224/517) ken-elaborator::lang_truncation_surface_syntax d1_annotation_trunc_as_ascription_elaborates
2	PASS [   0.471s] (225/517) ken-elaborator::lang_truncation_surface_syntax d1_formation_wraps_a_full_expression_and_nests
2	PASS [   0.474s] (226/517) ken-elaborator::lang_truncation_surface_syntax d2_trunc_intro_in_infer_position_names_its_remedy
2	PASS [   0.469s] (227/517) ken-elaborator::lang_type_projection_surface_form a_conid_head_still_parses_as_a_qualified_name_not_a_projection
2	PASS [   0.474s] (228/517) ken-elaborator::lang_type_projection_surface_form ac2_positive_control_the_same_shape_accepts_a_valid_projection
2	PASS [   0.013s] (229/517) ken-elaborator::literal_escapes_lexer_unit no_pending_escape_twins_stay_ordinary_unterminated
2	PASS [   0.479s] (230/517) ken-elaborator::let5_checking_mode_let checking_mode_let_still_rejects_a_wrong_rhs
2	PASS [  15.065s] (231/517) ken-elaborator::lang_membership_operator_surface overlap_and_unadmitted_provider_are_ordinary_instance_errors
2	PASS [  11.998s] (232/517) ken-elaborator::map_build_acceptance cat_rel_public_api_is_usable_while_tree_constructors_stay_private
2	PASS [  12.059s] (233/517) ken-elaborator::map_build_acceptance map_total_leq_nat_preserves_proof_relevant_or_tags
2	PASS [   0.007s] (234/517) ken-elaborator::match_arm_glyph match_arm_spellings_share_one_token
2	PASS [   0.466s] (235/517) ken-elaborator::mutual_recursion_surface_acceptance is_even_is_odd_mutual_group_elaborates_as_one_group
2	PASS [   0.436s] (236/517) ken-elaborator::mutual_recursion_surface_acceptance single_recursion_still_works_unaffected_by_the_grouping_pass
2	PASS [   0.465s] (237/517) ken-elaborator::n1_duplicate_definition duplicate_ordinary_definition_uses_specific_variant_and_payload
2	PASS [  11.861s] (238/517) ken-elaborator::map_build_acceptance pair_roundtrip
2	PASS [   0.007s] (239/517) ken-elaborator::nc13_core_expression_lowering unresolved_direct_call_rejects_with_body_view_lane
2	PASS [   0.452s] (240/517) ken-elaborator::n2_in_repo_loader dotted_module_path_maps_to_its_unique_leaf_file
2	PASS [   0.685s] (241/517) ken-elaborator::nc14_data_match_lowering nested_dependent_motive_consumes_correlated_child_proofs
2	PASS [   0.008s] (242/517) ken-elaborator::nc15_record_sigma_lowering erased_law_field_projection_rejects_before_runtime_program_success
2	PASS [   0.007s] (243/517) ken-elaborator::nc15_record_sigma_lowering stale_record_field_order_rejects_before_runtime_program_success
2	PASS [   0.009s] (244/517) ken-elaborator::nc18_effects_foreign_boundary_ir transparent_effect_body_blocks_supported_runtime_and_native_ready_report
2	PASS [   0.010s] (245/517) ken-elaborator::nc5_erasure_runtime_ir proof_erasure_boundary_pair_only_emitter_rejects_ambiguous_record_targets
2	PASS [   0.023s] (246/517) ken-elaborator::nc5_erasure_runtime_ir proof_erasure_boundary_witness_names_dropped_metadata_lanes
2	PASS [   2.198s] (247/517) ken-elaborator::nc14_data_match_lowering liftrose_synthetic_witness_closes_owner_two_required_joins
2	PASS [   1.323s] (248/517) ken-elaborator::proof_vocabulary attached_proof_uses_occurs_applied_and_mixed_cycles_fail_closed
2	PASS [   0.863s] (249/517) ken-elaborator::px3_abi_scalars ac3_raw_narrowing_is_private_and_ac5_refl_stays_rejected
2	PASS [   0.013s] (250/517) ken-elaborator::px7f_system_resource_acceptance shipped_source_states_the_runtime_honesty_boundary
2	PASS [   1.142s] (251/517) ken-elaborator::proof_vocabulary homogeneous_mutual_proofs_admit_but_non_descending_proofs_fail_at_sct
2	PASS [   0.484s] (252/517) ken-elaborator::px9_system_error_classification total_classifiers_compute_the_complete_ruled_matrices
2	PASS [   0.602s] (253/517) ken-elaborator::record_decl_form unknown_field_refuses_at_exact_span_and_positional_projection_survives
2	PASS [   0.466s] (254/517) ken-elaborator::record_index_sigma_closure if_result_classifier_closes_a_substituted_refined_core
2	PASS [   0.577s] (255/517) ken-elaborator::rt_dasm_d1b_role_c1_trusted_base_provenance c1_a_clean_package_has_roster_equal_to_its_trust_targets
2	PASS [   0.532s] (256/517) ken-elaborator::sct_completeness_repro control_flat_single_sibling_recurses
2	PASS [   0.429s] (257/517) ken-elaborator::sct_completeness_repro shape_a_accepts_and_evaluates_correctly
2	PASS [   0.429s] (258/517) ken-elaborator::sct_reconstruction_descent shape_b_ackermann_accepts
2	PASS [   0.006s] (259/517) ken-elaborator::sec1_acceptance declassify_absent_from_delta_is_infidelity
2	PASS [   0.005s] (260/517) ken-elaborator::sec1_acceptance implicit_flow_pc_rejected
2	PASS [   0.006s] (261/517) ken-elaborator::sec1_acceptance reduction_faithfulness_interfering_disproved
2	PASS [   0.007s] (262/517) ken-elaborator::sec2_acceptance capabilities_cross_case_sweep
2	PASS [   0.006s] (263/517) ken-elaborator::sec2_acceptance unaudited_boundary_effect_is_impossible
2	PASS [   0.022s] (264/517) ken-elaborator::state_effect_build_acceptance full_state_prelude_declares_and_typechecks
2	PASS [   0.639s] (265/517) ken-elaborator::sub1_bytes_structural_view ac4_roundtrip_propositions_are_usable_but_not_refl_reductions
2	PASS [   0.007s] (266/517) ken-elaborator::surf_space_cells_p1 ac_s1_spec_counter_example_parses_verbatim
2	PASS [   0.438s] (267/517) ken-elaborator::surf_space_cells_p1 ac_s4_write_core_is_bind_get_then_put
2	PASS [   0.944s] (268/517) ken-elaborator::surf_space_cells_p1 ac_s7_old_in_space_uses_the_bound_pre_state
2	PASS [   0.437s] (269/517) ken-elaborator::surf_space_cells_p1 nested_block_space_is_a_specific_surface_refusal
2	PASS [   0.875s] (270/517) ken-elaborator::surface_arrow_and_infix_acceptance star_binds_tighter_than_plus_and_minus
2	PASS [   0.441s] (271/517) ken-elaborator::surface_arrow_in_expr_acceptance arrow_is_right_associative
2	PASS [   0.431s] (272/517) ken-elaborator::surface_def_refinement def_refinement_parses_and_elaborates_without_trusted_base_growth
2	PASS [   0.433s] (273/517) ken-elaborator::surface_named_proof_claims qualified_prop_intro_follows_alias_and_reexported_family_identity
2	PASS [   0.007s] (274/517) ken-elaborator::t1_acceptance hole_kind_round_trips_and_lists_in_delta
2	PASS [  13.176s] (275/517) ken-elaborator::map_build_acceptance tolist_of_empty_is_nil
2	PASS [   0.007s] (276/517) ken-elaborator::t1_acceptance obligation_id_stable_across_unrelated_edit
2	PASS [   0.433s] (277/517) ken-elaborator::v2_acceptance decoupled_from_sigma_sort
2	PASS [   0.006s] (278/517) ken-elaborator::v3_acceptance classify_routes_each_shape_d_fo_ho
2	PASS [   0.006s] (279/517) ken-elaborator::v3_acceptance verdict_keyed_by_id_no_side_channel
2	PASS [   0.465s] (280/517) ken-elaborator::v1_acceptance refinement_lowers_to_carrier
2	PASS [   2.557s] (281/517) ken-elaborator::v3_fo_checker_soundness_d3 fragment_witness_excludes_nested_forall_object_right
2	PASS [   2.906s] (282/517) ken-elaborator::v3_fo_checker_soundness_d4 eigenparameter_in_conclusion_rejects_an_otherwise_valid_child
2	PASS [   2.865s] (283/517) ken-elaborator::v3_fo_embedding_adequacy_d1 intrinsic_apparatus_passes_full_admission_with_zero_trust_delta
2	PASS [   3.647s] (284/517) ken-elaborator::v3_fo_embedding_adequacy_d1 intrinsic_connectives_and_adequacy_statement_are_live
2	PASS [   3.799s] (285/517) ken-elaborator::v3_fo_ken_level_checker_authoring fok_check_cert_agrees_with_rust_on_near_miss_pairs
2	PASS [   2.880s] (286/517) ken-elaborator::v3_fo_ken_level_checker_authoring fok_check_cert_serializer_discriminates_qterm_bound_parameter_collision
2	PASS [   0.007s] (287/517) ken-elaborator::v3_fo_obligation_signature_discovery_acceptance real_positive_obligation_reaches_fo_boundary_through_public_route
2	PASS [   2.781s] (288/517) ken-elaborator::v3_fo_ken_level_checker_authoring fok_sequent_and_init_preserve_positional_field_order
2	PASS [   0.007s] (289/517) ken-elaborator::v4_acceptance classically_valid_never_in_refuted_region
2	PASS [   0.006s] (290/517) ken-elaborator::v4_acceptance open_hole_typechecks_runs_in_trusted_base
2	PASS [   2.648s] (291/517) ken-elaborator::v3_fo_route_proved_composition checker_acceptance_without_a_kernel_check_stays_withheld_unknown
2	PASS [   0.477s] (292/517) ken-elaborator::val1_string_literals print_line_type_checks_as_io_unit
2	PASS [   0.007s] (293/517) ken-foundation hash::tests::fnv1a_known_value
2	PASS [   0.008s] (294/517) ken-host abi_m1_d0_probe::the_family_inventory_is_derived_and_duplicate_free
2	PASS [   0.009s] (295/517) ken-host abi_v1::tests::abi_s6_d5a_native_anonymous_mapping_matches_in_process_semantics
2	PASS [   0.008s] (296/517) ken-host abi_v1::tests::px9_revoked_fold_is_in_place_v1_with_one_manifest_identity
2	PASS [   0.006s] (297/517) ken-host abi_v1::tests::resource_settlement_is_recorded_before_observation_is_written
2	PASS [   0.007s] (298/517) ken-host abi_v1::tests::whole_file_create_or_keep_preserves_a_concurrently_appearing_file
2	PASS [   0.007s] (299/517) ken-host effect_v1::tests::abi_s1_seek_and_set_length_preserve_cursor_extent_and_rights
2	PASS [   0.007s] (300/517) ken-host effect_v1::tests::abi_s6_d4_file_acquire_enforces_rights_exact_length_lineage_and_capacity
2	PASS [   0.007s] (301/517) ken-host effect_v1::tests::ac4_entropy_reports_unavailable_rather_than_supplying_bytes_from_elsewhere
2	PASS [   0.006s] (302/517) ken-host effect_v1::tests::ac5_new_operations_are_unavailable_and_the_promotion_set_is_untouched
2	PASS [   0.006s] (303/517) ken-host effect_v1::tests::capability_grants_thread_attenuated_and_copied_lineage
2	PASS [   0.474s] (304/517) ken-elaborator::val1_string_literals string_literal_infer_path_elaborates
2	PASS [   0.006s] (305/517) ken-host effect_v1::tests::explicit_finalizer_settles_every_live_owner_once_and_records_failure
2	PASS [   0.007s] (306/517) ken-host effect_wire::tests::linked_trace_codec_preserves_resource_origin_canonical_revoked_identity
2	PASS [   0.007s] (307/517) ken-host effect_wire::tests::abi_s1_duplicate_wire_is_typed_distinct_and_fail_closed
2	PASS [   0.006s] (308/517) ken-host revocation_v1::tests::copy_preserves_node_identity_without_minting
2	PASS [   0.006s] (309/517) ken-host effect_wire::tests::wire_decoder_rejects_wrote_effective_request_above_raw_request
2	PASS [   0.009s] (310/517) ken-interp console_io_tests::val1_c1_ret_returns_result
2	PASS [   0.009s] (311/517) ken-interp console_io_tests::val1_c3_unknown_op_is_err
2	PASS [   0.006s] (312/517) ken-interp eff_tests::eff3_row_bounding_escape_rejects_at_elaboration
2	PASS [   0.014s] (313/517) ken-interp eff_tests::eff5_x1_trace_equals_l5_itree_denotation
2	PASS [   0.009s] (314/517) ken-interp eval::f1_bignum_tests::f1_store_roundtrip_above_i128_byte_identical
2	PASS [   0.013s] (315/517) ken-interp eval::px5b_effect_observation_tests::budget_eff_capped_short_read_reifies_effective_not_raw_remaining
2	PASS [   0.015s] (316/517) ken-interp eval::px5b_effect_observation_tests::ambient_dispatches_append_canonical_events_in_order
2	PASS [   0.012s] (317/517) ken-interp eval::px5b_effect_observation_tests::malformed_capability_identity_and_error_come_from_reply
2	PASS [   0.012s] (318/517) ken-interp eval::px5b_effect_observation_tests::mapping_limit_reifies_the_distinct_checked_resource_error
2	PASS [   0.010s] (319/517) ken-interp eval::px5b_effect_observation_tests::positioned_invalid_bounds_reifies_before_backend_visit
2	PASS [   0.012s] (320/517) ken-interp tests::can_closed_inductive_to_constructor
2	PASS [   0.011s] (321/517) ken-interp tests::det_canonical_order_independent
2	PASS [   0.011s] (322/517) ken-interp tests::empty_capture_closure_is_not_static_reference
2	PASS [   0.011s] (323/517) ken-interp::b3_acceptance correlated_events_link_uncorrelated_dont
2	PASS [   0.007s] (324/517) ken-interp::ds6b_intlit_eq_reduction_cross_layer kernel_and_interp_agree_across_a_spread_of_values
2	PASS [   0.485s] (325/517) ken-interp::effect_composition_synthetic_peel_probe single_wrap_peels_to_the_synthetic_base_tag
2	PASS [   0.006s] (326/517) ken-interp::f2f3_acceptance f3_legacy_add_sub_mul_unregistered_in_elaborator
2	PASS [   0.449s] (327/517) ken-interp::fs_driver_build_acceptance positive_read_returns_exact_fixture_bytes
2	PASS [   0.438s] (328/517) ken-interp::fs_driver_build_acceptance pure_reduction_builds_vis_before_any_syscall
2	PASS [   0.451s] (329/517) ken-interp::i2_console_floor capture_read_is_bounded_and_eof_is_named_not_empty_chunk
2	PASS [   0.439s] (330/517) ken-interp::i4_program_caps_step1 program_caps_is_authority_parametric_and_adds_zero_trust
2	PASS [   0.007s] (331/517) ken-interp::i5_scoped_capability product_attenuation_narrows_and_deviant_widenings_are_unknown
2	PASS [   0.009s] (332/517) ken-interp::nc12_runtime_ir_evaluator external_runtime_example_rejects_before_evaluation
2	PASS [   0.006s] (333/517) ken-interp::nc12_runtime_ir_evaluator p2_an_ambiguous_example_key_is_refused_rather_than_resolved_by_order
2	PASS [   0.522s] (334/517) ken-interp::px7f_system_resource public_bracket_success_and_early_release_settle_once
2	PASS [   0.014s] (335/517) ken-kernel conv::tests::closed_two_cons_positive_reduces_by_iota_without_refusal
2	PASS [   0.007s] (336/517) ken-kernel conv::tests::level_max_two_distinct_vars_do_not_collapse
2	PASS [   0.006s] (337/517) ken-kernel conv::tests::quotient_class_congruence_compares_representatives_only
2	PASS [   0.006s] (338/517) ken-kernel inductive::tests::positivity_bad4_in_own_indices_rejected
2	PASS [   0.006s] (339/517) ken-kernel sct::tests::loop_self_loop_rejected
2	PASS [   0.006s] (340/517) ken-kernel subst::tests::subst_tel_empty_is_identity
2	PASS [   0.013s] (341/517) ken-kernel::acceptance ac1_type_in_type_rejected
2	PASS [   0.009s] (342/517) ken-kernel::acceptance ac4_elim_nat_iota_suc_var
2	PASS [   0.009s] (343/517) ken-kernel::acceptance ac4_elim_vec_iota_vcons_var
2	PASS [   0.007s] (344/517) ken-kernel::acceptance ac5_d_in_own_indices_rejected
2	PASS [   0.010s] (345/517) ken-kernel::acceptance ac5_vec_style_constructor_target_indices_admitted
2	PASS [   0.012s] (346/517) ken-kernel::acceptance k2_cast_computes_pi_to_lambda
2	PASS [   0.012s] (347/517) ken-kernel::acceptance k2_funext_definitional
2	PASS [   0.010s] (348/517) ken-kernel::conv_eq_congruence eq_congruence_both_sides_reconstructed_converts
2	PASS [   0.010s] (349/517) ken-kernel::ds6a_int_deceq_certificate mistyped_eq_op_domain_is_rejected_at_registration
2	PASS [   0.010s] (350/517) ken-kernel::ds6b_intlit_eq_reduction large_literal_does_not_diverge
2	PASS [   0.006s] (351/517) ken-kernel::ds6b_intlit_eq_reduction neutral_for_unregistered_primitive
2	PASS [   0.010s] (352/517) ken-kernel::k1p5_wstyle ac2_indexed_wstyle_iota_branch_ih
2	PASS [   0.010s] (353/517) ken-kernel::k2c_conversion declare_def_sct_rejects_self_loop
2	PASS [   0.006s] (354/517) ken-kernel::k2c_conversion sct_accept_permuted
2	PASS [   0.007s] (355/517) ken-kernel::k2c_conversion sct_accepts_mutual_arity_isolation_consumer
2	PASS [   0.007s] (356/517) ken-kernel::k2c_conversion sct_rejects_nonterminating_hidden_return_pi_group
2	PASS [   0.011s] (357/517) ken-kernel::k2c_series2 eq_inductive_dependent_telescope
2	PASS [   0.010s] (358/517) ken-kernel::k3_literal_char_registration checked_carriers_reject_wrong_shape_and_char_range_without_partial_admission
2	PASS [   0.012s] (359/517) ken-kernel::k5_omega_fragment absurd_discharges_goal_from_impossible_hypothesis
2	PASS [   0.008s] (360/517) ken-kernel::k5_omega_fragment absurd_proof_must_actually_be_bottom
2	PASS [   0.007s] (361/517) ken-kernel::k5_omega_fragment sct_rejects_self_reference_laundered_through_type_absurd_motive
2	PASS [   0.011s] (362/517) ken-kernel::ktr1_constructor_universe_gate parameters_are_context_not_constructor_fields
2	PASS [   0.011s] (363/517) ken-kernel::nested_inductives_all neutral_method_dependent_decoder_cannot_replace_literal_all
2	PASS [   0.012s] (364/517) ken-kernel::nested_inductives_d1a admission_records_positive_and_non_positive_parameters
2	PASS [   0.013s] (365/517) ken-kernel::nested_inductives_remaining nested_negative_unknown_and_non_positive_paths_reject_separately
2	PASS [   0.008s] (366/517) ken-kernel::nested_inductives_remaining seed_fresh_bag_rose_and_deep_paths_admit_structurally
2	PASS [   0.011s] (367/517) ken-kernel::obs_eq_termination_congruence allkeys_two_predicate_spellings_converts
2	PASS [   0.009s] (368/517) ken-kernel::sigma_sort sigma_conjunction_both_omega_stays_omega
2	PASS [   0.019s] (369/517) ken-runtime boundary_activation::tests::a_first_cap_of_one_cannot_be_raised_to_two_after_use
2	PASS [   0.010s] (370/517) ken-runtime boundary_activation::tests::impossible_live_slot_grant_refuses_before_publication
2	PASS [   0.008s] (371/517) ken-runtime boundary_resource_profile::tests::a_zero_limit_is_explicit_and_is_not_an_absent_profile
2	PASS [   0.010s] (372/517) ken-runtime boundary_value::invocation_aggregate_decode_tests::a_bare_constructor_aggregate_decodes_to_its_issued_symbol
2	PASS [   2.838s] (373/517) ken-runtime boundary_value_clif::tests::b2v_ac10_a_deep_acyclic_chain_adopts_without_walk_recursion
2	PASS [   0.011s] (374/517) ken-runtime boundary_value_clif::tests::b2v_ac10_adoption_fails_closed_before_publication
2	PASS [   0.080s] (375/517) ken-runtime boundary_value_clif::tests::b2v_ac10_emitted_construction_publishes_only_through_store_adoption
2	PASS [   0.028s] (376/517) ken-runtime boundary_value_clif::tests::b2v_construction_fails_closed_at_each_ceiling
2	PASS [   0.039s] (377/517) ken-runtime boundary_value_clif::tests::b2v_emitted_code_admits_exactly_the_closed_tag_set
2	PASS [   0.010s] (378/517) ken-runtime boundary_value_clif::tests::b2v_equal_values_share_one_persistent_referent
2	PASS [   0.483s] (379/517) ken-runtime boundary_value_clif::tests::b2v_the_emitted_relation_is_the_plans_per_cell
2	PASS [   0.010s] (380/517) ken-runtime boundary_value_clif::tests::c1_d2_the_store_consumes_identities_and_refuses_to_mint_them
2	PASS [   0.007s] (381/517) ken-runtime canonical::tests::ac_v8_nfc_distinct_spellings_agree_with_canonical_identity
2	PASS [   0.007s] (382/517) ken-runtime canonical::tests::kind_tags_disambiguate
2	PASS [   0.059s] (383/517) ken-runtime cranelift_backend::artifact::api::tests::jit_epoch_policy_is_explicit_and_prelaunch_refusal_is_typed
2	PASS [   0.009s] (384/517) ken-runtime cranelift_backend::artifact::api::tests::nc22_imported_dependency_lowers_as_stable_unsupported_native_lane
2	PASS [   0.007s] (385/517) ken-runtime cranelift_backend::artifact::api::tests::nc8_certificate_rejects_if_expression_in_reachable_transparent_declaration
2	PASS [   0.027s] (386/517) ken-runtime cranelift_backend::artifact::tests::b2f_ac8_the_inventory_enumerator_sees_a_second_emitters_declarations
2	PASS [   0.012s] (387/517) ken-runtime cranelift_backend::artifact::tests::px8i_local_helpers_reject_invalid_zero_stale_and_wrong_arena_slots
2	PASS [   0.011s] (388/517) ken-runtime cranelift_backend::grafted_spine_control_graph::tests::shared_terminal_requires_injective_existing_control_words
2	PASS [   0.011s] (389/517) ken-runtime cranelift_backend::lowering::aggregates::tests::a_child_owner_set_outside_the_planned_meet_is_refused_before_any_allocation
2	PASS [   0.008s] (390/517) ken-runtime cranelift_backend::lowering::boundary::tests::b2v_ac10_every_boundary_input_receives_one_policy_entailed_outcome
2	PASS [   0.124s] (391/517) ken-runtime cranelift_backend::lowering::core::primitive::tests::px8i_big_small_big_mul_and_canonical_narrow_are_exact
2	PASS [   0.010s] (392/517) ken-runtime cranelift_backend::lowering::core::tests::constructors::a_capture_contract_claiming_the_wrong_transfer_discipline_rejects
2	PASS [   0.014s] (393/517) ken-runtime cranelift_backend::lowering::core::tests::constructors::a_carried_capture_meeting_artifact_static_storage_rejects_on_lifetime
2	PASS [   0.114s] (394/517) ken-runtime cranelift_backend::lowering::core::tests::constructors::a_missing_diagnostic_child_that_was_already_absent_is_not_a_mutation_hit
2	PASS [   0.018s] (395/517) ken-runtime cranelift_backend::lowering::core::tests::constructors::a_mixed_phase_capture_run_without_a_planner_issued_contract_rejects
2	PASS [   0.057s] (396/517) ken-runtime cranelift_backend::lowering::core::tests::constructors::b2f_d9_a_bytes_literal_crosses_with_its_content
2	PASS [   0.014s] (397/517) ken-runtime cranelift_backend::lowering::core::tests::constructors::b2f_d9_no_spillable_tag_can_make_the_immediate_producer_answer_shape
2	PASS [   0.058s] (398/517) ken-runtime cranelift_backend::lowering::core::tests::constructors::b2f_d9_one_compiled_body_takes_both_arms_at_runtime
2	PASS [   0.061s] (399/517) ken-runtime cranelift_backend::lowering::core::tests::constructors::carried_non_bool_match_refuses_int_and_exit_status_immediates
2	PASS [   0.125s] (400/517) ken-runtime cranelift_backend::lowering::core::tests::constructors::carried_non_bool_match_refuses_structural_and_bounded_nat_spills
2	PASS [   0.088s] (401/517) ken-runtime cranelift_backend::lowering::core::tests::constructors::carried_structural_nat_adapter_is_load_bearing
2	PASS [   0.072s] (402/517) ken-runtime cranelift_backend::lowering::core::tests::constructors::constructor_field_host_result_stays_on_ordinary_dynamic_match
2	PASS [   0.065s] (403/517) ken-runtime cranelift_backend::lowering::core::tests::constructors::dynamic_constructor_binder_arity_rejects_exactly
2	PASS [   0.076s] (404/517) ken-runtime cranelift_backend::lowering::core::tests::constructors::dynamic_host_result_producer_well_formed_control_emits
2	PASS [   0.058s] (405/517) ken-runtime cranelift_backend::lowering::core::tests::constructors::dynamic_host_result_producer_wrong_arity_rejects_specifically
2	PASS [   0.074s] (406/517) ken-runtime cranelift_backend::lowering::core::tests::constructors::heterogeneous_bridge_removal_uses_the_runtime_constructor_route
2	PASS [   0.080s] (407/517) ken-runtime cranelift_backend::lowering::core::tests::constructors::heterogeneous_eliminator_well_formed_control_emits
2	PASS [   0.108s] (408/517) ken-runtime cranelift_backend::lowering::core::tests::constructors::host_result_transfer_materializes_only_the_runtime_selected_payload
2	PASS [   0.105s] (409/517) ken-runtime cranelift_backend::lowering::core::tests::constructors::nested_computational_carrier_final_kind_is_runtime_guarded
2	PASS [   0.030s] (410/517) ken-runtime cranelift_backend::lowering::core::tests::constructors::nested_computational_outer_arity_rejects_specifically
2	PASS [   0.011s] (411/517) ken-runtime cranelift_backend::lowering::core::tests::constructors::static_worker_call_rejects_arity_disagreement
2	PASS [   0.010s] (412/517) ken-runtime cranelift_backend::lowering::core::tests::constructors::static_worker_construction_rejects_slot_run_against_header
2	PASS [   0.111s] (413/517) ken-runtime cranelift_backend::lowering::core::tests::constructors::two_same_shape_workers_are_distinguished
2	PASS [   0.011s] (414/517) ken-runtime cranelift_backend::lowering::core::tests::control::oriented_endpoint_corruption_and_affine_reuse_fail_closed
2	PASS [   0.015s] (415/517) ken-runtime cranelift_backend::lowering::core::tests::control::oriented_phase_misclassification_recovers_endpoint_and_missing_semantic_rejections
2	PASS [   0.027s] (416/517) ken-runtime cranelift_backend::lowering::core::tests::control::self_consistent_appended_orphan_join_site_rejects_before_emission
2	PASS [   0.012s] (417/517) ken-runtime cranelift_backend::lowering::core::tests::control::the_partition_still_refuses_a_capture_bearing_recursive_position
2	PASS [   0.153s] (418/517) ken-runtime cranelift_backend::lowering::core::tests::d5_c4_abi_domain_mutations_each_refuse_before_any_call_is_emitted
2	PASS [   0.017s] (419/517) ken-runtime cranelift_backend::lowering::core::tests::effects::budget_eff_native_wrote_capped_full_and_short_reify_effective_not_raw_remaining
2	PASS [   0.365s] (420/517) ken-runtime cranelift_backend::lowering::core::tests::effects::directory_entries_decoder_is_bounded_and_consumes_the_whole_payload
2	PASS [   0.025s] (421/517) ken-runtime cranelift_backend::lowering::core::tests::effects::px8n_decrement_and_raw_scalar_mutations_fail_the_structural_oracle
2	PASS [   0.106s] (422/517) ken-runtime cranelift_backend::lowering::core::tests::effects::px8n_fs_write_at_arm_constructs_short_wrote_and_exact_no_progress
2	PASS [   0.197s] (423/517) ken-runtime cranelift_backend::lowering::core::tests::effects::root_and_descendant_effects_share_only_the_direct_host_context
2	PASS [   0.027s] (424/517) ken-runtime cranelift_backend::lowering::core::tests::every_expression_typed_field_is_a_reachable_positional_child_origin
2	PASS [   0.196s] (425/517) ken-runtime cranelift_backend::lowering::core::tests::every_origin_to_expression_resolution_goes_through_the_single_route
2	PASS [   0.035s] (426/517) ken-runtime cranelift_backend::lowering::core::tests::host_call_carrier::ac1b_the_executable_lowering_witness_closes_its_one_token_population
2	PASS [   0.048s] (427/517) ken-runtime cranelift_backend::lowering::core::tests::host_call_carrier::b2f_mints_one_defined_artifact_static_object_per_seed_environment_entry
2	PASS [   0.077s] (428/517) ken-runtime cranelift_backend::lowering::core::tests::host_call_carrier::d4_substituting_the_emitted_funcref_reds_the_emission_equality
2	PASS [   0.030s] (429/517) ken-runtime cranelift_backend::lowering::core::tests::host_call_carrier::d7_the_same_shaped_redirect_reaches_the_call_seam_and_is_caught_by_the_emission_oracle
2	PASS [   0.068s] (430/517) ken-runtime cranelift_backend::lowering::core::tests::host_call_carrier::d8_mixed_host_result_uses_one_uniform_carrier_conversion_per_predecessor
2	PASS [   0.826s] (431/517) ken-runtime cranelift_backend::lowering::core::tests::host_call_carrier::rt_scale_b_governed_n3_through_n7_collect_every_d2_metric
2	PASS [   0.034s] (432/517) ken-runtime cranelift_backend::lowering::core::tests::host_call_carrier::typed_trap_exit_preserves_the_planner_identity_across_two_unit_calls
2	PASS [   0.071s] (433/517) ken-runtime cranelift_backend::lowering::core::tests::positional_candidate_settlement::ccr_d3_the_active_carried_route_is_taken_and_the_continuation_refusal_is_gone
2	PASS [   0.013s] (434/517) ken-runtime cranelift_backend::lowering::core::tests::positional_candidate_settlement::ced_d2_an_unclaimed_planned_token_is_missing_from_the_exact_equality_in_isolation
2	PASS [   0.009s] (435/517) ken-runtime cranelift_backend::lowering::core::tests::positional_candidate_settlement::d2k_1c_0_conservation_pairs_each_consumption_to_one_minted_transport
2	PASS [   0.027s] (436/517) ken-runtime cranelift_backend::lowering::core::tests::recursor_fusion::contkey_row_four_discovery_carries_the_outer_boundary_then_previous_consumers
2	PASS [   0.018s] (437/517) ken-runtime cranelift_backend::lowering::core::tests::recursor_fusion::contkey_rows_four_and_five_carry_the_exact_outer_consuming_occurrence
2	PASS [   0.068s] (438/517) ken-runtime cranelift_backend::lowering::core::tests::recursor_fusion::d2f_the_two_binder_projections_share_one_source_field_transport
2	PASS [   0.009s] (439/517) ken-runtime cranelift_backend::lowering::core::tests::retained_closures_carry_a_static_origin_and_no_body_term
2	PASS [   0.231s] (440/517) ken-runtime cranelift_backend::lowering::core::tests::source_frame_bridge::d8l2_the_ordinary_envelope_names_source_positions_in_every_orientation
2	PASS [   0.108s] (441/517) ken-runtime cranelift_backend::lowering::core::tests::source_frame_bridge::d8m_the_ordinary_bridge_arm_is_reached_and_untouched
2	PASS [   0.126s] (442/517) ken-runtime cranelift_backend::lowering::core::tests::source_frame_bridge::d8o_remeasures_the_two_owner_keyed_guards_on_the_descendant
2	PASS [   0.008s] (443/517) ken-runtime cranelift_backend::lowering::core::tests::specialization_binding::continuation_case_binder_run_agrees_with_the_rejected_reading_at_source_position_zero
2	PASS [   0.050s] (444/517) ken-runtime cranelift_backend::lowering::core::tests::specialization_binding::d6a_dropping_only_the_call_result_route_emits_direct_header_control
2	PASS [   0.050s] (445/517) ken-runtime cranelift_backend::lowering::core::tests::specialization_binding::d6a_the_frame_field_must_not_overwrite_an_incoming_checked_route
2	PASS [   0.035s] (446/517) ken-runtime cranelift_backend::lowering::core::tests::specialization_binding::d8e_a_neighbouring_callee_installs_the_binding_and_consumes_nothing
2	PASS [   0.035s] (447/517) ken-runtime cranelift_backend::lowering::core::tests::specialization_binding::d8e_off_the_source_machine_path_the_binding_is_refused_in_value_position
2	PASS [   0.008s] (448/517) ken-runtime cranelift_backend::lowering::seed_material::tests::nesting_is_accepted_below_the_cap_and_rejected_above_it
2	PASS [   0.149s] (449/517) ken-runtime cranelift_backend::lowering::source::tests::d2b_row_b_a_live_nonbackedge_let_runs_its_body_and_consumes_its_join
2	PASS [   0.082s] (450/517) ken-runtime cranelift_backend::lowering::source::tests::d2b_the_abandoned_let_body_joins_are_dispositioned_at_the_arm_that_abandons_it
2	PASS [   0.008s] (451/517) ken-runtime cranelift_backend::lowering::units::captured_environment_bijection::a_lexical_capture_admits_its_planner_issued_occurrence
2	PASS [   0.017s] (452/517) ken-runtime cranelift_backend::planning::static_transition::aggregates::checked_ih_captured_env_schema::the_issued_seats_are_exactly_the_seats_with_a_coordinate_run
2	PASS [   0.009s] (453/517) ken-runtime cranelift_backend::planning::static_transition::aggregates::tests::a_host_response_referent_has_exactly_persistent_store_owner
2	PASS [   0.011s] (454/517) ken-runtime cranelift_backend::planning::static_transition::aggregates::tests::a_lawful_non_dynamic_root_is_not_a_failed_lookup
2	PASS [   0.009s] (455/517) ken-runtime cranelift_backend::planning::static_transition::aggregates::tests::a_records_lookup_key_includes_its_path_not_only_its_role
2	PASS [   0.009s] (456/517) ken-runtime cranelift_backend::planning::static_transition::aggregates::tests::an_absent_node_is_never_a_child
2	PASS [   2.056s] (457/517) ken-runtime cranelift_backend::planning::static_transition::closure::tests::b2r_ac7_the_abi_plane_adds_no_parser_and_no_dependency_edge
2	PASS [   0.028s] (458/517) ken-runtime cranelift_backend::planning::static_transition::closure::tests::boundary_b1_negative_controls_fail_at_named_semantic_artifacts
2	PASS [   0.007s] (459/517) ken-runtime cranelift_backend::planning::static_transition::closure::tests::boundary_c1_identity_abi_word_round_trips_and_reserves_zero
2	PASS [   0.015s] (460/517) ken-runtime cranelift_backend::planning::static_transition::closure::tests::d2h_the_independent_rederivation_catches_a_mutated_primary_derivation
2	PASS [   0.011s] (461/517) ken-runtime cranelift_backend::planning::static_transition::closure::tests::process_ingress_is_role_keyed_and_absent_from_value_roots
2	PASS [   0.009s] (462/517) ken-runtime cranelift_backend::planning::static_transition::closure::tests::substrate_case_emission_closes_the_exact_alternative_union
2	PASS [   0.012s] (463/517) ken-runtime cranelift_backend::planning::static_transition::construction::tests::d2_the_owner_split_is_causal_in_both_directions
2	PASS [   0.011s] (464/517) ken-runtime cranelift_backend::planning::static_transition::construction::tests::keying_selection_by_the_scheduling_entry_does_not_resolve_the_body
2	PASS [   0.008s] (465/517) ken-runtime cranelift_backend::planning::static_transition::continuations::fusion::tests::d2e_binder_role_hypothesis_prefix_is_reverse_declaration_order
2	PASS [   0.022s] (466/517) ken-runtime cranelift_backend::planning::static_transition::continuations::fusion::tests::d2f_6_a_spent_ledger_cannot_half_install_into_a_second_plan
2	PASS [   0.014s] (467/517) ken-runtime cranelift_backend::planning::static_transition::continuations::fusion::tests::d2g_ac3_the_twins_coordinates_are_fresh_and_some_coincide
2	PASS [   0.012s] (468/517) ken-runtime cranelift_backend::planning::static_transition::continuations::fusion::tests::d2i_the_future_enumerators_root_source_is_richer_than_the_seed_frontier
2	PASS [   0.009s] (469/517) ken-runtime cranelift_backend::planning::static_transition::continuations::tests::contsrc_d2_a_computational_case_run_separates_its_ih_prefix_from_its_arguments
2	PASS [   0.010s] (470/517) ken-runtime cranelift_backend::planning::static_transition::continuations::tests::contsrc_d2b_generated_context_capture_separates_root_from_immediate
2	PASS [   0.011s] (471/517) ken-runtime cranelift_backend::planning::static_transition::continuations::tests::contsrc_producer_local_coordinate_is_refused_by_both_planner_consumers
2	PASS [   0.011s] (472/517) ken-runtime cranelift_backend::planning::static_transition::continuations::tests::d3_two_distinct_planned_edges_may_not_name_one_specialization
2	PASS [   0.011s] (473/517) ken-runtime cranelift_backend::planning::static_transition::immediate_bridge::tests::derivation_reads_one_row_with_its_exact_coordinates
2	PASS [   0.006s] (474/517) ken-runtime cranelift_backend::planning::static_transition::immediate_bridge::tests::new_intent_the_ordinary_closure_spelling_is_also_heterogeneous
2	PASS [   0.006s] (475/517) ken-runtime cranelift_backend::planning::static_transition::immediate_bridge::tests::refuses_when_the_selected_field_is_past_the_end_of_the_producer_args
2	PASS [   0.023s] (476/517) ken-runtime cranelift_backend::planning::static_transition::joins_traps::tests::d8_join_plan_is_a_bijection_with_source_join_occurrences
2	PASS [   0.010s] (477/517) ken-runtime cranelift_backend::planning::static_transition::occurrences::tests::a_source_tree_at_a_different_address_yields_identical_origins
2	PASS [   0.008s] (478/517) ken-runtime cranelift_backend::planning::static_transition::occurrences::tests::substrate_occurrence_owner_and_lifetime_are_exact
2	PASS [   0.010s] (479/517) ken-runtime cranelift_backend::planning::static_transition::responses::tests::opaque_k_vis_returns_typed_ssa_infeasible
2	PASS [   0.010s] (480/517) ken-runtime cranelift_backend::planning::static_transition::selected_pending_calls::tests::second_raw_ih_read_refuses_before_the_checked_route_gate
2	PASS [   0.008s] (481/517) ken-runtime cranelift_backend::planning::static_transition::units::tests::b2r_ac1_every_function_unit_has_exactly_one_descriptor_and_conversely
2	PASS [   0.006s] (482/517) ken-runtime cranelift_backend::surface::surface_diagnostics_tests::validated_run_error_prefixes_validation_but_delegates_backend_verbatim
2	PASS [   0.007s] (483/517) ken-runtime executable_artifact_contract::tests::selected_target_absent_from_report_rejects_available_native_artifact_claim
2	PASS [   0.007s] (484/517) ken-runtime executable_artifact_contract::tests::stale_report_identity_rejects
2	PASS [   0.007s] (485/517) ken-runtime executable_entrypoint_packaging::tests::stale_entrypoint_metadata_identity_rejects_after_hash_refresh_attack
2	PASS [   0.006s] (486/517) ken-runtime ir::tests::acf2_ordinary_binders_is_load_bearing
2	PASS [   0.007s] (487/517) ken-runtime ir::tests::ir_has_no_backend_layout_surface
2	PASS [   2.525s] (488/517) ken-runtime native_execution_differential::tests::effect_policy_unavailable_still_rejects_stale_executable_artifact
2	PASS [   2.559s] (489/517) ken-runtime native_execution_differential::tests::recomputed_hash_with_contradictory_backend_verifier_rejects_before_report
2	PASS [   2.904s] (490/517) ken-runtime native_execution_differential::tests::runtime_ir_mismatch_names_package_target_artifact_and_lane
2	PASS [   0.007s] (491/517) ken-runtime native_int::tests::comparisons_use_every_limb
2	PASS [   0.054s] (492/517) ken-runtime native_process_entrypoint::tests::trap_reports_to_runtime_stderr_and_clean_run_does_not
2	PASS [   0.051s] (493/517) ken-runtime object_linker_packaging::tests::carried_loop_header_edges_keep_their_distinct_control_words
2	PASS [   2.187s] (494/517) ken-runtime object_linker_packaging::tests::same_process_artifact_observes_fresh_byte_exact_os_input
2	PASS [   0.007s] (495/517) ken-runtime object_linker_packaging::tests::stale_filesystem_root_fails_the_bound_entrypoint_check
2	PASS [   0.007s] (496/517) ken-runtime oriented_subcontinuation_plan::tests::control_parent_cannot_cross_prompt_regions
2	PASS [   0.007s] (497/517) ken-runtime platform_runtime_support::tests::runtime_ir_run_report_target_identity_must_be_unique
2	PASS [   0.009s] (498/517) ken-runtime store::tests::dedup_across_two_distinct_constructions
2	PASS [   0.017s] (499/517) ken-runtime store::tests::dedup_aware_accounting
2	PASS [   0.011s] (500/517) ken-runtime store::tests::dedup_shares_slot
2	PASS [   0.450s] (501/517) ken-runtime store::tests::index_resize_preserves_slots
2	PASS [   0.011s] (502/517) ken-runtime store::tests::reclamation_releases_pages
2	PASS [   0.007s] (503/517) ken-runtime unknown::tests::unknown_or_true_is_true
2	PASS [   1.557s] (504/517) ken-runtime::value_depth_totality ac_p3a_host_recursive_debug_dies_at_depth_d_for_every_same_variant_chain
2	PASS [   0.425s] (505/517) ken-runtime::value_depth_totality ac_p3a_host_recursive_debug_dies_at_depth_d_through_all_child_positions
2	PASS [   0.422s] (506/517) ken-runtime::value_depth_totality ac_v1_host_recursion_dies_at_depth_d_through_all_child_positions
2	PASS [   0.378s] (507/517) ken-runtime::value_depth_totality the_operational_carriers_drop_glue_dies_on_this_population_at_depth_d
2	PASS [   0.018s] (508/517) ken-verify canonical::tests::wrong_capability_and_denial_are_proven_before_host_action
2	PASS [   0.017s] (509/517) ken-verify host::tests::scripted_console_is_execution_only
2	PASS [  49.392s] (510/517) ken-elaborator::r3_c2_source_mixed_branch c2_gate_4a_preparation_consumes_every_compiler_derived_slot
2	PASS [  44.396s] (511/517) ken-interp::b3_acceptance monitor_verdict_never_promoted_to_proved
2	PASS [  56.155s] (512/517) ken-verify scenario::tests::console_read_normalized_real_artifact_differential_discriminates
2	PASS [  60.586s] (513/517) ken-verify scenario::tests::fs_read_directory_real_artifact_is_order_independent_and_discriminating
2	PASS [ 108.688s] (514/517) ken-verify scenario::tests::cwd_root_preserves_scope_escape_and_symlink_denied_identities
2	PASS [  54.214s] (515/517) ken-verify scenario::tests::real_captured_evidence_mutations_bite_while_return_proxy_stays_green
2	PASS [ 319.240s] (516/517) ken-elaborator r_layer_tests::lang_mod_catalog_evidence_frontier::population_pin_rejects_omission_replacement_and_duplicate
2	PASS [  46.092s] (517/517) ken-verify scenario::tests::real_scope_denial_is_typed_and_precedes_any_host_action
6	PASS [   0.496s] (  1/519) ken-cli entrypoint_tests::anone_readfile_reaches_named_denial_before_capture_host_syscall
6	PASS [   0.974s] (  2/519) ken-cli entrypoint_tests::checked_admission_projects_root_marker_without_changing_program_caps
6	PASS [   0.506s] (  3/519) ken-cli::ken_check_mode non_catalog_lowercase_path_keeps_isolated_fallback
6	PASS [   0.483s] (  4/519) ken-cli::ken_md_literate_cli ken_ignore_fence_is_prose_only_for_cli
6	PASS [   1.945s] (  5/519) ken-cli::cli_i1_entrypoint_abi exit_code_mapping_covers_every_contract_arm
6	PASS [   0.510s] (  6/519) ken-cli::ken_md_literate_cli ken_run_reports_original_offset_for_fenced_error
6	PASS [   2.722s] (  7/519) ken-cli::library_documentation_gates content_currency_gate_rejects_a_drifted_cited_source_and_recovers
6	PASS [   0.091s] (  8/519) ken-cli::library_documentation_gates generator_only_ever_writes_the_proposed_sibling_never_the_real_ledger
6	PASS [   0.124s] (  9/519) ken-cli::library_documentation_gates ledger_rejects_a_doubled_slash_row
6	PASS [   0.006s] ( 10/519) ken-cli::library_documentation_gates status_record_population_detector_rejects_second_status_record
6	PASS [   0.006s] ( 11/519) ken-cli::mrc_d8_manifest_premise mrc_d8_d9_the_census_transport_premise_holds_on_every_declared_manifest
6	PASS [  52.139s] ( 12/519) ken-cli::px4b_native_production host_reply_selects_the_continuation_outcome
6	PASS [  75.044s] ( 13/519) ken-cli::abi_s6_mapping_surface_native second_mapping_effect_rechecks_bounds
6	PASS [  53.176s] ( 14/519) ken-cli::px7m_hostresult_computational_match owner_ret_check_bypass_reaches_the_inner_vis_trap_natively
6	PASS [ 112.081s] ( 15/519) ken-cli::lang_nested_former_recursion_native nested_former_fold_executes_natively_in_agreement_with_the_interpreter
6	PASS [  58.095s] ( 16/519) ken-cli::px7p_constructor_field_composition dynamic_carrier_producer_payload_reaches_linked_process_exit
6	PASS [   0.008s] ( 17/519) ken-cli::rt_cold_lowering_checked_family_enumeration family_rows_are_unique_by_source_content_and_have_exact_expectations
6	PASS [ 150.733s] ( 18/519) ken-cli::abi_s6_mapping_surface_native fixed_accounting_boundary_lengths_reach_both_engines
6	PASS [  58.404s] ( 19/519) ken-cli::px7p_constructor_field_composition selected_err_field_reaches_both_real_executors
6	PASS [   0.008s] ( 20/519) ken-cli::rt_native_string_construction native_string_ground_ingress_normalizes
6	PASS [  61.744s] ( 21/519) ken-cli::rt_branched_scrutinee_unit_body_port two_arm_plain_match_over_runtime_var_reaches_recursive_unit_body_route1
6	PASS [   0.643s] ( 22/519) ken-cli::t2_acceptance ac1_ill_typed_def_rejected_not_registered
6	PASS [   0.593s] ( 23/519) ken-cli::t2_acceptance ac3_eval_goes_through_real_interpreter
6	PASS [   0.802s] ( 24/519) ken-cli::t2_acceptance ac5_session_state_persists
6	PASS [   0.009s] ( 25/519) ken-elaborator checked_core::tests::body_view_recovers_package_bound_primitive_literal_and_application
6	PASS [   0.008s] ( 26/519) ken-elaborator checked_core::tests::body_view_recovers_target_and_reachable_declaration_bodies
6	PASS [   0.008s] ( 27/519) ken-elaborator checked_core::tests::body_view_rejects_unsupported_declaration_kind
6	PASS [   0.008s] ( 28/519) ken-elaborator checked_core::tests::body_view_rejects_unsupported_dependent_record_sigma_field_shape
6	PASS [   0.008s] ( 29/519) ken-elaborator checked_core::tests::int_lit_encode_decode_round_trips
6	PASS [   0.007s] ( 30/519) ken-elaborator checked_core::tests::missing_stable_symbol_rejects_instead_of_serializing_local_id
6	PASS [   0.011s] ( 31/519) ken-elaborator checked_core::tests::validator_rejects_bad_kind_empty_header_and_incomplete_lowerability
6	PASS [   0.011s] ( 32/519) ken-elaborator checked_core::tests::validator_rejects_semantic_and_artifact_hash_mismatches
6	PASS [   0.442s] ( 33/519) ken-elaborator compiler_driver::d1b_role_c1_roster_identity::every_emitted_role_equals_its_canonical_global_id_projection
6	PASS [   0.008s] ( 34/519) ken-elaborator compiler_driver::tests::erased_type_only_ih_reference_does_not_claim_the_following_runtime_ordinal
6	PASS [   0.510s] ( 35/519) ken-elaborator compiler_driver::tests::non_runtime_target_is_reported_as_named_unavailable_lane
6	PASS [   0.008s] ( 36/519) ken-elaborator elab::match_matrix_occurrence_tests::two_level_split_rebases_top_nested_child_and_tail_occurrences
6	PASS [   0.438s] ( 37/519) ken-elaborator elab::nested_lift_association_tests::recursive_ih_reflexive_index_evidence_is_applied_before_source_arguments
6	PASS [   0.440s] ( 38/519) ken-elaborator elab::result_transport_control_flow_tests::active_premise_view_relocates_context_entries_and_inferred_outputs
6	PASS [   0.008s] ( 39/519) ken-elaborator erasure::px7l_tests::a_real_ordinary_application_injects_nothing_and_keeps_its_own_arity
6	PASS [   0.007s] ( 40/519) ken-elaborator erasure::px7l_tests::computational_ih_and_capture_order_have_independent_opposites
6	PASS [   0.007s] ( 41/519) ken-elaborator export::exact_inventory_tests::abi_s6_d3_mapping_operations_have_exact_fs_family_and_spellings
6	PASS [  82.417s] ( 42/519) ken-cli::rt_cold_lowering_path_enumeration rt_cap41_endpoint_stage
6	PASS [  50.320s] ( 43/519) ken-cli::rt_selected_pending_call_admission checked_double_bind_is_refused_upstream_not_admitted
6	PASS [   0.008s] ( 44/519) ken-elaborator export::resource_lifetime_hash_tests::buffer_use_without_acquire_is_a_named_pre_export_error
6	PASS [   0.007s] ( 45/519) ken-elaborator fo_kripke::tests::mentions_var0_has_no_wildcard_arm_left_to_outrun
6	PASS [   0.008s] ( 46/519) ken-elaborator layout::tests::display_columns_are_not_utf8_bytes
6	PASS [   0.008s] ( 47/519) ken-elaborator layout::tests::two_arm_match_is_mandatorily_broken
6	PASS [   0.436s] ( 48/519) ken-elaborator modules::namespace_effect_tests::apply_import_accepts_an_ambient_local_at_the_same_identity
6	PASS [   1.708s] ( 49/519) ken-elaborator modules::namespace_effect_tests::current_local_refuses_stale_same_spelling_import_in_either_order
6	PASS [   0.439s] ( 50/519) ken-elaborator modules::namespace_effect_tests::file_facade_uses_source_file_exports_not_memory_shadow
6	PASS [   0.438s] ( 51/519) ken-elaborator modules::namespace_effect_tests::file_prop_intro_reexports_retain_checked_helper_identity
6	PASS [   0.864s] ( 52/519) ken-elaborator modules::namespace_effect_tests::file_unit_root_import_requires_its_own_inline_declaration
6	PASS [   1.723s] ( 53/519) ken-elaborator modules::namespace_effect_tests::imported_classes_and_instances_keep_provider_id_after_same_name_shadow
6	PASS [   0.445s] ( 54/519) ken-elaborator modules::namespace_effect_tests::inline_child_owner_and_sibling_import_use_declaration_provenance
6	PASS [   3.444s] ( 55/519) ken-elaborator modules::namespace_effect_tests::proved_source_redeclarations_fail_at_prebind_without_global_allocation
6	PASS [   0.446s] ( 56/519) ken-elaborator modules::namespace_effect_tests::sibling_loaded_module_does_not_grant_qualified_access
6	PASS [   0.009s] ( 57/519) ken-elaborator parser::as_pattern_precedence_tests::unparenthesized_second_as_is_rejected_as_nonassociative
6	PASS [   0.008s] ( 58/519) ken-elaborator parser::atom_form_closure::no_two_pattern_forms_admit_the_same_token
6	PASS [   0.007s] ( 59/519) ken-elaborator parser::atom_form_closure::three_expression_forms_are_live_at_the_head_and_refused_as_arguments
6	PASS [   0.448s] ( 60/519) ken-elaborator r_layer_tests::acceptance::const_elaborates_checks
6	PASS [   0.439s] ( 61/519) ken-elaborator r_layer_tests::acceptance::ordinary_let_remains_accepted_by_legacy_entry_point
6	PASS [   0.438s] ( 62/519) ken-elaborator r_layer_tests::acceptance::under_applied_lambda_rejected
6	PASS [   1.707s] ( 63/519) ken-elaborator r_layer_tests::cat_bytes_keys_closeout::bytes_keys_owned_inventory_is_empty_and_standalone
6	PASS [  83.988s] ( 64/519) ken-cli::rt_cold_lowering_path_enumeration rt_write_readonly_stage
6	PASS [   1.895s] ( 65/519) ken-elaborator r_layer_tests::cat_ord_nat_canonical_owner::order_facade_carries_relation_and_dictionary_identities
6	PASS [   1.905s] ( 66/519) ken-elaborator r_layer_tests::cat_order_pub_export::selective_consumer_preserves_local_and_reexported_provider_identities
6	PASS [   6.217s] ( 67/519) ken-elaborator r_layer_tests::cat_effectful_classes_pub_export::effectful_classes_publication_preserves_class_and_instance_owners
6	PASS [   4.080s] ( 68/519) ken-elaborator r_layer_tests::cat_tier_d_decoder_import::decoder_alt_zero_progress_keeps_failure_instead_of_fallback
6	PASS [   6.061s] ( 69/519) ken-elaborator r_layer_tests::cat_priority_queue_acceptance::recursive_leftist_validity_and_isolated_malformed_fixtures
6	PASS [   0.479s] ( 70/519) ken-elaborator r_layer_tests::cat_tier_d_process_environment_import::process_environment_checked_provider_ledger_is_empty
6	PASS [   9.718s] ( 71/519) ken-elaborator r_layer_tests::cat_tier_e_argparse_import::argparse_help_order_law_is_usable_for_nonempty_specs
6	PASS [   3.429s] ( 72/519) ken-elaborator r_layer_tests::cat_tier_e_json_import::json_checked_provider_identity_closure_is_exact
6	PASS [   0.026s] ( 73/519) ken-elaborator r_layer_tests::cat_tier_e_schema_import::schema_selective_import_ledger_is_exact
6	PASS [   0.441s] ( 74/519) ken-elaborator r_layer_tests::constrained_instance_elaboration::constraint_names_are_deterministic_and_surface_misuse_rejects
6	PASS [   2.695s] ( 75/519) ken-elaborator r_layer_tests::ds1_empty_dec_acceptance::landed_lawful_classes_package_still_elaborates_with_dependencies
6	PASS [   0.008s] ( 76/519) ken-elaborator r_layer_tests::effects::eff_declared_matches_used_accepted
6	PASS [   0.007s] ( 77/519) ken-elaborator r_layer_tests::effects::handler_fold_passes_through_unhandled
6	PASS [   0.007s] ( 78/519) ken-elaborator r_layer_tests::effects::impure_boundary_marker_exposed
6	PASS [   0.008s] ( 79/519) ken-elaborator r_layer_tests::effects::lower_bind_vis_kernel_checks_vis_reduct
6	PASS [   0.007s] ( 80/519) ken-elaborator r_layer_tests::effects::row_poly_pure_caller_is_pure
6	PASS [   0.007s] ( 81/519) ken-elaborator r_layer_tests::effects::synthetic_state_row_union_and_discharge
6	PASS [   0.010s] ( 82/519) ken-elaborator r_layer_tests::kenfmt_b3_layout::ac5_trailing_comment_threshold_has_both_orientations
6	PASS [   0.010s] ( 83/519) ken-elaborator r_layer_tests::kenfmt_b3_layout::terminal_type_parens_in_alias_survive_formatting
6	PASS [  24.599s] ( 84/519) ken-elaborator r_layer_tests::cat_tier_d_parsing_group_import::parsing_numeric_implementation_siblings_remain_private
6	PASS [   0.448s] ( 85/519) ken-elaborator r_layer_tests::lang_fixity_decl_surface::declared_precedence_compares_with_arithmetic_levels
6	PASS [   0.008s] ( 86/519) ken-elaborator r_layer_tests::lang_fixity_decl_surface::operator_run_stays_flat_through_resolution
6	PASS [   0.007s] ( 87/519) ken-elaborator r_layer_tests::lang_mod_catalog_evidence_frontier::evidence_status_is_typed_and_independent_from_strict_observation
6	PASS [   0.457s] ( 88/519) ken-elaborator r_layer_tests::lang_structural_result_elab::d2_mixed_direct_wstyle_and_nested_structural_paths_reach_and_retain_behavior
6	PASS [   0.008s] ( 89/519) ken-elaborator r_layer_tests::lang_structural_result_elab::selector_is_contextual_and_resolves_the_surface_binding_identity
6	PASS [  88.460s] ( 90/519) ken-elaborator export::exact_inventory_tests::exact_fixture_preserves_hash_and_headroom_changes_only_alphabet
6	PASS [   0.437s] ( 91/519) ken-elaborator r_layer_tests::let4_multi_binding::ac2_separate_nested_body_may_shadow_a_group_name
6	PASS [   0.880s] ( 92/519) ken-elaborator r_layer_tests::lc_acceptance::ac4_property_vs_structure_sort_discriminant
6	PASS [   0.434s] ( 93/519) ken-elaborator r_layer_tests::n4_program_admits::sole_external_source_provider_self_admits_without_boundary
6	PASS [   0.008s] ( 94/519) ken-elaborator seal2_tests::producer_closure::certificate_rejects_an_unenumerated_aliased_producer_root
6	PASS [   0.450s] ( 95/519) ken-elaborator seal2_tests::producer_closure::a_source_visible_producer_is_rejected_by_the_upstream_inventory
6	PASS [   0.548s] ( 96/519) ken-elaborator seal2_tests::producer_closure::position_closure_holds_under_every_structural_former
6	PASS [  88.674s] ( 97/519) ken-elaborator export::exact_inventory_tests::target_semantic_and_node_mutations_reject_before_hash
6	PASS [  45.033s] ( 98/519) ken-elaborator::b1_acceptance disproved_claim_never_exported
6	PASS [   4.572s] ( 99/519) ken-elaborator::bytes_primitive_contracts four_late_contracts_and_fresh_ascii_client_check
6	PASS [   0.445s] (100/519) ken-elaborator::case_eq_dependent_match_sugar non_nullary_constructors_are_rejected_at_the_modifier_boundary
6	PASS [   0.433s] (101/519) ken-elaborator::cat1_constructor_classes parametric_instance_head_generalizes_free_type_variable
6	PASS [   3.604s] (102/519) ken-elaborator::cat3_collections_package cat3_d1_positive_surfaces_check_against_real_package_defs
6	PASS [   2.687s] (103/519) ken-elaborator::cat3_collections_package cat3_d1_structural_collections_package_elaborates_zero_delta
6	PASS [   4.421s] (104/519) ken-elaborator::cat5_parsing_package cat5_d2_failed_parser_carries_same_source_valid_span
6	PASS [   4.458s] (105/519) ken-elaborator::cat5_parsing_package cat5_d2_failure_with_wrong_source_rejected_by_law
6	PASS [   0.867s] (106/519) ken-elaborator::cat_capex_authority full_authority_index_rejects_partial_and_accepts_full
6	PASS [   0.454s] (107/519) ken-elaborator::cat_codec_import codec_owned_inventory_is_exact_and_standalone_with_zero_trust
6	PASS [   2.852s] (108/519) ken-elaborator::cat_deque_closeout deque_loader_visible_inventory_is_empty
6	PASS [   2.693s] (109/519) ken-elaborator::cat_derived_sort_laws a_non_total_comparator_sorts_the_fixture_but_not_its_proof
6	PASS [  45.215s] (110/519) ken-elaborator::b2_acceptance value_projects_to_t_delegated_never_q
6	PASS [   0.446s] (111/519) ken-elaborator::cat_string_bijection_pub_export string_bijection_standalone_imports_retain_provider_identities
6	PASS [   0.491s] (112/519) ken-elaborator::cat_vector_closeout vec_map_identity_raw_checked_proposition_is_not_reflexive_filler
6	PASS [   0.008s] (113/519) ken-elaborator::catalog_taxonomy catalog_package_roots_use_only_the_controlled_sections
6	PASS [  11.395s] (114/519) ken-elaborator::cat_map_dom_member map_dom_member_public_surface_transition_sentinel
6	PASS [   2.792s] (115/519) ken-elaborator::cc3_parsing_cursor_decoder_acceptance derived_fixture_retains_lawfulclasses_for_cc3_dependency_closure
6	PASS [   6.109s] (116/519) ken-elaborator::cc1_nonempty_validation_acceptance validation_clients_can_construct_and_match_only_the_public_transparent_surface
6	PASS [   3.569s] (117/519) ken-elaborator::cc6a_process_arguments_exit_acceptance derived_fixture_retains_lawfulclasses_for_cc6a_dependency_closure
6	PASS [   6.271s] (118/519) ken-elaborator::cc5_pretty_doc_acceptance pretty_doc_loader_surface_and_string_boundary_are_behavioral
6	PASS [   3.467s] (119/519) ken-elaborator::cc6a_process_arguments_exit_acceptance structural_slice_location_keeps_nonzero_argument_and_range
6	PASS [  10.183s] (120/519) ken-elaborator::cc8_env_config_decoder_acceptance invalid_utf8_environment_value_survives_the_full_pipeline
6	PASS [   0.531s] (121/519) ken-elaborator::class_field_purity surf2_d1_proc_traverse_parses_elaborates_and_registers_metadata
6	PASS [   9.914s] (122/519) ken-elaborator::cc8_env_config_decoder_acceptance ordered_closure_elaborates_schema_before_both_clients
6	PASS [   0.006s] (123/519) ken-elaborator::decimal_char_acceptance char_deceq_pin1_structural_encoding
6	PASS [   0.448s] (124/519) ken-elaborator::decimal_char_acceptance decimal_eq_distinct_flips_vs_false_true
6	PASS [   0.562s] (125/519) ken-elaborator::conversions_acceptance float_conversion_floor_out_of_scope
6	PASS [   0.482s] (126/519) ken-elaborator::decimal_char_acceptance decimal_mul_exact_flips_vs_saturating
6	PASS [   0.527s] (127/519) ken-elaborator::dependent_match_coherent_frame_acceptance single_elimination_cross_structure_elaborates
6	PASS [   0.496s] (128/519) ken-elaborator::dependent_match_context_telescope_acceptance transitive_closure_follows_index_refinement
6	PASS [   0.514s] (129/519) ken-elaborator::dependent_match_eigen_guard_localization nonextending_recursive_sibling_remains_elaborable
6	PASS [   0.488s] (130/519) ken-elaborator::dependent_match_nonnullary_acceptance ac2b_tree_dual_recursive_descent_passes_sct
6	PASS [   1.907s] (131/519) ken-elaborator::ds2_ord_nat_acceptance totality_source_and_public_relation_behavior_survive_the_move
6	PASS [   2.859s] (132/519) ken-elaborator::ds4_list_combinators_acceptance ac8_zip_length_is_min_not_left_length
6	PASS [   0.455s] (133/519) ken-elaborator::ds5b_dependent_match_refinement_acceptance let_interleaved_outer_binder_not_skipped_by_convoy
6	PASS [   0.446s] (134/519) ken-elaborator::ds5b_dependent_match_refinement_acceptance production_source_preserves_reachable_non_sort_prefilter_skip
6	PASS [   2.773s] (135/519) ken-elaborator::ds4_list_combinators_acceptance zip_truncates_at_shorter_list_concrete_example
6	PASS [   0.012s] (136/519) ken-elaborator::ds7_applicative_monad_acceptance ac5_no_second_itree_bind_minted
6	PASS [   2.703s] (137/519) ken-elaborator::ds6a_int_deceq_acceptance unregistered_primitive_equality_stays_neutral
6	PASS [   3.525s] (138/519) ken-elaborator::ds9_json_codec_acceptance intrinsic_all_lift_admits_public_json_nested_pair_and_direct_list_control
6	PASS [   0.423s] (139/519) ken-elaborator::effect_composition_resp_coproduct_acceptance resp_coproduct_inl_reduces_to_rg_applied_to_payload
6	PASS [   6.560s] (140/519) ken-elaborator::ds8_traversable_acceptance ac6_traverse_field_classifies_proc
6	PASS [   0.443s] (141/519) ken-elaborator::es3_modules_acceptance selective_import_ambiguity_rejected_naming_both
6	PASS [   0.439s] (142/519) ken-elaborator::es3_modules_acceptance top_level_local_import_clash_is_rejected_latently
6	PASS [   2.778s] (143/519) ken-elaborator::either_catalog_package_acceptance trusted_base_delta_is_empty_across_the_file
6	PASS [   0.428s] (144/519) ken-elaborator::explicit_data_elaboration negative_recursive_occurrence_rejects_through_kernel_gate
6	PASS [   0.007s] (145/519) ken-elaborator::explicit_data_parser explicit_family_accepts_empty_constructor_block
6	PASS [   0.434s] (146/519) ken-elaborator::fr1_zero_ctor_data_acceptance explicit_family_zero_ctor_data_elaborates_and_eliminates
6	PASS [   2.683s] (147/519) ken-elaborator::es4_classes_acceptance char_ord_laws_carried_not_stubbed_transport_accepts
6	PASS [   0.007s] (148/519) ken-elaborator::i4d_boundary_header_parser filesystem_root_is_checked_boundary_metadata
6	PASS [   0.006s] (149/519) ken-elaborator::i4d_boundary_header_parser package_boundary_has_admission_only_and_capabilities_fail_closed
6	PASS [   0.434s] (150/519) ken-elaborator::generated_index_evidence_closure bare_user_refl_on_top_level_top_remains_rejected
6	PASS [   0.007s] (151/519) ken-elaborator::kenfmt_b1_lossless leading_trailing_and_interstitial_comments_have_stable_unique_homes
6	PASS [   0.008s] (152/519) ken-elaborator::kenfmt_signature_layout r2_r3_r4_r5_prefer_horizontal_when_the_construct_fits
6	PASS [   0.009s] (153/519) ken-elaborator::kenfmt_signature_layout r3_r5_nested_applications_fit_recursively_inside_a_broken_parent
6	PASS [   0.436s] (154/519) ken-elaborator::k3_literal_char_view interpreter_view_and_codes_use_the_kernel_checked_payload
6	PASS [   0.434s] (155/519) ken-elaborator::kernel_conv_congruence_closure quotient_class_congruence_is_reached_by_checked_ken_source
6	PASS [   0.435s] (156/519) ken-elaborator::l2_acceptance ac1_data_decl_registers_former_and_ctors
6	PASS [   0.463s] (157/519) ken-elaborator::l2_acceptance ac3_missing_arm_names_blue
6	PASS [   0.430s] (158/519) ken-elaborator::l2_acceptance ac7_plain_carrier_no_obligation
6	PASS [   0.497s] (159/519) ken-elaborator::l2_acceptance ac8_direct_lookup_member_reflection_helper_elaborates
6	PASS [   0.437s] (160/519) ken-elaborator::l2_acceptance foreign_constructor_arm_rejected_before_single_column_reachability
6	PASS [   0.444s] (161/519) ken-elaborator::l2_acceptance well_typed_match_unaffected_by_foreign_ctor_family_check
6	PASS [   0.445s] (162/519) ken-elaborator::l3_strings_roundtrip_acceptance ac3_mixed_multiscalar_and_empty_string
6	PASS [   0.445s] (163/519) ken-elaborator::l3_strings_roundtrip_acceptance ac3_utf8_length_boundary_corpus
6	PASS [   2.647s] (164/519) ken-elaborator::l3_strings_surface_acceptance list_combinator_floor_derived_over_real_elim
6	PASS [   0.854s] (165/519) ken-elaborator::l4_export_reexport distinct_identities_collide_at_reexport_in_both_source_orders
6	PASS [   1.640s] (166/519) ken-elaborator::l4_export_reexport facade_publishes_without_binding_while_in_scope_export_republishes_binding
6	PASS [   0.426s] (167/519) ken-elaborator::l6_acceptance fs_and_console_real_producer_rows_are_distinct
6	PASS [   5.654s] (168/519) ken-elaborator::l3_strings_surface_acceptance list_floor_recursion_in_sct_sound_zone
6	PASS [   0.546s] (169/519) ken-elaborator::l6_acceptance reverse_roundtrip_is_not_a_law
6	PASS [   0.847s] (170/519) ken-elaborator::l6_acceptance retired_placeholder_primitives_are_absent_and_trusted_base_shrinks
6	PASS [   0.006s] (171/519) ken-elaborator::lang_application_atom_if_rejection every_file_fixture_passes_the_one_directional_check
6	PASS [   0.006s] (172/519) ken-elaborator::lang_atom_start_classification_closure ac0_a_bare_truncation_is_an_argument_in_both_positions
6	PASS [   0.006s] (173/519) ken-elaborator::lang_atom_start_classification_closure ac6_a_constructor_pattern_still_takes_several_arguments
6	PASS [   0.007s] (174/519) ken-elaborator::lang_atom_start_classification_closure self_guarding_changed_one_thing_and_this_is_it
6	PASS [   0.006s] (175/519) ken-elaborator::lang_bare_operator_atom_rejection ac_infix_path_untouched
6	PASS [   0.430s] (176/519) ken-elaborator::l_resolver_globals ac2_local_let_binding_shadows_global
6	PASS [   0.006s] (177/519) ken-elaborator::lang_foreign_name_format_chars feff_after_offset_zero_is_rejected
6	PASS [   0.006s] (178/519) ken-elaborator::lang_foreign_name_format_chars hard_error_after_prior_repair_maps_to_document_coordinates
6	PASS [   0.006s] (179/519) ken-elaborator::lang_foreign_name_format_chars raw_character_and_byte_literal_bodies_use_the_whole_source_guard
6	PASS [   0.006s] (180/519) ken-elaborator::lang_infix_application_default ordinary_application_still_binds_tighter_than_default_infix
6	PASS [   0.422s] (181/519) ken-elaborator::lang_constructor_namespace_shadowing_guard same_constructor_spelling_across_two_sum_families_is_rejected_with_both_sites
6	PASS [   0.008s] (182/519) ken-elaborator::lang_lex_numeric_forms exponent_values_are_not_zeroed
6	PASS [   0.480s] (183/519) ken-elaborator::lang_match_as_pattern alias_collision_with_inner_binder_is_rejected_by_name
6	PASS [   0.949s] (184/519) ken-elaborator::lang_match_guards fully_guarded_sum_is_incomplete_and_unguarded_fallbacks_close_it
6	PASS [   0.481s] (185/519) ken-elaborator::lang_match_guards guard_uses_pattern_binders_and_false_falls_through
6	PASS [   0.476s] (186/519) ken-elaborator::lang_match_or_pattern fully_subsumed_union_is_subsumed_never_no_inhabitants
6	PASS [   0.485s] (187/519) ken-elaborator::lang_match_literal_patterns literals_compose_inside_constructor_columns
6	PASS [   0.476s] (188/519) ken-elaborator::lang_match_tuple_pattern arity_three_right_nests_and_supplies_every_body_binding
6	PASS [   0.482s] (189/519) ken-elaborator::lang_match_record_pattern dependent_later_field_checks_in_declaration_order_not_source_order
6	PASS [   0.483s] (190/519) ken-elaborator::lang_match_tuple_pattern tuple_descent_composes_with_outer_constructors_and_inner_aliases
6	PASS [   0.491s] (191/519) ken-elaborator::lang_mod_catalog_completeness canonical_ord_result_is_strict_standalone_and_exports_one_identity
6	PASS [   0.576s] (192/519) ken-elaborator::lang_mod_catalog_realization arithmetic_operations_are_public_by_exact_provider_identity
6	PASS [   0.477s] (193/519) ken-elaborator::lang_mod_nat_floor_realization public_wrapper_rejects_floor_parent_before_allocation
6	PASS [   1.869s] (194/519) ken-elaborator::lang_mod_catalog_realization strict_slice_stays_closed_and_floor_nat_reuses_existing_identity
6	PASS [   0.945s] (195/519) ken-elaborator::lang_mod_pair_floor_realization missing_proof_terms_file_rejects_despite_in_memory_preload
6	PASS [   0.474s] (196/519) ken-elaborator::lang_mod_strict_resolution_d1 strict_admits_local_counterparts_for_globals_and_class_representations
6	PASS [   0.007s] (197/519) ken-elaborator::lang_old_operand_start_admission existing_old_atom_and_projection_shapes_are_preserved
6	PASS [   0.477s] (198/519) ken-elaborator::lang_prelude_floor_fifteen strict_entry_rejects_forged_pre_source_floor_identity
6	PASS [   0.481s] (199/519) ken-elaborator::lang_qualified_constructor_privacy forge_count_decl
6	PASS [   6.589s] (200/519) ken-elaborator::lang_mod_strict_resolution_d1 strict_globals_choke_covers_every_d0_globals_representation
6	PASS [   1.012s] (201/519) ken-elaborator::lang_qualified_constructors imported_type_qualified_expression_keeps_provider_identity
6	PASS [   6.567s] (202/519) ken-elaborator::lang_qualified_constructor_privacy hidden_and_nonexistent_leaves_have_the_same_failure_class
6	PASS [   0.474s] (203/519) ken-elaborator::lang_qualified_constructors prelude_qualified_constructor_expression_keeps_true_id
6	PASS [   0.945s] (204/519) ken-elaborator::lang_qualified_constructors strict_roots_type_constructor_selection_keeps_public_and_private_faces
6	PASS [   0.477s] (205/519) ken-elaborator::lang_roots_loader_local_instance_dict_scope imported_head_uses_its_qualified_synthesis_identity_and_exports_that_identity
6	PASS [ 151.489s] (206/519) ken-elaborator r_layer_tests::kenfmt_b4_splicing::ac6_whole_literate_corpus_preserves_prose_ast_and_idempotence_read_only
6	PASS [   0.487s] (207/519) ken-elaborator::lang_standard_infix_call_completion a_fixed_instance_argument_matches_an_alias_by_global_identity
6	PASS [   0.432s] (208/519) ken-elaborator::lang_standard_infix_call_completion ac2c_an_explicit_partial_application_is_not_rewritten_into_a_completed_call
6	PASS [   0.007s] (209/519) ken-elaborator::lang_surface_block_comments ac3_doc_comment_attaches_to_following_declaration_discriminatingly
6	PASS [   0.482s] (210/519) ken-elaborator::lang_standard_infix_call_completion an_explicit_saturated_call_through_the_facade_path_elaborates
6	PASS [   0.436s] (211/519) ken-elaborator::lang_surface_decimal_precision decimal_eq_decides_wide_exactness_through_target
6	PASS [   2.835s] (212/519) ken-elaborator::lang_reserved_infix_names reserved_names_preserve_qualified_selected_and_renamed_global_identity
6	PASS [   0.438s] (213/519) ken-elaborator::lang_surface_int_precision zero_and_succ_constructor_result_indices_still_elaborate
6	PASS [   0.960s] (214/519) ken-elaborator::lang_surface_decimal_precision wide_decimal_reaches_kernel_carrier_and_evaluation_exactly
6	PASS [   0.485s] (215/519) ken-elaborator::lang_surface_pair non_pair_projection_has_pair_specific_diagnostic
6	PASS [   0.436s] (216/519) ken-elaborator::lang_surface_pair triples_lower_once_to_right_nested_core_pairs
6	PASS [   0.006s] (217/519) ken-elaborator::lang_trivia_kind_mapping_pin d1_same_line_after_doc_comment_attaches_leading_to_following_declaration
6	PASS [   0.006s] (218/519) ken-elaborator::lang_trivia_kind_mapping_pin d2_same_line_after_ordinary_block_comment_attaches_trailing_to_preceding_declaration
6	PASS [   0.478s] (219/519) ken-elaborator::lang_symbolic_operator_names fixed_plus_percent_still_elaborates_as_wrapping_addition
6	PASS [   0.007s] (220/519) ken-elaborator::lang_truncation_surface_syntax sentinel_inside_a_truncation_body_two_arguments_reassociate_instead_of_refusing
6	PASS [   0.477s] (221/519) ken-elaborator::lang_symbolic_operator_names symbolic_prefix_reference_remains_ordinary_application
6	PASS [   0.483s] (222/519) ken-elaborator::let5_checking_mode_let singleton_let_preserves_checked_introduction_goal
6	PASS [   1.905s] (223/519) ken-elaborator::lang_type_projection_surface_form ac1_a_lowercase_field_reaches_the_same_positions
6	PASS [   2.567s] (224/519) ken-elaborator::lang_truncation_surface_syntax ac5_derives_exact_shape_elaborates_and_kernel_checks
6	PASS [   7.174s] (225/519) ken-elaborator::literal_escapes_conformance unicode_escape_shape_scalar_and_char_cardinality
6	PASS [  13.183s] (226/519) ken-elaborator::map_build_acceptance cat_rel_seed_positive_two_edge_cycle_executes
6	PASS [  17.144s] (227/519) ken-elaborator::map_build_acceptance cat_bool_reuse_d2_import_withdrawal_and_wrong_name_fail_at_is_some
6	PASS [  11.601s] (228/519) ken-elaborator::map_build_acceptance fromlist_last_writer_and_ordered
6	PASS [  11.263s] (229/519) ken-elaborator::map_build_acceptance local_prebinding_preserves_legacy_map_union_stack_budget
6	PASS [   0.007s] (230/519) ken-elaborator::match_arm_glyph formatter_canonicalizes_ascii_maps_to_before_arrow
6	PASS [   0.434s] (231/519) ken-elaborator::n1_duplicate_definition class_and_constructor_share_the_duplicate_definition_funnel
6	PASS [   0.849s] (232/519) ken-elaborator::n2_in_repo_loader plural_api_fail_closed_until_multi_root_precedence_is_defined
6	PASS [   1.718s] (233/519) ken-elaborator::n3_import_exclusion local_import_clash_is_order_independent_and_latent
6	PASS [   0.007s] (234/519) ken-elaborator::nat_arithmetic_laws_acceptance tangled_source_stays_free_of_numeric_classes_and_trusted_declarations
6	PASS [   0.533s] (235/519) ken-elaborator::nat_arithmetic_laws_acceptance trusted_base_delta_is_empty_across_the_entry
6	PASS [   0.008s] (236/519) ken-elaborator::nc13_core_expression_lowering unbound_variable_rejects_before_runtime_program_success
6	PASS [  11.505s] (237/519) ken-elaborator::map_build_acceptance preservesordered_law1_is_a_real_general_proof_term
6	PASS [   0.451s] (238/519) ken-elaborator::nc14_data_match_lowering duplicate_nested_lift_arm_is_reachability_error
6	PASS [  11.488s] (239/519) ken-elaborator::map_build_acceptance tolistordered_law4_is_a_real_general_proof_term
6	PASS [   0.010s] (240/519) ken-elaborator::nc16_primitive_value_lowering primitive_bool_string_and_bytes_values_lower_and_evaluate
6	PASS [   0.011s] (241/519) ken-elaborator::nc18_effects_foreign_boundary_ir stale_interpreter_identity_still_rejects_before_unavailable_effect_report
6	PASS [   0.012s] (242/519) ken-elaborator::nc5_erasure_runtime_ir proof_erasure_boundary_witness_rejects_stale_identity
6	PASS [   0.535s] (243/519) ken-elaborator::nc14_data_match_lowering nested_inductive_elaboration_preserves_trusted_base_set
6	PASS [   0.007s] (244/519) ken-elaborator::purity_keywords legacy_view_at_declaration_head_is_not_a_declaration
6	PASS [   0.485s] (245/519) ken-elaborator::proof_vocabulary public_module_definitions_receive_the_same_forward_admission
6	PASS [   0.480s] (246/519) ken-elaborator::purity_keywords surf1_d2_const_and_fn_accept_by_value_arity
6	PASS [   1.038s] (247/519) ken-elaborator::nc14_data_match_lowering option_match_payload_binding_lowers_and_matches_interpreter
6	PASS [   0.472s] (248/519) ken-elaborator::purity_keywords surf1_d2_fn_and_const_cannot_declare_effect_rows
6	PASS [   0.472s] (249/519) ken-elaborator::purity_keywords surf1_d2_pure_arity_mismatches_reject
6	PASS [   0.440s] (250/519) ken-elaborator::px8f_buffer_io_surface buffer_span_producer_closure_rejects_unknown_public_ids
6	PASS [   0.478s] (251/519) ken-elaborator::px9_revoked_unification resource_lifecycle_keeps_exact_non_revoked_arms_and_zero_new_trust
6	PASS [ 177.432s] (252/519) ken-elaborator::b2_acceptance cross_case_verdict_mapping_is_constant
6	PASS [   0.452s] (253/519) ken-elaborator::record_decl_form point_named_projections_are_typed_through_the_shared_owner_registry
6	PASS [   0.488s] (254/519) ken-elaborator::record_index_sigma_closure hidden_result_refinement_handles_a_reducible_record_scrutinee
6	PASS [   0.478s] (255/519) ken-elaborator::record_index_sigma_closure second_sigma_component_refines_a_fresh_branch_goal
6	PASS [   0.482s] (256/519) ken-elaborator::record_literal named_literals_follow_declaration_order_not_written_order
6	PASS [   0.490s] (257/519) ken-elaborator::record_literal puns_resolve_in_the_enclosing_scope_and_follow_field_names
6	PASS [   0.643s] (258/519) ken-elaborator::rt_dasm_d1b_role_c1_trusted_base_provenance c1_a_severed_tuple_partner_is_refused
6	PASS [   1.714s] (259/519) ken-elaborator::r3_c2_source_mixed_branch c2_source_mixed_branch_walk_gates_one_to_three
6	PASS [   0.617s] (260/519) ken-elaborator::rt_dasm_d1b_role_c1_trusted_base_provenance c1_the_user_foreign_still_fails_in_admission_before_the_residual_blockers
6	PASS [   0.007s] (261/519) ken-elaborator::sec1_acceptance by_typing_meta_theorem_is_trusted_scope
6	PASS [   0.007s] (262/519) ken-elaborator::sec1_acceptance combine_raises_label
6	PASS [   0.007s] (263/519) ken-elaborator::sec1_acceptance n1_n2_stub_gaps_carry_reify_triggers
6	PASS [   0.007s] (264/519) ken-elaborator::sec1_acceptance unprovable_relational_incomplete_never_false_proved
6	PASS [   0.006s] (265/519) ken-elaborator::sec2_acceptance attenuated_cap_at_strong_sink_rejects
6	PASS [   0.477s] (266/519) ken-elaborator::sct_completeness_repro shape_a_val2_12_nested_split_flat_sibling_recursion_accepts
6	PASS [   0.007s] (267/519) ken-elaborator::sec2_acceptance revoke_is_transitive_static_contract
6	PASS [   0.489s] (268/519) ken-elaborator::sct_reconstruction_descent shape_b_bad_ack2_still_rejected
6	PASS [   0.488s] (269/519) ken-elaborator::sct_reconstruction_descent shape_b_bad_ack_still_rejected
6	PASS [   0.493s] (270/519) ken-elaborator::surface_arrow_in_expr_acceptance ill_typed_arrow_domain_is_still_kernel_rejected
6	PASS [   0.504s] (271/519) ken-elaborator::surface_arrow_and_infix_acceptance minus_and_plus_are_left_associative
6	PASS [   0.012s] (272/519) ken-elaborator::t1_acceptance agent_pivots_on_status_no_text_scraping
6	PASS [   0.009s] (273/519) ken-elaborator::t1_acceptance mixed_rollup_refuted_dominates
6	PASS [   0.490s] (274/519) ken-elaborator::surface_named_proof_claims attached_proof_subject_telescope_must_match
6	PASS [   0.493s] (275/519) ken-elaborator::surface_transport_acceptance standalone_malformed_j_is_rejected_by_the_final_kernel_check
6	PASS [   0.481s] (276/519) ken-elaborator::v1_acceptance epistemic_projection_distinct
6	PASS [   0.489s] (277/519) ken-elaborator::v1_acceptance law_all_omega_fields_is_proposition
6	PASS [   0.473s] (278/519) ken-elaborator::v1_acceptance requires_on_first_of_two_params
6	PASS [   0.474s] (279/519) ken-elaborator::v1_acceptance result_out_of_ensures_rejects
6	PASS [   0.473s] (280/519) ken-elaborator::v1_acceptance unknown_hole_distinct_from_proved
6	PASS [   0.478s] (281/519) ken-elaborator::v1_acceptance v0_behavior_unchanged
6	PASS [   0.007s] (282/519) ken-elaborator::v3_acceptance bare_unsat_no_cert_is_unknown_not_proved
6	PASS [   0.009s] (283/519) ken-elaborator::v3_acceptance pure_pipeline_no_obligations_unaffected
6	PASS [   0.483s] (284/519) ken-elaborator::v2_acceptance forgetful_coercion_emits_nothing
6	PASS [   0.472s] (285/519) ken-elaborator::v2_acceptance provenance_and_stable_ids
6	PASS [   0.477s] (286/519) ken-elaborator::v2_acceptance trivial_clause_still_emits_obligation
6	PASS [   2.798s] (287/519) ken-elaborator::v3_fo_checker_soundness_d1a_elaborator_divergence_finding minimal_fok_derivation_eliminator_builds_without_trust_growth
6	PASS [   2.785s] (288/519) ken-elaborator::v3_fo_checker_soundness_d1b_reflection fok_derives_is_exact_truncation_of_the_indexed_rule_tree
6	PASS [   2.854s] (289/519) ken-elaborator::v3_fo_checker_soundness_d1a_rule_correspondence init_constructor_and_checker_reject_a_changed_principal_index
6	PASS [   0.012s] (290/519) ken-elaborator::v3_fo_obligation_signature_discovery_acceptance bottom_in_antecedent_does_not_overcollect_as_a_spurious_sort
6	PASS [   2.977s] (291/519) ken-elaborator::v3_fo_checker_soundness_d1a_rule_correspondence forall_obj_right_constructor_and_checker_reject_a_nonfresh_eigenparameter
6	PASS [   0.008s] (292/519) ken-elaborator::v3_fo_sorted_eigenparameter_refuting_cert corrected_search_finds_a_planted_comparable_witness
6	PASS [   0.007s] (293/519) ken-elaborator::v4_acceptance no_slice_action_for_refuted_goal
6	PASS [   0.500s] (294/519) ken-elaborator::val1_string_literals fizzbuzz_classification_elaborates
6	PASS [   0.480s] (295/519) ken-elaborator::val1_string_literals string_literal_evaluates_to_str_val
6	PASS [   0.007s] (296/519) ken-foundation hash::tests::fnv1a_known_empty
6	PASS [   0.009s] (297/519) ken-foundation store::tests::reset_retires_slot_ids
6	PASS [   0.009s] (298/519) ken-host abi_m1_d0_probe::canonical_family_names_are_distinct
6	PASS [   0.007s] (299/519) ken-host abi_m1_d0_probe::the_generated_projections_cover_every_family_exactly_once
6	PASS [   0.008s] (300/519) ken-host abi_v1::tests::abi_a3_raw_dispatch_executes_all_four_directory_operations
6	PASS [   0.008s] (301/519) ken-host abi_v1::tests::fs_metadata_raw_dispatch_returns_exact_file_and_directory_fields
6	PASS [   0.011s] (302/519) ken-host abi_v1::tests::scripted_home_failures_use_real_init_and_pre_context_terminal_writer
6	PASS [   0.009s] (303/519) ken-host abi_v1::tests::zero_plan_binding_clears_the_complete_init_result
6	PASS [   0.007s] (304/519) ken-host effect_v1::tests::abi_s1_duplicate_preserves_policy_rights_and_revocation_lineage
6	PASS [   0.007s] (305/519) ken-host effect_v1::tests::abi_s6_d1_unmap_failure_is_typed_and_terminal
6	PASS [   0.007s] (306/519) ken-host effect_v1::tests::abi_s6_d5a_mapping_limits_share_page_charges_and_release_restores_capacity
6	PASS [   0.007s] (307/519) ken-host effect_v1::tests::distinct_host_roots_have_byte_identical_resource_lifecycle_observations
6	PASS [   0.007s] (308/519) ken-host effect_v1::tests::revoke_admission_order_preserves_write_and_exactly_once_settlement
6	PASS [   0.008s] (309/519) ken-host effect_wire::tests::abi_s6_d4_file_acquire_and_mapping_limit_round_trip_typed_wire
6	PASS [   0.007s] (310/519) ken-host effect_wire::tests::sole_codec_rejects_terminal_role_length_and_class_drift
6	PASS [   0.006s] (311/519) ken-host effect_wire::tests::wire_decoder_rejects_read_some_effective_request_zero_below_count_and_above_raw
6	PASS [   0.007s] (312/519) ken-host mapping_v1::tests::mapping_protection_is_read_only_or_read_write_exactly
6	PASS [   0.015s] (313/519) ken-host tests::producer_inventory_is_bidirectional_and_sync_drift_is_discriminating
6	PASS [   0.008s] (314/519) ken-host tests::public_components_reject_unrooted_or_ambiguous_inputs
6	PASS [   0.012s] (315/519) ken-interp console_io_tests::val1_c2_write_prints_and_resumes
6	PASS [   0.010s] (316/519) ken-interp eff_tests::eff2_bind_graft_threads_response
6	PASS [   0.010s] (317/519) ken-interp eval::capacity_tests::interp_loud_capacity_error_not_silent
6	PASS [   0.010s] (318/519) ken-interp eval::px5b_effect_observation_tests::abi_s6_d5a_mapping_dispatch_uses_the_in_process_interpreter_backend
6	PASS [   0.010s] (319/519) ken-interp eval::px5b_effect_observation_tests::budget_eff_capped_full_read_reifies_effective_not_raw_remaining
6	PASS [   0.010s] (320/519) ken-interp eval::px5b_effect_observation_tests::positioned_backend_broken_pipe_reifies_distinct_from_interrupted
6	PASS [   0.010s] (321/519) ken-interp eval::px5b_effect_observation_tests::rt_parity_buffer_freeze_rejects_malformed_bounds_exactly
6	PASS [   0.007s] (322/519) ken-interp eval::px8r_create_or_keep_race_tests::posix_whole_file_create_or_keep_preserves_an_already_appeared_leaf
6	PASS [   0.011s] (323/519) ken-interp tests::agree_observational_corpus
6	PASS [   0.011s] (324/519) ken-interp tests::agree_with_kernel_reduction
6	PASS [   0.011s] (325/519) ken-interp tests::det_sharing_dedups_by_slot
6	PASS [   2.898s] (326/519) ken-elaborator::v3_fo_ken_level_checker_authoring certificate_sort_validation_object_in_world_pair
6	PASS [   2.826s] (327/519) ken-elaborator::v3_fo_ken_level_checker_authoring fok_check_cert_accepts_genuine_derivations
6	PASS [   0.007s] (328/519) ken-interp::f2f3_acceptance ac4_wrapping_add_int8_same_operands_still_wraps
6	PASS [   0.006s] (329/519) ken-interp::f2f3_acceptance bare_add_int8_no_overflow_still_computes
6	PASS [   0.468s] (330/519) ken-interp::fs_driver_build_capability_acceptance r2_insufficient_cap_denied_before_read
6	PASS [   0.841s] (331/519) ken-interp::i2_console_floor broken_pipe_is_the_named_ioerror_value
6	PASS [   0.007s] (332/519) ken-interp::i5_scoped_capability posix_resolution_is_descriptor_relative_and_nofollow
6	PASS [   0.661s] (333/519) ken-interp::l1_acceptance ac3_overflow_obligation_dischargeable_structure
6	PASS [   0.771s] (334/519) ken-interp::l1_acceptance ac6_decimal_exact
6	PASS [   0.011s] (335/519) ken-interp::nc12_runtime_ir_evaluator caller_supplied_interpreter_agreement_binds_identities_without_live_path_claim
6	PASS [   0.021s] (336/519) ken-interp::nc12_runtime_ir_evaluator disagreement_report_names_artifact_target_and_both_observations
6	PASS [   0.792s] (337/519) ken-interp::nc7_differential_trust_report mismatch_report_names_compare_stage_after_both_sides_run
6	PASS [   0.456s] (338/519) ken-interp::nc9_proof_erasure_boundary_checker ken_checker_rejects_dropped_metadata_with_named_lane
6	PASS [   0.018s] (339/519) ken-kernel conv::tests::beta_whnf
6	PASS [   0.013s] (340/519) ken-kernel conv::tests::cast_and_quotient_elim_heterogeneous_heads_stay_distinct
6	PASS [   0.021s] (341/519) ken-kernel conv::tests::k3_closed_iota_to_neutral_argument_does_not_report_iota_progress
6	PASS [   0.017s] (342/519) ken-kernel inductive::tests::positivity_bad3_in_application_rejected
6	PASS [   0.013s] (343/519) ken-kernel sct::tests::is_exact_reconstruction_structural_increase_rejected
6	PASS [   0.012s] (344/519) ken-kernel sct::tests::is_exact_reconstruction_wrong_field_rejected
6	PASS [   0.018s] (345/519) ken-kernel subst::tests::subst_tel_length3_dependent_spine
6	PASS [   0.021s] (346/519) ken-kernel::acceptance ac1_predicative_pi
6	PASS [   0.023s] (347/519) ken-kernel::acceptance ac4_elim_vec_iota_open_telescope_index_correct
6	PASS [   0.020s] (348/519) ken-kernel::acceptance k2_cast_computes_quotient_class_preserved
6	PASS [   0.017s] (349/519) ken-kernel::acceptance k2_eq_inductive_same_ctor_nat_suc
6	PASS [   0.020s] (350/519) ken-kernel::ax2_named_postulate_inertness changing_only_an_opaque_label_changes_audit_text_not_typing
6	PASS [   0.017s] (351/519) ken-kernel::ax2_named_postulate_inertness trusted_base_stays_id_shaped_and_resolves_shared_labels
6	PASS [   0.026s] (352/519) ken-kernel::ds6b_intlit_eq_reduction intlit_infers_the_registered_primitive_type
6	PASS [   0.025s] (353/519) ken-kernel::eq_at_inductive_multifield_binder one_field_reflexive_eq_stays_well_typed_either_way
6	PASS [   0.026s] (354/519) ken-kernel::k1p5_wstyle ac1_negative_bad_rejected
6	PASS [   0.015s] (355/519) ken-kernel::k1p5_wstyle ac2_indexed_wstyle_method_type_agreement
6	PASS [   0.016s] (356/519) ken-kernel::k1p5_wstyle ac3_inner_elim_fires_through_ctor_producing_k
6	PASS [   0.025s] (357/519) ken-kernel::k2c_conversion declare_def_non_recursive_admitted
6	PASS [   0.018s] (358/519) ken-kernel::k2c_conversion sct_accept_mutual
6	PASS [   0.011s] (359/519) ken-kernel::k2c_conversion sct_reject_self_loop
6	PASS [   0.022s] (360/519) ken-kernel::k2c_series2 cast_inductive_open_index_stuck
6	PASS [   0.024s] (361/519) ken-kernel::k4_omega_motive omega_pi_shortcut_fires_on_distinct_proofs_not_alpha
6	PASS [   0.020s] (362/519) ken-kernel::k5_omega_fragment neutral_index_equality_cannot_feed_type_absurd
6	PASS [   0.014s] (363/519) ken-kernel::k5_omega_fragment sct_rejects_self_reference_laundered_through_absurd
6	PASS [   0.023s] (364/519) ken-kernel::ktr1_constructor_universe_gate lifted_universe_argument_is_accepted
6	PASS [   0.013s] (365/519) ken-kernel::ktr1_constructor_universe_gate same_level_universe_argument_is_rejected_with_specific_error
6	PASS [   0.026s] (366/519) ken-kernel::nested_inductives_all neutral_all_inhabitant_checks_at_the_literal_family_application
6	PASS [   0.024s] (367/519) ken-kernel::nested_inductives_remaining seed_bound_head_is_unknown_and_rejected
6	PASS [   0.025s] (368/519) ken-kernel::obs_eq_termination_congruence allkeys_distinct_predicate_stays_rejected
6	PASS [   0.026s] (369/519) ken-kernel::sigma_sort pi_into_prop_is_prop_codomain_keyed
6	PASS [   0.016s] (370/519) ken-kernel::sigma_sort sigma_subset_pairs_not_proof_irrelevant
6	PASS [   0.024s] (371/519) ken-runtime activation_abi::tests::selected_call_checked_services_gate_rejects_capacity_and_integrity
6	PASS [   0.014s] (372/519) ken-runtime boundary_activation::tests::cap_zero_cannot_be_raised_child
6	PASS [   0.023s] (373/519) ken-runtime boundary_activation::tests::moving_the_activation_does_not_move_what_generated_code_was_given
6	PASS [   0.028s] (374/519) ken-runtime boundary_activation::tests::unrepresentable_node_grants_do_not_panic_at_open_or_begin
6	PASS [   0.016s] (375/519) ken-runtime boundary_resource_profile::tests::a_missing_profile_is_distinguishable_from_exhaustion_and_names_its_stage
6	PASS [   0.015s] (376/519) ken-runtime boundary_resource_profile::tests::the_eight_limits_are_eight_and_each_is_separately_addressable
6	PASS [   0.017s] (377/519) ken-runtime boundary_value::invocation_aggregate_decode_tests::a_record_aggregate_decodes_to_its_named_fields
6	PASS [   0.053s] (378/519) ken-runtime boundary_value_clif::tests::b2v_acv5_the_same_compound_child_alone_does_mint_a_slot
6	PASS [   0.054s] (379/519) ken-runtime boundary_value_clif::tests::b2v_d5_the_durable_closure_lane_is_refused_at_allocation_by_name
6	PASS [   0.107s] (380/519) ken-runtime boundary_value_clif::tests::b2v_emitted_code_constructs_a_record_readable_by_name
6	PASS [   0.067s] (381/519) ken-runtime boundary_value_clif::tests::b2v_emitted_code_constructs_a_wide_persistent_int_that_outlives_the_arena
6	PASS [   0.084s] (382/519) ken-runtime boundary_value_clif::tests::b2v_emitted_code_constructs_one_selected_host_result_payload
6	PASS [   0.053s] (383/519) ken-runtime boundary_value_clif::tests::b2v_emitted_code_projects_a_nested_aggregate
6	PASS [   0.088s] (384/519) ken-runtime boundary_value_clif::tests::b2v_emitted_wide_int_construction_refuses_a_noncanonical_magnitude
6	PASS [   0.040s] (385/519) ken-runtime boundary_value_clif::tests::b2v_referent_owner_distinguishes_persistent_from_borrowed
6	PASS [   0.025s] (386/519) ken-runtime boundary_value_clif::tests::b2v_the_helper_inventory_is_closed_and_named
6	PASS [   0.008s] (387/519) ken-runtime boundary_value_clif::tests::b2v_the_rust_mirror_and_the_derived_relation_reconcile_over_the_product
6	PASS [   0.039s] (388/519) ken-runtime boundary_value_clif::tests::d3_a_lawful_byte_span_yields_a_usable_pointer_and_length
6	PASS [   0.008s] (389/519) ken-runtime canonical::tests::set_ordering_deterministic
6	PASS [   0.007s] (390/519) ken-runtime cranelift_backend::artifact::api::tests::nc8_certificate_rejects_add_int_var_bound_to_bool_payload
6	PASS [   0.031s] (391/519) ken-runtime cranelift_backend::artifact::api::tests::nc8_valid_certificate_records_f2_validation_separate_from_f1
6	PASS [   0.010s] (392/519) ken-runtime cranelift_backend::artifact::api::tests::reachable_package_effect_metadata_rejects_before_backend_lowering
6	PASS [   0.051s] (393/519) ken-runtime cranelift_backend::artifact::api::tests::the_synthetic_entrypoint_consumes_the_authority_it_is_given
6	PASS [   0.012s] (394/519) ken-runtime cranelift_backend::artifact::tests::b2f_ac8_the_native_int_module_declares_exactly_its_nine_functions
6	PASS [   0.018s] (395/519) ken-runtime cranelift_backend::artifact::tests::px8i_jit_and_object_construct_identical_local_helper_clif
6	PASS [   0.008s] (396/519) ken-runtime cranelift_backend::grafted_spine_control_graph::tests::mismatched_return_rejects_at_exact_return_layer
6	PASS [   0.007s] (397/519) ken-runtime cranelift_backend::lowering::boundary::tests::recut2_only_the_store_minted_handle_requires_the_whole_lifecycle
6	PASS [   0.058s] (398/519) ken-runtime cranelift_backend::lowering::boundary::tests::recut2_the_emitted_helper_graph_changes_when_the_tag_sets_change
6	PASS [   0.007s] (399/519) ken-runtime cranelift_backend::lowering::boundary::tests::recut2_the_phase_inventory_is_bound_to_the_type
6	PASS [   0.007s] (400/519) ken-runtime cranelift_backend::lowering::core::branched_scrutinee_unit_body_observer_tests::plain_match_branch_entry_is_retained_when_the_same_resolution_reaches_route1
6	PASS [   0.007s] (401/519) ken-runtime cranelift_backend::lowering::core::branched_scrutinee_unit_body_port_tests::plain_match_declared_body_units_refuse_disagreement_and_the_mutation_discriminates
6	PASS [   0.031s] (402/519) ken-runtime cranelift_backend::lowering::core::primitive::tests::safe_bytes_at_oob_lowers_to_none_with_bounds_obligation
6	PASS [   0.010s] (403/519) ken-runtime cranelift_backend::lowering::core::tests::constructors::a_capture_contract_whose_slot_ordinals_are_permuted_rejects
6	PASS [   0.008s] (404/519) ken-runtime cranelift_backend::lowering::core::tests::constructors::a_construction_time_occurrence_lookup_fails_closed
6	PASS [   0.027s] (405/519) ken-runtime cranelift_backend::lowering::core::tests::constructors::a_dynamic_alternative_with_no_planned_record_refuses
6	PASS [   0.027s] (406/519) ken-runtime cranelift_backend::lowering::core::tests::constructors::b2f_d9_a_value_past_the_field_takes_the_spill_arm
6	PASS [   0.029s] (407/519) ken-runtime cranelift_backend::lowering::core::tests::constructors::c1_d3_ac_c4_the_residual_holds_the_declared_positions_projected_child
6	PASS [   0.060s] (408/519) ken-runtime cranelift_backend::lowering::core::tests::constructors::c2_ac4_runtime_host_result_selects_a_separately_generated_nested_payload
6	PASS [   0.043s] (409/519) ken-runtime cranelift_backend::lowering::core::tests::constructors::carried_bool_dispatch_refuses_real_tag_seven_nodes_with_bool_shaped_scalars
6	PASS [   0.024s] (410/519) ken-runtime cranelift_backend::lowering::core::tests::constructors::carried_bool_family_refuses_a_mixed_extra_case_pre_arm
6	PASS [   0.045s] (411/519) ken-runtime cranelift_backend::lowering::core::tests::constructors::d2_an_unselected_reply_arm_copies_no_bytes
6	PASS [   0.024s] (412/519) ken-runtime cranelift_backend::lowering::core::tests::constructors::d4_a_seat_whose_need_is_not_a_byte_span_is_refused
6	PASS [   0.101s] (413/519) ken-runtime cranelift_backend::lowering::core::tests::constructors::dynamic_constructor_dispatches_producer_continuation_with_all_frames
6	PASS [   0.041s] (414/519) ken-runtime cranelift_backend::lowering::core::tests::constructors::heterogeneous_frame_environment_and_binder_order_are_preserved
6	PASS [   0.037s] (415/519) ken-runtime cranelift_backend::lowering::core::tests::constructors::heterogeneous_ordinary_arity_is_guarded_in_the_emitted_consumer
6	PASS [   0.044s] (416/519) ken-runtime cranelift_backend::lowering::core::tests::constructors::selected_worker_generated_gate_rejects_reused_slot_generation
6	PASS [   0.009s] (417/519) ken-runtime cranelift_backend::lowering::core::tests::constructors::static_worker_construction_rejects_missing_target
6	PASS [   0.051s] (418/519) ken-runtime cranelift_backend::lowering::core::tests::control::a_retained_body_is_defined_once_even_when_called_twice
6	PASS [   0.008s] (419/519) ken-runtime cranelift_backend::lowering::core::tests::control::checked_marker_census_rejects_duplicate_call_and_slot_occurrences_before_cfg
6	PASS [   0.009s] (420/519) ken-runtime cranelift_backend::lowering::core::tests::control::nested_computational_inner_missing_selects_exact_inner_default
6	PASS [   0.014s] (421/519) ken-runtime cranelift_backend::lowering::core::tests::control::oriented_dynamic_edge_mutations_reject_through_named_lanes
6	PASS [   0.082s] (422/519) ken-runtime cranelift_backend::lowering::core::tests::control::px8j_all_three_producer_paths_reach_real_consumers
6	PASS [   0.011s] (423/519) ken-runtime cranelift_backend::lowering::core::tests::control::the_branch_local_partition_mints_a_declared_body_for_a_capture_free_recursive_position
6	PASS [   0.070s] (424/519) ken-runtime cranelift_backend::lowering::core::tests::effects::abi_s6_d5a_mapping_limit_and_mapping_kind_reify_without_trapping
6	PASS [   0.038s] (425/519) ken-runtime cranelift_backend::lowering::core::tests::effects::borrowed_ingress_bytes_at_preserves_safe_none_bounds
6	PASS [   0.225s] (426/519) ken-runtime cranelift_backend::lowering::core::tests::effects::carried_constructor_dispatch_traps_non_matching_roots_before_host_dispatch
6	PASS [   0.096s] (427/519) ken-runtime cranelift_backend::lowering::core::tests::effects::complementary_omissions_across_two_visits_both_reject_though_their_union_is_complete
6	PASS [   0.042s] (428/519) ken-runtime cranelift_backend::lowering::core::tests::effects::direct_host_result_closure_match_keeps_established_dynamic_lane
6	PASS [   0.024s] (429/519) ken-runtime cranelift_backend::lowering::core::tests::effects::resource_token_seat_refuses_a_wrong_low_tag_before_class_and_scalar
6	PASS [   0.030s] (430/519) ken-runtime cranelift_backend::lowering::core::tests::effects::unsupported_effect_is_distinct_from_backend_failure
6	PASS [   0.084s] (431/519) ken-runtime cranelift_backend::lowering::core::tests::host_call_carrier::a_trap_arm_and_its_trap_free_twin_both_functionize
6	PASS [   0.168s] (432/519) ken-runtime cranelift_backend::lowering::core::tests::host_call_carrier::d5_c4_checked_plan_mutations_each_reach_their_own_authority
6	PASS [   0.063s] (433/519) ken-runtime cranelift_backend::lowering::core::tests::host_call_carrier::d5_the_recursion_group_axis_is_inert_on_a_self_call_and_causal_on_the_mutual_pair
6	PASS [   0.010s] (434/519) ken-runtime cranelift_backend::lowering::core::tests::host_call_carrier::rtfp_a_cleared_transported_identity_rejects_before_cfg
6	PASS [   0.020s] (435/519) ken-runtime cranelift_backend::lowering::core::tests::positional_candidate_settlement::d3_the_fusion_local_composition_ledger_is_affine_and_total
6	PASS [   0.010s] (436/519) ken-runtime cranelift_backend::lowering::core::tests::recursor_fusion::contkey_wrong_inner_match_eliminator_seed_is_rejected
6	PASS [   0.012s] (437/519) ken-runtime cranelift_backend::lowering::core::tests::recursor_fusion::contkey_wrong_own_occurrence_seed_is_rejected
6	PASS [   0.040s] (438/519) ken-runtime cranelift_backend::lowering::core::tests::recursor_fusion::d2f_a_production_compile_builds_the_fusion_identity_plane
6	PASS [   0.088s] (439/519) ken-runtime cranelift_backend::lowering::core::tests::recursor_fusion::r3_fused_nonempty_producer_captures_refuse_before_emission
6	PASS [   0.124s] (440/519) ken-runtime cranelift_backend::lowering::core::tests::recursor_fusion::r3_fused_post_field_direct_call_reintroduction_refuses_before_emission
6	PASS [   0.117s] (441/519) ken-runtime cranelift_backend::lowering::core::tests::recursor_fusion::r3_fused_wrong_consuming_call_refuses_before_claim_consumption
6	PASS [   0.155s] (442/519) ken-runtime cranelift_backend::lowering::core::tests::recursor_fusion::required_consumer_route_manufactures_the_depth_two_plus_closure_crossing
6	PASS [   0.055s] (443/519) ken-runtime cranelift_backend::lowering::core::tests::source_frame_bridge::d6b_every_raw_emission_sits_where_the_tables_agree_and_every_context_emission_where_they_differ
6	PASS [   0.059s] (444/519) ken-runtime cranelift_backend::lowering::core::tests::source_frame_bridge::d6b_the_mixed_pair_is_over_one_body_and_only_a_retarget_makes_the_two_tables_disagree
6	PASS [   0.447s] (445/519) ken-runtime cranelift_backend::lowering::core::tests::source_frame_bridge::d6c_the_sealed_binder_run_refuses_a_miscounted_or_permuted_run_at_its_producer
6	PASS [   0.166s] (446/519) ken-runtime cranelift_backend::lowering::core::tests::source_frame_bridge::d8g_each_producer_input_mutation_is_caught_by_the_guard_that_owns_it
6	PASS [   0.048s] (447/519) ken-runtime cranelift_backend::lowering::core::tests::source_frame_bridge::d8m_two_distinct_occurrences_each_keep_their_own_frame
6	PASS [   0.082s] (448/519) ken-runtime cranelift_backend::lowering::core::tests::source_frame_bridge::d8o_every_emitted_body_binds_its_own_planner_issued_authority
6	PASS [   0.008s] (449/519) ken-runtime cranelift_backend::lowering::core::tests::specialization_binding::continuation_case_binder_run_hard_stops_rather_than_leaving_a_hole
6	PASS [   0.044s] (450/519) ken-runtime cranelift_backend::lowering::core::tests::specialization_binding::d5a_a_superseded_worker_body_keeps_its_raw_descriptor_authority
6	PASS [   0.054s] (451/519) ken-runtime cranelift_backend::lowering::core::tests::specialization_binding::d6a_a_raw_or_static_worker_call_cannot_mint_the_checked_route
6	PASS [   0.039s] (452/519) ken-runtime cranelift_backend::lowering::core::tests::specialization_binding::d8e_the_composed_binding_is_installed_consumed_and_clears_its_own_causal_edge
6	PASS [   0.205s] (453/519) ken-runtime cranelift_backend::lowering::core::tests::specialization_binding::d8j_the_composed_authority_is_discharged_once_after_the_call
6	PASS [   0.054s] (454/519) ken-runtime cranelift_backend::lowering::core::tests::specialization_binding::rt_seed_direct_and_context_gather_use_the_same_entry_words
6	PASS [   0.096s] (455/519) ken-runtime cranelift_backend::lowering::source::tests::d8f_the_declined_call_does_not_answer_for_the_checked_identity
6	PASS [   0.008s] (456/519) ken-runtime cranelift_backend::lowering::units::captured_environment_bijection::a_gapped_ordinal_run_is_refused_even_at_the_right_length
6	PASS [   0.007s] (457/519) ken-runtime cranelift_backend::lowering::units::captured_environment_bijection::a_short_run_is_refused_against_the_capture_count
6	PASS [   0.008s] (458/519) ken-runtime cranelift_backend::planning::plan_extraction_tests::native_join_plan_absent_when_no_metadata_carries_the_header
6	PASS [   0.015s] (459/519) ken-runtime cranelift_backend::planning::static_transition::aggregates::checked_ih_captured_env_schema::an_integrity_defect_in_the_envelope_refuses_rather_than_dropping_the_unit
6	PASS [   0.011s] (460/519) ken-runtime cranelift_backend::planning::static_transition::aggregates::checked_ih_captured_env_schema::bind_continuation_production_rejects_multiple_static_targets
6	PASS [   0.007s] (461/519) ken-runtime cranelift_backend::planning::static_transition::aggregates::checked_ih_captured_env_schema::bind_target_exactness_rejects_multi_target_and_unpaired
6	PASS [   0.018s] (462/519) ken-runtime cranelift_backend::planning::static_transition::aggregates::checked_ih_captured_env_schema::each_records_ordered_run_matches_the_authoritative_roles
6	PASS [   0.012s] (463/519) ken-runtime cranelift_backend::planning::static_transition::aggregates::checked_ih_captured_env_schema::transport_lookup_is_per_producer_inside_a_mixed_plan
6	PASS [   0.010s] (464/519) ken-runtime cranelift_backend::planning::static_transition::aggregates::tests::an_abandoned_eager_template_contributes_neither_records_nor_allocation
6	PASS [   0.013s] (465/519) ken-runtime cranelift_backend::planning::static_transition::closure::tests::d2h_ac1_every_one_member_mutation_interns_to_its_own_id
6	PASS [   0.007s] (466/519) ken-runtime cranelift_backend::planning::static_transition::closure::tests::p2_the_fixture_witness_refuses_closures
6	PASS [   0.010s] (467/519) ken-runtime cranelift_backend::planning::static_transition::closure::tests::substrate_case_emission_open_ingress_prunes_nothing
6	PASS [   0.007s] (468/519) ken-runtime cranelift_backend::planning::static_transition::continuations::fusion::tests::d2e_binder_role_a_nonrecursive_case_has_no_hypothesis_slot
6	PASS [   0.014s] (469/519) ken-runtime cranelift_backend::planning::static_transition::continuations::fusion::tests::d2f_5_the_redirect_target_is_selected_by_the_complete_key
6	PASS [   0.016s] (470/519) ken-runtime cranelift_backend::planning::static_transition::continuations::fusion::tests::d2g_ac2_transport_resolves_plan_backed_on_the_twin_and_is_absent_on_the_witness
6	PASS [   0.014s] (471/519) ken-runtime cranelift_backend::planning::static_transition::continuations::fusion::tests::d2i_ac3_a_second_matching_static_body_edge_is_refused
6	PASS [   0.013s] (472/519) ken-runtime cranelift_backend::planning::static_transition::continuations::tests::contspec_planner_closes_ordered_keys_units_and_causal_edges_dormantly
6	PASS [   0.012s] (473/519) ken-runtime cranelift_backend::planning::static_transition::continuations::tests::contsrc_d2b_current_lexical_availability_counts_the_intervening_binder
6	PASS [   0.007s] (474/519) ken-runtime cranelift_backend::planning::static_transition::continuations::tests::contsrc_d3a_abi_provenance_separates_the_domains_at_one_owner
6	PASS [   0.012s] (475/519) ken-runtime cranelift_backend::planning::static_transition::immediate_bridge::tests::a_non_bridge_case_body_is_skipped_rather_than_refused
6	PASS [   0.007s] (476/519) ken-runtime cranelift_backend::planning::static_transition::immediate_bridge::tests::lifted_heterogeneous_producer_selected_by_offset_arithmetic
6	PASS [   0.007s] (477/519) ken-runtime cranelift_backend::planning::static_transition::immediate_bridge::tests::refuses_an_ih_slots_wrapper_whose_inner_form_is_wrong
6	PASS [   0.012s] (478/519) ken-runtime cranelift_backend::planning::static_transition::immediate_bridge::tests::validation_accepts_an_empty_plane_when_the_derivation_is_empty
6	PASS [   0.010s] (479/519) ken-runtime cranelift_backend::planning::static_transition::joins_traps::tests::d8_mixed_join_plan_is_carrier_and_arm_order_independent
6	PASS [   0.009s] (480/519) ken-runtime cranelift_backend::planning::static_transition::occurrences::tests::content_equal_occurrences_resolve_to_distinct_occurrences
6	PASS [   0.010s] (481/519) ken-runtime cranelift_backend::planning::static_transition::occurrences::tests::substrate_equal_case_lists_keep_distinct_occurrence_partitions
6	PASS [   0.011s] (482/519) ken-runtime cranelift_backend::planning::static_transition::selected_pending_calls::tests::open_return_and_generated_crossings_keep_the_admission_refusals
6	PASS [   0.008s] (483/519) ken-runtime cranelift_backend::surface::surface_diagnostics_tests::cranelift_backend_error_prefixes_both_arms
6	PASS [   0.009s] (484/519) ken-runtime executable_artifact_contract::tests::available_native_artifact_rejects_blank_required_evidence_fields
6	PASS [   0.008s] (485/519) ken-runtime executable_artifact_contract::tests::native_and_toolchain_facts_cannot_be_semantic_authority
6	PASS [   0.008s] (486/519) ken-runtime executable_entrypoint_packaging::tests::process_entrypoint_packaging_binds_raw_argv_environment_and_cwd
6	PASS [   0.007s] (487/519) ken-runtime hash::tests::fnv1a_deterministic
6	PASS [   0.007s] (488/519) ken-runtime invocation_tickets::tests::selected_call_is_one_use_and_wrong_target_cannot_invoke
6	PASS [   0.007s] (489/519) ken-runtime ir::tests::acf1_computational_frames_differing_only_in_a_closure_body_share_a_fingerprint
6	PASS [   0.007s] (490/519) ken-runtime ir::tests::acf3_ordinary_and_computational_frames_are_domain_separated
6	PASS [   0.007s] (491/519) ken-runtime ir::tests::checked_ih_binder_morphism_refuses_a_stale_source_occurrence
6	PASS [   0.007s] (492/519) ken-runtime native_effect_v1::tests::checked_plan_identity_fails_before_host_construction
6	PASS [   2.993s] (493/519) ken-runtime native_execution_differential::tests::asserted_available_interpreter_target_mismatch_rejects
6	PASS [   2.962s] (494/519) ken-runtime native_execution_differential::tests::closeout_classifies_runtime_ir_mismatch_inventory_as_failed
6	PASS [  18.818s] (495/519) ken-elaborator::v3_fo_route_consumption_apparatus faithful_and_wrong_encodings_form_a_kernel_guarded_pair
6	PASS [   0.008s] (496/519) ken-runtime native_execution_differential::tests::pinned_effect_body_is_native_tested_by_exact_operation_identity
6	PASS [   2.955s] (497/519) ken-runtime native_execution_differential::tests::foreign_boundary_target_reports_policy_unavailable_before_native_execution
6	PASS [   2.652s] (498/519) ken-runtime native_execution_differential::tests::recomputed_hash_with_overclaimed_proof_lane_rejects_before_report
6	PASS [   2.998s] (499/519) ken-runtime native_execution_differential::tests::stale_effect_metadata_rejects_before_native_execution
6	PASS [   0.028s] (500/519) ken-runtime native_process_entrypoint::tests::host_effect_execution_remains_a_named_unavailable_lane
6	PASS [   3.012s] (501/519) ken-runtime native_execution_differential::tests::trap_observation_is_first_class_unavailable_native_lane
6	PASS [   0.008s] (502/519) ken-runtime object_linker_packaging::tests::signed_root_trap_decoder_refuses_every_unbound_identity_class
6	PASS [   0.009s] (503/519) ken-runtime object_linker_packaging::tests::unsupported_platform_target_rejects_before_object_emission
6	PASS [   0.008s] (504/519) ken-runtime platform_runtime_support::tests::runtime_ir_run_report_must_bind_exact_runtime_artifact
6	PASS [   0.009s] (505/519) ken-runtime platform_runtime_support::tests::stale_entrypoint_package_hash_rejects_before_runtime_support
6	PASS [   0.011s] (506/519) ken-runtime store::tests::auto_gc_not_present
6	PASS [   0.015s] (507/519) ken-runtime store::tests::escape_survives_sender_reset
6	PASS [   0.011s] (508/519) ken-runtime store::tests::reset_retires_slot_ids
6	PASS [   0.007s] (509/519) ken-runtime unknown::tests::standard_boolean_cases_hold
6	PASS [   0.007s] (510/519) ken-runtime unknown::tests::unknown_or_false_is_unknown
6	PASS [   0.404s] (511/519) ken-runtime::value_depth_totality ac_v3b_clone_then_drop_both_at_depth_d_through_all_child_positions
6	PASS [   0.233s] (512/519) ken-runtime::value_depth_totality ac_v9_projection_completes_at_depth_d_with_exact_closed_form_bytes
6	PASS [   0.009s] (513/519) ken-verify canonical::tests::every_canonical_mutation_bites_while_same_runner_proxy_stays_green
6	PASS [   4.661s] (514/519) ken-runtime object_linker_packaging::tests::nonprocess_starter_preserves_selected_call_integrity_from_real_gate
6	PASS [  46.022s] (515/519) ken-interp::b3_acceptance non_host_trace_event_uses_exact_b1_signature_and_rejects_sibling
6	PASS [  44.967s] (516/519) ken-interp::b3_acceptance trace_events_are_checked_against_the_one_b1_alphabet
6	PASS [  55.274s] (517/519) ken-verify scenario::tests::execution_start_cwd_root_reaches_the_same_real_node_in_both_lanes
6	PASS [ 119.982s] (518/519) ken-verify scenario::tests::fs_metadata_real_artifact_exercises_the_honest_policy_contract
6	PASS [ 179.022s] (519/519) ken-verify scenario::tests::fs_rename_real_artifact_exercises_both_path_policy_operands
4	PASS [   0.256s] (  1/518) ken-cli entrypoint_tests::apartial_write_returns_named_denial_before_capture_host_syscall
4	PASS [   0.265s] (  2/518) ken-cli::cli_i1_entrypoint_abi named_main_runs_when_it_is_not_the_last_declaration
4	PASS [   0.527s] (  3/518) ken-cli entrypoint_tests::missing_and_duplicate_main_have_distinct_specific_errors
4	PASS [   0.267s] (  4/518) ken-cli::effect_composition_state_console_e2e state_console_pairing_runs_through_run_state_then_run_io
4	PASS [   0.264s] (  5/518) ken-cli::ken_check_mode check_catalog_entry_resolves_import_through_roots_loader
4	PASS [   0.268s] (  6/518) ken-cli::ken_check_mode check_pure_library_file_exits_zero_no_io
4	PASS [   0.350s] (  7/518) ken-cli::ken_check_mode check_io_shaped_file_also_exits_zero_without_running_io
4	PASS [   0.271s] (  8/518) ken-cli::ken_check_mode failing_example_in_catalog_entry_is_still_refused_after_roots_loading
4	PASS [   0.255s] (  9/518) ken-cli::ken_md_literate_cli ken_run_rejects_a_stale_reject_block
4	PASS [   0.384s] ( 10/518) ken-cli::library_documentation_gates revision_must_survive_a_simulated_squash_merge_not_just_the_branch
4	PASS [   0.005s] ( 11/518) ken-cli::mrc_d8_manifest_premise mrc_d8_real_control_fact_three_reds_on_the_shipped_cli_manifest
4	PASS [   0.011s] ( 12/518) ken-cli::px4b_native_production byte_and_c_raw_literals_do_not_leak_a_comment_scan_over_pub
4	PASS [   0.009s] ( 13/518) ken-cli::px4b_native_production non_raw_byte_and_c_strings_do_not_leak_a_comment_scan
4	PASS [   0.671s] ( 14/518) ken-cli::library_documentation_gates shallow_clone_self_heals_from_an_independent_full_history_origin
4	PASS [  29.059s] ( 15/518) ken-cli::px7o_heterogeneous_eliminator_frames ignored_payload_twin_remains_an_opposite_only
4	PASS [  29.657s] ( 16/518) ken-cli::px7l_checked_host_recursive_bind runtime_selected_non_unit_response_is_consumed_across_real_executors
4	PASS [  36.705s] ( 17/518) ken-cli::abi_s6_mapping_surface_native out_of_range_window_is_invalid_bounds_not_clamped
4	PASS [  36.836s] ( 18/518) ken-cli::abi_s6_mapping_surface_native window_read_then_offset_direct_map_write_executes_in_source_order
4	PASS [  31.434s] ( 19/518) ken-cli::px7o_heterogeneous_eliminator_frames nested_ok_payload_reaches_both_real_executors
4	PASS [  31.370s] ( 20/518) ken-cli::px8h_heterogeneous_continuation multiple_steps_preserve_the_recursive_payload_direction
4	PASS [  26.945s] ( 21/518) ken-cli::px8ta_oriented_subcontinuation px8ds_retired_flat_order_does_not_gain_m4_representation
4	PASS [   0.258s] ( 22/518) ken-cli::rt_native_string_construction native_string_two_chars_are_not_two_utf8_bytes
4	PASS [   0.336s] ( 23/518) ken-cli::rt_span_prov_native sp_b_foreign_and_stale_window_reject_with_no_effect_interp
4	PASS [   0.331s] ( 24/518) ken-cli::rt_span_prov_native sp_b_host_width_offset_precedes_provenance_interp
4	PASS [   0.257s] ( 25/518) ken-cli::string_op_exec ken_run_executes_string_op_program_and_prints_stdout
4	PASS [   0.253s] ( 26/518) ken-cli::t2_acceptance ac1_well_typed_def_registers
4	PASS [   0.245s] ( 27/518) ken-cli::t2_acceptance ac4_malformed_input_no_panic
4	PASS [   0.237s] ( 28/518) ken-cli::t2_acceptance ac4_unbound_name_no_panic
4	PASS [   0.007s] ( 29/518) ken-elaborator checked_core::tests::body_view_recovers_package_bound_constructor_and_match_view
4	PASS [   0.006s] ( 30/518) ken-elaborator checked_core::tests::body_view_rejects_host_dependent_primitive_attempt
4	PASS [   0.006s] ( 31/518) ken-elaborator checked_core::tests::body_view_rejects_missing_match_branch_data
4	PASS [   0.006s] ( 32/518) ken-elaborator checked_core::tests::body_view_rejects_unsupported_eliminator_shape
4	PASS [   0.005s] ( 33/518) ken-elaborator checked_core::tests::lowerability_metadata_is_semantic_and_stably_ordered
4	PASS [   0.006s] ( 34/518) ken-elaborator checked_core::tests::validator_rejects_orphan_metadata_after_emission
4	PASS [   0.242s] ( 35/518) ken-elaborator compiler_driver::d1b_role_c1_roster_projection_is_fail_closed::a_captured_id_absent_from_the_symbol_table_refuses_instead_of_shrinking_the_roster
4	PASS [   0.007s] ( 36/518) ken-elaborator compiler_driver::tests::erased_constructor_parameter_and_live_ih_argument_emit_one_call_template
4	PASS [   0.299s] ( 37/518) ken-elaborator compiler_driver::tests::manifest_declared_target_selects_library_target
4	PASS [   0.249s] ( 38/518) ken-elaborator compiler_driver::tests::native_literal_metadata_uses_only_live_checked_provenance_after_rollback
4	PASS [  29.870s] ( 39/518) ken-cli::px8x_single_schema_observation linked_route_exposes_real_ordered_role_labelled_bindings
4	PASS [   0.529s] ( 40/518) ken-elaborator compiler_driver::tests::stale_or_foreign_package_identity_rejects_target_selection
4	PASS [   0.320s] ( 41/518) ken-elaborator compiler_driver::tests::target_closure_preserves_obligations_trust_and_dependencies
4	PASS [   0.312s] ( 42/518) ken-elaborator compiler_driver::tests::target_closure_rejects_dropped_reachable_metadata
4	PASS [   0.009s] ( 43/518) ken-elaborator elab::nested_lift_association_tests::anonymous_association_requires_a_distinct_result_and_rejects_when_deleted
4	PASS [   0.325s] ( 44/518) ken-elaborator compiler_driver::tests::target_closure_reports_imported_refs_and_dictionary_runtime_fields
4	PASS [   0.259s] ( 45/518) ken-elaborator elab::nested_lift_association_tests::nested_all_leaf_self_call_uses_the_same_specialized_contract
4	PASS [   0.248s] ( 46/518) ken-elaborator elab::omega_index_refinement_tests::checked_index_refined_variable_selects_both_expected_views
4	PASS [   0.008s] ( 47/518) ken-elaborator erasure::px7l_tests::a_real_n_argument_host_vis_continuation_is_n_plus_one_throughout
4	PASS [   0.007s] ( 48/518) ken-elaborator erasure::px7l_tests::checked_host_identity_failures_remain_specific_and_closed
4	PASS [   0.007s] ( 49/518) ken-elaborator export::resource_lifetime_hash_tests::descriptor_participates_in_hash_and_specializes_in_canonical_order
4	PASS [   0.007s] ( 50/518) ken-elaborator export::resource_lifetime_hash_tests::projection_covers_none_file_buffer_and_full_positioned_cases
4	PASS [   0.006s] ( 51/518) ken-elaborator format::tests::token_kind_table_is_exhaustive_for_current_notation_variants
4	PASS [   0.006s] ( 52/518) ken-elaborator lexer::validated_source_tests::suffix_view_cannot_reacquire_the_root_bom_exception
4	PASS [   0.257s] ( 53/518) ken-elaborator elab::result_transport_control_flow_tests::two_active_result_refinements_compose_cumulatively
4	PASS [   0.251s] ( 54/518) ken-elaborator modules::namespace_effect_tests::checked_class_and_record_owners_survive_same_spelling_occupancy
4	PASS [   0.253s] ( 55/518) ken-elaborator modules::namespace_effect_tests::facade_inside_self_module_cannot_borrow_ambient_file_id
4	PASS [   0.309s] ( 56/518) ken-elaborator modules::namespace_effect_tests::file_import_retains_checked_type_identity_across_same_name_memory_owner
4	PASS [   0.537s] ( 57/518) ken-elaborator modules::namespace_effect_tests::file_unit_import_cannot_capture_external_inline_ancestor
4	PASS [   0.390s] ( 58/518) ken-elaborator modules::namespace_effect_tests::forward_prop_export_publishes_its_checked_intro
4	PASS [   0.245s] ( 59/518) ken-elaborator modules::namespace_effect_tests::inline_sibling_import_requires_prior_declaration
4	PASS [   0.007s] ( 60/518) ken-elaborator modules::namespace_effect_tests::pub_wrapper_preserves_complete_owned_leaf_effects
4	PASS [   0.325s] ( 61/518) ken-elaborator modules::namespace_effect_tests::in_memory_import_uses_current_owner_not_stale_file_provenance
4	PASS [   0.016s] ( 62/518) ken-elaborator parser::as_pattern_precedence_tests::constructor_application_binds_tighter_than_as
4	PASS [   0.017s] ( 63/518) ken-elaborator parser::atom_form_closure::every_form_is_reachable_by_some_token
4	PASS [   0.016s] ( 64/518) ken-elaborator parser::atom_form_closure::the_derived_roster_refuses_what_no_form_claims
4	PASS [   0.274s] ( 65/518) ken-elaborator modules::namespace_effect_tests::selective_file_family_refuses_an_external_private_selector
4	PASS [   0.379s] ( 66/518) ken-elaborator r_layer_tests::acceptance::apply_elaborates_checks
4	PASS [   0.007s] ( 67/518) ken-elaborator r_layer_tests::acceptance::shadow_resolver_emits_outer_index
4	PASS [   0.278s] ( 68/518) ken-elaborator r_layer_tests::acceptance::id_pi_level_max
4	PASS [   2.070s] ( 69/518) ken-elaborator r_layer_tests::cat_bool_pub_export::class_owner_provider_loader_visible_inventories_are_exact
4	PASS [   4.004s] ( 70/518) ken-elaborator r_layer_tests::cat_effectful_classes_import::effectful_classes_local_dictionary_inventory_is_exact
4	PASS [   2.183s] ( 71/518) ken-elaborator r_layer_tests::cat_lawful_functors_pub_export::lawful_functors_loader_visible_inventory_is_exact
4	PASS [   1.106s] ( 72/518) ken-elaborator r_layer_tests::cat_order_pub_export::lawful_totality_bridge_remains_a_private_transparent_provider_artifact
4	PASS [   3.318s] ( 73/518) ken-elaborator r_layer_tests::cat_priority_queue_acceptance::entries_ties_self_merge_count_vectors_and_persistence_match_seed
4	PASS [   4.936s] ( 74/518) ken-elaborator r_layer_tests::cat_tier_d_cursor_import::formatting_doc_imports_are_canonical_and_visibility_only
4	PASS [   4.766s] ( 75/518) ken-elaborator r_layer_tests::cat_tier_d_parsing_group_import::process_arguments_loader_visible_inventory_is_exact_and_coherent
4	PASS [   5.649s] ( 76/518) ken-elaborator r_layer_tests::cat_tier_d_render_import::diagnostics_render_imports_are_exact_canonical_and_helpers_private
4	PASS [   7.588s] ( 77/518) ken-elaborator r_layer_tests::cat_tier_e_decoder_import::decoder_checked_provider_and_schema_closure_is_exact
4	PASS [  23.166s] ( 78/518) ken-elaborator r_layer_tests::cat_tier_d_decoder_import::parsing_decoder_unconsumed_siblings_remain_private
4	PASS [   3.716s] ( 79/518) ken-elaborator r_layer_tests::cat_tier_e_schema_import::schema_checked_provider_identity_closure_is_exact
4	PASS [   0.007s] ( 80/518) ken-elaborator r_layer_tests::ds1_empty_dec_acceptance::ac1_mechanism_probe_no_method_wrong_domain_rejected
4	PASS [   0.006s] ( 81/518) ken-elaborator r_layer_tests::effects::cap_two_distinct_caps_each_gated
4	PASS [   0.005s] ( 82/518) ken-elaborator r_layer_tests::effects::eff_row_union_two_effects
4	PASS [   0.006s] ( 83/518) ken-elaborator r_layer_tests::effects::higher_order_guard_coexists_with_first_order_callee
4	PASS [   0.005s] ( 84/518) ken-elaborator r_layer_tests::effects::itree_perform_creates_vis_node
4	PASS [   0.005s] ( 85/518) ken-elaborator r_layer_tests::effects::pure_view_usable_in_pure_context
4	PASS [   0.005s] ( 86/518) ken-elaborator r_layer_tests::effects::space_shared_nothing_no_cross_space_alias
4	PASS [   0.477s] ( 87/518) ken-elaborator r_layer_tests::kenfmt_b3_layout::ac4_all_source_parentheses_and_precedence_are_preserved
4	PASS [   0.007s] ( 88/518) ken-elaborator r_layer_tests::kenfmt_b3_layout::ac6_representable_declaration_blocks_break_in_both_orientations
4	PASS [   0.006s] ( 89/518) ken-elaborator r_layer_tests::kenfmt_b4_splicing::ac3_descending_splices_prevent_multi_fence_offset_drift
4	PASS [   0.011s] ( 90/518) ken-elaborator r_layer_tests::kenfmt_let_layout::ac6_ac7_worked_six_binding_proof_has_an_exact_readable_fixed_point
4	PASS [   0.244s] ( 91/518) ken-elaborator r_layer_tests::lang_fixity_decl_surface::fixity_propagates_through_reexported_canonical_identity
4	PASS [   2.121s] ( 92/518) ken-elaborator r_layer_tests::cc6b_path_posix_acceptance::parse_render_and_normalize_are_byte_exact_at_posix_edges
4	PASS [   0.260s] ( 93/518) ken-elaborator r_layer_tests::lang_fixity_decl_surface::use_and_fixity_may_precede_the_operator_definition
4	PASS [   0.342s] ( 94/518) ken-elaborator r_layer_tests::lang_structural_result_elab::omega_selector_accepts_unary_residual_all_through_full_pipeline
4	PASS [   0.257s] ( 95/518) ken-elaborator r_layer_tests::lang_structural_result_elab::wildcard_slot_preserves_named_field_recursive_result_alignment
4	PASS [   0.715s] ( 96/518) ken-elaborator r_layer_tests::lang_mod_catalog_evidence_frontier::successful_empty_facade_has_exact_interface_identity_evidence
4	PASS [   0.007s] ( 97/518) ken-elaborator r_layer_tests::n4_program_admits::anonymous_headers_parse_structurally_and_named_headers_reject_at_name
4	PASS [   0.247s] ( 98/518) ken-elaborator r_layer_tests::lc_acceptance::ac8_law_field_is_real_proof_not_stub
4	PASS [   0.007s] ( 99/518) ken-elaborator seal2_tests::producer_closure::certificate_flags_a_concrete_instance_of_a_generic_class
4	PASS [   0.248s] (100/518) ken-elaborator seal2_tests::producer_closure::closed_oracle_sees_carrier_off_head_under_result
4	PASS [   0.234s] (101/518) ken-elaborator::abi_s3_entropy_effect_row abi_s3_entropy_is_visible_in_the_effect_row_and_absent_where_it_should_be
4	PASS [   0.247s] (102/518) ken-elaborator::ax2_axiom_named_postulates instance_field_axiom_uses_the_canonical_owner_path
4	PASS [   0.993s] (103/518) ken-elaborator seal2_tests::adversary_repros::direct_buffer_span_forgery_routes_all_reject
4	PASS [  43.486s] (104/518) ken-cli::rt_cold_lowering_path_enumeration rt_read_norights_stage
4	PASS [   1.055s] (105/518) ken-elaborator::b1_exact_denotation_alphabet wrapped_operation_tree_and_callback_inputs_fail_closed_transitively
4	PASS [   0.010s] (106/518) ken-elaborator::b2_acceptance ordinary_inductive_admitted_by_k1
4	PASS [   0.014s] (107/518) ken-elaborator::bare_proof_selector_atom a_declaration_beginning_with_proof_terminates_the_previous_declarations_body
4	PASS [   0.235s] (108/518) ken-elaborator::case_eq_dependent_match_sugar reverted_hypothesis_shape_elaborates_with_a_real_byte_reduction
4	PASS [   0.006s] (109/518) ken-elaborator::cat1_lawful_functors_package lawful_functors_source_cites_landed_laws_without_axiom
4	PASS [   1.678s] (110/518) ken-elaborator::cat3_collections_package cat3_d2_bool_sort_surfaces_check_against_real_package_defs
4	PASS [   2.369s] (111/518) ken-elaborator::cat5_parsing_package parsing_reuses_the_canonical_nat_providers
4	PASS [   0.916s] (112/518) ken-elaborator::cat_bsearch_acceptance entry_loads_through_declared_import_and_uses_canonical_order_provider
4	PASS [   0.471s] (113/518) ken-elaborator::cat_capex_authority filesystem_program_requires_the_declared_capability_and_accepts_its_twin
4	PASS [   1.435s] (114/518) ken-elaborator::cat_deque_acceptance entry_adds_no_consumer_local_trusted_declarations
4	PASS [   1.440s] (115/518) ken-elaborator::cat_derived_filter_membership_law compatibility_premise_distinguishes_true_and_false_instances
4	PASS [   1.052s] (116/518) ken-elaborator::cat_gcd_acceptance roots_loader_registers_gcd_artifacts_with_exact_catalog_provider_identities
4	PASS [   4.519s] (117/518) ken-elaborator::cat_logic_prelude_move decision_family_imports_select_one_catalog_identity
4	PASS [  59.856s] (118/518) ken-cli::rt_mapping_multiop_dispatch repeated_fs_metadata_effects_match_the_interpreter
4	PASS [   0.863s] (119/518) ken-elaborator::cat_string_keys_closeout string_keys_owned_inventory_is_empty_and_standalone
4	PASS [   2.883s] (120/518) ken-elaborator::cat_property_acceptance property_length_occurrence_and_selective_import_are_pinned
4	PASS [  21.012s] (121/518) ken-elaborator::b1_exact_denotation_alphabet recursive_cases_contribute_each_static_perform_identity_as_a_set
4	PASS [   1.489s] (122/518) ken-elaborator::cc2_text_codec_numeric_acceptance located_numeric_discriminators_and_codec_boundary_are_checked
4	PASS [  22.700s] (123/518) ken-elaborator::b1_acceptance proved_postcondition_projects_to_q
4	PASS [   0.880s] (124/518) ken-elaborator::cc4_diagnostic_core_acceptance diagnostics_reuses_the_canonical_lawful_classes_relation
4	PASS [   3.253s] (125/518) ken-elaborator::cc1_nonempty_validation_acceptance cc1_packages_have_zero_trusted_base_delta
4	PASS [   2.524s] (126/518) ken-elaborator::cc4_diagnostic_core_acceptance ordered_dependency_closure_elaborates_all_cc4_clients
4	PASS [   4.636s] (127/518) ken-elaborator::cc3_parsing_cursor_decoder_acceptance cursor_length_occurrence_population_and_migration_shape_are_pinned
4	PASS [   5.289s] (128/518) ken-elaborator::cc7_argparse_acceptance adding_one_option_to_the_spec_changes_help_without_a_second_help_edit
4	PASS [   5.579s] (129/518) ken-elaborator::cc7_argparse_acceptance invalid_utf8_option_value_survives_byte_identically
4	PASS [   1.686s] (130/518) ken-elaborator::compare_ord_lexicographic_acceptance structural_ord_instances_and_all_laws_are_checked_zero_delta
4	PASS [   0.261s] (131/518) ken-elaborator::coproduct_effect_signature_acceptance coproduct_is_the_live_two_param_effect_signature_type
4	PASS [   0.257s] (132/518) ken-elaborator::decimal_char_acceptance char_deceq_pin1_value_consequence
4	PASS [   0.257s] (133/518) ken-elaborator::decimal_char_acceptance decimal_eq_same_value_both_alignments_true
4	PASS [   0.468s] (134/518) ken-elaborator::dependent_match_coherent_frame_acceptance forced_index_telescope_relation_extension_elaborates
4	PASS [   0.447s] (135/518) ken-elaborator::dependent_match_context_telescope_acceptance dependent_let_convoy_member_positive
4	PASS [   6.288s] (136/518) ken-elaborator::cc8_env_config_decoder_acceptance schema_help_growth_reaches_both_clients_behaviorally
4	PASS [   0.303s] (137/518) ken-elaborator::dependent_match_declared_index_plain_acceptance universe_polymorphic_declared_index_pair_preserves_levels
4	PASS [   0.274s] (138/518) ken-elaborator::dependent_match_motive_rebase_acceptance regression_index_and_value_dependent_omega_motive_over_a_recursive_family
4	PASS [   0.005s] (139/518) ken-elaborator::dotted_module_path_parser import_rejects_a_lowercase_path_component
4	PASS [   6.190s] (140/518) ken-elaborator::cc8_env_config_decoder_acceptance two_missing_fields_accumulate_exact_environment_origins
4	PASS [   0.278s] (141/518) ken-elaborator::dependent_match_wstyle_acceptance ac1_wtree_wstyle_match_elaborates_with_pi_shaped_ih_domain
4	PASS [   0.258s] (142/518) ken-elaborator::ds5b_dependent_match_refinement_acceptance omega_reindexed_evidence_is_consumed_in_the_ruled_direction
4	PASS [   0.269s] (143/518) ken-elaborator::ds5b_dependent_match_refinement_acceptance tail_constructor_injectivity_retypes_peeled_recursive_field
4	PASS [   0.012s] (144/518) ken-elaborator::ds8_traversable_acceptance zero_axiom_in_checked_fences
4	PASS [   0.261s] (145/518) ken-elaborator::ds8b_pure_into_proc_widening ac6_proc_field_still_classifies_proc_at_projection_after_pure_instance
4	PASS [   4.179s] (146/518) ken-elaborator::conversions_acceptance ac4_checked_add_boundary_every_width
4	PASS [   1.538s] (147/518) ken-elaborator::ds4_list_combinators_acceptance all_five_combinators_and_their_laws_are_real_globals
4	PASS [   1.847s] (148/518) ken-elaborator::ds9_json_codec_acceptance json_size_consumes_array_and_pair_nested_object_results
4	PASS [   2.282s] (149/518) ken-elaborator::ds9_json_codec_acceptance decoder_recursive_reaches_array_and_object_many_branches
4	PASS [   1.569s] (150/518) ken-elaborator::either_catalog_package_acceptance ac8_either_does_not_swap_branches
4	PASS [   0.391s] (151/518) ken-elaborator::es2_acceptance demoted_predicates_absent_from_trusted_base
4	PASS [   3.363s] (152/518) ken-elaborator::ds8_traversable_acceptance trusted_base_delta_is_empty_across_the_entry
4	PASS [   1.554s] (153/518) ken-elaborator::either_catalog_package_acceptance ac8_mapleft_leaves_right_untouched
4	PASS [   1.558s] (154/518) ken-elaborator::either_catalog_package_acceptance ac8_non_involutive_swap_witness_rejected
4	PASS [   0.283s] (155/518) ken-elaborator::explicit_data_elaboration concrete_non_empty_vector_index_omits_empty_constructor
4	PASS [   0.259s] (156/518) ken-elaborator::explicit_data_elaboration indexed_head_rejects_empty_vector_application
4	PASS [   0.259s] (157/518) ken-elaborator::explicit_data_elaboration legacy_named_constructor_field_sugar_lowers_to_positional_constructor
4	PASS [   1.534s] (158/518) ken-elaborator::es4_classes_acceptance eq_bool_is_a_complete_zero_delta_instance
4	PASS [   0.005s] (159/518) ken-elaborator::explicit_data_parser constructor_result_indices_use_expression_surface
4	PASS [   0.005s] (160/518) ken-elaborator::explicit_data_parser explicit_where_simple_constructor_accepts_named_field_sugar
4	PASS [   0.258s] (161/518) ken-elaborator::explicit_data_elaboration proof_carrying_constructor_telescope_elaborates_with_prior_binders_in_scope
4	PASS [   0.007s] (162/518) ken-elaborator::i4d_boundary_header_parser boundary_keywords_are_reserved_and_four_program_shapes_are_independent
4	PASS [   0.005s] (163/518) ken-elaborator::i4d_boundary_header_parser every_boundary_surface_failure_has_its_named_diagnostic
4	PASS [   0.259s] (164/518) ken-elaborator::explicit_data_elaboration type_possible_indexed_constructor_is_still_required
4	PASS [   1.505s] (165/518) ken-elaborator::es4_classes_acceptance ord_total_law_is_the_bool_or_equation
4	PASS [   0.009s] (166/518) ken-elaborator::k5_absurd_trusted_base absurd_proof_position_counted_in_trusted_base_delta
4	PASS [   0.008s] (167/518) ken-elaborator::k5_absurd_trusted_base absurd_with_no_postulate_reference_has_empty_delta
4	PASS [   0.266s] (168/518) ken-elaborator::fr2_absurd_collision_hygiene cast_and_ascript_are_not_reserved_and_elaborate_fine
4	PASS [   0.005s] (169/518) ken-elaborator::kenfmt_b2_token_kind ac5_invalid_fragments_have_no_raw_scanner_fallback
4	PASS [   0.261s] (170/518) ken-elaborator::k3_literal_char_view checked_char_literal_and_view_head_reduce_via_derived_char_to_int
4	PASS [   0.045s] (171/518) ken-elaborator::kenfmt_signature_layout batch3_stage1_breaks_high_and_keeps_each_fitting_child_horizontal
4	PASS [   0.248s] (172/518) ken-elaborator::k3_literal_rollback reused_foreign_id_cannot_inherit_a_checked_string_view
4	PASS [   0.261s] (173/518) ken-elaborator::ken_md_literate ken_reject_with_stale_valid_body_check_fails
4	PASS [   0.270s] (174/518) ken-elaborator::ktr2_data_lowering_diagnostics legacy_universe_overflow_is_actionable_and_source_attributed
4	PASS [   0.261s] (175/518) ken-elaborator::l2_acceptance foreign_constructor_arm_rejected_before_matrix_path_reachability
4	PASS [   0.016s] (176/518) ken-elaborator::l4_export_reexport parser_distinguishes_facade_and_in_scope_forms_with_renames
4	PASS [   0.005s] (177/518) ken-elaborator::lang_application_atom_if_rejection ac_guard_unbroken_guarded_match_arms_still_parse
4	PASS [   0.265s] (178/518) ken-elaborator::l2_acceptance foreign_family_ctor_arm_rejected_naming_both_ctor_and_type
4	PASS [   0.005s] (179/518) ken-elaborator::lang_atom_start_classification_closure ac2_the_enclosed_form_is_withheld_and_at_two_arguments_it_re_associates
4	PASS [   0.004s] (180/518) ken-elaborator::lang_atom_start_classification_closure ac9_the_binder_name_exclusion_admits_separator_free_class_fields
4	PASS [   0.004s] (181/518) ken-elaborator::lang_bare_operator_atom_rejection ac_argument_position_rejects_but_not_via_this_arm
4	PASS [   0.004s] (182/518) ken-elaborator::lang_bytes_hex_list_literal malformed_hex_byte_lists_name_the_bytes_form_specifically
4	PASS [   0.260s] (183/518) ken-elaborator::l_resolver_globals ac3_type_position_global_unchanged
4	PASS [   0.318s] (184/518) ken-elaborator::lang_application_atom_if_rejection no_false_negative_across_the_test_corpus
4	PASS [   0.023s] (185/518) ken-elaborator::lang_foreign_name_format_chars formatter_recovery_rejects_later_offset_feff_before_suffix_scanning
4	PASS [   0.005s] (186/518) ken-elaborator::lang_foreign_name_format_chars literate_recovery_preserves_visible_escape_data
4	PASS [   0.004s] (187/518) ken-elaborator::lang_foreign_name_format_chars unlisted_format_category_members_use_the_same_guard
4	PASS [   0.262s] (188/518) ken-elaborator::lang_foreign_name_control_chars non_nul_control_character_also_rejects
4	PASS [   0.274s] (189/518) ken-elaborator::lang_instance_registry_identity_key the_same_nested_program_checks_without_rebinding
4	PASS [   0.262s] (190/518) ken-elaborator::lang_match_as_pattern qualified_module_patterns_preserve_alias_bindings
4	PASS [   0.261s] (191/518) ken-elaborator::lang_match_guards guard_composes_with_or_pattern_occurrence_slots
4	PASS [   0.988s] (192/518) ken-elaborator::lang_facade_export_load_order nested_facade_reaches_the_consumer_through_p_interface
4	PASS [   0.259s] (193/518) ken-elaborator::lang_match_or_pattern anonymous_alternatives_do_not_shift_outer_variables
4	PASS [   0.258s] (194/518) ken-elaborator::lang_match_or_pattern three_alternatives_are_flat_and_map_binders_by_name
4	PASS [   0.513s] (195/518) ken-elaborator::lang_match_literal_patterns boolean_constructor_patterns_and_general_top_catchall_refusal_are_unchanged
4	PASS [   0.258s] (196/518) ken-elaborator::lang_match_record_pattern open_subset_subsumes_later_fuller_record_with_honest_cause
4	PASS [   1.516s] (197/518) ken-elaborator::l3_strings_surface_acceptance string_eq_codepoint_wise_accept_reject_pair
4	PASS [   0.271s] (198/518) ken-elaborator::lang_match_tuple_pattern module_rewriting_recurses_through_tuple_components
4	PASS [   0.263s] (199/518) ken-elaborator::lang_mod_pair_floor_realization definitionally_equal_pair_is_a_distinct_identity
4	PASS [   0.264s] (200/518) ken-elaborator::lang_mod_pub_eligibility eligible_pub_definition_is_accepted_and_exported
4	PASS [   0.006s] (201/518) ken-elaborator::lang_mod_pub_eligibility per_item_pub_import_and_export_are_surface_errors
4	PASS [   0.259s] (202/518) ken-elaborator::lang_mod_strict_resolution_d1 one_roots_run_cannot_mix_legacy_and_strict_cache_entries
4	PASS [   0.263s] (203/518) ken-elaborator::lang_nested_former_recursion_acceptance ac_nested_fold_lowers_to_a_checked_elimination
4	PASS [   1.404s] (204/518) ken-elaborator::lang_mod_pair_floor_realization pair_floor_beta_eta_are_definitional
4	PASS [   0.231s] (205/518) ken-elaborator::lang_prelude_floor_fifteen ill_kinded_source_empty_cannot_redirect_space_desugaring
4	PASS [   0.235s] (206/518) ken-elaborator::lang_qualified_constructor_privacy buffer_resource_decl
4	PASS [   0.246s] (207/518) ken-elaborator::lang_qualified_constructor_privacy forge_span_decl
4	PASS [   0.255s] (208/518) ken-elaborator::lang_qualified_constructor_privacy public_qualified_constructors_preserve_checked_identity
4	PASS [   1.641s] (209/518) ken-elaborator::lang_prelude_collections ac2_filter_computes_and_rejects_at_least_one_element
4	PASS [   0.377s] (210/518) ken-elaborator::lang_qualified_constructors module_and_type_constructor_conflict_in_type_argument
4	PASS [   0.314s] (211/518) ken-elaborator::lang_qualified_constructors scoped_constructor_leaf_can_be_selectively_imported_from_user
4	PASS [   0.485s] (212/518) ken-elaborator::lang_roots_loader_local_instance_dict_scope both_cross_module_shapes_require_the_dictionary_import
4	PASS [   0.789s] (213/518) ken-elaborator::lang_reserved_infix_names refused_aliases_keep_live_reserved_and_let_controls
4	PASS [   0.267s] (214/518) ken-elaborator::lang_standard_infix_call_completion a_rebound_fixed_argument_is_refused_before_builder_selection
4	PASS [   0.262s] (215/518) ken-elaborator::lang_standard_infix_call_completion ac9_a_role_bound_to_a_wrong_shaped_binding_is_refused_naming_the_role
4	PASS [   0.907s] (216/518) ken-elaborator::lang_roots_loader_local_instance_dict_scope selective_import_supports_explicit_argument_and_superclass_wiring
4	PASS [   0.006s] (217/518) ken-elaborator::lang_surface_block_comments ac6_brace_neighbours_coexist_with_a_block_comment
4	PASS [   0.270s] (218/518) ken-elaborator::lang_standard_infix_call_completion two_registered_head_spellings_rebound_to_one_live_name_select_by_id
4	PASS [   0.010s] (219/518) ken-elaborator::lang_surface_int_precision huge_downstream_numeric_carrier_reaches_eval_exactly
4	PASS [   0.269s] (220/518) ken-elaborator::lang_surface_if argument_let_and_nested_else_binding_are_reachable
4	PASS [   0.013s] (221/518) ken-elaborator::lang_symbolic_operator_names symbolic_character_run_lexes_to_one_carried_name
4	PASS [   0.381s] (222/518) ken-elaborator::lang_surface_int_precision kernel_equality_decides_equal_large_surface_spellings
4	PASS [   0.010s] (223/518) ken-elaborator::lang_truncation_surface_syntax ac6_lexed_token_fallback_canonicalizes_truncbar_in_an_unparseable_fragment
4	PASS [   0.367s] (224/518) ken-elaborator::lang_truncation_surface_syntax ac4_kernel_level_type_target_elimination_of_trunc_remains_refused
4	PASS [   0.268s] (225/518) ken-elaborator::lang_truncation_surface_syntax d2_trunc_intro_against_a_non_trunc_goal_names_its_remedy
4	PASS [   0.622s] (226/518) ken-elaborator::lang_truncation_surface_syntax d1_annotation_trunc_as_declaration_return_type_elaborates
4	PASS [   0.254s] (227/518) ken-elaborator::lang_type_projection_surface_form a_lowercase_head_without_a_dot_is_still_a_type_variable
4	PASS [   0.006s] (228/518) ken-elaborator::literal_escapes_lexer_unit char_cardinality_rejects_empty_and_multi_scalar
4	PASS [   0.262s] (229/518) ken-elaborator::lang_type_projection_surface_form ac3_the_consumer_bindings_resolve_as_ordinary_top_level_bindings_not_builtins
4	PASS [   7.227s] (230/518) ken-elaborator::lang_membership_operator_surface raw_tree_is_refused_while_the_ordered_key_view_is_admitted
4	PASS [   8.263s] (231/518) ken-elaborator::lang_mod_nat_floor_realization floor_parent_and_constructor_clash_matrix_is_fail_closed
4	PASS [   6.272s] (232/518) ken-elaborator::map_build_acceptance lookup_order_distinct_key_is_none
4	PASS [   6.516s] (233/518) ken-elaborator::map_build_acceptance cat_rel_reachability_obeys_positive_fuel_and_domain_bound
4	PASS [   0.006s] (234/518) ken-elaborator::match_arm_glyph pipe_grammar_remains_distinct_from_ascii_maps_to
4	PASS [   0.257s] (235/518) ken-elaborator::mutual_recursion_surface_acceptance is_even_is_odd_compute_correct_values
4	PASS [   0.243s] (236/518) ken-elaborator::n2_in_repo_loader import_cycle_rejects_with_entry_rooted_closed_payload_before_admission
4	PASS [   0.303s] (237/518) ken-elaborator::nat_arithmetic_laws_acceptance all_laws_kernel_check_before_literate_examples
4	PASS [   0.043s] (238/518) ken-elaborator::nc14_data_match_lowering impossible_branch_misuse_rejects_before_runtime_program_success
4	PASS [   6.275s] (239/518) ken-elaborator::map_build_acceptance map_ops_full_api_not_primitive
4	PASS [   0.961s] (240/518) ken-elaborator::nc14_data_match_lowering nested_recursive_bag_rose_elaborates_checks_erases_and_interprets_at_nat_three
4	PASS [   0.006s] (241/518) ken-elaborator::nc15_record_sigma_lowering unsupported_dependent_record_field_shape_rejects_before_runtime_ir
4	PASS [   0.580s] (242/518) ken-elaborator::nc14_data_match_lowering result_match_payload_binding_lowers_and_matches_interpreter
4	PASS [   0.011s] (243/518) ken-elaborator::nc18_effects_foreign_boundary_ir missing_runtime_check_fact_rejects_before_runtime_success
4	PASS [   0.021s] (244/518) ken-elaborator::nc17_recursion_dictionaries_modules checked_core_imported_value_crosses_an_accepted_var_capture
4	PASS [   0.008s] (245/518) ken-elaborator::nc5_erasure_runtime_ir proof_erasure_boundary_witness_rejects_checked_core_field_status_drift
4	PASS [   0.234s] (246/518) ken-elaborator::purity_keywords surf1_d2_proc_empty_row_must_earn_impurity
4	PASS [   0.248s] (247/518) ken-elaborator::purity_keywords surf1_d2_fn_calling_proc_reuses_escape_gate
4	PASS [   0.233s] (248/518) ken-elaborator::purity_keywords surf1_d2_recursive_proc_group_with_visits_reaches_checker
4	PASS [   0.246s] (249/518) ken-elaborator::px3_abi_scalars ac2_types_are_distinct_nominal_opaque_primitives
4	PASS [   6.281s] (250/518) ken-elaborator::map_build_acceptance overwrite_last_writer_wins
4	PASS [   0.251s] (251/518) ken-elaborator::px8f_buffer_io_surface buffer_span_producer_closure_reduces_transparent_type_aliases
4	PASS [   0.257s] (252/518) ken-elaborator::px8f_buffer_io_surface buffer_span_producer_closure_resolves_public_constructors
4	PASS [   0.006s] (253/518) ken-elaborator::px8f_buffer_io_surface positioned_operations_keep_the_landed_wire_identities
4	PASS [   0.521s] (254/518) ken-elaborator::px8f_buffer_io_surface checked_source_rejects_private_buffer_span_producers
4	PASS [   0.591s] (255/518) ken-elaborator::r3_c1_source_arrival c1_source_nested_result_reaches_runtime_ir_under_executable_selection
4	PASS [  10.913s] (256/518) ken-elaborator::map_build_acceptance tree_carrier_and_ops_are_not_primitive
4	PASS [   2.669s] (257/518) ken-elaborator::record_index_refinement_acceptance ac1_constant_motive_match_over_the_record_indexed_derivation_elaborates
4	PASS [   0.486s] (258/518) ken-elaborator::record_index_sigma_closure multi_constructor_component_projection_boundary_remains_fail_closed
4	PASS [   1.572s] (259/518) ken-elaborator::rt_dasm_d1b_role_b_role_decode d1b_role_b_erasure_carries_the_exact_nat_role_identity_without_widening_the_closure
4	PASS [   0.683s] (260/518) ken-elaborator::sct_completeness_repro control_flat_both_siblings_recurse
4	PASS [   0.818s] (261/518) ken-elaborator::sct_completeness_repro shape_a_near_miss_recurses_on_unchanged_scrutinee_stays_rejected
4	PASS [   0.021s] (262/518) ken-elaborator::sec1_acceptance declassify_without_capability_rejected
4	PASS [   0.025s] (263/518) ken-elaborator::sec1_acceptance progress_sensitive_divergence_is_a_leak
4	PASS [   0.022s] (264/518) ken-elaborator::sec1_acceptance related_pair_proved
4	PASS [   0.019s] (265/518) ken-elaborator::sec1ct_acceptance ct_value_steers_branch_guard_rejected
4	PASS [   0.022s] (266/518) ken-elaborator::sec2_acceptance uses_unpassed_capability_rejected
4	PASS [   1.073s] (267/518) ken-elaborator::sec4_acceptance kernel_check_flips_on_abstract_index_convertibility_without_provenance
4	PASS [   0.885s] (268/518) ken-elaborator::surf_space_cells_p1 ac_s3_reads_each_of_three_pairwise_distinct_components
4	PASS [   0.401s] (269/518) ken-elaborator::surf_space_cells_p1 ac_s7_old_in_pure_code_remains_unbound
4	PASS [   1.566s] (270/518) ken-elaborator::surface_arrow_and_infix_acceptance infix_minus_matches_prefix_sub_int
4	PASS [   0.529s] (271/518) ken-elaborator::surface_arrow_in_expr_acceptance dependent_arrow_in_expr_position_is_a_real_pi
4	PASS [   0.818s] (272/518) ken-elaborator::surface_def_refinement def_value_position_yields_steering_diagnostic
4	PASS [   0.910s] (273/518) ken-elaborator::surface_named_proof_claims attached_proof_can_depend_on_same_subject_attached_proof
4	PASS [   0.743s] (274/518) ken-elaborator::surface_named_proof_claims helper_theorem_can_bridge_same_subject_attached_proofs
4	PASS [   0.723s] (275/518) ken-elaborator::surface_named_proof_claims local_prop_intro_resolves_through_the_family_name
4	PASS [   0.965s] (276/518) ken-elaborator::surface_named_proof_claims prop_seed_shape_elaborates_without_trusted_base_growth
4	PASS [   2.513s] (277/518) ken-elaborator::surface_named_proof_claims qualified_prop_intro_rejects_private_unknown_and_unimported_paths
4	PASS [   0.726s] (278/518) ken-elaborator::surface_transport_acceptance stuck_match_transports_via_package_sym
4	PASS [   1.316s] (279/518) ken-elaborator::surface_transport_acceptance transport_package_adds_zero_trusted_base_delta
4	PASS [   0.020s] (280/518) ken-elaborator::surface_unicode surf1_d3_formatter_emits_canonical_unicode
4	PASS [   0.015s] (281/518) ken-elaborator::surface_unicode surf1_d3_invisible_identifier_character_renders_escaped_not_raw
4	PASS [   0.019s] (282/518) ken-elaborator::t1_acceptance refuted_goal_false_tag_forcing_world
4	PASS [   0.017s] (283/518) ken-elaborator::v1_acceptance disproved_distinct_from_unknown
4	PASS [   0.771s] (284/518) ken-elaborator::v1_acceptance ensures_emits_obligation_not_sigma
4	PASS [   0.014s] (285/518) ken-elaborator::v2_acceptance conditional_branch_boolean_equation_placeholder
4	PASS [   0.601s] (286/518) ken-elaborator::v2_acceptance non_spec_program_empty_obligation_set
4	PASS [   0.749s] (287/518) ken-elaborator::v2_acceptance partial_primitive_nonzero_placeholder
4	PASS [   0.020s] (288/518) ken-elaborator::v3_acceptance corrupted_cert_kernel_rejects_unknown
4	PASS [   0.010s] (289/518) ken-elaborator::v3_acceptance ipc_valid_propositional_proved
4	PASS [   0.017s] (290/518) ken-elaborator::v3_acceptance unknown_hole_trusted_base_distinct_from_proved
4	PASS [   3.436s] (291/518) ken-elaborator::v3_fo_checker_soundness_d0_buildability_probe probe1_fokderivation_indexed_by_foksequent_elaborates_and_kernel_checks
4	PASS [   1.417s] (292/518) ken-elaborator::v3_fo_checker_soundness_d0_buildability_probe probe3_bool_true_hypothesis_eliminates_by_cases_restructured
4	PASS [   1.501s] (293/518) ken-elaborator::v3_fo_checker_soundness_d1a_rule_correspondence forall_world_right_constructor_and_checker_reject_a_nonfresh_eigenparameter
4	PASS [   1.423s] (294/518) ken-elaborator::v3_fo_checker_soundness_d2_bool_inversion fok_or_elim_left_branch_applies_to_a_concrete_instance
4	PASS [   1.465s] (295/518) ken-elaborator::v3_fo_embedding_adequacy_d1 empty_carrier_and_total_scoped_atom_environment_are_writable
4	PASS [  39.773s] (296/518) ken-elaborator::px7f_resource_lifetime_export checked_no_acquire_producer_preserves_the_pre_px7f_t_hash_route
4	PASS [   1.518s] (297/518) ken-elaborator::v3_fo_embedding_adequacy_d1 truncation_conversion_preserves_quotation
4	PASS [   1.631s] (298/518) ken-elaborator::v3_fo_ken_level_checker_authoring certificate_sort_validation_certificate_wide_parameter_pair
4	PASS [   0.006s] (299/518) ken-elaborator::v3_fo_kripke_slice_acceptance embed_places_k_sigma_inside_the_target
4	PASS [  41.768s] (300/518) ken-elaborator::px8p_checked_buffer_producer real_checked_buffer_bracket_emits_exact_allocate_and_release_sigma
4	PASS [   1.568s] (301/518) ken-elaborator::v3_fo_ken_level_checker_authoring fok_check_cert_serializer_discriminates_init_left_right_swap
4	PASS [   4.946s] (302/518) ken-elaborator::v3_fo_sorted_eigenparameter_wrong_sort_controls collapsing_the_sort_check_reddens_the_wrong_sort_controls
4	PASS [   0.023s] (303/518) ken-elaborator::v4_acceptance deterministic_same_input_same_diagnostic
4	PASS [   0.015s] (304/518) ken-elaborator::v4_acceptance slice_missing_hypothesis_sufficiency_flip
4	PASS [   0.024s] (305/518) ken-foundation store::tests::equality_is_slot_id_compare
4	PASS [   0.013s] (306/518) ken-host abi_m1_d0_probe::the_family_projections_partition_the_flat_facts
4	PASS [   0.014s] (307/518) ken-host abi_v1::tests::caller_control_trap_keeps_terminal_primary_and_appends_cleanup_failure
4	PASS [   0.015s] (308/518) ken-host abi_v1::tests::clock_wall_now_raw_dispatch_returns_a_plausible_instant_response
4	PASS [   0.016s] (309/518) ken-host abi_v1::tests::scripted_effective_uid_discriminates_the_native_startup_posture
4	PASS [   0.017s] (310/518) ken-host abi_v1::tests::selected_call_integrity_finishes_the_live_host_observation_with_effect_prefix
4	PASS [   0.016s] (311/518) ken-host account_db_v1::tests::production_lookup_is_owned_and_is_success_or_exact_no_record
4	PASS [   0.020s] (312/518) ken-host effect_v1::tests::abi_s1_sync_modes_execute_and_share_the_write_right
4	PASS [   0.021s] (313/518) ken-host effect_v1::tests::abi_s6_d4_file_acquire_identity_and_unavailable_posture_are_pinned
4	PASS [   0.014s] (314/518) ken-host effect_v1::tests::buffer_allocation_failure_is_reachable_ordered_and_atomic
4	PASS [   0.015s] (315/518) ken-host effect_v1::tests::every_catalog_or_layout_value_mutation_changes_the_manifest_hash
4	PASS [   0.012s] (316/518) ken-host effect_v1::tests::every_represented_unavailable_operation_is_refused_by_the_executor_entry
4	PASS [   0.010s] (317/518) ken-host effect_v1::tests::fs_open_denial_remains_a_capability_error_before_resource_mint
4	PASS [   0.009s] (318/518) ken-host effect_wire::tests::abi_s1_inheritance_policy_wire_is_typed_distinct_and_fail_closed
4	PASS [   0.011s] (319/518) ken-host effect_wire::tests::selected_call_integrity_tag_round_trips_and_fails_closed
4	PASS [   0.009s] (320/518) ken-host revocation_v1::tests::node_ids_are_monotonic_never_reused_and_nominally_distinct
4	PASS [   0.011s] (321/518) ken-host tests::generated_manifest_is_closed_and_probe_comparison_discriminates
4	PASS [   0.020s] (322/518) ken-interp eff_tests::eff1_perform_observe_resume_console
4	PASS [   0.033s] (323/518) ken-interp eval::capacity_tests::interp_at_limit_repeat_does_not_trip
4	PASS [   0.709s] (324/518) ken-interp eval::nfc_construction_tests::bytes_decode_normalizes_and_preserves_string_retraction
4	PASS [   0.032s] (325/518) ken-interp eval::px5b_effect_observation_tests::positioned_backend_zero_write_reifies_absolute_no_progress
4	PASS [   0.014s] (326/518) ken-interp eval::px5b_effect_observation_tests::producer_returns_the_imported_observation
4	PASS [   0.017s] (327/518) ken-interp eval::px5b_effect_observation_tests::resource_inserted_by_one_dispatch_call_stays_visible_across_later_dispatch_calls
4	PASS [   0.023s] (328/518) ken-interp eval::px5b_effect_observation_tests::rt_parity_malformed_freeze_bounds_precede_closed_resource
4	PASS [   0.018s] (329/518) ken-interp tests::closure_publication_rejected_transitively
4	PASS [   0.031s] (330/518) ken-interp tests::unknown_absent_when_hole_free
4	PASS [   0.021s] (331/518) ken-interp::b3_acceptance no_event_outside_perform_point
4	PASS [  10.432s] (332/518) ken-elaborator::v3_fo_sorted_eigenparameter_wrong_sort_controls out_of_scope_bound_reference_is_refused
4	PASS [   0.019s] (333/518) ken-interp::ds6b_intlit_eq_reduction_cross_layer kernel_and_interp_agree_on_negative_and_zero
4	PASS [   0.016s] (334/518) ken-interp::f1_bignum_acceptance f1_product_chain_exceeds_2_1000
4	PASS [   0.547s] (335/518) ken-interp::i3_fs_floor full_authority_drives_every_fs_arm_with_exact_state_and_trace
4	PASS [   0.630s] (336/518) ken-interp::i5_scoped_capability absolute_and_right_pairs_have_exact_pre_operation_denials
4	PASS [   0.627s] (337/518) ken-interp::l1_acceptance ac1_int_exact_above_2_53
4	PASS [   0.548s] (338/518) ken-interp::l1_acceptance ac6_float_not_exact
4	PASS [   0.014s] (339/518) ken-interp::leq_int_acceptance derived_lt_composes_leq_and_not
4	PASS [   0.016s] (340/518) ken-interp::nc12_runtime_ir_evaluator explicit_runtime_trap_is_an_observation_not_host_behavior
4	PASS [   0.014s] (341/518) ken-interp::nc12_runtime_ir_evaluator p2_selection_evaluates_the_program_owned_ir_not_the_callers
4	PASS [   0.022s] (342/518) ken-interp::nc12_runtime_ir_evaluator package_level_trust_metadata_rejects_before_runtime_ir_success
4	PASS [  15.093s] (343/518) ken-elaborator::v3_fo_route_proved_composition public_catalog_route_returns_a_kernel_backed_proved_verdict
4	PASS [   0.022s] (344/518) ken-kernel check::tests::let_check_rejects_wrong_outer_expected_type
4	PASS [   0.013s] (345/518) ken-kernel conv::tests::control_delegating_map_g_flips_open_comparison_to_true
4	PASS [   0.007s] (346/518) ken-kernel conv::tests::level_max_zero_absorbed_by_var_at_same_offset
4	PASS [   0.006s] (347/518) ken-kernel conv::tests::pi_eta_convert
4	PASS [   0.013s] (348/518) ken-kernel conv::tests::quotient_congruence_compares_carrier_and_relation_directionally
4	PASS [   0.012s] (349/518) ken-kernel inductive::tests::method_ih_usage_tracks_each_binder_under_later_lambdas
4	PASS [   0.018s] (350/518) ken-kernel inductive::tests::positivity_nat_accepted
4	PASS [   0.015s] (351/518) ken-kernel sct::tests::strict_self_loop_accepted
4	PASS [   1.155s] (352/518) ken-interp::px8x_single_schema_observation real_buffer_bracket_exposes_ordered_target_bindings
4	PASS [   0.023s] (353/518) ken-kernel::acceptance ac3_pi_eta
4	PASS [   0.016s] (354/518) ken-kernel::acceptance ac4_elim_nat_type_checks
4	PASS [   0.013s] (355/518) ken-kernel::acceptance ac4_elim_vec_type_checks
4	PASS [   0.017s] (356/518) ken-kernel::acceptance ac7_beta_reduction_terminates
4	PASS [   0.014s] (357/518) ken-kernel::acceptance k2_funext_with_levels
4	PASS [   0.019s] (358/518) ken-kernel::acceptance k2_j_nonrefl_reduces_not_stuck
4	PASS [   0.019s] (359/518) ken-kernel::conv_eq_congruence eq_congruence_distinct_endpoint_stays_rejected
4	PASS [   0.015s] (360/518) ken-kernel::ds6b_intlit_eq_reduction neutral_preserved_for_abstract_operands
4	PASS [   0.018s] (361/518) ken-kernel::ds6b_intlit_eq_reduction intlit_converts_by_value_not_by_identity
4	PASS [   0.016s] (362/518) ken-kernel::k1p5_wstyle ac2_tree_iota_leaf
4	PASS [   0.018s] (363/518) ken-kernel::k2c_conversion sct_accept_lexicographic
4	PASS [   0.014s] (364/518) ken-kernel::k2c_conversion sct_reject_union_masking
4	PASS [   0.012s] (365/518) ken-kernel::k2c_conversion unit_eta_tt_and_var
4	PASS [   0.021s] (366/518) ken-kernel::k2c_series2 quotient_respect_direction_cast
4	PASS [   0.021s] (367/518) ken-kernel::k3_literal_char_registration checked_string_literal_normalizes_immutable_payload_and_refuses_absent_carrier
4	PASS [   0.019s] (368/518) ken-kernel::k5_omega_fragment absurd_discharges_type_motive_from_constructor_disjoint_hypothesis
4	PASS [   0.021s] (369/518) ken-kernel::k5_omega_fragment tt_proves_reduced_top_goal
4	PASS [   0.019s] (370/518) ken-kernel::ktr1_constructor_universe_gate symbolic_sublevel_accepts_when_join_proves_it
4	PASS [   0.024s] (371/518) ken-kernel::nested_inductives_all zero_evidence_constructor_remains_source_aligned
4	PASS [   0.018s] (372/518) ken-kernel::nested_inductives_d3_shapes checked_positive_former_paths_compose_without_opening_admission
4	PASS [   0.023s] (373/518) ken-kernel::nested_inductives_remaining seed_negative_under_fresh_positive_bag_rejects_only_inner_arrow
4	PASS [   0.013s] (374/518) ken-kernel::positivity_demand_driven negative_occurrence_exposed_at_the_head_stays_rejected
4	PASS [   0.013s] (375/518) ken-runtime activation_abi::export_rendering_tests::padding_the_top_limb_too_would_change_the_bytes
4	PASS [   0.018s] (376/518) ken-kernel::positivity_demand_driven negative_occurrence_hidden_in_a_transparent_argument_stays_rejected
4	PASS [   0.023s] (377/518) ken-runtime boundary_activation::tests::a_first_cap_of_zero_cannot_be_raised_before_any_activation
4	PASS [   0.022s] (378/518) ken-runtime boundary_activation::tests::later_stores_may_change_only_their_own_region_limits
4	PASS [   0.022s] (379/518) ken-runtime boundary_value::invocation_aggregate_decode_tests::a_cycle_refuses
4	PASS [   0.037s] (380/518) ken-runtime boundary_value_clif::tests::ac4_invocation_data_and_limbs_are_unreachable_by_the_admitted_relation
4	PASS [   0.060s] (381/518) ken-runtime boundary_value_clif::tests::b2v_a_persistent_node_refuses_an_invocation_owned_child
4	PASS [   0.060s] (382/518) ken-runtime boundary_value_clif::tests::b2v_a_wrapped_limb_span_fails_closed
4	PASS [   0.037s] (383/518) ken-runtime boundary_value_clif::tests::b2v_ac6_a_ground_node_still_adopts_through_the_same_harness
4	PASS [   0.057s] (384/518) ken-runtime boundary_value_clif::tests::b2v_ac10_a_constructible_node_cycle_is_refused_not_recursed
4	PASS [   0.086s] (385/518) ken-runtime boundary_value_clif::tests::b2v_emitted_code_constructs_equal_length_bytes_and_strings_by_content
4	PASS [   0.125s] (386/518) ken-runtime boundary_value_clif::tests::b2v_emitted_code_cannot_assign_store_identity
4	PASS [   0.020s] (387/518) ken-runtime boundary_value_clif::tests::b2v_the_layout_inventory_is_the_sole_authority
4	PASS [   0.028s] (388/518) ken-runtime boundary_value_clif::tests::b2v_the_magnitude_marker_relation_is_closed_over_owner_and_marker
4	PASS [   0.017s] (389/518) ken-runtime boundary_value_clif::tests::d3_a_wrong_class_word_is_refused_on_the_class_axis
4	PASS [   0.018s] (390/518) ken-runtime boundary_value_clif::tests::d3_a_wrong_owner_node_is_refused_on_the_owner_axis
4	PASS [   0.007s] (391/518) ken-runtime canonical::tests::ac_v1b_corpus_is_non_vacuous_and_discriminating
4	PASS [   0.006s] (392/518) ken-runtime canonical::tests::ac_v8_bigint_trailing_zero_limbs_agree_with_canonical_identity
4	PASS [   0.006s] (393/518) ken-runtime canonical::tests::ac_v9_projection_refuses_a_closure_nested_below_the_root
4	PASS [   0.006s] (394/518) ken-runtime canonical::tests::float_minus_zero_distinct_from_plus_zero
4	PASS [   0.006s] (395/518) ken-runtime cranelift_backend::artifact::api::tests::jit_zero_epoch_child
4	PASS [   0.006s] (396/518) ken-runtime cranelift_backend::artifact::api::tests::nc8_certificate_rejects_project_from_non_record_example
4	PASS [   0.006s] (397/518) ken-runtime cranelift_backend::artifact::api::tests::nc8_certificate_rejects_var_in_reachable_transparent_declaration
4	PASS [   0.076s] (398/518) ken-runtime cranelift_backend::artifact::api::tests::program_runner_preflights_metadata_before_backend_lowering
4	PASS [   0.007s] (399/518) ken-runtime cranelift_backend::grafted_spine_control_graph::tests::terminal_moved_to_body_rejects_at_terminal_kind_layer
4	PASS [   0.259s] (400/518) ken-runtime boundary_value_clif::tests::b2v_every_emitted_owner_band_test_is_the_plans
4	PASS [   0.022s] (401/518) ken-runtime cranelift_backend::lowering::aggregates::tests::a_source_record_as_a_call_argument_is_marshalled_at_its_own_occurrence
4	PASS [   0.008s] (402/518) ken-runtime cranelift_backend::lowering::aggregates::tests::an_aggregate_with_no_producer_certificate_cannot_reach_the_carrier
4	PASS [   0.006s] (403/518) ken-runtime cranelift_backend::lowering::boundary::tests::b2v_ac3_every_variant_carries_exactly_one_of_the_five_static_policies
4	PASS [   0.036s] (404/518) ken-runtime cranelift_backend::lowering::core::primitive::tests::cranelift_runs_closure_seed_with_explicit_runtime_capture_environment
4	PASS [   0.092s] (405/518) ken-runtime cranelift_backend::lowering::aggregates::tests::a_sibling_effect_seats_coordinate_is_rejected_at_construction
4	PASS [   0.020s] (406/518) ken-runtime cranelift_backend::lowering::core::tests::constructors::b2f_d9_a_value_inside_the_field_takes_the_immediate_arm
4	PASS [   0.019s] (407/518) ken-runtime cranelift_backend::lowering::core::tests::constructors::b2f_d9_the_same_emitter_builds_the_string_class
4	PASS [   0.060s] (408/518) ken-runtime cranelift_backend::lowering::core::tests::constructors::ac5_redirecting_the_resolved_worker_target_reds_the_same_shape_witness
4	PASS [   0.019s] (409/518) ken-runtime cranelift_backend::lowering::core::tests::constructors::c1_d3_ac_c4_a_carried_recursive_position_builds_its_hypothesis_and_eliminates
4	PASS [   0.010s] (410/518) ken-runtime cranelift_backend::lowering::core::tests::constructors::c1_d3_ac_c4_the_recursor_capsule_is_refused_before_its_residual_is_read
4	PASS [   0.007s] (411/518) ken-runtime cranelift_backend::lowering::core::tests::constructors::c2_ac3_missing_dynamic_role_refuses_at_some_zero_unit_epoch
4	PASS [   0.031s] (412/518) ken-runtime cranelift_backend::lowering::core::tests::constructors::c1_d3_ac_c4_each_case_binder_reads_its_own_constructor_field
4	PASS [   0.020s] (413/518) ken-runtime cranelift_backend::lowering::core::tests::constructors::carried_bool_dispatch_refuses_payload_two
4	PASS [   0.042s] (414/518) ken-runtime cranelift_backend::lowering::core::tests::constructors::c2_ac6_host_result_covers_resource_token_and_response_bytes_payloads
4	PASS [   0.021s] (415/518) ken-runtime cranelift_backend::lowering::core::tests::constructors::constructor_field_binder_shift_mutation_recovers_exact_refusal
4	PASS [   0.024s] (416/518) ken-runtime cranelift_backend::lowering::core::tests::constructors::constructor_field_middle_binder_preserves_trailing_environment_order
4	PASS [   0.007s] (417/518) ken-runtime cranelift_backend::lowering::core::tests::constructors::generated_context_pairing_keeps_selected_parameter_before_both_capture_runs
4	PASS [   0.029s] (418/518) ken-runtime cranelift_backend::lowering::core::tests::constructors::d4_a_non_span_is_a_distinct_outcome_from_an_observable_span
4	PASS [   0.007s] (419/518) ken-runtime cranelift_backend::lowering::core::tests::constructors::heterogeneous_later_ordinary_missing_selects_exact_default
4	PASS [   0.009s] (420/518) ken-runtime cranelift_backend::lowering::core::tests::constructors::source_machine_recognized_worker_enters_the_constructor_template
4	PASS [   0.008s] (421/518) ken-runtime cranelift_backend::lowering::core::tests::constructors::static_worker_construction_rejects_wrong_arity
4	PASS [   0.021s] (422/518) ken-runtime cranelift_backend::lowering::core::tests::constructors::nested_computational_malformed_recursive_position_rejects_specifically
4	PASS [   0.008s] (423/518) ken-runtime cranelift_backend::lowering::core::tests::constructors::static_worker_construction_rejects_wrong_body_origin
4	PASS [   0.024s] (424/518) ken-runtime cranelift_backend::lowering::core::tests::constructors::unconditionally_separate_checked_successor_lowering_recreates_the_regression
4	PASS [   0.010s] (425/518) ken-runtime cranelift_backend::lowering::core::tests::control::oriented_fresh_ih_semantics_retain_all_inherited_control_obligations
4	PASS [   0.011s] (426/518) ken-runtime cranelift_backend::lowering::core::tests::control::oriented_open_control_obligations_are_affine_and_mint_exact
4	PASS [   0.045s] (427/518) ken-runtime cranelift_backend::lowering::core::tests::control::correspondence_adds_no_emitted_unit_to_the_production_census
4	PASS [   0.012s] (428/518) ken-runtime cranelift_backend::lowering::core::tests::control::px8j_all_three_direct_consumers_propagate_the_role_validator
4	PASS [   0.030s] (429/518) ken-runtime cranelift_backend::lowering::core::tests::effects::call_returned_host_result_keeps_established_dynamic_lane
4	PASS [   0.041s] (430/518) ken-runtime cranelift_backend::lowering::core::tests::effects::ac1_a_specialized_constructor_scrutinee_still_selects_and_delivers
4	PASS [   0.020s] (431/518) ken-runtime cranelift_backend::lowering::core::tests::effects::directory_entry_name_is_a_governed_host_response_referent
4	PASS [   0.019s] (432/518) ken-runtime cranelift_backend::lowering::core::tests::effects::px8n_bounded_nat_observes_exact_zero_successor_and_recursive_order
4	PASS [   0.083s] (433/518) ken-runtime cranelift_backend::lowering::core::tests::effects::carried_constructor_dispatch_traps_wrong_positional_child_before_fs_open
4	PASS [   0.009s] (434/518) ken-runtime cranelift_backend::lowering::core::tests::perturbing_a_borrowed_address_does_not_move_any_derived_origin
4	PASS [   0.065s] (435/518) ken-runtime cranelift_backend::lowering::core::tests::effects::px8n_fs_read_at_arm_distinguishes_eof_and_short_read_some
4	PASS [   0.008s] (436/518) ken-runtime cranelift_backend::lowering::core::tests::positional_candidate_settlement::d2k_1c_1_a_transition_and_its_transport_must_name_each_other
4	PASS [   0.040s] (437/518) ken-runtime cranelift_backend::lowering::core::tests::positional_candidate_settlement::ced_d3_m3_dropping_the_pending_half_settles_inline_at_the_exit_seat_and_collides
4	PASS [   0.033s] (438/518) ken-runtime cranelift_backend::lowering::core::tests::positional_candidate_settlement::d3_both_binding_seats_obey_one_conversion_law
4	PASS [   0.025s] (439/518) ken-runtime cranelift_backend::lowering::core::tests::positional_candidate_settlement::d3_the_ported_producer_call_scrutinee_runs_unhooked_on_the_functionized_lane
4	PASS [   0.018s] (440/518) ken-runtime cranelift_backend::lowering::core::tests::recursor_fusion::planned_closure_preexistence_routes_recursors_to_the_durable_lane
4	PASS [   0.063s] (441/518) ken-runtime cranelift_backend::lowering::core::tests::recursor_fusion::d2f_armed_compile_completes_and_its_populations_are_pinned
4	PASS [   0.080s] (442/518) ken-runtime cranelift_backend::lowering::core::tests::recursor_fusion::r3_fused_late_call_build_refusal_keeps_claim_outstanding
4	PASS [   0.031s] (443/518) ken-runtime cranelift_backend::lowering::core::tests::source_frame_bridge::d8p_a_checked_application_binds_and_emits_in_every_defining_body
4	PASS [   0.099s] (444/518) ken-runtime cranelift_backend::lowering::core::tests::source_frame_bridge::d8f_the_remaining_checked_marker_refusals
4	PASS [   0.006s] (445/518) ken-runtime cranelift_backend::lowering::core::tests::specialization_binding::continuation_case_binder_run_resolves_a_field_by_source_position_not_envelope_ordinal
4	PASS [   0.031s] (446/518) ken-runtime cranelift_backend::lowering::core::tests::specialization_binding::d5a_a_transplanted_generated_context_binding_refuses_at_the_retarget
4	PASS [   0.064s] (447/518) ken-runtime cranelift_backend::lowering::core::tests::source_frame_bridge::d8p_binding_is_zero_one_or_declined_per_application_occurrence
4	PASS [   0.034s] (448/518) ken-runtime cranelift_backend::lowering::core::tests::specialization_binding::d6a_mixed_route_predecessors_at_one_origin_stay_separate
4	PASS [   0.035s] (449/518) ken-runtime cranelift_backend::lowering::core::tests::specialization_binding::d6a_planned_claimed_and_emitted_identity_agree_exactly
4	PASS [   0.013s] (450/518) ken-runtime cranelift_backend::lowering::core::tests::specialization_binding::d7a_the_composed_worker_view_is_the_selecting_units_own_worker_or_a_named_refusal
4	PASS [   0.006s] (451/518) ken-runtime cranelift_backend::lowering::seed_material::tests::every_ground_value_variant_encodes_to_a_distinct_tag
4	PASS [   0.017s] (452/518) ken-runtime cranelift_backend::lowering::core::tests::specialization_binding::d8b_a_composed_call_target_is_its_own_selectors_callee
4	PASS [   0.008s] (453/518) ken-runtime cranelift_backend::lowering::seed_material::tests::size_is_accepted_below_the_cap_and_rejected_above_it
4	PASS [   0.005s] (454/518) ken-runtime cranelift_backend::lowering::units::captured_environment_bijection::a_duplicated_source_occurrence_is_refused
4	PASS [   0.005s] (455/518) ken-runtime cranelift_backend::lowering::units::captured_environment_bijection::a_seed_capture_is_refused_rather_than_labelled
4	PASS [   0.006s] (456/518) ken-runtime cranelift_backend::lowering::units::captured_environment_bijection::swapping_whole_ordinal_source_pairs_is_refused
4	PASS [   0.009s] (457/518) ken-runtime cranelift_backend::planning::static_transition::aggregates::checked_ih_captured_env_schema::bind_continuation_production_rejects_response_lifetime_mismatch
4	PASS [   0.013s] (458/518) ken-runtime cranelift_backend::planning::static_transition::aggregates::checked_ih_captured_env_schema::transport_edges_reference_one_force_record_and_issue_no_destination_record
4	PASS [   0.008s] (459/518) ken-runtime cranelift_backend::planning::static_transition::aggregates::tests::a_path_step_kind_is_load_bearing_not_an_index
4	PASS [   0.008s] (460/518) ken-runtime cranelift_backend::planning::static_transition::aggregates::tests::checked_ih_purity_follows_static_callee_body_and_rejects_suspended_vis
4	PASS [   0.008s] (461/518) ken-runtime cranelift_backend::planning::static_transition::aggregates::tests::substrate_same_shape_aggregates_keep_distinct_lifetimes
4	PASS [   0.008s] (462/518) ken-runtime cranelift_backend::planning::static_transition::aggregates::tests::the_planner_owns_the_ordered_alternative_population
4	PASS [   0.111s] (463/518) ken-runtime cranelift_backend::planning::static_transition::closure::tests::boundary_b1_nested_resource_brackets_n3_through_n7_are_closed_and_affine
4	PASS [   0.009s] (464/518) ken-runtime cranelift_backend::planning::static_transition::closure::tests::boundary_b1r_atom_content_must_stay_inside_the_closed_name_arena
4	PASS [   0.017s] (465/518) ken-runtime cranelift_backend::planning::static_transition::closure::tests::boundary_b1r_control_3_duplicating_a_material_record_origin_is_rejected
4	PASS [   0.225s] (466/518) ken-runtime cranelift_backend::lowering::source::tests::lrc_d2a_forwards_each_arrival_and_excludes_projection_owned_early_refusals
4	PASS [   0.018s] (467/518) ken-runtime cranelift_backend::planning::static_transition::closure::tests::closed_identity_terminal_and_store_guards_reject_exact_mutations
4	PASS [   0.008s] (468/518) ken-runtime cranelift_backend::planning::static_transition::closure::tests::substrate_preallocation_closure_rejects_an_admitted_unreachable_case
4	PASS [   0.005s] (469/518) ken-runtime cranelift_backend::planning::static_transition::continuations::fusion::tests::d2e_binder_role_past_the_case_run_is_the_frame_environment
4	PASS [   0.008s] (470/518) ken-runtime cranelift_backend::planning::static_transition::continuations::fusion::tests::d2e_ih_binding_does_not_leak_into_a_closure_body
4	PASS [   0.009s] (471/518) ken-runtime cranelift_backend::planning::static_transition::continuations::fusion::tests::d2g_ac2_a_broken_slot_to_frame_relation_resolves_nothing
4	PASS [   0.007s] (472/518) ken-runtime cranelift_backend::planning::static_transition::continuations::fusion::tests::d2g_ac2_relocating_the_runtime_marker_against_a_fixed_plan_is_refused
4	PASS [   0.033s] (473/518) ken-runtime cranelift_backend::planning::static_transition::construction::tests::collapsing_only_the_static_body_target_class_is_refused
4	PASS [   0.013s] (474/518) ken-runtime cranelift_backend::planning::static_transition::continuations::fusion::tests::d2j_every_member_matches_its_authoritative_planner_fact
4	PASS [   0.013s] (475/518) ken-runtime cranelift_backend::planning::static_transition::continuations::fusion::tests::d3_the_two_composed_edges_are_named_by_the_keys_checked_bindings
4	PASS [   0.006s] (476/518) ken-runtime cranelift_backend::planning::static_transition::continuations::tests::checked_binder_resolution_rederives_an_intervening_binder_shift
4	PASS [   0.006s] (477/518) ken-runtime cranelift_backend::planning::static_transition::continuations::fusion::tests::governed_nested_bracket_uses_canonical_four_seat_binder_roles
4	PASS [   0.010s] (478/518) ken-runtime cranelift_backend::planning::static_transition::continuations::tests::contspec_planned_edge_closure_rejects_omission_and_redirection
4	PASS [   0.011s] (479/518) ken-runtime cranelift_backend::planning::static_transition::continuations::tests::contspec_ordinary_prefix_uses_the_ordered_worker_envelope
4	PASS [   0.006s] (480/518) ken-runtime cranelift_backend::planning::static_transition::continuations::tests::d3_a_seed_provenance_declaration_transports_with_its_own_carrier
4	PASS [   0.008s] (481/518) ken-runtime cranelift_backend::planning::static_transition::continuations::tests::contsrc_the_two_coordinate_domains_never_compare_equal
4	PASS [   0.008s] (482/518) ken-runtime cranelift_backend::planning::static_transition::immediate_bridge::tests::every_plan_mutation_moves_the_published_relation_and_applies_once
4	PASS [   0.008s] (483/518) ken-runtime cranelift_backend::planning::static_transition::immediate_bridge::tests::publishing_without_a_mutation_is_the_build_and_applies_nothing
4	PASS [   0.008s] (484/518) ken-runtime cranelift_backend::planning::static_transition::immediate_bridge::tests::the_accessors_read_the_stored_plane_and_never_re_derive
4	PASS [   0.008s] (485/518) ken-runtime cranelift_backend::planning::static_transition::joins_traps::tests::d8_let_environment_provenance_reaches_the_exact_nested_join
4	PASS [   0.007s] (486/518) ken-runtime cranelift_backend::planning::static_transition::occurrences::tests::swapping_two_declaration_occurrences_is_refused
4	PASS [   0.009s] (487/518) ken-runtime cranelift_backend::planning::static_transition::occurrences::tests::root_and_declaration_computational_bodies_take_the_resume_occurrence
4	PASS [   0.008s] (488/518) ken-runtime cranelift_backend::planning::static_transition::selected_pending_calls::tests::agreeing_unit_preserves_the_existing_l2_nonpending_route
4	PASS [   0.018s] (489/518) ken-runtime cranelift_backend::planning::static_transition::occurrences::tests::the_occurrence_table_is_total_over_every_planned_expression
4	PASS [   0.009s] (490/518) ken-runtime cranelift_backend::planning::static_transition::selected_pending_calls::tests::wrong_template_slot_refuses_at_the_production_walker
4	PASS [   0.005s] (491/518) ken-runtime cranelift_backend::surface::surface_diagnostics_tests::validated_run_error_from_impls_select_the_matching_arm
4	PASS [   0.009s] (492/518) ken-runtime cranelift_backend::planning::static_transition::units::tests::b2r_ac11_every_advertised_d5_rejection_class_names_the_arm_that_actually_fires
4	PASS [   0.008s] (493/518) ken-runtime executable_artifact_contract::tests::stale_runtime_identity_rejects_before_native_status
4	PASS [   0.007s] (494/518) ken-runtime executable_entrypoint_packaging::tests::runtime_entrypoint_package_binds_entrypoint_runtime_report_and_contract
4	PASS [   0.007s] (495/518) ken-runtime hash::tests::fnv1a_empty
4	PASS [   0.009s] (496/518) ken-runtime ir::tests::acf2_ordinary_case_count_is_load_bearing
4	PASS [   0.005s] (497/518) ken-runtime ir::tests::acf2_ordinary_case_order_is_load_bearing
4	PASS [   2.007s] (498/518) ken-runtime native_execution_differential::tests::closeout_frames_prerequisite_when_interpreter_lane_is_unavailable
4	PASS [   0.013s] (499/518) ken-runtime native_int::tests::exact_arithmetic_promotes_and_canonicalizes
4	PASS [   0.006s] (500/518) ken-runtime native_int::tests::terminal_decoder_requires_a_complete_canonical_export_view
4	PASS [   2.130s] (501/518) ken-runtime native_execution_differential::tests::missing_effect_authority_reports_represented_unavailable
4	PASS [   0.012s] (502/518) ken-runtime object_linker_packaging::tests::stale_platform_support_hash_rejects_before_linking
4	PASS [   0.006s] (503/518) ken-runtime platform_runtime_support::tests::platform_support_binds_entrypoint_and_represents_starter_shapes
4	PASS [   0.007s] (504/518) ken-runtime platform_runtime_support::tests::stable_abi_target_rejects_before_native_execution
4	PASS [   0.888s] (505/518) ken-runtime store::tests::arena_page_chaining
4	PASS [   0.008s] (506/518) ken-runtime store::tests::equality_is_slot_id_compare
4	PASS [   0.007s] (507/518) ken-runtime store::tests::int_small_to_bignum_promotion
4	PASS [   0.011s] (508/518) ken-runtime store::tests::space_bounded_reclamation
4	PASS [   0.158s] (509/518) ken-runtime::value_depth_totality ac_p3b_debug_returns_and_renders_at_depth_d_through_all_child_positions
4	PASS [   0.229s] (510/518) ken-runtime::value_depth_totality ac_v12_witness_ordering_is_total_at_depth_d
4	PASS [   0.012s] (511/518) ken-runtime::value_depth_totality all_chain_variants_covers_every_arm_the_mixed_fixture_nests
4	PASS [   0.014s] (512/518) ken-runtime::value_depth_totality scenario_worker
4	PASS [   0.015s] (513/518) ken-verify catalog::tests::imported_catalog_partition_is_exact_and_closed
4	PASS [   2.143s] (514/518) ken-runtime object_linker_packaging::tests::each_authorized_deployment_limit_is_part_of_the_package_identity
4	PASS [  33.521s] (515/518) ken-verify scenario::tests::fs_append_file_real_artifact_content_count_differential_discriminates
4	PASS [  56.366s] (516/518) ken-interp::b3_acceptance q_p_assertion_points_project_from_export
4	PASS [  91.285s] (517/518) ken-verify scenario::tests::fs_remove_directory_exercises_every_path_policy_refusal
4	PASS [ 192.381s] (518/518) ken-elaborator::r3_c2_source_mixed_branch r3_4b_observation_feature_is_native_artifact_identical
3	PASS [   0.174s] (  1/519) ken-cli::library_documentation_gates content_currency_gate_rejects_a_symlink_source_even_when_its_target_is_unchanged
3	PASS [   0.178s] (  2/519) ken-cli::library_documentation_gates content_currency_gate_rejects_revision_predating_librarys_own_introduction
3	PASS [   0.006s] (  3/519) ken-cli::library_documentation_gates slugify_matches_the_proposals_own_worked_anchor
3	PASS [   0.499s] (  4/519) ken-cli::ken_md_literate_cli ken_run_accepts_exact_ken_md_fence
3	PASS [   0.006s] (  5/519) ken-cli::mrc_d8_manifest_premise mrc_d8_control_dotted_keys_and_arrays_of_tables_fail_closed
3	PASS [   0.007s] (  6/519) ken-cli::mrc_d8_manifest_premise mrc_d8_real_control_fact_two_reds_on_the_shipped_runtime_manifest
3	PASS [   1.496s] (  7/519) ken-cli::library_documentation_gates checked_examples_detector_rejects_invalid_example_and_stale_reject
3	PASS [   2.218s] (  8/519) ken-cli::deterministic_app checked_application_exposes_the_real_dispatch_observation
3	PASS [   0.020s] (  9/519) ken-cli::px4b_native_production string_literal_end_leaves_non_raw_and_plain_strings_intact
3	PASS [  76.039s] ( 10/519) ken-cli::px4b_native_production one_vis_reaches_the_px5_native_host_dispatch
3	PASS [  81.589s] ( 11/519) ken-cli::px4b_native_production linked_console_broken_pipe_reaches_ken_instead_of_signal_termination
3	PASS [  80.283s] ( 12/519) ken-cli::px7m_hostresult_computational_match dynamic_err_pending_route_refuses_missing_effect_binding_before_join_accounting
3	PASS [   0.008s] ( 13/519) ken-cli::rt_cold_lowering_path_enumeration cold_lowering_population_coverage_header
3	PASS [  89.178s] ( 14/519) ken-cli::px7p_constructor_field_composition selected_ok_field_reaches_both_real_executors
3	PASS [   0.468s] ( 15/519) ken-cli::rt_native_string_construction native_string_bytes_decode_normalizes_like_the_interpreter
3	PASS [  86.596s] ( 16/519) ken-cli::rt_capture_projection_grow the_conditional_join_grows_the_projection_and_records_every_deferral
3	PASS [   0.599s] ( 17/519) ken-cli::rt_span_prov_native sp_a_foreign_span_write_rejects_before_backend_interp
3	PASS [   0.783s] ( 18/519) ken-cli::rt_span_prov_native sp_a_own_span_write_succeeds_with_bytes_interp
3	PASS [   0.732s] ( 19/519) ken-cli::t2_acceptance ac6_eval_path_is_real_interpreter
3	PASS [   0.017s] ( 20/519) ken-cli::bin/ken capacity_profile_tests::native_profile_requires_all_eleven_explicit_numbers_and_admits_zero
3	PASS [   0.013s] ( 21/519) ken-cli::bin/ken run_argument_tests::program_arguments_after_separator_preserve_non_utf8_bytes
3	PASS [   0.013s] ( 22/519) ken-cli::bin/ken run_argument_tests::unknown_argument_before_separator_is_a_specific_error
3	PASS [   0.017s] ( 23/519) ken-elaborator checked_core::tests::acceptance_examples_fit_metadata_without_runtime_layout
3	PASS [   0.016s] ( 24/519) ken-elaborator checked_core::tests::body_view_rejects_references_outside_selected_closure
3	PASS [   0.017s] ( 25/519) ken-elaborator checked_core::tests::body_view_rejects_stale_constructor_identity
3	PASS [   0.016s] ( 26/519) ken-elaborator checked_core::tests::body_view_rejects_unsupported_proof_only_match
3	PASS [   0.016s] ( 27/519) ken-elaborator checked_core::tests::body_view_rejects_unsupported_recursive_shape
3	PASS [   0.017s] ( 28/519) ken-elaborator checked_core::tests::emitter_materializes_missing_compiler_metadata_as_unsupported
3	PASS [   0.017s] ( 29/519) ken-elaborator checked_core::tests::obligation_and_dependency_keys_are_stable_symbols
3	PASS [   0.913s] ( 30/519) ken-elaborator compiler_driver::tests::executable_entrypoint_reports_unresolved_dependency_lane
3	PASS [   0.007s] ( 31/519) ken-elaborator compiler_driver::tests::root_execution_marker_is_part_of_the_plan_transport_hash
3	PASS [   0.696s] ( 32/519) ken-elaborator compiler_driver::tests::target_closure_reports_unresolved_references_without_runtime_success
3	PASS [   0.007s] ( 33/519) ken-elaborator elab::fixity_reassociation_skip_tests::spine_free_declaration_returns_the_zero_work_sentinel
3	PASS [   0.435s] ( 34/519) ken-elaborator elab::missing_pattern_witness_diagnostic_strictness_tests::globals_pruned_kernel_resolvable_id_degrades_instead_of_panicking
3	PASS [   0.007s] ( 35/519) ken-elaborator elab::nested_lift_association_tests::missing_lift_association_mutation_rejects
3	PASS [   0.433s] ( 36/519) ken-elaborator elab::nested_lift_association_tests::recursive_ih_neutral_or_unequal_index_evidence_is_preserved
3	PASS [   0.442s] ( 37/519) ken-elaborator elab::omega_index_refinement_tests::omega_branch_goal_plan_reuses_the_pinned_direct_j_constructor
3	PASS [   0.433s] ( 38/519) ken-elaborator elab::omega_index_refinement_tests::sibling_convoy_index_type_classifier_remains_type_only
3	PASS [   0.434s] ( 39/519) ken-elaborator elab::result_transport_control_flow_tests::active_premise_embedding_rejects_forward_unknown_and_noninvertible_terms
3	PASS [   0.435s] ( 40/519) ken-elaborator elab::surf1_visits_row_production_path::surf1_view_elaboration_consumes_visits_row
3	PASS [   0.008s] ( 41/519) ken-elaborator erasure::px7l_tests::erased_constructor_parameter_and_live_ih_argument_emit_one_runtime_marker
3	PASS [   0.008s] ( 42/519) ken-elaborator erasure::px7l_tests::finish_rejects_an_unconsumed_computational_ih_slot_seed
3	PASS [   1.195s] ( 43/519) ken-elaborator erasure::px7l_tests::omitting_the_injected_result_is_refused_by_the_runtime_marker_gate
3	PASS [   0.007s] ( 44/519) ken-elaborator fo_kripke::tests::mentions_var0_agrees_with_shift_round_trip_oracle
3	PASS [   0.007s] ( 45/519) ken-elaborator layout::tests::group_is_binary_and_hard_lines_never_flatten
3	PASS [   0.467s] ( 46/519) ken-elaborator modules::namespace_effect_tests::actual_export_table_includes_renamed_reexports
3	PASS [   0.487s] ( 47/519) ken-elaborator modules::namespace_effect_tests::checked_current_local_and_its_inline_reexport_are_one_identity
3	PASS [   0.489s] ( 48/519) ken-elaborator modules::namespace_effect_tests::facade_selected_equal_canonical_distinct_ids_collide_at_export
3	PASS [   0.466s] ( 49/519) ken-elaborator modules::namespace_effect_tests::file_import_uses_catalog_source_despite_unrelated_inline_name
3	PASS [   0.963s] ( 50/519) ken-elaborator modules::namespace_effect_tests::file_unit_own_inline_grandchild_selects_its_checked_identity
3	PASS [   3.204s] ( 51/519) ken-elaborator modules::namespace_effect_tests::generated_derive_import_refuses_stale_provider_in_either_order
3	PASS [   1.119s] ( 52/519) ken-elaborator modules::namespace_effect_tests::in_memory_q_after_file_selects_its_own_checked_identity
3	PASS [   3.737s] ( 53/519) ken-elaborator modules::namespace_effect_tests::later_same_unit_sibling_rejects_regardless_of_file_import_order
3	PASS [   0.882s] ( 54/519) ken-elaborator modules::namespace_effect_tests::selective_import_distinguishes_same_spelling_providers_and_same_idempotence
3	PASS [   0.008s] ( 55/519) ken-elaborator parser::as_pattern_precedence_tests::constructor_argument_or_requires_parentheses
3	PASS [   0.008s] ( 56/519) ken-elaborator parser::atom_form_closure::every_literal_token_carries_its_declared_payload_in_both_positions
3	PASS [   0.014s] ( 57/519) ken-elaborator parser::atom_form_closure::the_derived_type_roster_claims_exactly_the_historical_four
3	PASS [   0.453s] ( 58/519) ken-elaborator r_layer_tests::acceptance::ascription_on_lambda
3	PASS [   1.357s] ( 59/519) ken-elaborator r_layer_tests::acceptance::let_ascription_roundtrip
3	PASS [   1.399s] ( 60/519) ken-elaborator r_layer_tests::acceptance::two_distinct_levels
3	PASS [  10.601s] ( 61/519) ken-elaborator r_layer_tests::cat_bool_pub_export::primitive_class_owner_instances_are_canonical_across_isolated_consumers
3	PASS [ 122.291s] ( 62/519) ken-cli::rt_cold_lowering_path_enumeration rt_read_offset_stage
3	PASS [   5.891s] ( 63/519) ken-elaborator r_layer_tests::cat_effectful_classes_import::effectful_classes_roots_loads_standalone
3	PASS [   1.998s] ( 64/519) ken-elaborator r_layer_tests::cat_order_pub_export::order_facade_does_not_export_the_totality_bridge
3	PASS [   5.958s] ( 65/519) ken-elaborator r_layer_tests::cat_lawful_functors_pub_export::lawful_functors_selective_consumer_retains_provider_identity_and_trust
3	PASS [   6.604s] ( 66/519) ken-elaborator r_layer_tests::cat_priority_queue_acceptance::kernel_checked_program_structure_derives_right_spine_costs
3	PASS [   6.512s] ( 67/519) ken-elaborator r_layer_tests::cat_tier_d_cursor_import::formatting_doc_loader_visible_inventory_is_exact
3	PASS [   7.884s] ( 68/519) ken-elaborator r_layer_tests::cat_tier_d_parsing_group_import::process_arguments_provider_closure_is_exact_and_sibling_disjoint
3	PASS [   7.798s] ( 69/519) ken-elaborator r_layer_tests::cat_tier_d_render_import::diagnostics_render_loader_visible_inventory_is_exact_and_usable
3	PASS [  69.144s] ( 70/519) ken-cli::rt_nested_ih_native_realization nested_checked_ih_native_result_is_exactly_interpreter_nat_three
3	PASS [   8.267s] ( 71/519) ken-elaborator r_layer_tests::cat_tier_e_schema_import::schema_issue_sequence_law_has_a_two_rejection_client
3	PASS [   6.221s] ( 72/519) ken-elaborator r_layer_tests::cc6b_path_posix_acceptance::validity_rejects_the_old_counterexamples_and_accepts_dotdot
3	PASS [   0.753s] ( 73/519) ken-elaborator r_layer_tests::ds1_empty_dec_acceptance::ac2_empty_and_absurd_empty_elaborate
3	PASS [   0.008s] ( 74/519) ken-elaborator r_layer_tests::effects::classify_telescope_hof_effectful_cannot_be_silently_dropped
3	PASS [   0.007s] ( 75/519) ken-elaborator r_layer_tests::effects::eff_undeclared_escapes_rejected
3	PASS [   0.007s] ( 76/519) ken-elaborator r_layer_tests::effects::higher_order_param_declared_accepted
3	PASS [   0.007s] ( 77/519) ken-elaborator r_layer_tests::effects::itree_ret_is_pure
3	PASS [   0.007s] ( 78/519) ken-elaborator r_layer_tests::effects::row_poly_apply_twice_infers_row_var
3	PASS [   0.007s] ( 79/519) ken-elaborator r_layer_tests::effects::surf1_recursive_row_poly_fixpoint_is_idempotent
3	PASS [  18.949s] ( 80/519) ken-elaborator r_layer_tests::cat_tier_e_decoder_import::decoder_loader_visible_inventory_is_exact_and_usable
3	PASS [   0.900s] ( 81/519) ken-elaborator r_layer_tests::kenfmt_b3_layout::ac4_old_atom_boundary_parentheses_preserve_meaning
3	PASS [   0.009s] ( 82/519) ken-elaborator r_layer_tests::kenfmt_b4_splicing::ac4_prose_markers_and_non_ken_fences_are_byte_identical
3	PASS [   0.013s] ( 83/519) ken-elaborator r_layer_tests::kenfmt_let_layout::let4_comments_stay_owned_and_shadowing_starts_a_new_segment
3	PASS [   0.898s] ( 84/519) ken-elaborator r_layer_tests::lang_fixity_decl_surface::imported_fixity_cannot_be_redeclared_at_the_use_site
3	PASS [ 276.705s] ( 85/519) ken-cli::mrc_4a1_feature_gate_artifact mrc_4a1_feature_gate_holds_at_the_artifact
3	PASS [   0.610s] ( 86/519) ken-elaborator r_layer_tests::lang_structural_result_elab::binary_omega_residual_method_recheck_is_a_transition_sentinel
3	PASS [   0.891s] ( 87/519) ken-elaborator r_layer_tests::lang_structural_result_elab::ordinary_let_binding_inside_lifted_arm_is_exactly_out_of_scope
3	PASS [   0.901s] ( 88/519) ken-elaborator r_layer_tests::lc_acceptance::ac1_same_key_resolves_same_canonical
3	PASS [   0.876s] ( 89/519) ken-elaborator r_layer_tests::let4_multi_binding::ac1_ac2_rejections_are_specific
3	PASS [   0.451s] ( 90/519) ken-elaborator r_layer_tests::n4_program_admits::multi_provider_direct_use_without_a_boundary_fails_closed
3	PASS [   0.905s] ( 91/519) ken-elaborator seal2_tests::adversary_repros::direct_transfer_count_forgery_routes_all_reject
3	PASS [   0.009s] ( 92/519) ken-elaborator seal2_tests::producer_closure::certificate_flags_an_ex_falso_bottom_path_producer
3	PASS [   0.483s] ( 93/519) ken-elaborator seal2_tests::producer_closure::closed_oracle_unfolds_a_transparent_alias_in_a_nonhead_position
3	PASS [  91.209s] ( 94/519) ken-elaborator r_layer_tests::cat_tier_d_parsing_group_import::parsing_module_implementation_siblings_remain_private
3	PASS [  43.656s] ( 95/519) ken-elaborator::b1_acceptance delegated_obligation_never_promoted_to_proved
3	PASS [   0.007s] ( 96/519) ken-elaborator::b2_acceptance closedness_metatheorem_typechecks_via_elim
3	PASS [   0.007s] ( 97/519) ken-elaborator::b2_acceptance inert_to_conversion
3	PASS [  44.462s] ( 98/519) ken-elaborator::b2_acceptance temporal_non_host_signature_rejects_same_family_sibling
3	PASS [  83.398s] ( 99/519) ken-elaborator::b1_exact_denotation_alphabet non_host_l5_perform_uses_its_typed_inductive_identity
3	PASS [   0.007s] (100/519) ken-elaborator::bare_proof_selector_atom ac5_a_grouped_selector_argument_does_not_swallow_the_following_argument
3	PASS [   0.427s] (101/519) ken-elaborator::bare_proof_selector_atom bare_grouped_and_canonical_selectors_have_identical_ast_and_elaboration
3	PASS [   2.724s] (102/519) ken-elaborator::cat3_collections_package cat3_d3_wrong_lens_endpoint_rejected
3	PASS [   2.806s] (103/519) ken-elaborator::cat3_collections_package slice_width_is_end_minus_start_through_production_slice
3	PASS [   4.579s] (104/519) ken-elaborator::cat5_parsing_package cat5_d1_source_span_package_elaborates_zero_delta
3	PASS [   4.551s] (105/519) ken-elaborator::cat5_parsing_package cat5_d2_legacy_caller_budget_repetition_is_not_exported
3	PASS [   4.632s] (106/519) ken-elaborator::cat5_parsing_package cat5_d3_bool_expression_surface_is_package_owned
3	PASS [   1.819s] (107/519) ken-elaborator::cat_bsearch_acceptance entry_adds_no_trusted_declarations
3	PASS [  42.684s] (108/519) ken-elaborator::b2_acceptance ward_green_keeps_delegated_never_promoted
3	PASS [   1.429s] (109/519) ken-elaborator::cat_capability_laws_prelude_move capability_laws_have_checked_local_owners_without_prelude_fallthrough
3	PASS [   2.971s] (110/519) ken-elaborator::cat_deque_acceptance entry_elaborates_and_registers_operations_and_laws
3	PASS [   2.946s] (111/519) ken-elaborator::cat_derived_filter_membership_law private_law_statements_resolve_the_derived_filter
3	PASS [   9.003s] (112/519) ken-elaborator::cat_deque_acceptance transparent_deque_bodies_have_exact_derived_head_occurrence_populations
3	PASS [   9.835s] (113/519) ken-elaborator::cat_logic_prelude_move ordered_search_import_removals_are_attributable
3	PASS [   0.533s] (114/519) ken-elaborator::cat_sums_combinators_closeout sums_direct_loader_surface_is_exact_canonical_is_some
3	PASS [   6.329s] (115/519) ken-elaborator::cat_property_acceptance property_uses_derived_map_identity_for_gen_map
3	PASS [   1.885s] (116/519) ken-elaborator::cc2_text_codec_numeric_acceptance bijection_prerequisite_is_the_single_separately_homed_assumption
3	PASS [   3.064s] (117/519) ken-elaborator::cc1_nonempty_validation_acceptance nonempty_loader_visible_inventory_is_exact
3	PASS [   3.163s] (118/519) ken-elaborator::cc2_text_codec_numeric_acceptance ordered_dependency_closure_elaborates_codec_then_numeric
3	PASS [   3.135s] (119/519) ken-elaborator::cc5_pretty_doc_acceptance cc5_reuses_canonical_nat_operations_with_zero_trust_delta
3	PASS [   9.144s] (120/519) ken-elaborator::cc4_diagnostic_core_acceptance cc4_clients_use_canonical_diagnostics_without_duplicate_carriers
3	PASS [  10.925s] (121/519) ken-elaborator::cc7_argparse_acceptance cc7_is_a_zero_trust_specialization_with_no_second_universe
3	PASS [   0.477s] (122/519) ken-elaborator::class_field_purity surf2_d1_const_fn_and_malformed_markers_follow_field_signature
3	PASS [   3.696s] (123/519) ken-elaborator::conversions_acceptance ac4_checked_sub_underflow_every_width
3	PASS [  11.344s] (124/519) ken-elaborator::cc7_argparse_acceptance two_independent_bad_arguments_accumulate_exact_nonzero_locations
3	PASS [   1.899s] (125/519) ken-elaborator::conversions_acceptance ac5_neg_intn_degrades_on_min_every_signed_width
3	PASS [   0.619s] (126/519) ken-elaborator::dependent_match_coherent_frame_acceptance genuinely_false_reachable_branch_stays_rejected
3	PASS [   0.535s] (127/519) ken-elaborator::dependent_match_context_telescope_acceptance elim_carries_convoy_telescope_in_motive_methods_and_application
3	PASS [   0.486s] (128/519) ken-elaborator::dependent_match_eigen_guard_localization context_extension_without_dependent_guard_remains_elaborable
3	PASS [   4.023s] (129/519) ken-elaborator::conversions_acceptance ac4_saturating_add_clamps_at_boundary_every_width
3	PASS [   0.015s] (130/519) ken-elaborator::dotted_module_path_parser undotted_forms_still_parse
3	PASS [   0.476s] (131/519) ken-elaborator::dependent_match_wstyle_acceptance ac1c_outer_wstyle_inner_direct_cross_slot_elaborates
3	PASS [   0.523s] (132/519) ken-elaborator::ds5b_dependent_match_refinement_acceptance interleaved_let_alias_of_enclosing_field_rejects_after_convoy_closes_type_gap
3	PASS [   0.633s] (133/519) ken-elaborator::ds5b_dependent_match_refinement_acceptance over_refinement_stays_kernel_rejected
3	PASS [   3.382s] (134/519) ken-elaborator::ds3_sum_combinators_acceptance ac8_maperr_does_not_touch_ok_payload
3	PASS [   0.012s] (135/519) ken-elaborator::ds8_traversable_acceptance compose_instance_head_still_genuinely_absent
3	PASS [   0.536s] (136/519) ken-elaborator::ds8b_pure_into_proc_widening ac8_negative_effectful_witness_still_rejected_for_fn_field
3	PASS [   2.997s] (137/519) ken-elaborator::ds6a_int_deceq_acceptance distinct_int_variables_refl_still_rejected
3	PASS [   0.505s] (138/519) ken-elaborator::ds8b_pure_into_proc_widening zero_sort_delta_class_record_kind_unchanged_by_pure_instance_registration
3	PASS [   0.745s] (139/519) ken-elaborator::es2_acceptance map_set_retired_not_prelude_primitives
3	PASS [   0.492s] (140/519) ken-elaborator::es3_modules_acceptance nullary_abstract_export_is_transparent_to_owner_and_opaque_to_client
3	PASS [   0.482s] (141/519) ken-elaborator::es3_modules_acceptance three_import_forms_resolve_to_one_binding
3	PASS [   0.494s] (142/519) ken-elaborator::es3_modules_acceptance top_level_pub_data_is_not_abstract_exported
3	PASS [   3.059s] (143/519) ken-elaborator::either_catalog_package_acceptance swap_involutive_concrete_examples
3	PASS [   0.472s] (144/519) ken-elaborator::explicit_data_elaboration non_indexed_explicit_family_elaborates_and_constructor_is_usable
3	PASS [   0.007s] (145/519) ken-elaborator::explicit_data_parser explicit_family_vec_preserves_constructor_signature_shape
3	PASS [   0.007s] (146/519) ken-elaborator::explicit_data_parser legacy_data_form_stays_simple_and_rejects_explicit_signatures
3	PASS [   0.535s] (147/519) ken-elaborator::fr2_absurd_collision_hygiene declaring_absurd_is_a_hard_error_not_a_silent_shadow
3	PASS [   0.437s] (148/519) ken-elaborator::fr2_absurd_collision_hygiene declaring_lower_arity_j_or_eq_elaborates_fine_not_a_collision
3	PASS [   2.267s] (149/519) ken-elaborator::explicit_data_elaboration bad_constructor_result_targets_are_surface_errors
3	PASS [   0.435s] (150/519) ken-elaborator::fr2_absurd_collision_hygiene legacy_data_ctor_named_refl_is_a_hard_error
3	PASS [   0.481s] (151/519) ken-elaborator::k3_literal_rollback reused_int_id_observes_its_own_value_not_an_old_string
3	PASS [   0.015s] (152/519) ken-elaborator::ken_md_literate extraction_preserves_length_newlines_and_utf8
3	PASS [   0.006s] (153/519) ken-elaborator::kenfmt_b2_token_kind ac1_dispatches_on_kind_and_never_identifier_bytes
3	PASS [   0.008s] (154/519) ken-elaborator::kenfmt_b2_token_kind ac6_function_and_match_arrows_are_distinct_wp_s_roles
3	PASS [   0.495s] (155/519) ken-elaborator::km_sigma_eq_pair_refl pair_refl_and_full_pair_lens_laws_elaborate
3	PASS [   0.450s] (156/519) ken-elaborator::ktr2_data_lowering_diagnostics explicit_type_one_family_accepts_type_payload
3	PASS [   0.449s] (157/519) ken-elaborator::ktr2_data_lowering_diagnostics unbound_lowercase_constructor_argument_is_unresolved
3	PASS [   0.529s] (158/519) ken-elaborator::l2_acceptance ac2_match_head_is_term_elim
3	PASS [   2.994s] (159/519) ken-elaborator::k3_literal_char_view checked_unicode_scalar_nfc_and_non_ascii_witness_refusal
3	PASS [   0.457s] (160/519) ken-elaborator::l2_acceptance data_two_arg_ctor_match_accepted
3	PASS [   0.484s] (161/519) ken-elaborator::l2_acceptance redundant_wildcard_arm_shadowed_at_three_leaves_names_every_subsuming_arm
3	PASS [   0.661s] (162/519) ken-elaborator::l2_acceptance non_dependent_arity_one_constructor_witness_derives_its_own_arity
3	PASS [   0.680s] (163/519) ken-elaborator::l3_strings_roundtrip_acceptance ac4_l2s_totality_on_nontrivial_list
3	PASS [   0.755s] (164/519) ken-elaborator::l3_strings_roundtrip_acceptance ac1_s2l_witness_is_always_a_valid_scalar
3	PASS [   0.477s] (165/519) ken-elaborator::l3a_recursive_view_smoke poly_match_return_elaborates
3	PASS [   0.527s] (166/519) ken-elaborator::l3a_acceptance list_pattern_matches_via_real_elim
3	PASS [   0.007s] (167/519) ken-elaborator::l6_acceptance bytes_prim_reduces_over_literals
3	PASS [   0.461s] (168/519) ken-elaborator::l6_acceptance bytes_index_inbounds_and_oob
3	PASS [   0.486s] (169/519) ken-elaborator::l6_acceptance decode_valid_utf8_returns_string
3	PASS [   0.579s] (170/519) ken-elaborator::l6_acceptance read_bytes_tracked_accepts
3	PASS [   0.529s] (171/519) ken-elaborator::l7_acceptance foreign_decl_binds_typed_effect_rowed
3	PASS [   0.487s] (172/519) ken-elaborator::l7_acceptance foreign_world_action_needs_row_and_capability
3	PASS [   0.492s] (173/519) ken-elaborator::l7_acceptance pure_foreign_assumption_rides_p_not_q
3	PASS [   0.534s] (174/519) ken-elaborator::l_resolver_globals ac1_two_decl_chain
3	PASS [   0.007s] (175/519) ken-elaborator::lang_application_atom_if_rejection ac_if_rejects_affirmatively_from_the_argument_loop
3	PASS [   0.008s] (176/519) ken-elaborator::lang_application_atom_if_rejection predicate_never_misses_a_forbidden_shape
3	PASS [   0.007s] (177/519) ken-elaborator::lang_atom_start_classification_closure ac2_the_self_delimiting_bar_still_nests_and_groups
3	PASS [   0.007s] (178/519) ken-elaborator::lang_atom_start_classification_closure ac9_the_effect_row_exclusion_keeps_visits_out_of_the_return_type
3	PASS [   0.011s] (179/519) ken-elaborator::lang_bare_operator_atom_rejection ac_bare_operator_rejects_affirmatively
3	PASS [   0.008s] (180/519) ken-elaborator::lang_bytes_hex_list_literal unbracketed_hex_integer_and_float_forms_are_unchanged
3	PASS [   0.947s] (181/519) ken-elaborator::l_match_ih_fix_acceptance ac3_discriminating_pair_accepts_valid_rejects_ill_typed_sibling
3	PASS [   0.490s] (182/519) ken-elaborator::lang_foreign_name_control_chars ordinary_string_literal_with_nul_still_elaborates
3	PASS [   0.007s] (183/519) ken-elaborator::lang_foreign_name_format_chars byte_string_inverse_uses_only_a_representable_byte_escape
3	PASS [   0.007s] (184/519) ken-elaborator::lang_foreign_name_format_chars formatter_recovery_route_uses_the_same_whole_source_guard
3	PASS [   0.007s] (185/519) ken-elaborator::lang_foreign_name_format_chars lossless_and_layout_consumers_account_for_the_leading_bom
3	PASS [   0.007s] (186/519) ken-elaborator::lang_infix_application_default default_symbolic_infix_binds_tighter_than_star_and_plus
3	PASS [   0.474s] (187/519) ken-elaborator::lang_foreign_name_control_chars symbol_name_containing_escaped_nul_rejects
3	PASS [   0.452s] (188/519) ken-elaborator::lang_instance_registry_identity_key valid_parameterized_nested_prerequisites_still_check
3	PASS [   0.484s] (189/519) ken-elaborator::lang_match_as_pattern top_level_constructor_alias_binds_the_whole_scrutinee
3	PASS [   0.492s] (190/519) ken-elaborator::lang_match_guards guard_must_be_bool_and_does_not_refine_its_truth
3	PASS [   0.866s] (191/519) ken-elaborator::lang_match_or_pattern binder_sets_and_intra_alternative_duplicates_are_rejected
3	PASS [   1.841s] (192/519) ken-elaborator::lang_match_literal_patterns comparator_semantic_duplicates_are_subsumed_and_finite_sets_stay_open
3	PASS [   0.868s] (193/519) ken-elaborator::lang_match_or_pattern top_level_wildcard_and_variable_alternatives_remain_refused
3	PASS [   0.461s] (194/519) ken-elaborator::lang_match_record_pattern record_fields_compose_with_tuple_constructor_and_as_patterns
3	PASS [   0.443s] (195/519) ken-elaborator::lang_match_tuple_pattern one_tuple_arm_is_exhaustive_but_an_inner_constructor_gap_is_named
3	PASS [   0.463s] (196/519) ken-elaborator::lang_membership_operator_surface removing_the_catalog_role_fails_required_certification_naming_member
3	PASS [   0.855s] (197/519) ken-elaborator::lang_mod_catalog_realization legacy_local_scope_covers_ordinary_data_and_classes
3	PASS [   0.430s] (198/519) ken-elaborator::lang_mod_pair_floor_realization prelude_signature_inventory_is_executable_and_closed
3	PASS [ 226.232s] (199/519) ken-elaborator r_layer_tests::kenfmt_b3_layout::ac7_whole_catalog_is_parse_preserved_idempotent_and_width_bounded
3	PASS [   0.966s] (200/519) ken-elaborator::lang_nested_former_recursion_acceptance ac_nested_former_fold_admitted_direct_stays_green
3	PASS [   0.524s] (201/519) ken-elaborator::lang_prelude_collections d5b_trusted_base_full_enumeration_from_bare_env
3	PASS [   0.485s] (202/519) ken-elaborator::lang_prelude_floor_fifteen inhabited_source_empty_cannot_replace_checked_residual_identity
3	PASS [   0.488s] (203/519) ken-elaborator::lang_qualified_constructor_privacy buffer_resource_file
3	PASS [   0.473s] (204/519) ken-elaborator::lang_qualified_constructor_privacy forge_span_file
3	PASS [   0.534s] (205/519) ken-elaborator::lang_qualified_constructors abstract_export_keeps_qualified_constructor_private
3	PASS [   0.486s] (206/519) ken-elaborator::lang_qualified_constructors module_and_type_constructor_path_conflict_in_both_positions
3	PASS [   0.495s] (207/519) ken-elaborator::lang_qualified_constructors scoped_member_spellings_are_available_to_user_declarations
3	PASS [   0.542s] (208/519) ken-elaborator::lang_roots_loader_local_instance_dict_scope distinct_local_collision_rejects_before_allocating_or_trusting_either_name
3	PASS [   0.469s] (209/519) ken-elaborator::lang_roots_loader_local_instance_dict_scope strict_same_unit_instance_and_derive_names_select_the_synthesized_canonicals
3	PASS [   0.849s] (210/519) ken-elaborator::lang_standard_infix_call_completion ac1_a_bare_comparison_completes_its_omitted_prefix
3	PASS [   5.346s] (211/519) ken-elaborator::lang_mod_pair_floor_realization pair_floor_closure_is_rederived_after_realization
3	PASS [   0.035s] (212/519) ken-elaborator::lang_surface_block_comments ac7_formatter_round_trips_a_block_comment
3	PASS [   0.016s] (213/519) ken-elaborator::lang_surface_block_comments ac8_doc_block_opener_closer_edge_cases
3	PASS [   0.537s] (214/519) ken-elaborator::lang_standard_infix_call_completion ac9_an_unfilled_role_is_refused_naming_the_role_and_is_a_DISTINCT_refusal
3	PASS [   0.790s] (215/519) ken-elaborator::lang_surface_if true_and_false_select_their_respective_branches
3	PASS [   0.011s] (216/519) ken-elaborator::lang_symbolic_operator_names fixed_ascii_symbolic_token_inventory_is_unchanged
3	PASS [   3.567s] (217/519) ken-elaborator::lang_reserved_infix_names rename_and_reexport_may_target_a_reserved_global_name
3	PASS [   0.710s] (218/519) ken-elaborator::lang_symbolic_operator_names symbolic_fn_elaborates_to_the_ordinary_function_form
3	PASS [   0.558s] (219/519) ken-elaborator::lang_type_projection_surface_form a_non_type_field_control_the_type_valued_field_on_the_same_class_accepts
3	PASS [   0.690s] (220/519) ken-elaborator::lang_truncation_surface_syntax d1_annotation_trunc_as_let_annotation_elaborates
3	PASS [   1.089s] (221/519) ken-elaborator::lang_type_projection_surface_form ac4_the_projection_form_adds_nothing_to_the_trusted_base
3	PASS [   0.018s] (222/519) ken-elaborator::literal_escapes_lexer_unit byte_escape_malformed_spans_end_at_the_offending_character
3	PASS [   0.008s] (223/519) ken-elaborator::literal_escapes_lexer_unit incomplete_escape_three_leg_matrix
3	PASS [   0.009s] (224/519) ken-elaborator::literal_escapes_lexer_unit unicode_escape_decodes_in_string_and_char
3	PASS [   4.060s] (225/519) ken-elaborator::lang_surface_int_precision fixed_width_literal_representability_is_decided_before_emission
3	PASS [   3.959s] (226/519) ken-elaborator::literal_escapes_conformance byte_string_ascii_and_x_domain
3	PASS [  12.446s] (227/519) ken-elaborator::map_build_acceptance cat_rel_reachable_plus_has_exact_public_predicate
3	PASS [  11.911s] (228/519) ken-elaborator::map_build_acceptance insert_lookup_roundtrip_some
3	PASS [   0.008s] (229/519) ken-elaborator::n2_in_repo_loader non_catalog_or_invalid_component_path_has_no_module_address
3	PASS [   0.009s] (230/519) ken-elaborator::nc14_data_match_lowering unsupported_dependent_motive_rejects_before_runtime_program_success
3	PASS [   1.161s] (231/519) ken-elaborator::nc14_data_match_lowering user_data_two_payload_binders_preserve_de_bruijn_order
3	PASS [   0.008s] (232/519) ken-elaborator::nc17_recursion_dictionaries_modules dictionary_construction_lowers_only_runtime_fields_to_record_values
3	PASS [   0.010s] (233/519) ken-elaborator::nc18_effects_foreign_boundary_ir foreign_boundary_facts_survive_without_becoming_ffi_execution
3	PASS [   0.009s] (234/519) ken-elaborator::nc18_effects_foreign_boundary_ir represented_effect_target_survives_and_reports_comparison_unavailable
3	PASS [   0.010s] (235/519) ken-elaborator::nc5_erasure_runtime_ir checked_partial_primitive_lowers_to_explicit_trap_face
3	PASS [   0.009s] (236/519) ken-elaborator::nc5_erasure_runtime_ir foreign_boundary_survives_as_metadata_without_ffi_semantics
3	PASS [   0.473s] (237/519) ken-elaborator::proof_vocabulary mutual_scc_orders_dependencies_from_non_entry_members
3	PASS [  12.090s] (238/519) ken-elaborator::map_build_acceptance lookupassocagree_law5_is_a_real_general_proof_term
3	PASS [   0.487s] (239/519) ken-elaborator::px8f_buffer_io_surface abi_s6_mapping_surface_is_direct_and_the_handle_stays_opaque
3	PASS [   0.598s] (240/519) ken-elaborator::px8f_buffer_io_surface buffer_span_producer_closure_is_derived_from_public_globals
3	PASS [   1.762s] (241/519) ken-elaborator::px3_abi_scalars ac3_manifest_max_is_ok_and_max_plus_one_is_err_for_every_scalar
3	PASS [   0.620s] (242/519) ken-elaborator::px8f_buffer_io_surface checked_surface_is_public_but_proof_carrying_constructors_stay_private
3	PASS [   0.008s] (243/519) ken-elaborator::r3_c2_source_mixed_branch r3_4b_feature_artifact_worker
3	PASS [   0.480s] (244/519) ken-elaborator::record_decl_form right_nested_third_and_dependent_record_fields_elaborate
3	PASS [   1.162s] (245/519) ken-elaborator::r3_c1_source_arrival c1_source_nested_result_reaches_runtime_ir_under_library_selection
3	PASS [   0.518s] (246/519) ken-elaborator::record_index_sigma_closure nested_result_transport_composes_two_hidden_refinement_frames
3	PASS [   0.516s] (247/519) ken-elaborator::record_literal update_rebuilds_from_projections_and_is_eta_respecting
3	PASS [   1.106s] (248/519) ken-elaborator::rt_dasm_d1b_role_a_runtime_symbols d1b_role_a_the_record_is_covered_by_the_semantic_core_hash
3	PASS [   2.837s] (249/519) ken-elaborator::record_index_refinement_acceptance ac3_inversion_probe_reaches_the_arm_body_using_constructor_fields
3	PASS [   1.066s] (250/519) ken-elaborator::rt_dasm_d1b_role_b_role_decode d1b_role_b_every_decoded_role_resolves_in_the_packages_own_checked_facts
3	PASS [   1.356s] (251/519) ken-elaborator::rt_dasm_d1b_role_c1_trusted_base_provenance c1_one_user_foreign_is_roster_plus_one_and_is_refused_on_the_roster_mismatch
3	PASS [   0.008s] (252/519) ken-elaborator::sec1_acceptance declassify_authorised_accepts_and_listed
3	PASS [   0.009s] (253/519) ken-elaborator::sec1_acceptance forged_label_or_cert_kernel_rejected
3	PASS [   0.007s] (254/519) ken-elaborator::sec1ct_acceptance secret_not_ct_branches_freely_accepted
3	PASS [   0.007s] (255/519) ken-elaborator::sec2_acceptance attenuated_cap_at_weak_sink_accepts
3	PASS [   0.496s] (256/519) ken-elaborator::rt_dasm_d1b_role_c1_trusted_base_provenance c1_the_roster_is_closed_before_source_and_one_foreign_adds_exactly_one_live_entry
3	PASS [   0.504s] (257/519) ken-elaborator::sub1_bytes_structural_view ac2_trusted_base_delta_is_exactly_the_named_pair_and_propositions
3	PASS [   0.497s] (258/519) ken-elaborator::surface_def_refinement type_keyword_no_longer_parses_as_a_declaration
3	PASS [   0.008s] (259/519) ken-elaborator::surface_unicode surf_ident_tr39_shape_b_names_the_ascii_only_identifier_rule
3	PASS [   0.007s] (260/519) ken-elaborator::t1_acceptance deterministic_modulo_stats_and_display
3	PASS [   0.009s] (261/519) ken-elaborator::t1_acceptance three_renderings_agree_one_source
3	PASS [   1.036s] (262/519) ken-elaborator::surface_arrow_and_infix_acceptance infix_star_matches_prefix_mul_int
3	PASS [   0.484s] (263/519) ken-elaborator::v1_acceptance obligation_hole_set_exposed_to_v2
3	PASS [   0.469s] (264/519) ken-elaborator::v1_acceptance old_fails_closed_while_ordinary_space_ensures_remains_live
3	PASS [   0.472s] (265/519) ken-elaborator::v1_acceptance prove_goal_obligation_and_postulate_binding
3	PASS [   0.471s] (266/519) ken-elaborator::v1_acceptance proved_status_cert_checks_not_in_trusted_base
3	PASS [   0.475s] (267/519) ken-elaborator::v2_acceptance body_requires_assumed_not_reobligated
3	PASS [   0.469s] (268/519) ken-elaborator::v2_acceptance match_branch_gamma_scrutinee_equation_placeholder
3	PASS [   0.484s] (269/519) ken-elaborator::v2_acceptance prove_and_law_emit_one_obligation_per_goal
3	PASS [   0.481s] (270/519) ken-elaborator::v2_acceptance refined_param_is_hypothesis_not_obligation
3	PASS [   0.007s] (271/519) ken-elaborator::v3_acceptance kripke_embedding_cert_rechecks_fo_placeholder
3	PASS [  12.146s] (272/519) ken-elaborator::map_build_acceptance lookupfoundafterinsert_law2_is_a_real_general_proof_term
3	PASS [   0.543s] (273/519) ken-elaborator::v3_acceptance disproved_carries_countermodel
3	PASS [   0.457s] (274/519) ken-elaborator::v3_d_open_goal_witness_route pi_bound_int_atoms_route_d_and_preserve_ho_default
3	PASS [   2.938s] (275/519) ken-elaborator::v3_fo_checker_soundness_d1a_rule_correspondence fok_derivation_kernel_artifact_has_closed_rule_inventory
3	PASS [   2.844s] (276/519) ken-elaborator::v3_fo_checker_soundness_d2_bool_inversion fok_or_right_false_applies_to_a_concrete_false_false_instance
3	PASS [   2.927s] (277/519) ken-elaborator::v3_fo_checker_soundness_d1a_rule_correspondence imp_right_constructor_and_checker_reject_a_missing_recursive_premise
3	PASS [   2.852s] (278/519) ken-elaborator::v3_fo_checker_soundness_d3_unused_ih_reduction fok_check_node_abstract_children_probe_is_convertible_by_refl
3	PASS [   2.819s] (279/519) ken-elaborator::v3_fo_embedding_adequacy_d1 kernel_checked_adequacy_has_the_exact_d2a_statement_and_structure
3	PASS [   2.843s] (280/519) ken-elaborator::v3_fo_ken_level_checker_authoring certificate_sort_validation_bound_scope_pair
3	PASS [   2.883s] (281/519) ken-elaborator::v3_fo_ken_level_checker_authoring fok_check_cert_totally_rejects_malformed_certificates
3	PASS [   0.011s] (282/519) ken-elaborator::v3_fo_kripke_slice_acceptance attempt_fo_with_signature_returns_unknown_never_proved_for_accepted_slice_certificate
3	PASS [   0.010s] (283/519) ken-elaborator::v3_fo_kripke_slice_acceptance quote_fo_accepts_both_controls_refuses_outside_the_slice
3	PASS [   0.015s] (284/519) ken-elaborator::v3_fo_obligation_signature_discovery_acceptance ambiguous_two_sort_obligation_is_refused_by_discovery_not_guessed
3	PASS [   3.365s] (285/519) ken-elaborator::v3_fo_ken_level_checker_authoring fok_embed_agrees_with_rust_embed_on_quoted_inputs
3	PASS [   3.588s] (286/519) ken-elaborator::v3_fo_ken_level_checker_authoring fok_form_eq_agrees_with_rust_partial_eq_field_level
3	PASS [   3.062s] (287/519) ken-elaborator::v3_fo_route_proved_composition quotation_refusal_and_no_certificate_keep_the_ipc_fallback
3	PASS [   0.019s] (288/519) ken-elaborator::v4_acceptance lem_unknown_no_forcing_world
3	PASS [   0.010s] (289/519) ken-elaborator::v4_acceptance unknown_absorption_on_known_operand
3	PASS [   0.491s] (290/519) ken-elaborator::val1_string_literals fibonacci_iterative_elaborates
3	PASS [   0.495s] (291/519) ken-elaborator::val1_string_literals print_line_prim_reduction_builds_itree
3	PASS [   0.008s] (292/519) ken-foundation canonical::tests::bignum_minimal_limb
3	PASS [   0.010s] (293/519) ken-foundation store::tests::intern_dedup_same_value_same_slot
3	PASS [   0.034s] (294/519) ken-foundation::acceptance dedup_rate_matches_expected
3	PASS [   0.013s] (295/519) ken-foundation::acceptance loud_at_limit_test
3	PASS [   0.017s] (296/519) ken-host abi_v1::tests::console_read_raw_dispatch_no_longer_falls_to_the_deferred_boundary
3	PASS [   0.007s] (297/519) ken-host abi_v1::tests::full_native_init_uses_only_the_scripted_observer_seam
3	PASS [   0.007s] (298/519) ken-host abi_v1::tests::manifest_mismatch_fails_before_context_creation
3	PASS [   0.008s] (299/519) ken-host effect_v1::tests::abi_s1_d6_reuses_native_fs_handle_metadata_and_adds_no_operation
3	PASS [   0.008s] (300/519) ken-host effect_v1::tests::abi_s6_d1_default_backend_unmap_is_unavailable_not_a_silent_drop
3	PASS [   0.008s] (301/519) ken-host effect_v1::tests::abi_s6_d4_file_acquire_reads_real_source_from_offset_zero
3	PASS [   0.009s] (302/519) ken-host effect_v1::tests::ac3c_entropy_needs_no_capability_token_while_a_gated_op_still_does
3	PASS [   0.008s] (303/519) ken-host effect_v1::tests::foreign_acquisition_span_rejects_on_both_consumers_before_bytes_or_backend
3	PASS [   0.009s] (304/519) ken-host effect_v1::tests::fs_open_attenuates_the_live_handle_to_the_requested_mode
3	PASS [   0.007s] (305/519) ken-host effect_v1::tests::resource_admission_inventory_is_exact_and_abi_r3_closed
3	PASS [   0.008s] (306/519) ken-host effect_v1::tests::resource_owner_and_close_allowance_are_structurally_confined
3	PASS [   0.008s] (307/519) ken-host effect_v1::tests::stale_slot_reuse_wrap_retirement_and_real_consumer_are_distinct
3	PASS [   0.007s] (308/519) ken-host effect_wire::tests::abi_s1_sync_modes_round_trip_distinct_and_fail_closed
3	PASS [   0.007s] (309/519) ken-host mapping_v1::tests::anonymous_mapping_flags_are_private_not_shared
3	PASS [   0.007s] (310/519) ken-host revocation_v1::tests::revoke_closes_the_addressed_subtree_but_not_parent_or_sibling
3	PASS [   0.010s] (311/519) ken-interp eff_tests::eff4_runstate_discharges_in_pure_section3
3	PASS [   0.007s] (312/519) ken-interp eval::nfc_construction_tests::nfc_consumers_observe_normalized_literal_value
3	PASS [   0.010s] (313/519) ken-interp eval::px5b_effect_observation_tests::positioned_backend_unsupported_reifies_as_named_error
3	PASS [   0.011s] (314/519) ken-interp eval::px5b_effect_observation_tests::resource_origin_revoked_reifies_as_resource_host_io_revoked
3	PASS [   0.010s] (315/519) ken-interp eval::px5b_effect_observation_tests::rt_parity_fs_read_at_rejects_malformed_offset_exactly
3	PASS [   0.010s] (316/519) ken-interp eval::px5b_effect_observation_tests::rt_parity_fs_write_at_rejects_malformed_offset_exactly
3	PASS [   0.012s] (317/519) ken-interp tests::can_eq_by_type_computes
3	PASS [   0.012s] (318/519) ken-interp tests::lazy_if_taken_arm_only
3	PASS [   0.011s] (319/519) ken-interp tests::unknown_strict_and_kleene_table
3	PASS [   8.374s] (320/519) ken-elaborator::v3_fo_sorted_eigenparameter_refuting_cert bound_object_eigen_step_has_no_constructor_encoding_on_the_ken_surface
3	PASS [   0.012s] (321/519) ken-interp::ds6b_intlit_eq_reduction_cross_layer kernel_and_interp_agree_on_distinct_bigints
3	PASS [   8.517s] (322/519) ken-elaborator::v3_fo_sorted_eigenparameter_refuting_cert ken_checker_accepts_a_planted_comparable_cert_and_refuses_a_near_miss
3	PASS [   0.458s] (323/519) ken-interp::effect_composition_synthetic_peel_probe no_coproduct_ids_disables_peeling
3	PASS [   0.008s] (324/519) ken-interp::f1_bignum_acceptance f1_oracle_eq_int_boundary
3	PASS [   0.462s] (325/519) ken-interp::elim_bool_dispatch_acceptance computed_bool_true_dispatches_to_first_method
3	PASS [   0.007s] (326/519) ken-interp::nc12_runtime_ir_evaluator add_int_overflow_promotes_without_host_panic_or_wrap
3	PASS [   0.533s] (327/519) ken-interp::i3_fs_floor named_errors_and_write_gate_are_total_and_discriminating
3	PASS [   0.010s] (328/519) ken-interp::nc12_runtime_ir_evaluator unsupported_effect_metadata_rejects_without_success_observation
3	PASS [   0.570s] (329/519) ken-interp::nc12_runtime_ir_evaluator source_derived_package_identity_survives_into_runtime_ir_report
3	PASS [   0.499s] (330/519) ken-interp::nc9_proof_erasure_boundary_checker ken_checker_accepts_bounded_proof_erasure_witness
3	PASS [   0.503s] (331/519) ken-interp::rtp1_elim_reduce_ih_perf_acceptance single_self_reference_stays_linear_at_depth_40
3	PASS [   0.020s] (332/519) ken-kernel conv::tests::control_genuinely_different_recursive_function_is_false_without_refusal
3	PASS [   0.570s] (333/519) ken-interp::rtp1_elim_reduce_ih_perf_acceptance natgcd_plus_nattodecimal_stays_fast
3	PASS [   0.007s] (334/519) ken-kernel conv::tests::quotient_elim_congruence_compares_all_four_fields_directionally
3	PASS [   0.015s] (335/519) ken-kernel conv::tests::level_equiv_reproduction_max_suc_u_v
3	PASS [   0.011s] (336/519) ken-kernel conv::tests::sigma_beta_whnf
3	PASS [   0.011s] (337/519) ken-kernel conv::tests::trunc_proj_congruence_accepts_convertible_interior_and_rejects_distinct_interior
3	PASS [   0.012s] (338/519) ken-kernel sct::tests::ctor_wrap_compose_rejected
3	PASS [   0.013s] (339/519) ken-kernel inductive::tests::w_style_pi_bound_admitted_in_k1p5
3	PASS [   0.012s] (340/519) ken-kernel sct::tests::is_exact_reconstruction_non_constructor_head_rejected
3	PASS [   0.021s] (341/519) ken-kernel::acceptance ac2_dependent_second_projection
3	PASS [   0.019s] (342/519) ken-kernel::acceptance ac2_pair_intro_dependent
3	PASS [   0.016s] (343/519) ken-kernel::acceptance ac3_sigma_eta
3	PASS [   0.013s] (344/519) ken-kernel::acceptance ac4_elim_nat_iota_zero
3	PASS [   0.016s] (345/519) ken-kernel::acceptance ac5_d_in_constructor_target_index_rejected
3	PASS [   0.010s] (346/519) ken-kernel::acceptance ac5_negative_bad_rejected
3	PASS [   0.013s] (347/519) ken-kernel::acceptance ac7_eta_expansion_terminates
3	PASS [   0.015s] (348/519) ken-kernel::acceptance ac5_negative_under_pi_rejected
3	PASS [   0.011s] (349/519) ken-kernel::acceptance k2_quotient_elim_on_class
3	PASS [   0.020s] (350/519) ken-kernel::acceptance k2_cast_computes_sigma_to_pair
3	PASS [   0.018s] (351/519) ken-kernel::acceptance k2_quotient_eq_is_relation
3	PASS [   0.021s] (352/519) ken-kernel::ds6a_int_deceq_certificate trusted_base_delta_is_exactly_the_two_certificate_postulates
3	PASS [   0.013s] (353/519) ken-kernel::ds6b_intlit_eq_reduction under_equate_same_literal_accepted
3	PASS [   0.018s] (354/519) ken-kernel::k1p5_wstyle ac1_tree_w_style_admitted
3	PASS [   0.018s] (355/519) ken-kernel::k1p5_wstyle ac1_w_type_admitted
3	PASS [   0.012s] (356/519) ken-kernel::k1p5_wstyle ac2_two_motive_levels_accepted
3	PASS [   0.016s] (357/519) ken-kernel::k2c_conversion sct_accept_second_parameter
3	PASS [   0.013s] (358/519) ken-kernel::k5_omega_fragment absurd_type_motive_can_mention_context_variables
3	PASS [   0.023s] (359/519) ken-kernel::k2c_series2 quotient_respect_type_target
3	PASS [   0.021s] (360/519) ken-kernel::k7_eq_at_inductive_whnf bool_leq_fixture_reduces_as_designed
3	PASS [   0.016s] (361/519) ken-kernel::nested_inductives_all generated_all_sorts_retain_both_independent_symbolic_levels
3	PASS [   0.014s] (362/519) ken-kernel::nested_inductives_d1a recorded_polarity_is_a_causal_admission_input
3	PASS [   0.016s] (363/519) ken-kernel::nested_inductives_d1a d1b_retires_the_nested_occurrence_rejection
3	PASS [   0.010s] (364/519) ken-kernel::nested_inductives_d3_shapes primitive_sigma_preserves_topology_and_both_motive_leaves
3	PASS [   0.013s] (365/519) ken-kernel::nested_inductives_d3_shapes descriptor_equivalence_validates_dependent_telescope_prefixes_in_lockstep
3	PASS [   0.023s] (366/519) ken-kernel::nested_inductives_remaining declared_positive_paths_admit_list_pair_and_fresh_container_nesting
3	PASS [   0.027s] (367/519) ken-kernel::recursive_head_totality_d0 d0_distinct_recursive_map_requires_normal_child_exit
3	PASS [   0.013s] (368/519) ken-runtime activation_abi::tests::a_profile_from_a_layout_this_runtime_does_not_implement_is_refused
3	PASS [   0.019s] (369/519) ken-kernel::sct_completeness_nested_split two_level_nested_split_flat_sibling_recursion_accepts
3	PASS [   0.014s] (370/519) ken-runtime boundary_activation::tests::bounded_epoch_child
3	PASS [   0.042s] (371/519) ken-runtime activation_abi::tests::two_activations_across_the_c_abi_get_distinct_services
3	PASS [   0.029s] (372/519) ken-runtime boundary_activation::tests::max_word_grants_do_not_panic_at_open_or_begin
3	PASS [   0.018s] (373/519) ken-runtime boundary_resource_profile::tests::the_reserve_argument_order_matches_the_named_fields
3	PASS [   0.019s] (374/519) ken-runtime boundary_value::invocation_aggregate_decode_tests::the_six_remaining_tags_and_an_unknown_byte_all_refuse
3	PASS [   0.148s] (375/519) ken-runtime boundary_value_clif::tests::b2v_a_wide_persistent_int_materializes_and_reads_back_by_content
3	PASS [   0.209s] (376/519) ken-runtime boundary_value::invocation_aggregate_decode_tests::a_deep_chain_and_a_shared_child_both_decode
3	PASS [   0.058s] (377/519) ken-runtime boundary_value_clif::tests::b2v_ac6_adoption_refuses_an_unsealed_region
3	PASS [   0.054s] (378/519) ken-runtime boundary_value_clif::tests::b2v_borrowed_ingress_fails_closed_on_escape_with_an_exact_error
3	PASS [   0.058s] (379/519) ken-runtime boundary_value_clif::tests::b2v_emitted_code_selects_the_host_result_arm_at_runtime
3	PASS [   0.090s] (380/519) ken-runtime boundary_value_clif::tests::b2v_the_two_string_producers_agree_byte_for_byte
3	PASS [   0.020s] (381/519) ken-runtime canonical::tests::bignum_minimal_limb
3	PASS [   0.016s] (382/519) ken-runtime canonical::tests::string_nfc_normalization
3	PASS [   0.172s] (383/519) ken-runtime boundary_value_clif::tests::b2v_every_emitted_class_guard_is_the_plans
3	PASS [   0.015s] (384/519) ken-runtime cranelift_backend::artifact::api::tests::nc8_certificate_contradictory_claim_rejects
3	PASS [   0.010s] (385/519) ken-runtime cranelift_backend::artifact::api::tests::nc8_certificate_rejects_add_int_wrong_arity_in_reachable_transparent_declaration
3	PASS [   0.010s] (386/519) ken-runtime cranelift_backend::artifact::api::tests::nc8_certificate_rejects_top_level_var_example
3	PASS [   0.014s] (387/519) ken-runtime cranelift_backend::grafted_spine_control_graph::tests::branch_and_reconvergence_allows_two_realizable_paths_to_one_terminal
3	PASS [   0.012s] (388/519) ken-runtime cranelift_backend::grafted_spine_control_graph::tests::unknown_typed_endpoint_fails_closed
3	PASS [   0.111s] (389/519) ken-runtime cranelift_backend::artifact::api::tests::a_package_backed_program_without_a_role_record_refuses_before_lowering
3	PASS [   0.312s] (390/519) ken-runtime cranelift_backend::lowering::aggregates::tests::a_sibling_aggregates_producer_certificate_is_refused_before_any_allocation
3	PASS [   0.011s] (391/519) ken-runtime cranelift_backend::lowering::aggregates::tests::the_carrier_allocation_choke_refuses_both_ungoverned_requests
3	PASS [   0.009s] (392/519) ken-runtime cranelift_backend::lowering::boundary::tests::recut2_every_anchor_is_closed_by_a_witness_or_a_named_control
3	PASS [   0.030s] (393/519) ken-runtime cranelift_backend::lowering::core::primitive::tests::checked_partial_primitive_still_rejects_unknown_arguments
3	PASS [   0.035s] (394/519) ken-runtime cranelift_backend::lowering::core::primitive::tests::int_to_uint64_raw_preserves_the_exact_big_native_int
3	PASS [   0.058s] (395/519) ken-runtime cranelift_backend::lowering::core::primitive::tests::px8i_jit_terminal_requires_uncorrupted_local_export_evidence
3	PASS [   0.052s] (396/519) ken-runtime cranelift_backend::lowering::core::primitive::tests::px8i_wrapping_and_trap_mutations_are_causal_at_live_binop_lowering
3	PASS [   0.018s] (397/519) ken-runtime cranelift_backend::lowering::core::tests::constructors::a_capture_contract_declaring_too_few_slots_rejects
3	PASS [   0.061s] (398/519) ken-runtime cranelift_backend::lowering::core::tests::constructors::b2f_d9_the_same_body_takes_the_small_arm_on_a_trimmed_pair
3	PASS [   0.060s] (399/519) ken-runtime cranelift_backend::lowering::core::tests::constructors::c1_d4_ac_c5_a_reordered_record_projects_the_same_field
3	PASS [   0.668s] (400/519) ken-runtime cranelift_backend::lowering::aggregates::tests::each_governed_site_reaches_the_choke_and_cannot_bypass_it
3	PASS [   0.089s] (401/519) ken-runtime cranelift_backend::lowering::core::tests::constructors::c1_d4_ac_c7_project_eliminates_a_carried_record_by_static_field_identity
3	PASS [   0.090s] (402/519) ken-runtime cranelift_backend::lowering::core::tests::constructors::carried_bool_hostile_oracle_reddens_when_exact_tag_guard_is_bypassed
3	PASS [   0.065s] (403/519) ken-runtime cranelift_backend::lowering::core::tests::constructors::constructor_field_bridge_removal_recovers_exact_refusal
3	PASS [   0.040s] (404/519) ken-runtime cranelift_backend::lowering::core::tests::constructors::constructor_field_outer_arity_rejects_before_field_lowering
3	PASS [   0.049s] (405/519) ken-runtime cranelift_backend::lowering::core::tests::constructors::d2_a_capacity_exceeding_runtime_span_fails_before_publication
3	PASS [   0.008s] (406/519) ken-runtime cranelift_backend::lowering::core::tests::constructors::dynamic_constructor_duplicate_tag_and_identity_reject_exactly
3	PASS [   0.011s] (407/519) ken-runtime cranelift_backend::lowering::core::tests::constructors::dynamic_constructor_fields_precede_outer_environment_in_declaration_order
3	PASS [   0.042s] (408/519) ken-runtime cranelift_backend::lowering::core::tests::constructors::dynamic_constructor_ordinary_continuation_preserves_bool_kind
3	PASS [   0.080s] (409/519) ken-runtime cranelift_backend::lowering::core::tests::constructors::dynamic_constructor_dispatches_ordinary_continuation_with_mixed_arities
3	PASS [   0.046s] (410/519) ken-runtime cranelift_backend::lowering::core::tests::constructors::heterogeneous_nested_payload_kind_is_guarded_in_the_emitted_consumer
3	PASS [   0.035s] (411/519) ken-runtime cranelift_backend::lowering::core::tests::constructors::static_worker_capture_omission_fails_closed
3	PASS [   0.023s] (412/519) ken-runtime cranelift_backend::lowering::core::tests::constructors::static_worker_construction_installs_on_agreeing_descriptor
3	PASS [   0.124s] (413/519) ken-runtime cranelift_backend::lowering::core::tests::constructors::dynamic_host_result_producer_carrier_final_kind_is_runtime_guarded
3	PASS [   0.023s] (414/519) ken-runtime cranelift_backend::lowering::core::tests::control::an_out_of_range_child_position_is_a_loud_planner_invariant
3	PASS [   0.081s] (415/519) ken-runtime cranelift_backend::lowering::core::tests::control::a_closure_stored_as_constructor_data_cannot_cross_a_unit_boundary
3	PASS [   0.008s] (416/519) ken-runtime cranelift_backend::lowering::core::tests::control::escaping_a_source_borrow_into_the_compiled_artifact_does_not_typecheck
3	PASS [   0.079s] (417/519) ken-runtime cranelift_backend::lowering::core::tests::control::computational_match_declaration_ref_emits_and_runs_the_declaration_owned_unit
3	PASS [   0.026s] (418/519) ken-runtime cranelift_backend::lowering::core::tests::control::oriented_same_depth_siblings_require_exact_dynamic_edges
3	PASS [   0.023s] (419/519) ken-runtime cranelift_backend::lowering::core::tests::control::oriented_source_open_occurrence_cross_checks_the_closure_selected_parent
3	PASS [   0.023s] (420/519) ken-runtime cranelift_backend::lowering::core::tests::control::refusal_pins_rehomed_static_worker_without_selector_exclusion
3	PASS [   0.062s] (421/519) ken-runtime cranelift_backend::lowering::core::tests::control::valid_root_plus_missing_marked_scalar_cut_rejects_before_emission
3	PASS [   0.235s] (422/519) ken-runtime cranelift_backend::lowering::core::tests::control::no_collection_is_keyed_by_a_scheduling_entry
3	PASS [   0.069s] (423/519) ken-runtime cranelift_backend::lowering::core::tests::effects::carried_constructor_dispatch_is_load_bearing_without_widening_avail
3	PASS [   0.188s] (424/519) ken-runtime cranelift_backend::lowering::core::tests::effects::a_capacity_that_is_not_an_exact_int_fails_closed_and_is_never_invalid_bounds
3	PASS [   0.126s] (425/519) ken-runtime cranelift_backend::lowering::core::tests::effects::carried_site_operand_projection_preserves_the_exact_source_witness
3	PASS [   0.084s] (426/519) ken-runtime cranelift_backend::lowering::core::tests::effects::d7_non_unit_fixed_role_reaches_ordinary_aggregate_allocation
3	PASS [   0.008s] (427/519) ken-runtime cranelift_backend::lowering::core::tests::effects::mapping_window_seats_are_either_phase_without_widening_buffer_freeze
3	PASS [   0.040s] (428/519) ken-runtime cranelift_backend::lowering::core::tests::effects::dynamic_host_result_producer_missing_case_routes_to_default
3	PASS [   0.031s] (429/519) ken-runtime cranelift_backend::lowering::core::tests::effects::px8n_bounded_nat_rejects_zero_over_bound_misaligned_and_wrapping_progress
3	PASS [   0.007s] (430/519) ken-runtime cranelift_backend::lowering::core::tests::effects::seats_of_equal_structural_kind_stay_distinct_on_operation_ordinal_and_need
3	PASS [   0.131s] (431/519) ken-runtime cranelift_backend::lowering::core::tests::effects::removing_the_carried_capacity_arm_or_restoring_the_bulk_conversion_refuses_at_the_seat
3	PASS [   0.153s] (432/519) ken-runtime cranelift_backend::lowering::core::tests::host_call_carrier::an_unrepresentable_transfer_is_refused_before_any_unit_is_declared
3	PASS [   0.041s] (433/519) ken-runtime cranelift_backend::lowering::core::tests::host_call_carrier::d2_ac6_1_the_canonical_seed_runs_through_the_ported_callee_unit
3	PASS [   0.085s] (434/519) ken-runtime cranelift_backend::lowering::core::tests::host_call_carrier::d4_claiming_under_a_unit_that_does_not_own_the_token_reds
3	PASS [   0.090s] (435/519) ken-runtime cranelift_backend::lowering::core::tests::host_call_carrier::d4_failing_to_accumulate_emissions_reds_the_closeout_set_equality
3	PASS [   0.096s] (436/519) ken-runtime cranelift_backend::lowering::core::tests::host_call_carrier::d6b_the_governed_case_environment_is_the_binder_run_it_was_planned_from
3	PASS [   0.042s] (437/519) ken-runtime cranelift_backend::lowering::core::tests::host_call_carrier::rt_d2_trace_shows_the_marker_propagated_and_never_reaching_the_composed_consumer
3	PASS [   0.051s] (438/519) ken-runtime cranelift_backend::lowering::core::tests::host_call_carrier::typed_trap_exit_rejects_a_deleted_or_root_misclassified_unit_lane
3	PASS [   0.016s] (439/519) ken-runtime cranelift_backend::lowering::core::tests::positional_candidate_settlement::call_edge_executability_axis_the_two_filters_cannot_yet_disagree_on_any_callee
3	PASS [   0.089s] (440/519) ken-runtime cranelift_backend::lowering::core::tests::positional_candidate_settlement::ced_d1_d8e_keeps_its_one_binding_and_still_refuses_in_value_position
3	PASS [   0.074s] (441/519) ken-runtime cranelift_backend::lowering::core::tests::positional_candidate_settlement::d3_a_two_parameter_source_declaration_binds_its_positions_in_de_bruijn_order
3	PASS [   0.195s] (442/519) ken-runtime cranelift_backend::lowering::core::tests::recursor_fusion::r3_fused_capture_projection_refuses_before_emission
3	PASS [   0.073s] (443/519) ken-runtime cranelift_backend::lowering::core::tests::recursor_fusion::required_consumer_projection_reaches_the_depth_two_funnel
3	PASS [   0.012s] (444/519) ken-runtime cranelift_backend::lowering::core::tests::recursor_fusion::required_consumer_projection_refuses_each_wrong_coordinate
3	PASS [   0.037s] (445/519) ken-runtime cranelift_backend::lowering::core::tests::source_frame_bridge::checked_ih_misbinding_refuses_after_mapping_both_authorities_to_runtime
3	PASS [   0.067s] (446/519) ken-runtime cranelift_backend::lowering::core::tests::source_frame_bridge::d8m_the_transported_tuple_is_what_carries_the_source_frame
3	PASS [   0.780s] (447/519) ken-runtime cranelift_backend::lowering::core::tests::host_call_carrier::d8_every_required_join_plan_is_consumed_exactly_once
3	PASS [   0.008s] (448/519) ken-runtime cranelift_backend::lowering::core::tests::specialization_binding::continuation_case_binder_run_puts_the_ih_prefix_first_at_a_nonzero_recursive_position
3	PASS [   0.068s] (449/519) ken-runtime cranelift_backend::lowering::core::tests::source_frame_bridge::d8n_checked_frame_consumption_is_per_function_not_per_compile
3	PASS [   0.198s] (450/519) ken-runtime cranelift_backend::lowering::core::tests::specialization_binding::d5a_the_detached_result_seats_five_guards_are_each_reached_by_a_real_mutation
3	PASS [   0.022s] (451/519) ken-runtime cranelift_backend::lowering::core::tests::specialization_binding::d8h_a_composed_call_target_carries_the_identity_its_own_coordinate_selects
3	PASS [   0.008s] (452/519) ken-runtime cranelift_backend::lowering::seed_material::tests::scalar_payload_sits_at_the_declared_offset
3	PASS [   0.252s] (453/519) ken-runtime cranelift_backend::lowering::core::tests::specialization_binding::d3c_an_entry_abi_root_position_is_not_the_immediate_position_under_a_binder
3	PASS [   0.010s] (454/519) ken-runtime cranelift_backend::lowering::source::tests::px8j_source_machine_install_accepts_valid_unchecked_segment
3	PASS [   0.008s] (455/519) ken-runtime cranelift_backend::planning::plan_extraction_tests::native_join_plan_round_trips_the_encoded_plan
3	PASS [   0.008s] (456/519) ken-runtime cranelift_backend::planning::plan_extraction_tests::oriented_plan_rejects_two_plans_in_one_package
3	PASS [   0.014s] (457/519) ken-runtime cranelift_backend::planning::static_transition::aggregates::checked_ih_captured_env_schema::a_mixed_run_carries_the_per_capture_lifetime_and_the_escaping_meet
3	PASS [   0.012s] (458/519) ken-runtime cranelift_backend::planning::static_transition::aggregates::checked_ih_captured_env_schema::bind_continuation_authorization_is_reaching_and_not_generic
3	PASS [   0.012s] (459/519) ken-runtime cranelift_backend::planning::static_transition::aggregates::tests::non_inline_host_effect_records_equal_their_actual_emission_owner_set
3	PASS [   0.013s] (460/519) ken-runtime cranelift_backend::planning::static_transition::aggregates::tests::the_flattening_reproduces_the_measured_tree
3	PASS [   0.011s] (461/519) ken-runtime cranelift_backend::planning::static_transition::closure::tests::b2o_ac10c_repointing_a_static_body_edge_changes_the_disposition
3	PASS [   0.029s] (462/519) ken-runtime cranelift_backend::planning::static_transition::closure::tests::b2o_ac2_every_non_sentinel_node_has_exactly_one_in_range_function_owner
3	PASS [   0.011s] (463/519) ken-runtime cranelift_backend::planning::static_transition::closure::tests::b2o_ac5_each_ownership_law_reddens_on_its_own
3	PASS [   0.013s] (464/519) ken-runtime cranelift_backend::planning::static_transition::closure::tests::b2o_check_every_function_unit_error_site_has_an_exact_disposition
3	PASS [   0.010s] (465/519) ken-runtime cranelift_backend::planning::static_transition::closure::tests::boundary_c1_identity_capability_refuses_wrong_kind_and_cardinality
3	PASS [   0.168s] (466/519) ken-runtime cranelift_backend::lowering::source::tests::d2b_capability_gate_the_two_position_shape_refuses_before_its_case_body
3	PASS [   0.029s] (467/519) ken-runtime cranelift_backend::planning::static_transition::closure::tests::planner_invariant_failures_have_compiler_bug_attribution
3	PASS [   0.013s] (468/519) ken-runtime cranelift_backend::planning::static_transition::construction::tests::a_non_root_computational_declaration_body_differs_from_its_entry
3	PASS [   0.039s] (469/519) ken-runtime cranelift_backend::planning::static_transition::closure::tests::quartet_edge_sets_and_completed_successor_reject_alternate_calls
3	PASS [   0.011s] (470/519) ken-runtime cranelift_backend::planning::static_transition::construction::tests::d2_a_transparent_closure_seed_declaration_owns_a_callable_unit
3	PASS [   0.010s] (471/519) ken-runtime cranelift_backend::planning::static_transition::continuations::fusion::tests::d2g_ac2_a_complete_independent_plan_positively_validates_the_twin
3	PASS [   0.009s] (472/519) ken-runtime cranelift_backend::planning::static_transition::continuations::fusion::tests::d2g_ac2_marker_census_per_fixture
3	PASS [   0.016s] (473/519) ken-runtime cranelift_backend::planning::static_transition::continuations::fusion::tests::d2i_ac2_suppressing_only_the_descent_takes_the_candidate_to_zero
3	PASS [   0.019s] (474/519) ken-runtime cranelift_backend::planning::static_transition::continuations::fusion::tests::d3_the_fusion_mints_exactly_two_composed_edges_one_per_checked_binding
3	PASS [   0.015s] (475/519) ken-runtime cranelift_backend::planning::static_transition::continuations::tests::contspec_prefix_only_interning_would_select_the_wrong_target
3	PASS [   0.010s] (476/519) ken-runtime cranelift_backend::planning::static_transition::continuations::tests::d3_the_callable_declaration_boundary_carries_typed_transport
3	PASS [   0.009s] (477/519) ken-runtime cranelift_backend::planning::static_transition::immediate_bridge::tests::lifted_call_closure_construct_producer_is_heterogeneous
3	PASS [   0.010s] (478/519) ken-runtime cranelift_backend::planning::static_transition::immediate_bridge::tests::refuses_a_body_that_is_none_of_the_four_spellings
3	PASS [   0.014s] (479/519) ken-runtime cranelift_backend::planning::static_transition::immediate_bridge::tests::the_built_relation_is_keyed_by_the_complete_call_identity
3	PASS [   0.014s] (480/519) ken-runtime cranelift_backend::planning::static_transition::joins_traps::tests::d8_bound_lexical_callable_provenance_reaches_the_exact_nested_join
3	PASS [   0.008s] (481/519) ken-runtime cranelift_backend::planning::static_transition::selected_pending_calls::tests::checked_template_slot_identifies_the_marked_read_not_the_raw_var
3	PASS [   0.014s] (482/519) ken-runtime cranelift_backend::planning::static_transition::occurrences::tests::nested_computational_occurrences_stay_injective_under_a_shared_entry
3	PASS [   0.012s] (483/519) ken-runtime cranelift_backend::planning::static_transition::units::tests::b2o_check_imported_binding_var_capture_has_a_value_word_carrier
3	PASS [   0.012s] (484/519) ken-runtime cranelift_backend::planning::static_transition::units::tests::b2r_ac2_an_irrelevant_caller_binding_does_not_change_the_callee_descriptor
3	PASS [   0.010s] (485/519) ken-runtime cranelift_backend::surface::surface_diagnostics_tests::backend_errors_are_usable_as_std_error_trait_objects
3	PASS [   0.015s] (486/519) ken-runtime cranelift_backend::planning::static_transition::units::tests::contspec_abi_added_capture_moves_slot_count_by_exactly_one
3	PASS [   0.012s] (487/519) ken-runtime executable_artifact_contract::tests::available_toolchain_fact_rejects_unavailable_or_unsupported_lanes
3	PASS [   0.011s] (488/519) ken-runtime executable_artifact_contract::tests::report_and_contract_hashes_use_canonical_field_encoding
3	PASS [   0.009s] (489/519) ken-runtime executable_entrypoint_packaging::tests::blocked_runtime_lowerability_rejects_even_with_closed_entrypoint_claim
3	PASS [   0.007s] (490/519) ken-runtime ir::tests::acf2_computational_argument_binders_is_load_bearing
3	PASS [   0.007s] (491/519) ken-runtime ir::tests::acf2_computational_recursive_position_arity_is_load_bearing
3	PASS [   0.008s] (492/519) ken-runtime ir::tests::checked_ih_binder_morphism_shifts_only_beneath_inserted_runtime_binders
3	PASS [   2.974s] (493/519) ken-runtime native_execution_differential::tests::closeout_rejects_overclaimed_out_of_phase_proof_lane
3	PASS [   3.014s] (494/519) ken-runtime native_execution_differential::tests::closeout_classifies_deferred_effect_policy_as_unavailable
3	PASS [   2.704s] (495/519) ken-runtime native_execution_differential::tests::recomputed_hash_with_mismatched_host_toolchain_rejects_before_report
3	PASS [   2.782s] (496/519) ken-runtime native_execution_differential::tests::trap_observation_still_rejects_stale_executable_artifact
3	PASS [   0.009s] (497/519) ken-runtime native_int::tests::arena_header_matches_the_generated_local_helper_layout
3	PASS [   0.010s] (498/519) ken-runtime native_join_plan::tests::occurrence_transplants_reject_with_unchanged_frame
3	PASS [   0.060s] (499/519) ken-runtime native_process_entrypoint::tests::two_distinct_argv_vectors_reach_the_native_entry
3	PASS [   0.036s] (500/519) ken-runtime object_linker_packaging::tests::aggregate_observation_rejects_as_non_scalar_smoke_lane
3	PASS [   0.009s] (501/519) ken-runtime object_linker_packaging::tests::forged_entrypoint_package_kind_version_rejects_before_linking
3	PASS [   2.784s] (502/519) ken-runtime object_linker_packaging::tests::generic_object_decodes_terminal_big_before_destroying_its_arena
3	PASS [   3.198s] (503/519) ken-runtime native_execution_differential::tests::unsupported_capability_facts_remain_unavailable_not_native_tested
3	PASS [   4.823s] (504/519) ken-runtime object_linker_packaging::tests::nonprocess_starter_preserves_actual_one_past_epoch_fault
3	PASS [   6.625s] (505/519) ken-runtime object_linker_packaging::tests::linked_transport_classifies_all_terminal_arms
3	PASS [   0.008s] (506/519) ken-runtime oriented_subcontinuation_plan::tests::canonical_roundtrip_keeps_full_checked_interfaces
3	PASS [   0.007s] (507/519) ken-runtime oriented_subcontinuation_plan::tests::endpoint_or_occurrence_corruption_rejects
3	PASS [   0.008s] (508/519) ken-runtime platform_runtime_support::tests::refreshed_non_executable_entrypoint_payload_rejects
3	PASS [   0.009s] (509/519) ken-runtime store::tests::immediate_vs_interned_boundary
3	PASS [   0.006s] (510/519) ken-runtime unknown::tests::unknown_or_unknown_is_unknown
3	PASS [   0.199s] (511/519) ken-runtime::value_depth_totality ac_v1_a_host_recursive_traversal_dies_on_this_population_at_depth_d
3	PASS [   0.312s] (512/519) ken-runtime::value_depth_totality ac_v1_new_encoder_exact_bytes_at_depth_d_through_all_child_positions
3	PASS [   0.012s] (513/519) ken-runtime::value_depth_totality harness_can_observe_a_survivor
3	PASS [   0.025s] (514/519) ken-verify filesystem::tests::traversal_and_absolute_seed_paths_fail_closed
3	PASS [  16.036s] (515/519) ken-runtime object_linker_packaging::tests::process_artifact_maps_exitcode_and_reports_terminal_traps
3	PASS [ 338.674s] (516/519) ken-elaborator r_layer_tests::lang_mod_catalog_evidence_frontier::catalog_evidence_frontier_is_closed_and_honest
3	PASS [  88.266s] (517/519) ken-interp::b3_acceptance monitor_changes_when_t_changes
3	PASS [ 117.803s] (518/519) ken-verify scenario::tests::fs_append_file_real_artifact_exercises_all_path_policy_refusals
3	PASS [ 156.827s] (519/519) ken-verify scenario::tests::fs_remove_directory_real_artifact_honors_the_nontransactional_carve_out
8	PASS [   0.351s] (  1/519) ken-cli entrypoint_tests::runner_has_no_implicit_fs_authority_default
8	PASS [   0.365s] (  2/519) ken-cli entrypoint_tests::fs_effect_without_declared_family_is_named_static_rejection
8	PASS [   0.373s] (  3/519) ken-cli::console_exec ken_run_executes_console_program_and_prints_stdout
8	PASS [   0.037s] (  4/519) ken-cli::ken_fmt every_checked_runnable_root_declares_its_fs_authority
8	PASS [   0.137s] (  5/519) ken-cli::library_documentation_gates ledger_rejects_a_duplicate_path_row
8	PASS [   0.350s] (  6/519) ken-cli::ken_md_literate_cli ken_run_accepts_a_correctly_failing_reject_block
8	PASS [   0.005s] (  7/519) ken-cli::mrc_d8_manifest_premise mrc_d9_control_b_a_synthetic_ninth_member_is_found_without_editing_the_test
8	PASS [   0.408s] (  8/519) ken-cli::library_documentation_gates shallow_clone_self_heals_when_object_present_but_ancestry_unprovable
8	PASS [   0.006s] (  9/519) ken-cli::px4b_native_production plain_raw_literal_is_the_unchanged_discriminator
8	PASS [  41.078s] ( 10/519) ken-cli::k3_literal_char_native checked_literal_view_codes_match_interpreter_and_native
8	PASS [   0.008s] ( 11/519) ken-cli::px4b_native_production string_literal_end_rejects_identifier_tails_at_a_raw_prefix
8	PASS [  40.493s] ( 12/519) ken-cli::px4b_native_production public_source_observes_raw_argv_environment_cwd_bytes_in_field_order
8	PASS [  40.774s] ( 13/519) ken-cli::px4b_native_production canonical_fs_identity_exactly_matches_across_real_producers_and_drift_fails
8	PASS [  78.939s] ( 14/519) ken-cli::mrc_4a_cross_crate_census mrc_4a_cross_crate_census_and_its_controls
8	PASS [  39.741s] ( 15/519) ken-cli::px7m_hostresult_computational_match dynamic_ok_payload_selects_a_multistep_tree_across_real_executors
8	PASS [   0.007s] ( 16/519) ken-cli::rt_cold_lowering_path_enumeration every_enumerated_entry_has_a_generated_test
8	PASS [  41.680s] ( 17/519) ken-cli::px7p_constructor_field_composition ignored_field_twin_remains_green
8	PASS [   0.049s] ( 18/519) ken-cli::rt_native_string_construction native_string_bytes_f3_decode_encode_holds_in_both_native_engines
8	PASS [  46.421s] ( 19/519) ken-cli::px8h_heterogeneous_continuation zero_step_preserves_the_direct_payload_direction
8	PASS [   0.486s] ( 20/519) ken-cli::t2_acceptance ac2_open_goal_yields_unknown
8	PASS [   0.532s] ( 21/519) ken-cli::t2_acceptance ac4_type_error_no_panic
8	PASS [   0.014s] ( 22/519) ken-elaborator checked_core::tests::body_view_rejects_malformed_declaration_bytes
8	PASS [   0.014s] ( 23/519) ken-elaborator checked_core::tests::body_view_rejects_missing_reachable_body
8	PASS [   0.016s] ( 24/519) ken-elaborator checked_core::tests::body_view_rejects_non_executable_dictionary_field_use
8	PASS [   0.014s] ( 25/519) ken-elaborator checked_core::tests::body_view_rejects_unsupported_primitive_name
8	PASS [   0.013s] ( 26/519) ken-elaborator checked_core::tests::lowering_rejects_reachable_unsupported_symbol
8	PASS [   0.018s] ( 27/519) ken-elaborator checked_core::tests::validator_rejects_unsupported_entries_without_blocking_lowerability
8	PASS [   0.435s] ( 28/519) ken-elaborator compiler_driver::tests::compiler_produced_entrypoint_materializes_runtime_packaging
8	PASS [   0.521s] ( 29/519) ken-elaborator compiler_driver::tests::executable_entrypoint_packages_but_rejects_runtime_arguments
8	PASS [   0.561s] ( 30/519) ken-elaborator compiler_driver::tests::manifest_metadata_cannot_select_absent_target
8	PASS [   0.689s] ( 31/519) ken-elaborator compiler_driver::tests::missing_and_ambiguous_targets_reject
8	PASS [   0.752s] ( 32/519) ken-elaborator compiler_driver::tests::target_selection_report_identity_is_deterministic
8	PASS [   0.007s] ( 33/519) ken-elaborator elab::match_matrix_occurrence_tests::pending_sibling_is_not_weakened_before_its_binder_exists
8	PASS [   0.007s] ( 34/519) ken-elaborator elab::nested_lift_association_tests::duplicate_lift_association_reverse_injectivity_rejects
8	PASS [   0.006s] ( 35/519) ken-elaborator elab::nested_lift_association_tests::foreign_lift_association_mutation_rejects
8	PASS [   0.318s] ( 36/519) ken-elaborator elab::result_transport_control_flow_tests::active_premise_frame_authority_fails_closed
8	PASS [   0.324s] ( 37/519) ken-elaborator elab::surf1_visits_row_production_path::surf1_view_elaboration_rejects_unbound_visits_row_var
8	PASS [   0.007s] ( 38/519) ken-elaborator erasure::px7l_tests::checked_producer_emits_inner_to_outer_semantic_chain_before_erasure
8	PASS [   0.007s] ( 39/519) ken-elaborator erasure::px7l_tests::runtime_selected_dispatch_is_load_bearing_and_static_decode_stays_exact
8	PASS [   0.006s] ( 40/519) ken-elaborator fo_kripke::tests::embed_places_k_sigma_inside_the_target
8	PASS [   0.006s] ( 41/519) ken-elaborator lossless::tests::partition_rejects_gap_and_overlap
8	PASS [   0.006s] ( 42/519) ken-elaborator modules::namespace_effect_tests::ambient_local_import_of_distinct_identity_refuses_with_honest_sources
8	PASS [   0.324s] ( 43/519) ken-elaborator modules::namespace_effect_tests::class_field_cannot_borrow_the_other_same_name_provider
8	PASS [   0.325s] ( 44/519) ken-elaborator modules::namespace_effect_tests::file_attached_proof_selector_retains_checked_provider_id
8	PASS [   0.580s] ( 45/519) ken-elaborator modules::namespace_effect_tests::file_import_uses_checked_provider_effect_row_under_name_collision
8	PASS [   0.929s] ( 46/519) ken-elaborator modules::namespace_effect_tests::file_unit_refuses_external_inline_grandchild_cold_and_preloaded
8	PASS [   1.422s] ( 47/519) ken-elaborator modules::namespace_effect_tests::generated_instance_import_refuses_stale_provider_in_either_order
8	PASS [   1.244s] ( 48/519) ken-elaborator modules::namespace_effect_tests::in_memory_root_import_keeps_earlier_declared_child
8	PASS [   4.018s] ( 49/519) ken-elaborator modules::namespace_effect_tests::priority_queue_actual_export_table_is_exactly_the_six_name_api
8	PASS [   0.634s] ( 50/519) ken-elaborator modules::namespace_effect_tests::selective_import_does_not_grant_qualified_access
8	PASS [   0.006s] ( 51/519) ken-elaborator parser::as_pattern_precedence_tests::record_pattern_retains_source_order_and_pun_distinction
8	PASS [   0.007s] ( 52/519) ken-elaborator parser::atom_form_closure::every_pattern_form_is_reachable_through_at
8	PASS [   0.006s] ( 53/519) ken-elaborator parser::atom_form_closure::the_expression_partition_is_the_form_set_minus_the_exclusions
8	PASS [   0.318s] ( 54/519) ken-elaborator r_layer_tests::acceptance::base_type_app
8	PASS [   0.006s] ( 55/519) ken-elaborator r_layer_tests::acceptance::level_equality_decidable
8	PASS [   0.319s] ( 56/519) ken-elaborator r_layer_tests::acceptance::type_mismatch_rejected
8	PASS [   2.431s] ( 57/519) ken-elaborator r_layer_tests::cat_bytes_keys_closeout::bytes_keys_direct_lawfulclasses_provider_is_exact
8	PASS [   4.624s] ( 58/519) ken-elaborator r_layer_tests::cat_effectful_classes_pub_export::effectful_classes_loader_visible_inventory_is_exact
8	PASS [   1.296s] ( 59/519) ken-elaborator r_layer_tests::cat_ord_nat_canonical_owner::bool_or_bridge_has_only_the_provider_identity
8	PASS [   1.296s] ( 60/519) ken-elaborator r_layer_tests::cat_order_pub_export::order_facade_does_not_mint_a_totality_bridge
8	PASS [   4.464s] ( 61/519) ken-elaborator r_layer_tests::cat_priority_queue_acceptance::package_adds_zero_trusted_declarations
8	PASS [  37.058s] ( 62/519) ken-cli::rt_planner_seed_binding_order two_different_type_parameters_read_after_a_bind_keep_their_values
8	PASS [   6.921s] ( 63/519) ken-elaborator r_layer_tests::cat_tier_d_cursor_import::parsing_cursor_imports_are_canonical_and_visibility_only
8	PASS [  46.240s] ( 64/519) ken-cli::rt_cold_lowering_checked_family_enumeration every_checked_family_program_reaches_its_expected_terminal_state
8	PASS [   7.053s] ( 65/519) ken-elaborator r_layer_tests::cat_tier_d_parsing_group_import::parsing_module_loader_visible_inventory_is_exact_and_coherent
8	PASS [   6.668s] ( 66/519) ken-elaborator r_layer_tests::cat_tier_e_argparse_import::argparse_checked_laws_retain_real_parser_and_distinct_endpoints
8	PASS [   5.300s] ( 67/519) ken-elaborator r_layer_tests::cat_tier_e_decoder_import::decoder_publication_is_visibility_only
8	PASS [   0.344s] ( 68/519) ken-elaborator r_layer_tests::constrained_instance_elaboration::compound_named_and_bare_d_boundaries_are_discriminating
8	PASS [   0.341s] ( 69/519) ken-elaborator r_layer_tests::ds1_empty_dec_acceptance::ac3_trusted_base_delta_is_ordinary_inductive_admission_only
8	PASS [   0.006s] ( 70/519) ken-elaborator r_layer_tests::effects::classify_telescope_identifies_hof_effectful_params
8	PASS [   0.338s] ( 71/519) ken-elaborator r_layer_tests::effects::existing_surface_invariants_still_green
8	PASS [   0.007s] ( 72/519) ken-elaborator r_layer_tests::effects::higher_order_param_undeclared_rejected
8	PASS [   0.006s] ( 73/519) ken-elaborator r_layer_tests::effects::lower_bind_ret_kernel_checks_and_reduces
8	PASS [   0.006s] ( 74/519) ken-elaborator r_layer_tests::effects::row_poly_concrete_caller_substitution
8	PASS [   0.006s] ( 75/519) ken-elaborator r_layer_tests::effects::surf1_surface_visits_bare_row_var_reaches_row_type
8	PASS [   0.006s] ( 76/519) ken-elaborator r_layer_tests::kenfmt_b3_layout::ac5_comments_are_retained_and_force_breaks
8	PASS [   0.010s] ( 77/519) ken-elaborator r_layer_tests::kenfmt_b3_layout::match_arms_break_after_mapsto_only_when_the_whole_arm_wraps
8	PASS [   0.006s] ( 78/519) ken-elaborator r_layer_tests::kenfmt_b4_splicing::ac5_empty_fences_are_first_pass_fixed_points_in_all_roles
8	PASS [   0.633s] ( 79/519) ken-elaborator r_layer_tests::lang_fixity_decl_surface::agreeing_fixity_is_idempotent_and_conflict_names_both_sites
8	PASS [   0.319s] ( 80/519) ken-elaborator r_layer_tests::lang_fixity_decl_surface::mutual_symbolic_group_reassociates_after_all_members_are_preadmitted
8	PASS [   0.321s] ( 81/519) ken-elaborator r_layer_tests::lang_mod_catalog_evidence_frontier::compiler_internal_base_support_is_an_exact_allowed_inventory
8	PASS [   0.326s] ( 82/519) ken-elaborator r_layer_tests::lang_structural_result_elab::d2_deep_nested_associations_elaborate_and_kernel_check
8	PASS [   0.317s] ( 83/519) ken-elaborator r_layer_tests::lang_structural_result_elab::resolved_binding_without_association_is_out_of_scope
8	PASS [   0.627s] ( 84/519) ken-elaborator r_layer_tests::lc_acceptance::ac2_orphan_check_accept_and_reject
8	PASS [   0.007s] ( 85/519) ken-elaborator r_layer_tests::let4_multi_binding::ac1_binding_separators_are_context_local
8	PASS [   0.318s] ( 86/519) ken-elaborator r_layer_tests::n4_program_admits::package_dependency_is_transitive_for_coherence_but_not_parent_direct_use
8	PASS [   0.414s] ( 87/519) ken-elaborator seal2_tests::adversary_repros::transfer_count_has_no_public_producer
8	PASS [   0.007s] ( 88/519) ken-elaborator seal2_tests::producer_closure::certificate_flags_an_unannotated_producer_via_its_carrier_parameter
8	PASS [   0.416s] ( 89/519) ken-elaborator seal2_tests::producer_closure::one_derivation_covers_both_sealed_carriers
8	PASS [   0.314s] ( 90/519) ken-elaborator::abi_s3_deadline_shape abi_s3_the_deadline_type_carries_exactly_its_reading_and_no_cancellation_field
8	PASS [  14.550s] ( 91/519) ken-elaborator r_layer_tests::cat_tier_d_posix_import::filesystem_path_posix_imports_are_exact_canonical_and_internals_private
8	PASS [   0.515s] ( 92/519) ken-elaborator::b1_exact_denotation_alphabet dynamic_operation_input_fails_closed_without_family_widening
8	PASS [  10.601s] ( 93/519) ken-elaborator r_layer_tests::cat_tier_e_schema_import::schema_loader_visible_inventory_is_exact
8	PASS [   0.009s] ( 94/519) ken-elaborator::b2_acceptance always_elaborates_to_not_until_not
8	PASS [   0.006s] ( 95/519) ken-elaborator::bare_proof_selector_atom ac5_bare_selector_in_argument_position_is_refused_and_grouping_is_the_escape_hatch
8	PASS [   0.339s] ( 96/519) ken-elaborator::bare_proof_selector_atom recursive_attached_proof_can_use_its_bare_selector
8	PASS [  63.746s] ( 97/519) ken-cli::rt_cold_lowering_path_enumeration rt_read_window_stage
8	PASS [   3.338s] ( 98/519) ken-elaborator::cat5_parsing_package cat5_d1_concrete_nonempty_source_constructs_and_projects
8	PASS [   3.267s] ( 99/519) ken-elaborator::cat5_parsing_package cat5_d1_end_past_source_length_rejected
8	PASS [   3.268s] (100/519) ken-elaborator::cat5_parsing_package cat5_d1_old_unconstrained_source_constructor_rejected
8	PASS [   3.311s] (101/519) ken-elaborator::cat5_parsing_package cat5_d1_reflexive_utf8_proof_rejected
8	PASS [   3.445s] (102/519) ken-elaborator::cat5_parsing_package cat5_d1_start_after_end_rejected
8	PASS [   1.325s] (103/519) ken-elaborator::cat_codec_import codec_direct_provider_is_exact_canonical_transport_cong
8	PASS [   3.809s] (104/519) ken-elaborator::cat5_parsing_package cat5_d2_parser_result_surface_is_total_and_located
8	PASS [   2.086s] (105/519) ken-elaborator::cat_derived_pub_export derived_exports_all_ten_operation_identities
8	PASS [   8.215s] (106/519) ken-elaborator::cat_deque_closeout all_deque_provider_imports_are_individually_load_bearing
8	PASS [   2.389s] (107/519) ken-elaborator::cat_sort_insertion_sort_acceptance entry_elaborates_with_exact_inventory_and_canonical_providers
8	PASS [   0.362s] (108/519) ken-elaborator::cat_sums_combinators_closeout sums_owned_inventory_and_compiler_floor_closure_are_exact
8	PASS [   0.391s] (109/519) ken-elaborator::cat_vec_acceptance empty_and_out_of_bounds_calls_are_rejected_by_their_indices
8	PASS [   0.395s] (110/519) ken-elaborator::cat_vec_acceptance generic_operations_preserve_length_and_concrete_computations_hold
8	PASS [  11.344s] (111/519) ken-elaborator::cat_map_bool_and_owner map_bool_and_import_withdrawal_and_wrong_name_fail
8	PASS [  32.928s] (112/519) ken-elaborator::b1_exact_denotation_alphabet declared_headroom_cannot_manufacture_a_metadata_perform_or_plan_point
8	PASS [   4.356s] (113/519) ken-elaborator::cc1_nonempty_validation_acceptance nonempty_owner_keeps_raw_constructor_while_clients_cannot_name_it
8	PASS [  33.584s] (114/519) ken-elaborator::b1_exact_denotation_alphabet real_resource_performs_derive_the_exact_lifecycle_alphabet
8	PASS [   0.341s] (115/519) ken-elaborator::conversions_acceptance ac4_saturating_add_no_overflow_still_exact
8	PASS [   0.473s] (116/519) ken-elaborator::dependent_match_coherent_frame_acceptance nontrivial_direct_fin_index_elaborates
8	PASS [   0.333s] (117/519) ken-elaborator::dependent_match_context_telescope_acceptance indirect_dependency_closure_via_predicate_param
8	PASS [   0.347s] (118/519) ken-elaborator::dependent_match_eigen_guard_localization dependent_guard_with_context_extension_uses_constructor_local_view
8	PASS [   3.565s] (119/519) ken-elaborator::cc4_diagnostic_core_acceptance exact_non_degenerate_injections_preserve_every_location_field
8	PASS [   0.005s] (120/519) ken-elaborator::dotted_module_path_parser import_as_accepts_a_dotted_module_path
8	PASS [   0.005s] (121/519) ken-elaborator::dotted_module_path_parser module_decl_accepts_a_dotted_module_path
8	PASS [   0.339s] (122/519) ken-elaborator::dependent_match_nonnullary_pre_scrutinee_context goal_closing_over_pre_scrutinee_type_param_narrows_correctly
8	PASS [   2.159s] (123/519) ken-elaborator::ds3_sum_combinators_acceptance ac8_getorelse_returns_contained_value_not_default
8	PASS [   2.510s] (124/519) ken-elaborator::ds3_sum_combinators_acceptance orelse_left_biased_concrete_example
8	PASS [   0.367s] (125/519) ken-elaborator::ds5b_dependent_match_refinement_acceptance intervening_let_fresh_binder_inherits_branch_index_refinement
8	PASS [   0.543s] (126/519) ken-elaborator::ds5b_dependent_match_refinement_acceptance omega_classified_reindexed_position_uses_kernel_checked_transport
8	PASS [   9.729s] (127/519) ken-elaborator::cc4_diagnostic_core_acceptance checked_cc4_chain_has_zero_trusted_base_delta
8	PASS [   2.136s] (128/519) ken-elaborator::ds4_list_combinators_acceptance ac8_non_involutive_witness_rejected_for_reverse_involutive
8	PASS [   7.656s] (129/519) ken-elaborator::cc8_env_config_decoder_acceptance config_failures_keep_config_key_origins_distinct_from_environment
8	PASS [   2.793s] (130/519) ken-elaborator::ds5b_dependent_match_refinement_acceptance real_fok_recursive_omega_consumer_uses_all_three_child_paths
8	PASS [   2.600s] (131/519) ken-elaborator::ds6a_int_deceq_acceptance abstract_int_equality_stays_neutral
8	PASS [   0.494s] (132/519) ken-elaborator::es2_acceptance match_on_comparison_result_elaborates
8	PASS [   0.371s] (133/519) ken-elaborator::es3_modules_acceptance parameterized_abstract_export_preserves_kind_and_owner_proof
8	PASS [   0.338s] (134/519) ken-elaborator::es3_modules_acceptance private_name_access_rejected_at_surface
8	PASS [   4.591s] (135/519) ken-elaborator::ds7_applicative_monad_acceptance ac8_noncartesian_applicative_cannot_wire_into_monad
8	PASS [   4.554s] (136/519) ken-elaborator::ds8_traversable_acceptance compose_partial_law_set_is_actually_present_and_kernel_checked
8	PASS [   0.338s] (137/519) ken-elaborator::explicit_data_elaboration dependent_index_telescope_lifts_prior_index_in_motive_premise
8	PASS [   0.334s] (138/519) ken-elaborator::explicit_data_elaboration same_family_occurrence_in_result_index_rejects_before_install
8	PASS [   0.005s] (139/519) ken-elaborator::explicit_data_parser explicit_family_rejects_bare_head_parameters
8	PASS [   0.005s] (140/519) ken-elaborator::explicit_data_parser implicit_constructor_binder_is_preserved
8	PASS [   0.352s] (141/519) ken-elaborator::explicit_data_elaboration same_level_universe_constructor_rejects_before_decoder_can_form
8	PASS [   0.340s] (142/519) ken-elaborator::fr1_zero_ctor_data_acceptance legacy_zero_ctor_data_elaborates_and_eliminates
8	PASS [   0.339s] (143/519) ken-elaborator::fr2_absurd_collision_hygiene arity_three_eq_and_j_sugar_still_intercept_normally
8	PASS [   0.343s] (144/519) ken-elaborator::fr2_absurd_collision_hygiene data_ctor_named_eq_or_j_elaborates_fine_not_a_collision
8	PASS [   0.342s] (145/519) ken-elaborator::fr2_absurd_collision_hygiene non_colliding_ctor_alongside_a_colliding_one_still_reports_only_the_real_collision
8	PASS [   2.388s] (146/519) ken-elaborator::es4_classes_acceptance classes_are_transparent_structure_records_zero_delta
8	PASS [   0.007s] (147/519) ken-elaborator::ken_md_literate checked_fence_ranges_are_utf8_safe_with_non_ascii_prose
8	PASS [   0.356s] (148/519) ken-elaborator::i7_env_process_projectors_acceptance invalid_environment_bytes_round_trip_and_preserve_argv_and_cwd
8	PASS [   0.006s] (149/519) ken-elaborator::ken_md_literate token_spans_keep_original_markdown_offsets
8	PASS [   0.005s] (150/519) ken-elaborator::kenfmt_b1_lossless block_and_doc_comments_are_counted_for_attachment
8	PASS [   0.335s] (151/519) ken-elaborator::ken_md_literate ordinary_ken_elaboration_is_unchanged
8	PASS [   0.008s] (152/519) ken-elaborator::kenfmt_signature_layout r1_signature_fit_and_split_ladder_are_exact
8	PASS [   0.334s] (153/519) ken-elaborator::kernel_conv_congruence_closure cast_congruence_is_reached_by_checked_ken_source
8	PASS [   0.761s] (154/519) ken-elaborator::k3_literal_char_view deep_checked_literal_view_admits_a_list_on_the_default_sized_stack
8	PASS [   0.340s] (155/519) ken-elaborator::km_sigma_eq_pair_refl componentwise_proof_is_not_unrelated_full_pair_equality
8	PASS [   0.328s] (156/519) ken-elaborator::l2_acceptance ac7_refinement_intro_emits_obligation
8	PASS [   0.338s] (157/519) ken-elaborator::l2_acceptance ac8_proof_returning_match_through_transparent_scrutinee_elaborates
8	PASS [   0.328s] (158/519) ken-elaborator::l2_acceptance data_recursive_type_accepts
8	PASS [   0.340s] (159/519) ken-elaborator::l2_acceptance duplicate_flat_arm_is_subsumed_by_exactly_one_earlier_arm
8	PASS [   0.332s] (160/519) ken-elaborator::l3_strings_roundtrip_acceptance ac2_source_literals_merge_at_nfc_construction
8	PASS [   0.342s] (161/519) ken-elaborator::l3_strings_roundtrip_acceptance ac3_surrogate_guard_across_corpus
8	PASS [   2.012s] (162/519) ken-elaborator::kenfmt_c_capstone balanced_corpus_rejects_the_known_over_width_splay_shape
8	PASS [   0.360s] (163/519) ken-elaborator::l3b_acceptance user_deceq_keyed_map_canonical_identity
8	PASS [   2.051s] (164/519) ken-elaborator::l3_strings_surface_acceptance list_eq_is_codepoint_wise_not_nfc_folding
8	PASS [   1.336s] (165/519) ken-elaborator::l4_export_reexport loader_executes_facade_and_in_scope_body_scope_discriminator
8	PASS [   0.005s] (166/519) ken-elaborator::l6_acceptance bytes_immutable_concat_allocates_fresh
8	PASS [   0.005s] (167/519) ken-elaborator::l6_acceptance bytes_prim_neutral_on_stuck
8	PASS [   2.029s] (168/519) ken-elaborator::l3_strings_surface_acceptance string_compare_3way_lexicographic_triple
8	PASS [   0.347s] (169/519) ken-elaborator::l6_acceptance decode_encode_roundtrip_provable
8	PASS [   0.336s] (170/519) ken-elaborator::l7_acceptance not_relied_on_foreign_absent_from_trusted_base_delta
8	PASS [   0.345s] (171/519) ken-elaborator::l7_acceptance trusted_base_delta_flips_on_dependency_not_scope
8	PASS [   8.523s] (172/519) ken-elaborator::es2_acceptance map_replacement_is_derived_not_primitive
8	PASS [   0.006s] (173/519) ken-elaborator::lang_application_atom_if_rejection the_affirmative_rejection_is_located_at_the_if
8	PASS [   0.005s] (174/519) ken-elaborator::lang_atom_start_classification_closure ac2_the_truncation_closes_and_the_loop_continues
8	PASS [   0.005s] (175/519) ken-elaborator::lang_atom_start_classification_closure invariant_1_no_depth_zero_comma_precedes_the_first_arrow_in_an_arm_block
8	PASS [   0.005s] (176/519) ken-elaborator::lang_bare_operator_atom_rejection ac_baseline_unrelated_sources_are_unaffected
8	PASS [   0.329s] (177/519) ken-elaborator::lang_application_atom_if_rejection ac_inline_ken_census_reaches_rust_test_sources
8	PASS [   0.005s] (178/519) ken-elaborator::lang_foreign_name_format_chars category_data_version_matches_the_pinned_workspace_unicode_data
8	PASS [   0.005s] (179/519) ken-elaborator::lang_foreign_name_format_chars formatter_recovery_typed_error_uses_whole_fragment_coordinates
8	PASS [   0.005s] (180/519) ken-elaborator::lang_foreign_name_format_chars offset_zero_feff_is_consumed_as_a_bom
8	PASS [   0.005s] (181/519) ken-elaborator::lang_infix_application_default default_symbolic_infix_is_structurally_left_associative
8	PASS [   0.338s] (182/519) ken-elaborator::lang_constructor_namespace_shadowing_guard a_single_family_with_distinct_constructors_compiles
8	PASS [   1.341s] (183/519) ken-elaborator::l4_export_reexport loader_executes_same_identity_carveout_and_distinct_source_flip
8	PASS [   0.349s] (184/519) ken-elaborator::lang_instance_search_second_path explicit_constraint_binder_retains_its_projection_row
8	PASS [   1.024s] (185/519) ken-elaborator::l_match_ih_fix_acceptance ac4_no_regression_0_and_1_recursive_field_types
8	PASS [   0.336s] (186/519) ken-elaborator::lang_match_as_pattern top_level_variable_alias_remains_fail_closed
8	PASS [   0.376s] (187/519) ken-elaborator::lang_match_literal_patterns decomposed_string_pattern_compares_at_nfc_value
8	PASS [   0.672s] (188/519) ken-elaborator::lang_match_guards guard_presence_flips_constructor_coverage
8	PASS [   0.373s] (189/519) ken-elaborator::lang_match_or_pattern common_context_includes_prior_dependent_pattern_columns
8	PASS [   0.369s] (190/519) ken-elaborator::lang_match_or_pattern unequal_common_context_binder_types_require_separate_arms
8	PASS [   0.341s] (191/519) ken-elaborator::lang_match_tuple_pattern redundant_tuple_arm_is_subsumed_never_no_inhabitants
8	PASS [   0.971s] (192/519) ken-elaborator::lang_match_record_pattern top_level_catchalls_remain_refused_and_empty_record_is_not_inferred
8	PASS [   0.344s] (193/519) ken-elaborator::lang_mod_pair_floor_realization closed_floor_accepts_pair_but_arbitrary_globals_and_prod_do_not
8	PASS [   0.336s] (194/519) ken-elaborator::lang_mod_pub_eligibility postfix_derive_accepts_ordinary_and_rejects_public_clause
8	PASS [   0.343s] (195/519) ken-elaborator::lang_mod_strict_resolution_d0 closed_floor_and_kernel_vocabulary_are_buildable_from_roots
8	PASS [   0.677s] (196/519) ken-elaborator::lang_mod_strict_resolution_d0 root_and_legacy_are_distinct_entries_with_ambient_passthrough_still_live
8	PASS [   0.331s] (197/519) ken-elaborator::lang_nested_former_recursion_acceptance ac_totality_preserved_negative_position_is_rejected
8	PASS [   0.341s] (198/519) ken-elaborator::lang_prelude_floor_fifteen space_alone_uses_pre_source_empty_residual
8	PASS [   0.343s] (199/519) ken-elaborator::lang_qualified_constructor_privacy forge_buffer_decl
8	PASS [   3.469s] (200/519) ken-elaborator::lang_mod_catalog_completeness real_derived_consumer_reuses_canonical_logic_providers
8	PASS [   0.341s] (201/519) ken-elaborator::lang_qualified_constructor_privacy forge_trace_decl
8	PASS [   0.345s] (202/519) ken-elaborator::lang_qualified_constructors empty_module_member_cannot_manufacture_type_path_ambiguity
8	PASS [   0.341s] (203/519) ken-elaborator::lang_qualified_constructors module_and_type_path_conflict_even_when_both_select_one_id
8	PASS [   0.337s] (204/519) ken-elaborator::lang_qualified_constructors scoped_resource_kind_bare_member_neither_resolves_nor_binds
8	PASS [   0.340s] (205/519) ken-elaborator::lang_roots_loader_local_instance_dict_scope duplicate_structure_dictionary_is_rejected_by_exact_class_head
8	PASS [   0.345s] (206/519) ken-elaborator::lang_roots_loader_local_instance_dict_scope undeclared_dictionary_import_is_rejected
8	PASS [   0.381s] (207/519) ken-elaborator::lang_standard_infix_call_completion ac2a_a_renaming_hop_to_the_same_identity_completes_identically
8	PASS [   0.346s] (208/519) ken-elaborator::lang_standard_infix_call_completion ac9_positive_control_the_same_home_with_the_right_shape_is_accepted
8	PASS [   0.026s] (209/519) ken-elaborator::lang_surface_block_comments ac1_two_scanners_agree_over_the_corpus
8	PASS [   0.006s] (210/519) ken-elaborator::lang_surface_block_comments ac2_two_level_nesting
8	PASS [   0.006s] (211/519) ken-elaborator::lang_surface_block_comments ac5_prefix_relations_enumerated
8	PASS [   1.702s] (212/519) ken-elaborator::lang_reserved_infix_names reserved_fixities_keep_left_right_and_nonassociative_behavior
8	PASS [   0.343s] (213/519) ken-elaborator::lang_surface_if floor_constructor_names_cannot_retarget_if
8	PASS [   0.344s] (214/519) ken-elaborator::lang_symbolic_operator_names fixed_eqeq_still_elaborates_as_structural_equality
8	PASS [   0.006s] (215/519) ken-elaborator::lang_truncation_surface_syntax ac6_unicode_truncbar_source_is_a_canonicalization_fixed_point
8	PASS [   0.341s] (216/519) ken-elaborator::lang_symbolic_operator_names symbolic_name_uses_existing_duplicate_definition_diagnostic
8	PASS [   0.338s] (217/519) ken-elaborator::lang_truncation_surface_syntax d1_annotation_trunc_mixed_precedence_predicate_reassociates_under_truncation
8	PASS [   0.344s] (218/519) ken-elaborator::lang_truncation_surface_syntax d2_trunc_intro_argument_is_checked_against_the_recovered_carrier
8	PASS [   0.340s] (219/519) ken-elaborator::lang_type_projection_surface_form a_non_type_field_in_type_position_is_refused_by_the_kernel_not_located
8	PASS [   0.337s] (220/519) ken-elaborator::lang_type_projection_surface_form positional_projection_in_type_position_names_the_unsupported_form
8	PASS [   0.345s] (221/519) ken-elaborator::let5_checking_mode_let old_in_checked_position_fails_closed_without_prestate
8	PASS [   0.006s] (222/519) ken-elaborator::literal_escapes_conformance d0_foreign_names_decode_escapes_uniformly
8	PASS [   0.342s] (223/519) ken-elaborator::let5_checking_mode_let singleton_let_preserves_checked_match_goal
8	PASS [   0.006s] (224/519) ken-elaborator::literal_escapes_lexer_unit ordinary_unterminated_literal_is_unaffected
8	PASS [   0.005s] (225/519) ken-elaborator::literal_escapes_lexer_unit unrecognized_discriminator_span_is_exactly_backslash_and_char
8	PASS [   8.660s] (226/519) ken-elaborator::lang_membership_operator_surface three_named_providers_are_carrier_first_and_retain_their_own_comparator
8	PASS [   2.695s] (227/519) ken-elaborator::literal_escapes_conformance escape_repertoire_is_closed_and_kind_selected
8	PASS [  13.368s] (228/519) ken-elaborator::lang_mod_nat_floor_realization every_executable_top_level_binding_route_is_floor_immutable
8	PASS [   8.428s] (229/519) ken-elaborator::map_build_acceptance cat_rel_reachable_within_has_exact_fuel_recurrence
8	PASS [   0.006s] (230/519) ken-elaborator::n2_in_repo_loader catalog_source_path_inverts_to_nearest_root_and_dotted_entry
8	PASS [   0.411s] (231/519) ken-elaborator::nat_arithmetic_laws_acceptance canonical_operations_compute_on_concrete_naturals
8	PASS [   0.512s] (232/519) ken-elaborator::nc13_core_expression_lowering source_derived_closed_function_target_lowers_to_runtime_ir
8	PASS [   0.339s] (233/519) ken-elaborator::nc14_data_match_lowering nested_recursive_bag_type_result_rejects_induction_hypothesis_spelling
8	PASS [   0.007s] (234/519) ken-elaborator::nc14_data_match_lowering stale_constructor_identity_rejects_before_runtime_program_success
8	PASS [   0.006s] (235/519) ken-elaborator::nc16_primitive_value_lowering safe_bytes_at_lowering_returns_none_and_carries_bounds_obligation
8	PASS [   0.008s] (236/519) ken-elaborator::nc18_effects_foreign_boundary_ir stale_capability_identity_rejects_before_runtime_success
8	PASS [   0.017s] (237/519) ken-elaborator::nc5_erasure_runtime_ir symbol_without_runtime_metadata_rejects_loudly
8	PASS [   9.333s] (238/519) ken-elaborator::map_build_acceptance lookup_empty_law_is_a_real_reducing_proof
8	PASS [   0.374s] (239/519) ken-elaborator::purity_keywords view_is_an_ordinary_free_identifier
8	PASS [   1.308s] (240/519) ken-elaborator::proof_vocabulary computational_keywords_reject_omega_results_and_proved_names_top
8	PASS [   0.346s] (241/519) ken-elaborator::px7f_system_resource_acceptance system_resource_is_opaque_and_only_the_bracket_mints_it
8	PASS [   0.951s] (242/519) ken-elaborator::px8f_buffer_io_surface checked_source_cannot_forge_or_project_mapping_handles
8	PASS [   9.764s] (243/519) ken-elaborator::map_build_acceptance lookuplocality_law3_is_a_real_general_proof_term
8	PASS [   0.340s] (244/519) ken-elaborator::record_decl_form records_are_unavailable_to_instance_constraint_and_derive_paths
8	PASS [   2.011s] (245/519) ken-elaborator::record_index_refinement_acceptance control_bare_variable_index_still_elaborates
8	PASS [   8.553s] (246/519) ken-elaborator::map_build_acceptance tolist_ascending_by_key_on_hand_built_tree
8	PASS [   0.335s] (247/519) ken-elaborator::record_index_sigma_closure one_field_refinement_chains_both_sigma_components
8	PASS [   0.340s] (248/519) ken-elaborator::record_literal brace_neighbours_and_declaration_regressions_remain_live
8	PASS [   0.341s] (249/519) ken-elaborator::record_literal missing_duplicate_and_foreign_fields_refuse_at_source_spans
8	PASS [   0.327s] (250/519) ken-elaborator::rt_dasm_d1b_role_a_role_authority d1b_role_a_every_canonical_role_is_covered_by_shadowing_or_floor_immutability
8	PASS [   0.323s] (251/519) ken-elaborator::sct_reconstruction_descent shape_b_second_lexicographic_shape_accepts
8	PASS [   0.005s] (252/519) ken-elaborator::sec1_acceptance ct_value_steers_leakage_sink_rejected
8	PASS [   0.005s] (253/519) ken-elaborator::sec1_acceptance distinguishing_pair_disproved_with_witness
8	PASS [   0.005s] (254/519) ken-elaborator::sec1_acceptance secret_to_public_rejected
8	PASS [   0.004s] (255/519) ken-elaborator::sec1ct_acceptance ct_value_steers_memory_index_rejected
8	PASS [   0.004s] (256/519) ken-elaborator::sec1ct_acceptance declassified_ct_value_steers_sink_accepted_and_listed
8	PASS [   0.332s] (257/519) ken-elaborator::sct_reconstruction_descent shape_b_second_lexicographic_shape_evaluates_correctly
8	PASS [   0.340s] (258/519) ken-elaborator::sec4_acceptance closed_literal_equalities_bypass_refl_via_top_and_bottom
8	PASS [   1.056s] (259/519) ken-elaborator::sec4_acceptance kernel_resolved_graph_has_no_ken_generated_workspace_dependency
8	PASS [   1.432s] (260/519) ken-elaborator::sub1b_uint8_deceq ac4_deceq_bytes_decides_raw_bytes_non_vacuously
8	PASS [   2.716s] (261/519) ken-elaborator::structural_deceq_acceptance structural_instances_compute_positive_and_negative_bool_examples
8	PASS [   0.451s] (262/519) ken-elaborator::surface_arrow_in_expr_acceptance arrow_passed_as_an_ordinary_function_argument
8	PASS [   0.357s] (263/519) ken-elaborator::surface_arrow_in_expr_acceptance plain_parenthesized_ascription_is_unaffected
8	PASS [   0.459s] (264/519) ken-elaborator::surface_named_proof_claims non_proof_theorem_result_is_rejected
8	PASS [   0.410s] (265/519) ken-elaborator::surface_named_proof_claims prop_constructor_shape_outside_seed_subset_rejects
8	PASS [   0.323s] (266/519) ken-elaborator::surface_named_proof_claims standalone_theorem_is_checked_in_ordinary_namespace
8	PASS [   0.317s] (267/519) ken-elaborator::surface_transport_acceptance j_elaborates_to_a_real_term_j_node
8	PASS [   0.416s] (268/519) ken-elaborator::surface_transport_acceptance ill_typed_transport_wrong_equation_is_kernel_rejected
8	PASS [   0.006s] (269/519) ken-elaborator::surface_unicode surf1_d3_ascii_identifier_boundary_rejects_non_ascii_letters
8	PASS [   0.321s] (270/519) ken-elaborator::surface_transport_acceptance standalone_j_admits_a_base_through_an_enclosing_let_definition
8	PASS [   0.005s] (271/519) ken-elaborator::t1_acceptance decomposition_and_slice_kinds_round_trip
8	PASS [   0.005s] (272/519) ken-elaborator::t1_acceptance stable_field_drop_or_rename_rejected
8	PASS [   0.007s] (273/519) ken-elaborator::t1_acceptance unknown_goal_unknown_tag_no_forcing_world
8	PASS [   0.625s] (274/519) ken-elaborator::surface_unicode surf1_d3_unicode_and_ascii_elaborate_identically
8	PASS [   0.347s] (275/519) ken-elaborator::v2_acceptance let_binding_adds_equation_to_gamma_placeholder
8	PASS [   0.319s] (276/519) ken-elaborator::v2_acceptance postcondition_emits_substituted_goal
8	PASS [   0.008s] (277/519) ken-elaborator::v3_acceptance reflective_decision_computes_cert_d_placeholder
8	PASS [   0.007s] (278/519) ken-elaborator::v3_acceptance unrecognized_shape_to_ho_default_no_skip
8	PASS [   0.322s] (279/519) ken-elaborator::v2_acceptance present_cert_yields_zero_new_obligations
8	PASS [   0.361s] (280/519) ken-elaborator::v3_d_open_goal_witness_route assignment_is_substituted_before_kernel_checked_refutation
8	PASS [   1.913s] (281/519) ken-elaborator::v3_fo_checker_soundness_d1b_reflection fok_classically_valid_is_empty_to_singleton_derivability
8	PASS [   1.910s] (282/519) ken-elaborator::v3_fo_checker_soundness_d2_bool_inversion fok_and_left_naive_prebound_form_is_kernel_rejected
8	PASS [   1.952s] (283/519) ken-elaborator::v3_fo_checker_soundness_d2_bool_inversion fok_and_right_naive_prebound_form_is_kernel_rejected
8	PASS [   1.906s] (284/519) ken-elaborator::v3_fo_checker_soundness_d2_bool_inversion fok_or_left_false_applies_to_a_concrete_false_false_instance
8	PASS [   2.049s] (285/519) ken-elaborator::v3_fo_checker_soundness_d4 accepted_forall_object_right_reaches_full_checker_soundness
8	PASS [   2.345s] (286/519) ken-elaborator::v3_fo_embedding_adequacy_d1 fin_lookup_preserves_binder_order_and_atom_identity
8	PASS [   1.931s] (287/519) ken-elaborator::v3_fo_embedding_adequacy_d1 scoped_formula_depth_is_an_index_not_a_parameter
8	PASS [   2.008s] (288/519) ken-elaborator::v3_fo_ken_level_checker_authoring certificate_sort_validation_world_in_object_pair
8	PASS [   0.007s] (289/519) ken-elaborator::v3_fo_obligation_signature_discovery_acceptance accepted_certificate_through_public_route_yields_unknown_never_proved
8	PASS [   2.379s] (290/519) ken-elaborator::v3_fo_ken_level_checker_authoring fok_check_cert_kernel_checks_with_no_trusted_base_delta
8	PASS [   0.014s] (291/519) ken-elaborator::v4_acceptance fully_proved_program_zero_diagnostics
8	PASS [   0.015s] (292/519) ken-elaborator::v4_acceptance hole_free_program_never_unknown
8	PASS [   0.013s] (293/519) ken-elaborator::v4_acceptance unknown_verdict_not_relabeled_false
8	PASS [   0.521s] (294/519) ken-elaborator::val1_string_literals ackermann_sct_gap_closed
8	PASS [   0.011s] (295/519) ken-foundation store::tests::map_ordering_shares_slot
8	PASS [   0.023s] (296/519) ken-host abi_m1_d0_probe::family_projection_hashes_compose_and_one_family_mutation_is_local
8	PASS [   0.015s] (297/519) ken-host abi_v1::tests::change_mode_rejects_file_type_bits_before_dispatch
8	PASS [   0.010s] (298/519) ken-host abi_v1::tests::directory_entries_reply_is_arena_backed_exact_and_fail_closed
8	PASS [   0.012s] (299/519) ken-host abi_v1::tests::every_deferred_operation_has_its_own_named_native_boundary_rejection
8	PASS [   0.012s] (300/519) ken-host account_db_v1::tests::scripted_backend_covers_growth_cap_and_record_validation
8	PASS [   0.019s] (301/519) ken-host effect_v1::tests::abi_s1_descriptor_failures_preserve_px9_file_error_identity
8	PASS [   0.008s] (302/519) ken-host effect_v1::tests::abi_s6_d1_finalizer_distinguishes_mapping_unmap_from_buffer_drop
8	PASS [   0.011s] (303/519) ken-host effect_v1::tests::abi_s6_d5a_leaves_file_acquisition_represented_unavailable
8	PASS [   0.010s] (304/519) ken-host effect_v1::tests::bounded_positioned_io_reaches_progress_mismatch_and_ordered_bindings
8	PASS [   0.009s] (305/519) ken-host effect_v1::tests::canonical_payloads_and_unknown_identities_preserve_discriminators
8	PASS [   0.009s] (306/519) ken-host effect_v1::tests::released_acquisition_span_is_not_revived_by_slot_reuse
8	PASS [   0.012s] (307/519) ken-host effect_v1::tests::resource_close_waits_for_the_last_of_multiple_admitted_leases
8	PASS [   0.011s] (308/519) ken-host effect_wire::tests::abi_s6_d1_mapping_resource_kind_wire_is_distinct_and_fail_closed
8	PASS [   0.010s] (309/519) ken-host mapping_v1::tests::consumed_mapping_is_actually_unmapped
8	PASS [   0.014s] (310/519) ken-host tests::scripted_home_lookup_binds_isolated_roots_once_and_preserves_denials
8	PASS [   0.017s] (311/519) ken-interp eff_tests::eff4_handled_discharges_unhandled_reaches_driver
8	PASS [   0.021s] (312/519) ken-interp eff_tests::eff7_exhaustive_driver_dispatch_no_silent_skip
8	PASS [   0.015s] (313/519) ken-interp eval::px5b_effect_observation_tests::abi_s6_d1_mapping_resource_errors_reify_with_exact_kind_identity
8	PASS [   0.018s] (314/519) ken-interp eval::px5b_effect_observation_tests::buffer_reservation_failure_reifies_the_checked_allocation_error
8	PASS [   0.018s] (315/519) ken-interp eval::px5b_effect_observation_tests::px8_wrote_component_short_write_reifies_effective_remaining
8	PASS [   0.016s] (316/519) ken-interp eval::px5b_effect_observation_tests::revoked_path_dispatch_reifies_exact_revoked_file_error
8	PASS [   0.015s] (317/519) ken-interp eval::px5b_effect_observation_tests::rt_parity_buffer_allocate_rejects_malformed_capacity_exactly
8	PASS [   0.012s] (318/519) ken-interp eval::target_abi_tests::mismatch_stops_before_interpreter_host_entry
8	PASS [   0.015s] (319/519) ken-interp tests::closure_containing_aggregate_has_no_deceq
8	PASS [   0.017s] (320/519) ken-interp tests::existing_anchors_still_green
8	PASS [   0.016s] (321/519) ken-interp tests::unknown_from_hole_dependent
8	PASS [   0.572s] (322/519) ken-interp::effect_composition_synthetic_peel_probe nested_wrap_peels_through_multiple_layers_to_the_synthetic_base_tag
8	PASS [   0.401s] (323/519) ken-interp::elim_bool_dispatch_acceptance computed_bool_false_dispatches_to_second_method
8	PASS [   0.005s] (324/519) ken-interp::f1_bignum_acceptance f1_mul_int_2_64_squared
8	PASS [   0.005s] (325/519) ken-interp::f2f3_acceptance f3_legacy_add_sub_mul_unreduced
8	PASS [   0.338s] (326/519) ken-interp::l1_acceptance ac2_expected_type_overrides_default
8	PASS [   0.336s] (327/519) ken-interp::l1_acceptance ac2_literal_types_distinct
8	PASS [   0.342s] (328/519) ken-interp::l1_acceptance sweep_int_total_no_obligation
8	PASS [   0.005s] (329/519) ken-interp::leq_int_acceptance leq_int_bignum_differential_oracle
8	PASS [   0.008s] (330/519) ken-interp::nc12_runtime_ir_evaluator stale_oracle_identity_rejects_before_runtime_ir_evaluation
8	PASS [   0.474s] (331/519) ken-interp::nc7_differential_trust_report interpreter_backed_f1_report_uses_real_oracle_not_seed_observation
8	PASS [   0.421s] (332/519) ken-interp::nc9_proof_erasure_boundary_checker ken_checker_rejects_witness_program_mismatch_with_named_lane
8	PASS [   0.352s] (333/519) ken-interp::nc9_proof_erasure_boundary_checker native_trust_report_attachment_recheck_names_concrete_mismatch_lane
8	PASS [   0.365s] (334/519) ken-interp::px7f_system_resource caller_control_release_failure_preserves_success_and_body_error_ordering
8	PASS [   6.469s] (335/519) ken-elaborator::v3_fo_sorted_eigenparameter_freshness_guard_mutation_proof object_stale_eigen_reject_is_caused_by_freshness_alone
8	PASS [   0.008s] (336/519) ken-kernel check::tests::let_check_accepts_valid_body_at_outer_expected_type
8	PASS [   0.007s] (337/519) ken-kernel conv::tests::framed_case2_same_const_spine_does_zero_delta_unfold
8	PASS [   0.006s] (338/519) ken-kernel conv::tests::level_semilattice_eq
8	PASS [   0.009s] (339/519) ken-kernel conv::tests::sigma_eta_convert
8	PASS [   0.007s] (340/519) ken-kernel env::literal_rollback_tests::checked_payload_requires_live_literal_and_exact_string_carrier
8	PASS [   0.006s] (341/519) ken-kernel inductive::tests::w_style_branching_domain_not_d_free_rejected
8	PASS [   0.006s] (342/519) ken-kernel sct::tests::canonical_eta_head_realigns_wrapped_body
8	PASS [   0.005s] (343/519) ken-kernel sct::tests::compose_table
8	PASS [   0.004s] (344/519) ken-kernel sct::tests::is_exact_reconstruction_positive
8	PASS [   0.005s] (345/519) ken-kernel subst::tests::shift_negative_does_not_underflow
8	PASS [   0.006s] (346/519) ken-kernel subst::tests::subst_tel_outermost_var_picks_first_arg
8	PASS [   0.013s] (347/519) ken-kernel::acceptance ac1_hierarchy_well_founded
8	PASS [   0.009s] (348/519) ken-kernel::acceptance ac4_elim_vec_iota_vcons
8	PASS [   0.007s] (349/519) ken-kernel::acceptance ac6_subject_reduction_iota_nat
8	PASS [   0.010s] (350/519) ken-kernel::acceptance ac6_subject_reduction_sigma_beta
8	PASS [   0.007s] (351/519) ken-kernel::acceptance ac7_delta_unfolding_terminates
8	PASS [   0.006s] (352/519) ken-kernel::acceptance k2_omega_skip_prop_args
8	PASS [   0.007s] (353/519) ken-kernel::acceptance k2_seam1b_eq_inductive_dependent_stuck
8	PASS [   0.008s] (354/519) ken-kernel::conv_eq_congruence eq_congruence_reconstructed_lhs_converts
8	PASS [   0.010s] (355/519) ken-kernel::ds6b_intlit_eq_reduction over_equate_distinct_literals_rejected
8	PASS [   0.005s] (356/519) ken-kernel::ds6b_intlit_eq_reduction trusted_base_untouched_by_intlit_mechanism
8	PASS [   0.009s] (357/519) ken-kernel::k1p5_wstyle ac2_tree_iota_node_fires
8	PASS [   0.348s] (358/519) ken-interp::px8p_checked_buffer positive_capacity_settles_normally_and_body_error_still_settles
8	PASS [   0.006s] (359/519) ken-kernel::k2c_conversion unit_eta_two_vars_convert
8	PASS [   0.008s] (360/519) ken-kernel::k2c_conversion sct_accept_plus
8	PASS [   0.009s] (361/519) ken-kernel::k2c_series2 j_constant_motive_still_reduces
8	PASS [   0.009s] (362/519) ken-kernel::k2c_series2 j_dependent_motive_fires
8	PASS [   0.008s] (363/519) ken-kernel::k5_omega_fragment absurd_motive_must_still_classify_as_a_sort
8	PASS [   0.009s] (364/519) ken-kernel::k7_eq_at_inductive_whnf absurd_discharges_operation_wrapped_contradictory_hypothesis
8	PASS [   0.005s] (365/519) ken-kernel::k7_eq_at_inductive_whnf eq_at_inductive_stays_neutral_on_genuinely_neutral_operand
8	PASS [   0.009s] (366/519) ken-kernel::ktr1_constructor_universe_gate w_style_recursive_argument_at_family_level_is_accepted
8	PASS [   0.010s] (367/519) ken-kernel::nested_inductives_all issued_origin_aligns_real_empty_one_join_support_constructors
8	PASS [   0.008s] (368/519) ken-kernel::nested_inductives_d1a parameter_index_derivation_is_total_for_out_of_scope_variables
8	PASS [   0.011s] (369/519) ken-kernel::nested_inductives_d3b_d4 polymorphic_former_transport_preserves_guest_levels
8	PASS [   0.009s] (370/519) ken-kernel::sct_completeness_nested_split recursing_on_a_deferred_ih_slot_stays_rejected
8	PASS [   0.005s] (371/519) ken-runtime activation_abi::export_rendering_tests::the_rendered_export_matches_the_c_stubs_bytes_for_every_shape
8	PASS [   0.005s] (372/519) ken-runtime activation_abi::tests::every_entry_point_refuses_null_rather_than_dereferencing_it
8	PASS [   0.010s] (373/519) ken-runtime activation_abi::tests::c_abi_refuses_epoch_ceiling_mismatch_before_publishing_a_store
8	PASS [   0.005s] (374/519) ken-runtime boundary_activation::tests::one_past_max_epoch_has_an_exact_nonwrapping_request
8	PASS [   0.005s] (375/519) ken-runtime boundary_resource_profile::tests::the_lookup_agrees_with_the_named_field_a_deployment_wrote
8	PASS [   0.013s] (376/519) ken-runtime boundary_activation::tests::bounded_epochs_have_exact_at_limit_and_one_past_across_stores
8	PASS [   0.009s] (377/519) ken-runtime boundary_value::invocation_aggregate_decode_tests::a_malformed_node_local_span_refuses
8	PASS [   0.010s] (378/519) ken-runtime boundary_value_clif::tests::b2v_a_persistent_slot_resolves_back_through_the_store
8	PASS [   0.080s] (379/519) ken-runtime boundary_value_clif::tests::ac4_each_reachable_limit_refuses_at_limit_plus_one_naming_its_own_resource
8	PASS [   0.065s] (380/519) ken-runtime boundary_value_clif::tests::b2v_emitted_code_constructs_a_nonconstant_constructor_and_a_consumer_reads_it
8	PASS [   0.135s] (381/519) ken-runtime boundary_value_clif::tests::b2v_ac6_every_emitted_writer_is_refused_after_the_sealed_handoff
8	PASS [   0.017s] (382/519) ken-runtime boundary_value_clif::tests::b2v_emitted_immediate_construction_refuses_what_it_cannot_represent
8	PASS [   0.038s] (383/519) ken-runtime boundary_value_clif::tests::b2v_malformed_words_are_refused_with_distinct_exact_errors
8	PASS [   0.019s] (384/519) ken-runtime boundary_value_clif::tests::b2v_the_tag_class_relation_is_closed_over_the_whole_product
8	PASS [   0.005s] (385/519) ken-runtime boundary_value_clif::tests::b2v_the_tag_set_is_closed_in_both_directions
8	PASS [   0.005s] (386/519) ken-runtime canonical::tests::map_ordering_deterministic
8	PASS [   0.005s] (387/519) ken-runtime cranelift_backend::artifact::api::tests::missing_lowerability_metadata_rejects_before_backend_lowering
8	PASS [   0.005s] (388/519) ken-runtime cranelift_backend::artifact::api::tests::nc8_certificate_rejects_top_level_observable_closure
8	PASS [   0.006s] (389/519) ken-runtime cranelift_backend::grafted_spine_control_graph::tests::deleted_intermediate_call_return_rejects_at_terminal_reachability_layer
8	PASS [   0.041s] (390/519) ken-runtime cranelift_backend::lowering::aggregates::tests::an_aggregate_at_the_callee_scheduling_fallback_authorizes_itself
8	PASS [   0.007s] (391/519) ken-runtime cranelift_backend::lowering::aggregates::tests::the_aggregate_allocation_relation_holds_its_laws
8	PASS [   0.005s] (392/519) ken-runtime cranelift_backend::lowering::boundary::tests::recut2_every_admitted_row_closes_every_required_phase
8	PASS [   0.040s] (393/519) ken-runtime cranelift_backend::lowering::boundary::tests::recut2_the_emitted_helper_graph_changes_when_the_authority_changes
8	PASS [   0.006s] (394/519) ken-runtime cranelift_backend::lowering::boundary::tests::recut2_the_tag_admission_is_derived_from_the_partition_not_restated
8	PASS [   0.024s] (395/519) ken-runtime cranelift_backend::lowering::calls::tests::d6_a_functionized_recursive_declaration_accepts_a_changing_argument_constructor
8	PASS [   0.039s] (396/519) ken-runtime cranelift_backend::lowering::core::primitive::tests::cranelift_reports_bytes_and_string_immediates_as_ground_values
8	PASS [   0.023s] (397/519) ken-runtime cranelift_backend::lowering::core::primitive::tests::explicit_partial_primitive_reports_trap_not_backend_bug
8	PASS [   0.007s] (398/519) ken-runtime cranelift_backend::lowering::core::primitive::tests::ground_string_ingress_normalizes_before_boundary_observation
8	PASS [   0.055s] (399/519) ken-runtime cranelift_backend::lowering::core::primitive::tests::px8i_comparison_observes_high_limbs_and_dynamic_join_preserves_pair
8	PASS [   0.007s] (400/519) ken-runtime cranelift_backend::lowering::core::tests::constructors::a_capture_contract_with_a_duplicated_slot_ordinal_rejects
8	PASS [   0.358s] (401/519) ken-runtime boundary_value_clif::tests::b2v_every_emitted_tag_admission_test_is_the_plans
8	PASS [   0.010s] (402/519) ken-runtime cranelift_backend::lowering::core::tests::constructors::a_capture_operand_reconciles_only_against_its_own_ruled_position
8	PASS [   0.019s] (403/519) ken-runtime cranelift_backend::lowering::core::tests::constructors::ac1_source_machine_match_classifies_a_carried_scrutinee_by_phase
8	PASS [   0.020s] (404/519) ken-runtime cranelift_backend::lowering::core::tests::constructors::ac1_the_current_carried_route_fixture_does_not_reach_the_inherited_join_arm
8	PASS [   0.009s] (405/519) ken-runtime cranelift_backend::lowering::core::tests::constructors::c1_d3_a_carried_operand_survives_case_env_and_nested_lowering
8	PASS [   0.020s] (406/519) ken-runtime cranelift_backend::lowering::core::tests::constructors::c1_d3_ac_c4_a_carried_hypothesis_applied_to_arguments_fails_closed
8	PASS [   0.007s] (407/519) ken-runtime cranelift_backend::lowering::core::tests::constructors::c2_ac2_closed_roles_are_injective_by_spelling_and_canonical_for_duplicates
8	PASS [   0.026s] (408/519) ken-runtime cranelift_backend::lowering::core::tests::constructors::carried_bool_mapping_oracle_reddens_on_reversed_role_mapping
8	PASS [   0.057s] (409/519) ken-runtime cranelift_backend::lowering::core::tests::constructors::c1_d3_ac_c7_match_eliminates_a_carried_value_and_selects_the_right_case
8	PASS [   0.025s] (410/519) ken-runtime cranelift_backend::lowering::core::tests::constructors::constructor_field_aggregate_unconsumed_sibling_stays_ordinary
8	PASS [   0.021s] (411/519) ken-runtime cranelift_backend::lowering::core::tests::constructors::d2_a_zero_length_runtime_span_is_a_legal_empty_span
8	PASS [   0.008s] (412/519) ken-runtime cranelift_backend::lowering::core::tests::constructors::generated_context_pairing_refuses_raw_owner_header_mismatch
8	PASS [   0.024s] (413/519) ken-runtime cranelift_backend::lowering::core::tests::constructors::invocation_return_transport_selection_is_per_producer_in_production
8	PASS [   0.024s] (414/519) ken-runtime cranelift_backend::lowering::core::tests::constructors::pattern_default_trap_is_observation_not_backend_error
8	PASS [   0.031s] (415/519) ken-runtime cranelift_backend::lowering::core::tests::constructors::recursive_computational_aggregate_traverses_ordinary_frame
8	PASS [   0.007s] (416/519) ken-runtime cranelift_backend::lowering::core::tests::constructors::static_worker_call_rejects_undeclared_target
8	PASS [   0.007s] (417/519) ken-runtime cranelift_backend::lowering::core::tests::constructors::static_worker_construction_rejects_wrong_capture_count
8	PASS [   0.068s] (418/519) ken-runtime cranelift_backend::lowering::core::tests::constructors::selected_worker_call_obeys_generated_generation_gate
8	PASS [   0.026s] (419/519) ken-runtime cranelift_backend::lowering::core::tests::constructors::static_worker_unused_binding_succeeds
8	PASS [   0.006s] (420/519) ken-runtime cranelift_backend::lowering::core::tests::constructors::static_worker_witness_contains_no_continuation_machinery
8	PASS [   0.008s] (421/519) ken-runtime cranelift_backend::lowering::core::tests::control::oriented_segment_keeps_semantic_and_control_axes_independent
8	PASS [   0.006s] (422/519) ken-runtime cranelift_backend::lowering::core::tests::control::the_item_head_enumerator_sees_every_ruled_form
8	PASS [   0.020s] (423/519) ken-runtime cranelift_backend::lowering::core::tests::control::checked_join_marker_without_exact_plan_site_rejects_before_emission
8	PASS [   0.024s] (424/519) ken-runtime cranelift_backend::lowering::core::tests::control::unmarked_equal_shape_frame_cannot_consume_retained_join_site
8	PASS [   0.275s] (425/519) ken-runtime cranelift_backend::lowering::core::tests::control::the_owner_classification_has_a_closed_production_naming_inventory
8	PASS [   0.310s] (426/519) ken-runtime cranelift_backend::lowering::core::tests::effects::a_carried_capacity_narrows_exactly_as_a_specialized_one_over_both_representations
8	PASS [   0.018s] (427/519) ken-runtime cranelift_backend::lowering::core::tests::effects::budget_eff_native_fails_closed_on_effective_zero_below_count_and_above_raw
8	PASS [   0.033s] (428/519) ken-runtime cranelift_backend::lowering::core::tests::effects::match_selected_call_returned_host_result_keeps_established_dynamic_lane
8	PASS [   0.110s] (429/519) ken-runtime cranelift_backend::lowering::core::tests::effects::native_resource_error_projection_follows_the_generated_wire_tail
8	PASS [   0.222s] (430/519) ken-runtime cranelift_backend::lowering::core::tests::effects::an_incomplete_duplicate_discarded_or_misobserved_visit_rejects
8	PASS [   0.060s] (431/519) ken-runtime cranelift_backend::lowering::core::tests::effects::native_resource_origin_projects_resource_host_io_revoked
8	PASS [   0.035s] (432/519) ken-runtime cranelift_backend::lowering::core::tests::effects::recursive_computational_host_result_keeps_established_dynamic_lane
8	PASS [   0.102s] (433/519) ken-runtime cranelift_backend::lowering::core::tests::effects::px8i_positioned_start_and_metadata_promote_u64_above_i64_max
8	PASS [   0.021s] (434/519) ken-runtime cranelift_backend::lowering::core::tests::effects::resource_token_seat_reads_the_transport_tag_not_semantic_node_identity
8	PASS [   0.039s] (435/519) ken-runtime cranelift_backend::lowering::core::tests::host_call_carrier::a_seed_capture_borrows_from_artifact_static_storage_rather_than_folding
8	PASS [   0.028s] (436/519) ken-runtime cranelift_backend::lowering::core::tests::host_call_carrier::d2_ac6_3_the_ported_unit_receives_parameters_before_captures
8	PASS [   0.119s] (437/519) ken-runtime cranelift_backend::lowering::core::tests::effects::the_process_pair_reaches_a_retained_body_only_through_declared_slots
8	PASS [   0.022s] (438/519) ken-runtime cranelift_backend::lowering::core::tests::host_call_carrier::d8_unsupported_carrier_production_publishes_no_unit_function
8	PASS [   0.007s] (439/519) ken-runtime cranelift_backend::lowering::core::tests::host_call_carrier::rtfp_exchanging_the_two_occurrence_identities_rejects
8	PASS [   0.074s] (440/519) ken-runtime cranelift_backend::lowering::core::tests::host_call_carrier::d5_c2_the_witness_reaches_the_seam_and_emits_the_exact_planner_target
8	PASS [   0.011s] (441/519) ken-runtime cranelift_backend::lowering::core::tests::positional_candidate_settlement::ac_d3_self_the_recursive_edges_call_site_is_separated_from_its_callee_body
8	PASS [   0.041s] (442/519) ken-runtime cranelift_backend::lowering::core::tests::positional_candidate_settlement::ced_d3_m4_omitting_the_direct_settlement_preserves_the_call_and_fails_candidate_totality
8	PASS [   0.048s] (443/519) ken-runtime cranelift_backend::lowering::core::tests::positional_candidate_settlement::d3_a_two_parameter_body_selects_the_constructor_its_position_named
8	PASS [   0.006s] (444/519) ken-runtime cranelift_backend::lowering::core::tests::positional_candidate_settlement::dp_composition_time_membership_is_validated_and_changes_the_binding_fingerprint
8	PASS [   0.115s] (445/519) ken-runtime cranelift_backend::lowering::core::tests::positional_candidate_settlement::d2k_1b_unmarked_seeds_refuse_and_resolve_no_fusion_plane
8	PASS [   0.051s] (446/519) ken-runtime cranelift_backend::lowering::core::tests::recursor_fusion::d0_r3_fusion_gate_resolves_zero_for_the_seed_and_one_for_the_checked_twin
8	PASS [   0.134s] (447/519) ken-runtime cranelift_backend::lowering::core::tests::recursor_fusion::d2f_0_the_applied_root_production_path_gate
8	PASS [   0.157s] (448/519) ken-runtime cranelift_backend::lowering::core::tests::source_frame_bridge::d6c_each_moved_selection_input_is_refused_by_the_guard_that_owns_it_before_emission
8	PASS [   0.062s] (449/519) ken-runtime cranelift_backend::lowering::core::tests::source_frame_bridge::d8m_the_bridge_arm_populations_move_only_with_the_marker
8	PASS [   0.064s] (450/519) ken-runtime cranelift_backend::lowering::core::tests::specialization_binding::d4b_the_generated_frame_consumer_runs_on_a_real_compile
8	PASS [   0.082s] (451/519) ken-runtime cranelift_backend::lowering::core::tests::source_frame_bridge::d8m_the_source_frame_identity_survives_the_bridge
8	PASS [   0.033s] (452/519) ken-runtime cranelift_backend::lowering::core::tests::specialization_binding::d5a_two_generated_contexts_claiming_one_key_is_a_hard_stop
8	PASS [   0.037s] (453/519) ken-runtime cranelift_backend::lowering::core::tests::specialization_binding::d6a_the_exact_claimed_call_result_reaches_the_carried_consumer_as_checked
8	PASS [   0.079s] (454/519) ken-runtime cranelift_backend::lowering::core::tests::specialization_binding::d5a_the_capture_projection_reads_the_immediate_slot_and_bounds_it
8	PASS [   0.009s] (455/519) ken-runtime cranelift_backend::lowering::core::tests::swapping_two_same_shaped_children_swaps_their_derived_origins
8	PASS [   0.015s] (456/519) ken-runtime cranelift_backend::lowering::core::tests::specialization_binding::d7a_the_three_field_selector_collides_where_the_four_field_selector_resolves
8	PASS [   0.007s] (457/519) ken-runtime cranelift_backend::lowering::seed_material::tests::a_nested_difference_reaches_the_encoded_bytes
8	PASS [   0.008s] (458/519) ken-runtime cranelift_backend::lowering::source::tests::px8j_source_machine_install_rejects_repeated_scope_identity
8	PASS [   0.005s] (459/519) ken-runtime cranelift_backend::lowering::units::captured_environment_bijection::the_admitted_run_measured_on_the_checked_family_validates
8	PASS [   0.005s] (460/519) ken-runtime cranelift_backend::planning::plan_extraction_tests::native_join_plan_rejects_two_plans_in_one_package
8	PASS [   0.006s] (461/519) ken-runtime cranelift_backend::planning::plan_extraction_tests::oriented_plan_absent_when_no_metadata_carries_the_header
8	PASS [   0.011s] (462/519) ken-runtime cranelift_backend::planning::static_transition::aggregates::checked_ih_captured_env_schema::transport_field_order_and_input_morphism_are_fail_closed
8	PASS [   0.011s] (463/519) ken-runtime cranelift_backend::planning::static_transition::aggregates::tests::a_site_bound_child_is_resolved_against_the_seat_not_pruned
8	PASS [   0.007s] (464/519) ken-runtime cranelift_backend::planning::static_transition::closure::tests::b2o_ac10_semantic_disposition_is_a_function_of_the_plan_graph_alone
8	PASS [   0.019s] (465/519) ken-runtime cranelift_backend::planning::static_transition::closure::tests::b2o_ac3_ownership_composes_down_and_up_for_every_opcode_variant
8	PASS [   0.022s] (466/519) ken-runtime cranelift_backend::planning::static_transition::closure::tests::boundary_b1_semantics_are_discovery_order_and_dynamic_state_independent
8	PASS [   0.007s] (467/519) ken-runtime cranelift_backend::planning::static_transition::closure::tests::boundary_b1r_control_1_swapping_equal_shaped_occurrence_material_is_rejected
8	PASS [   0.009s] (468/519) ken-runtime cranelift_backend::planning::static_transition::closure::tests::d2h_the_key_id_descriptor_bijection_round_trips
8	PASS [   0.019s] (469/519) ken-runtime cranelift_backend::planning::static_transition::closure::tests::distinct_activations_share_one_helper_key_and_source_return_is_not_terminal
8	PASS [   0.007s] (470/519) ken-runtime cranelift_backend::planning::static_transition::construction::tests::a_static_body_target_whose_body_is_computational_takes_its_issued_pair
8	PASS [   0.006s] (471/519) ken-runtime cranelift_backend::planning::static_transition::construction::tests::computational_match_is_the_sole_entry_occurrence_split
8	PASS [   0.026s] (472/519) ken-runtime cranelift_backend::planning::static_transition::closure::tests::source_return_ownership_guards_fail_closed_on_exact_cross_wires
8	PASS [   0.008s] (473/519) ken-runtime cranelift_backend::planning::static_transition::continuations::fusion::tests::d2e_ih_binding_survives_let_and_nested_match_indirection
8	PASS [   0.012s] (474/519) ken-runtime cranelift_backend::planning::static_transition::continuations::fusion::tests::d2g_ac1_checked_twin_reaches_the_same_producer_to_ih_consumer_relation
8	PASS [   0.007s] (475/519) ken-runtime cranelift_backend::planning::static_transition::continuations::fusion::tests::d2g_ac4_transport_validator_refuses_markers_without_a_plan
8	PASS [   0.006s] (476/519) ken-runtime cranelift_backend::planning::static_transition::continuations::fusion::tests::d2g_each_slot_carries_its_own_frames_constructor
8	PASS [   0.031s] (477/519) ken-runtime cranelift_backend::planning::static_transition::continuations::fusion::tests::d2f_1_the_fused_frame_is_the_producers_run_and_refuses_an_activation_input
8	PASS [   0.008s] (478/519) ken-runtime cranelift_backend::planning::static_transition::continuations::tests::a_detached_projection_is_in_the_map_and_refused_by_the_direct_outer_accessor
8	PASS [   0.009s] (479/519) ken-runtime cranelift_backend::planning::static_transition::continuations::tests::d3_a_same_body_sibling_interns_as_two_units_with_two_edges
8	PASS [   0.007s] (480/519) ken-runtime cranelift_backend::planning::static_transition::continuations::tests::d3_an_imported_capture_on_a_declaration_owned_unit_is_refused
8	PASS [   0.005s] (481/519) ken-runtime cranelift_backend::planning::static_transition::immediate_bridge::tests::lifted_compile_time_constructor_match_producer_is_heterogeneous
8	PASS [   0.005s] (482/519) ken-runtime cranelift_backend::planning::static_transition::immediate_bridge::tests::refuses_a_checked_subcontinuation_frame_whose_inner_form_is_wrong
8	PASS [   0.008s] (483/519) ken-runtime cranelift_backend::planning::static_transition::immediate_bridge::tests::the_installed_plane_is_a_re_derivation_from_final_inputs
8	PASS [   0.006s] (484/519) ken-runtime cranelift_backend::planning::static_transition::occurrences::tests::one_role_at_two_seats_is_two_non_aliasing_occurrences
8	PASS [   0.009s] (485/519) ken-runtime cranelift_backend::planning::static_transition::occurrences::tests::the_semantic_seed_api_accepts_only_occurrence_origins
8	PASS [   0.008s] (486/519) ken-runtime cranelift_backend::planning::static_transition::occurrences::tests::unit_boundary_environment_record_has_a_structural_non_aliasing_occurrence
8	PASS [   0.007s] (487/519) ken-runtime cranelift_backend::planning::static_transition::selected_pending_calls::tests::generated_call_crossing_refuses_at_the_production_walker
8	PASS [   0.008s] (488/519) ken-runtime cranelift_backend::planning::static_transition::units::tests::b2r_ac3_both_capture_provenances_declare_slots_and_select_distinct_carriers
8	PASS [   0.007s] (489/519) ken-runtime executable_artifact_contract::tests::available_toolchain_fact_rejects_blank_value_or_evidence_source
8	PASS [   0.010s] (490/519) ken-runtime cranelift_backend::planning::static_transition::units::tests::contspec_parameter_affinity_comes_from_its_exact_source_slot
8	PASS [   0.006s] (491/519) ken-runtime executable_artifact_contract::tests::valid_contract_binds_runtime_report_and_explicit_unavailable_lanes
8	PASS [   0.006s] (492/519) ken-runtime executable_entrypoint_packaging::tests::stale_entrypoint_package_identity_rejects
8	PASS [   0.005s] (493/519) ken-runtime invocation_tickets::tests::exact_slot_and_generation_limits_refuse_before_half_issuance
8	PASS [   0.005s] (494/519) ken-runtime ir::tests::acf1_ordinary_frames_differing_only_in_a_closure_body_share_a_fingerprint
8	PASS [   0.005s] (495/519) ken-runtime ir::tests::acf2_ordinary_constructor_is_load_bearing
8	PASS [   2.456s] (496/519) ken-runtime native_execution_differential::tests::closeout_classifies_interpreter_mismatch_as_failed
8	PASS [   0.005s] (497/519) ken-runtime native_int::tests::multiplication_has_no_i128_ceiling
8	PASS [   2.466s] (498/519) ken-runtime native_execution_differential::tests::asserted_available_interpreter_artifact_mismatch_rejects
8	PASS [   0.006s] (499/519) ken-runtime native_join_plan::tests::equal_shape_adjacent_and_nested_occurrences_remain_distinct
8	PASS [   0.025s] (500/519) ken-runtime native_process_entrypoint::tests::byte_environment_reaches_the_native_entry
8	PASS [   3.717s] (501/519) ken-runtime object_linker_packaging::tests::nested_post_effect_checked_recursor_reaches_success_and_retains_exact_trap_provenance
8	PASS [   0.026s] (502/519) ken-runtime object_linker_packaging::tests::shared_helper_wrapping_mutation_turns_generic_object_discriminator_red
8	PASS [   0.006s] (503/519) ken-runtime object_linker_packaging::tests::stale_root_execution_marker_fails_the_bound_entrypoint_check
8	PASS [   0.005s] (504/519) ken-runtime oriented_subcontinuation_plan::tests::occurrence_exact_but_semantic_order_reversed_rejects
8	PASS [   0.006s] (505/519) ken-runtime platform_runtime_support::tests::process_entrypoint_lifecycle_records_staged_process_input
8	PASS [   0.007s] (506/519) ken-runtime store::tests::at_limit_repeat_does_not_trip
8	PASS [   0.007s] (507/519) ken-runtime store::tests::loud_refusal_not_silent
8	PASS [   0.054s] (508/519) ken-runtime store::tests::oversized_value_no_remaining_underflow
8	PASS [   0.005s] (509/519) ken-runtime unknown::tests::unknown_and_true_is_unknown
8	PASS [   0.006s] (510/519) ken-verify canonical::tests::comparator_reports_enum_trace_delta_and_corrected_payload_identity
8	PASS [   0.006s] (511/519) ken-verify filesystem::tests::canonical_snapshot_projects_mode_but_never_owner_namespace
8	PASS [   0.010s] (512/519) ken-verify filesystem::tests::twin_roots_preserve_raw_paths_files_directories_and_symlinks
8	PASS [   5.900s] (513/519) ken-runtime object_linker_packaging::tests::nonprocess_starter_preserves_in_flight_selected_generation_fault
8	PASS [  36.953s] (514/519) ken-elaborator::px7f_resource_lifetime_export independent_event_lookalike_is_rejected_before_t_or_hash_emission
8	PASS [  41.741s] (515/519) ken-verify scenario::tests::invalid_change_mode_is_a_typed_pre_dispatch_result_in_both_lanes
8	PASS [   0.006s] (516/519) ken-verify scenario::tests::wrong_token_malformed_identity_and_error_are_reply_owned
8	PASS [ 113.668s] (517/519) ken-elaborator::px8x_static_export_projection direct_body_and_fixed_descriptor_fail_closed_before_wire_output
8	PASS [ 101.897s] (518/519) ken-verify scenario::tests::fs_create_directory_exercises_every_path_policy_refusal
8	PASS [ 112.463s] (519/519) ken-verify scenario::tests::fs_remove_file_exercises_every_path_policy_refusal
7	PASS [   0.468s] (  1/520) ken-cli::i8_clock_effect clock_package_is_structural_zero_trust_and_declares_no_ordering_law
7	PASS [   0.010s] (  2/520) ken-cli::i8_clock_effect fixed_clock_repeats_one_value_and_traces_each_read
7	PASS [   0.018s] (  3/520) ken-cli::ken_check_mode check_missing_argument_uses_own_subcommand_name
7	PASS [   0.605s] (  4/520) ken-cli::fs_read_file_lines_flip_e2e missing_file_surfaces_total_not_found
7	PASS [   0.470s] (  5/520) ken-cli::ken_check_mode stale_reject_in_imported_dependency_is_not_run
7	PASS [   0.008s] (  6/520) ken-cli::library_documentation_gates field_lines_inside_open_arrays_detects_the_reported_shape
7	PASS [   0.010s] (  7/520) ken-cli::mrc_d8_manifest_premise mrc_d8_control_defaulting_the_feature_reds_fact_two
7	PASS [   0.007s] (  8/520) ken-cli::mrc_d8_manifest_premise mrc_d8_control_the_reader_is_not_satisfied_by_a_comment_or_a_neighbouring_table
7	PASS [   0.009s] (  9/520) ken-cli::mrc_d8_manifest_premise mrc_d9_control_c_the_featured_dev_edge_is_not_an_offender
7	PASS [   0.435s] ( 10/520) ken-cli::ken_md_literate_cli ken_run_treats_unrecognized_ken_role_as_a_hard_error
7	PASS [   0.449s] ( 11/520) ken-cli::px4b_native_production authority_mismatch_fails_before_any_artifact_is_written
7	PASS [   0.964s] ( 12/520) ken-cli::px4b_native_production naked_process_ir_helpers_are_not_public_production_api
7	PASS [  49.185s] ( 13/520) ken-cli::px4b_native_production native_build_subcommand_reaches_the_same_public_producer
7	PASS [   0.008s] ( 14/520) ken-cli::px4b_native_production string_literal_end_recognizes_every_raw_string_prefix
7	PASS [  54.728s] ( 15/520) ken-cli::px4b_native_production fs_write_and_read_resume_through_the_native_capability
7	PASS [  76.022s] ( 16/520) ken-cli::abi_s6_mapping_surface_native negative_window_skips_mapping_read_dispatch_in_both_engines
7	PASS [  78.037s] ( 17/520) ken-cli::abi_s6_mapping_surface_native second_mapping_effect_rechecks_read_only_rights
7	PASS [  60.955s] ( 18/520) ken-cli::px7o_heterogeneous_eliminator_frames nested_err_payload_reaches_both_real_executors
7	PASS [  51.995s] ( 19/520) ken-cli::px8l_recursive_decl_native dynamic_multistep_seed_preserves_updated_parameter_order
7	PASS [ 103.850s] ( 20/520) ken-cli::px7f_resource_native bounded_epoch_refuses_before_the_checked_program_issues_an_effect
7	PASS [   0.028s] ( 21/520) ken-cli::rt_native_string_construction native_string_literal_ingress_normalizes
7	PASS [  86.923s] ( 22/520) ken-cli::rt_cold_lowering_path_enumeration rt_cap41_offset_endpoint_stage
7	PASS [   0.417s] ( 23/520) ken-cli::t2_acceptance ac5_definition_usable_in_check
7	PASS [   0.415s] ( 24/520) ken-cli::t2_acceptance ac6_verify_path_is_real_prover
7	PASS [   0.010s] ( 25/520) ken-elaborator checked_core::tests::body_view_recovers_recursive_imported_and_dictionary_package_seams
7	PASS [   0.010s] ( 26/520) ken-elaborator checked_core::tests::body_view_rejects_stale_or_missing_dependency_identity
7	PASS [   0.011s] ( 27/520) ken-elaborator checked_core::tests::body_view_rejects_stale_primitive_metadata
7	PASS [   0.010s] ( 28/520) ken-elaborator checked_core::tests::body_view_rejects_unjustified_impossible_branch
7	PASS [   0.017s] ( 29/520) ken-elaborator checked_core::tests::body_view_rejects_unsupported_transparent_body_shape
7	PASS [   0.015s] ( 30/520) ken-elaborator checked_core::tests::semantic_and_trust_changes_flip_semantic_fingerprint
7	PASS [   0.020s] ( 31/520) ken-elaborator checked_core::tests::validator_rejects_dependency_hash_lane_mismatch_after_hash_recompute
7	PASS [   0.708s] ( 32/520) ken-elaborator compiler_driver::tests::executable_entrypoint_rejects_stale_package_identity
7	PASS [   0.765s] ( 33/520) ken-elaborator compiler_driver::tests::real_source_reaches_checked_core_and_selects_stable_target
7	PASS [   0.576s] ( 34/520) ken-elaborator compiler_driver::tests::target_closure_reports_non_lowerable_reachable_members
7	PASS [   0.418s] ( 35/520) ken-elaborator elab::nested_lift_association_tests::completed_lifted_eliminator_validation_closes_outer_result_premise
7	PASS [   0.411s] ( 36/520) ken-elaborator elab::nested_lift_association_tests::proof_relevant_type_result_uses_recursive_result_spelling
7	PASS [   0.422s] ( 37/520) ken-elaborator elab::nested_lift_association_tests::recursive_ih_multiple_index_evidence_is_applied_once_in_telescope_order
7	PASS [   0.008s] ( 38/520) ken-elaborator elab::nested_lift_association_tests::validator_failures_map_to_named_structural_diagnostics_with_field_spans
7	PASS [   0.007s] ( 39/520) ken-elaborator elab::omega_index_refinement_tests::direct_omega_transport_builds_the_ruled_j_motive_exactly
7	PASS [   0.413s] ( 40/520) ken-elaborator elab::omega_index_refinement_tests::reindex_classifier_outside_type_or_omega_fails_closed
7	PASS [   0.807s] ( 41/520) ken-elaborator elab::result_transport_control_flow_tests::current_inference_preserves_type_and_omega_classifier_kinds
7	PASS [   0.008s] ( 42/520) ken-elaborator erasure::px7l_tests::static_and_runtime_selected_capability_policies_are_exhaustively_identical
7	PASS [   1.142s] ( 43/520) ken-elaborator erasure::px7l_tests::the_unmutated_host_vis_marker_passes_the_runtime_marker_gate
7	PASS [   0.009s] ( 44/520) ken-elaborator export::exact_inventory_tests::abi_s6_d4_file_acquire_has_exact_fs_family_and_spelling
7	PASS [   0.007s] ( 45/520) ken-elaborator fo_kripke::tests::mentions_var0_detects_var0_in_a_former_wildcard_constructor
7	PASS [   0.008s] ( 46/520) ken-elaborator fo_kripke::tests::negative_control_obtains_no_certificate
7	PASS [   0.007s] ( 47/520) ken-elaborator fo_kripke::tests::quote_iform_refuses_top_id_enforcing_the_collector_criterion
7	PASS [   0.413s] ( 48/520) ken-elaborator modules::namespace_effect_tests::apply_import_accepts_the_same_identity_during_instance_replay
7	PASS [   0.416s] ( 49/520) ken-elaborator modules::namespace_effect_tests::derive_keeps_selected_class_and_data_ids_after_shadow
7	PASS [   0.417s] ( 50/520) ken-elaborator modules::namespace_effect_tests::file_import_constructor_pattern_keeps_provider_checked_identity
7	PASS [   0.416s] ( 51/520) ken-elaborator modules::namespace_effect_tests::file_q_after_memory_owner_selects_file_provenance
7	PASS [   0.418s] ( 52/520) ken-elaborator modules::namespace_effect_tests::fixed_instance_pattern_rejects_same_spelling_other_head_identity
7	PASS [   0.816s] ( 53/520) ken-elaborator modules::namespace_effect_tests::imported_file_owner_refuses_an_external_same_spelling_grandchild
7	PASS [   1.627s] ( 54/520) ken-elaborator modules::namespace_effect_tests::inline_child_private_leaf_refuses_in_owner_sibling_and_importer
7	PASS [   1.694s] ( 55/520) ken-elaborator modules::namespace_effect_tests::qualified_alias_and_selective_imports_bind_their_distinct_access_paths
7	PASS [   0.500s] ( 56/520) ken-elaborator modules::namespace_effect_tests::strict_proved_name_requires_exact_kernel_intro_identity
7	PASS [   0.008s] ( 57/520) ken-elaborator parser::atom_form_closure::a_truncation_bar_starts_an_atom_only_outside_a_truncation_body
7	PASS [   0.008s] ( 58/520) ken-elaborator parser::atom_form_closure::the_contextual_selectors_shadow_the_ordinary_variable
7	PASS [   0.008s] ( 59/520) ken-elaborator parser::atom_start_premise::all_three_atom_entry_points_refuse_every_exclusion_trigger
7	PASS [   0.412s] ( 60/520) ken-elaborator r_layer_tests::acceptance::constrained_view_requires_initialized_class_env_without_mutation
7	PASS [   0.415s] ( 61/520) ken-elaborator r_layer_tests::acceptance::pipeline_emits_explicit_core
7	PASS [   0.419s] ( 62/520) ken-elaborator r_layer_tests::acceptance::wrong_arity_rejected
7	PASS [   6.738s] ( 63/520) ken-elaborator r_layer_tests::cat_effectful_classes_import::effectful_classes_does_not_reexport_imported_dependencies
7	PASS [  59.448s] ( 64/520) ken-cli::rt_exactint_carried_observe the_positioned_int_seats_decode_carried_and_complete_native_construction
7	PASS [   1.691s] ( 65/520) ken-elaborator r_layer_tests::cat_ord_nat_canonical_owner::ownership_move_preserves_trust_posture_and_behavior
7	PASS [   5.790s] ( 66/520) ken-elaborator r_layer_tests::cat_effectful_classes_pub_export::effectful_classes_selective_consumer_retains_provider_identities
7	PASS [   5.456s] ( 67/520) ken-elaborator r_layer_tests::cat_priority_queue_acceptance::two_lawful_orders_equal_function_interop_and_opposite_type_refusal
7	PASS [   4.451s] ( 68/520) ken-elaborator r_layer_tests::cat_tier_d_decoder_import::decoder_preservation_laws_elaborate_for_parsing_source_and_span_client
7	PASS [  86.444s] ( 69/520) ken-cli::rt_cold_lowering_path_enumeration rt_write_writable_stage
7	PASS [   0.009s] ( 70/520) ken-elaborator r_layer_tests::cat_tier_d_process_environment_import::process_environment_import_ledger_is_empty
7	PASS [  48.645s] ( 71/520) ken-cli::rt_selected_pending_call_admission owner_scoped_false_ordinary_answer_restores_join_refusal
7	PASS [   3.687s] ( 72/520) ken-elaborator r_layer_tests::cat_tier_d_parsing_group_import::parsing_numeric_loader_visible_inventory_is_exact
7	PASS [   3.234s] ( 73/520) ken-elaborator r_layer_tests::cc6b_path_posix_acceptance::invalid_utf8_survives_the_structured_boundary_without_decoding
7	PASS [   0.439s] ( 74/520) ken-elaborator r_layer_tests::constrained_instance_elaboration::independently_named_ill_typed_field_is_kernel_rejected
7	PASS [   6.381s] ( 75/520) ken-elaborator r_layer_tests::cat_tier_e_json_import::json_loader_visible_inventory_is_exact
7	PASS [   0.009s] ( 76/520) ken-elaborator r_layer_tests::effects::eff_overdeclared_upper_bound_accepted
7	PASS [   0.008s] ( 77/520) ken-elaborator r_layer_tests::effects::handler_fold_tail_resumptive_chains
7	PASS [   0.008s] ( 78/520) ken-elaborator r_layer_tests::effects::impure_masquerading_as_pure_rejected
7	PASS [   0.008s] ( 79/520) ken-elaborator r_layer_tests::effects::lower_elim_itree_ret_kernel_accepts
7	PASS [   0.008s] ( 80/520) ken-elaborator r_layer_tests::effects::row_poly_two_params_each_tracked
7	PASS [   0.009s] ( 81/520) ken-elaborator r_layer_tests::kenfmt_b3_layout::ac1_wide_inscope_export_wraps_under_canonical_width
7	PASS [   0.008s] ( 82/520) ken-elaborator r_layer_tests::kenfmt_b3_layout::ac6_comma_boundary_break_carries_the_module_surface_wrap
7	PASS [   0.010s] ( 83/520) ken-elaborator r_layer_tests::kenfmt_b3_layout::terminal_type_parens_in_axiom_survive_formatting
7	PASS [   1.690s] ( 84/520) ken-elaborator r_layer_tests::ds1_empty_dec_acceptance::real_empty_dec_imports_bind_canonical_class_and_transport_identities
7	PASS [   0.870s] ( 85/520) ken-elaborator r_layer_tests::kenfmt_let_layout::ac1_ac2_single_let_fit_and_structural_break_are_exact
7	PASS [   0.009s] ( 86/520) ken-elaborator r_layer_tests::lang_fixity_decl_surface::pure_fixed_arithmetic_retains_merge_base_shape_and_skips_reassociation
7	PASS [   0.008s] ( 87/520) ken-elaborator r_layer_tests::lang_mod_catalog_evidence_frontier::global_ledger_collector_reaches_every_decl_variant_and_inductive_field
7	PASS [   0.441s] ( 88/520) ken-elaborator r_layer_tests::lang_fixity_decl_surface::distinct_user_operator_identities_use_distinct_precedence_entries
7	PASS [   0.008s] ( 89/520) ken-elaborator r_layer_tests::lang_structural_result_elab::unbound_operand_remains_unbound_name
7	PASS [   0.441s] ( 90/520) ken-elaborator r_layer_tests::lang_structural_result_elab::d2_nested_join_method_selects_each_exact_trailing_result_binder
7	PASS [   0.435s] ( 91/520) ken-elaborator r_layer_tests::lc_acceptance::ac5_explicit_bypasses_implicit_canonical
7	PASS [   0.858s] ( 92/520) ken-elaborator r_layer_tests::n4_program_admits::unadmitted_direct_dispatch_rejects_after_selection_and_one_line_admit_flips
7	PASS [   0.009s] ( 93/520) ken-elaborator seal2_tests::producer_closure::catalog_glob_ranges_over_every_package
7	PASS [   0.008s] ( 94/520) ken-elaborator seal2_tests::producer_closure::certificate_resolves_selective_import_name_edges
7	PASS [   0.007s] ( 95/520) ken-elaborator seal2_tests::producer_closure::source_root_allowlist_is_the_controlled_taxonomy
7	PASS [   0.431s] ( 96/520) ken-elaborator::ax2_axiom_named_postulates axiom_surface_parses_formats_and_elaborates_as_a_named_postulate
7	PASS [   1.704s] ( 97/520) ken-elaborator r_layer_tests::let4_multi_binding::ac4_strict_evaluation_and_effectful_lowering_keep_source_order
7	PASS [  18.138s] ( 98/520) ken-elaborator r_layer_tests::cat_tier_e_argparse_import::argparse_loader_visible_inventory_is_exact
7	PASS [   0.007s] ( 99/520) ken-elaborator::b2_acceptance leadsto_elaborates_to_box_of_or_diamond
7	PASS [  45.933s] (100/520) ken-elaborator::b1_acceptance generators_carry_support_not_measure
7	PASS [   0.008s] (101/520) ken-elaborator::bare_proof_selector_atom application_wraps_outside_the_single_path_selector_subject
7	PASS [   0.451s] (102/520) ken-elaborator::case_eq_dependent_match_sugar mismatched_equation_branch_is_kernel_rejected
7	PASS [   2.517s] (103/520) ken-elaborator::cat3_collections_package derived_has_no_definitionally_equivalent_local_bool_reimplementation
7	PASS [  43.462s] (104/520) ken-elaborator::b2_acceptance temporal_symbols_consume_the_one_checked_b1_alphabet
7	PASS [   0.426s] (105/520) ken-elaborator::cat_capex_authority capability_filesystem_authority_fragment_elaborates
7	PASS [   0.422s] (106/520) ken-elaborator::cat_codec_import codec_transport_import_withdrawal_restores_unresolved_cong
7	PASS [   4.389s] (107/520) ken-elaborator::cat5_parsing_package cat5_d1_source_span_surface_is_byte_artifact_and_source_explicit
7	PASS [   2.677s] (108/520) ken-elaborator::cat_deque_acceptance both_homomorphisms_and_both_pop_inverses_instantiate_generically
7	PASS [   2.570s] (109/520) ken-elaborator::cat_derived_sort_laws generic_sort_laws_are_attached_to_the_derived_owners
7	PASS [   5.338s] (110/520) ken-elaborator::cat_deque_closeout deque_owned_inventory_is_exact_and_standalone_with_zero_local_trust
7	PASS [   2.049s] (111/520) ken-elaborator::cat_string_bijection_pub_export string_keys_closure_retains_the_published_injectivity_identity
7	PASS [   3.797s] (112/520) ken-elaborator::cat_vector_closeout vector_imports_exact_checked_providers_and_publishes_nothing
7	PASS [  11.090s] (113/520) ken-elaborator::cat_map_dom_member map_dom_membership_law_is_checked_without_direct_trust
7	PASS [   6.070s] (114/520) ken-elaborator::cc1_nonempty_validation_acceptance validation_loader_visible_inventory_is_exact_and_transparent
7	PASS [   3.164s] (115/520) ken-elaborator::cc3_parsing_cursor_decoder_acceptance cursor_reuses_canonical_nat_operations_with_zero_trust_delta
7	PASS [   3.525s] (116/520) ken-elaborator::cc5_pretty_doc_acceptance ordered_dependency_closure_elaborates_transparent_pretty_doc
7	PASS [   0.562s] (117/520) ken-elaborator::class_field_purity type_id_projection_view_and_infer_route_are_live
7	PASS [   2.161s] (118/520) ken-elaborator::conversions_acceptance ac1_round_trip_law_at_min_every_signed_width
7	PASS [ 103.428s] (119/520) ken-elaborator r_layer_tests::cat_priority_queue_acceptance::bounded_4216_traces_match_independent_literal_multisets
7	PASS [   0.444s] (120/520) ken-elaborator::def_path_constraint_binder_unification all_def_keywords_share_named_auto_and_sole_dictionary_bindings
7	PASS [   0.452s] (121/520) ken-elaborator::def_path_constraint_binder_unification dictionaries_scope_over_contracts_refinement_and_body_but_not_siblings
7	PASS [   0.453s] (122/520) ken-elaborator::def_path_constraint_binder_unification semicolon_compatibility_and_fail_closed_naming_and_type_boundaries
7	PASS [   0.596s] (123/520) ken-elaborator::dependent_match_coherent_frame_acceptance cross_structure_coupled_nested_elaborates
7	PASS [   0.569s] (124/520) ken-elaborator::dependent_match_coherent_frame_acceptance trivial_coupled_equality_stays_elaborable
7	PASS [  10.154s] (125/520) ken-elaborator::cc7_argparse_acceptance forge_parses_flags_raw_values_and_positionals_and_renders_derived_help
7	PASS [   0.452s] (126/520) ken-elaborator::dependent_match_declared_index_plain_acceptance concrete_bind_method_is_green
7	PASS [   0.416s] (127/520) ken-elaborator::dependent_match_motive_rebase_acceptance control_constant_motive_match_still_elaborates
7	PASS [   2.580s] (128/520) ken-elaborator::ds3_sum_combinators_acceptance trusted_base_delta_is_empty_across_the_file
7	PASS [   0.007s] (129/520) ken-elaborator::ds3_sum_combinators_acceptance zero_axiom_in_sums_ken
7	PASS [   2.784s] (130/520) ken-elaborator::ds3_sum_combinators_acceptance all_combinators_and_laws_are_real_globals
7	PASS [   0.409s] (131/520) ken-elaborator::ds6c_intlit_elaborator_emission trusted_base_delta_is_exactly_empty_not_a_shrink
7	PASS [   2.563s] (132/520) ken-elaborator::ds7_applicative_monad_acceptance wired_superclass_chain_and_nested_projection
7	PASS [  88.663s] (133/520) ken-elaborator::b1_exact_denotation_alphabet target_closure_follows_callback_and_excludes_unused_sibling
7	PASS [   6.409s] (134/520) ken-elaborator::ds7_applicative_monad_acceptance entry_elaborates_with_every_checked_fence
7	PASS [  14.917s] (135/520) ken-elaborator::conversions_acceptance ac2_narrowing_boundary_every_width
7	PASS [   0.420s] (136/520) ken-elaborator::ds9_json_codec_acceptance intrinsic_all_lift_direct_pi_domain_remains_rejected
7	PASS [   0.656s] (137/520) ken-elaborator::es2_acceptance bool_is_a_real_inductive
7	PASS [   6.211s] (138/520) ken-elaborator::ds8_traversable_acceptance ac8_identity_law_witness_swap_is_rejected
7	PASS [   0.007s] (139/520) ken-elaborator::explicit_data_parser legacy_data_accepts_named_constructor_field_sugar
7	PASS [   0.006s] (140/520) ken-elaborator::explicit_data_parser proof_carrying_constructor_signature_parses_as_telescope
7	PASS [   2.654s] (141/520) ken-elaborator::es4_classes_acceptance dec_eq_bool_sound_complete_are_real_proofs_not_postulates
7	PASS [   0.439s] (142/520) ken-elaborator::fr1_zero_ctor_data_acceptance non_empty_data_forms_still_parse_and_elaborate
7	PASS [   0.437s] (143/520) ken-elaborator::fr2_absurd_collision_hygiene explicit_data_ctor_named_axiom_is_a_hard_error
7	PASS [   0.875s] (144/520) ken-elaborator::fr2_absurd_collision_hygiene declaring_refl_or_axiom_are_hard_errors
7	PASS [   3.129s] (145/520) ken-elaborator::es4_classes_acceptance int_ord_instance_is_audited_delta_not_zero_delta
7	PASS [   0.429s] (146/520) ken-elaborator::generated_index_evidence_closure generated_evidence_rejection_vocabulary_is_not_user_refl_vocabulary
7	PASS [   6.609s] (147/520) ken-elaborator::ds8_traversable_acceptance entry_elaborates_with_every_checked_fence
7	PASS [   0.446s] (148/520) ken-elaborator::i7_env_process_projectors_acceptance i7_adds_zero_trusted_base_and_no_forbidden_mechanism
7	PASS [   0.007s] (149/520) ken-elaborator::ken_md_literate token_stream_matches_supported_fence_contents
7	PASS [   0.009s] (150/520) ken-elaborator::kenfmt_b2_token_kind ac3_protected_payloads_are_byte_identical
7	PASS [   0.446s] (151/520) ken-elaborator::ken_md_literate declarations_may_not_straddle_compiled_fences
7	PASS [   0.452s] (152/520) ken-elaborator::ken_md_literate ken_ignore_with_elaboration_breaking_body_is_never_checked
7	PASS [   0.449s] (153/520) ken-elaborator::kernel_conv_congruence_closure quotient_congruence_is_reached_by_checked_ken_source
7	PASS [   0.421s] (154/520) ken-elaborator::km_literal_trust_accounting checked_numeric_and_string_literals_are_trust_accounting_neutral
7	PASS [   0.448s] (155/520) ken-elaborator::km_literal_trust_accounting foreign_axiom_and_open_obligation_trust_entries_still_count
7	PASS [   0.444s] (156/520) ken-elaborator::l3a_acceptance string_is_not_list_char_but_convertible
7	PASS [   0.429s] (157/520) ken-elaborator::l3a_acceptance structurally_equal_lists_share_slot
7	PASS [   0.445s] (158/520) ken-elaborator::l3a_recursive_view_smoke non_terminating_recursive_view_rejected_by_sct
7	PASS [   2.715s] (159/520) ken-elaborator::k3_literal_char_view neutral_bound_string_and_char_do_not_compute_or_fabricate_a_witness
7	PASS [   0.442s] (160/520) ken-elaborator::l3a_recursive_view_smoke poly_id_elaborates
7	PASS [   0.442s] (161/520) ken-elaborator::l3a_recursive_view_smoke recursive_view_reduces_on_constructor
7	PASS [   2.718s] (162/520) ken-elaborator::l3_strings_surface_acceptance derived_string_ops_reduce_over_real_roundtrip
7	PASS [   0.008s] (163/520) ken-elaborator::l6_acceptance encode_is_total_named_op
7	PASS [   2.684s] (164/520) ken-elaborator::l3_strings_surface_acceptance list_append_and_bytes_concat_are_distinct_pure_operations
7	PASS [   0.875s] (165/520) ken-elaborator::l3b_acceptance user_ord_instance_drives_verified_sort
7	PASS [   0.447s] (166/520) ken-elaborator::l7_acceptance relied_on_foreign_listed_in_trusted_base_delta
7	PASS [   0.442s] (167/520) ken-elaborator::l7_acceptance verified_component_foreign_call_and_roundtrip_proof
7	PASS [   0.010s] (168/520) ken-elaborator::lang_application_atom_if_rejection extractor_reaches_continuation_lines
7	PASS [   0.009s] (169/520) ken-elaborator::lang_atom_start_classification_closure ac0_a_proof_selector_head_is_still_admitted
7	PASS [   0.009s] (170/520) ken-elaborator::lang_atom_start_classification_closure ac6_and_it_does_not_govern_the_type_position
7	PASS [   0.008s] (171/520) ken-elaborator::lang_atom_start_classification_closure the_declaration_sequence_survives_and_this_is_the_row_that_caught_it
7	PASS [   0.882s] (172/520) ken-elaborator::l4_export_reexport rename_and_same_identity_paths_preserve_the_defined_at_global_id
7	PASS [   0.008s] (173/520) ken-elaborator::lang_bare_operator_atom_rejection ac_span_rejection_is_at_the_leading_token_and_raised_by_the_atom_parser
7	PASS [   0.007s] (174/520) ken-elaborator::lang_comment_classifier_shared ac7_ordinary_string_positive_control_asserts_the_decoded_value
7	PASS [   0.007s] (175/520) ken-elaborator::lang_foreign_name_format_chars formatter_diagnostics_map_back_across_prior_repairs
7	PASS [   0.011s] (176/520) ken-elaborator::lang_foreign_name_format_chars ignore_recovery_composes_suffix_rewrite_and_document_coordinates
7	PASS [   0.006s] (177/520) ken-elaborator::lang_foreign_name_format_chars raw_twin_of_escaped_format_character_is_rejected
7	PASS [   0.437s] (178/520) ken-elaborator::l7_acceptance wrong_pure_confined_and_listed
7	PASS [   0.453s] (179/520) ken-elaborator::l_resolver_globals ac3_uppercase_con_still_resolves
7	PASS [   0.450s] (180/520) ken-elaborator::lang_instance_registry_identity_key absent_old_prerequisite_remains_no_instance
7	PASS [   0.450s] (181/520) ken-elaborator::lang_match_as_pattern alias_collision_with_sibling_binder_is_rejected_by_name
7	PASS [   0.008s] (182/520) ken-elaborator::lang_match_guards guarded_arm_round_trips_and_owns_guard_trivia_losslessly
7	PASS [   0.453s] (183/520) ken-elaborator::lang_match_guards guard_and_body_use_the_dependent_constructor_context
7	PASS [   0.454s] (184/520) ken-elaborator::lang_match_or_pattern module_rewriting_recurses_through_or_alternatives
7	PASS [   0.467s] (185/520) ken-elaborator::lang_match_literal_patterns literals_compose_with_as_or_tuple_record_and_guard_slices
7	PASS [   0.443s] (186/520) ken-elaborator::lang_match_record_pattern duplicate_and_unknown_labels_have_distinct_surface_diagnostics
7	PASS [   0.504s] (187/520) ken-elaborator::lang_match_tuple_pattern dependent_sigma_second_component_uses_the_first_projection
7	PASS [   1.765s] (188/520) ken-elaborator::lang_facade_export_load_order absolute_facade_selects_source_file_provider_cold_and_in_every_order
7	PASS [   0.609s] (189/520) ken-elaborator::lang_mod_or_omega_param_elab multi_constructor_omega_result_remains_rejected
7	PASS [   0.598s] (190/520) ken-elaborator::lang_mod_pair_floor_realization strict_file_backed_proof_terminal_facade_keeps_kernel_intro_identity
7	PASS [   1.524s] (191/520) ken-elaborator::lang_mod_catalog_realization distinct_import_identities_with_one_spelling_still_collide
7	PASS [   1.892s] (192/520) ken-elaborator::lang_membership_operator_surface membership_binding_is_defined_once_and_the_facade_reexports_its_identity
7	PASS [   0.484s] (193/520) ken-elaborator::lang_qualified_constructor_privacy forge_count_file
7	PASS [   0.487s] (194/520) ken-elaborator::lang_qualified_constructor_privacy hidden_roster_sweeps_all_kernel_constructor_identities
7	PASS [   1.166s] (195/520) ken-elaborator::lang_prelude_floor_fifteen strict_five_proposition_members_resolve_canonically_and_and_does_not
7	PASS [   0.446s] (196/520) ken-elaborator::lang_qualified_constructors imported_type_qualified_pattern_preserves_provider_id
7	PASS [   0.444s] (197/520) ken-elaborator::lang_qualified_constructors prelude_qualified_constructor_patterns_cover_bool
7	PASS [   2.859s] (198/520) ken-elaborator::lang_prelude_collections list_combinators_compose_with_checked_derived_providers
7	PASS [   0.873s] (199/520) ken-elaborator::lang_roots_loader_local_instance_dict_scope later_inline_class_import_refuses_an_external_file_provider
7	PASS [   0.008s] (200/520) ken-elaborator::lang_standard_infix_call_completion a_glyph_is_a_legal_rename_target_in_a_facade_export
7	PASS [   0.452s] (201/520) ken-elaborator::lang_standard_infix_call_completion ac4_completion_applies_operands_in_source_order_for_both_roles
7	PASS [   2.162s] (202/520) ken-elaborator::lang_reserved_infix_names reserved_precedence_alias_collision_and_privacy_use_existing_diagnostics
7	PASS [   0.439s] (203/520) ken-elaborator::lang_surface_if non_bool_condition_has_if_specific_diagnostic
7	PASS [   0.007s] (204/520) ken-elaborator::lang_surface_pair comments_do_not_reset_projection_token_context
7	PASS [   0.007s] (205/520) ken-elaborator::lang_surface_pair kenfmt_canonical_projection_output_remains_accepted
7	PASS [   0.458s] (206/520) ken-elaborator::lang_symbolic_operator_names fixed_plus_still_elaborates_as_addition
7	PASS [   0.007s] (207/520) ken-elaborator::lang_truncation_surface_syntax ac2_a_bare_truncation_argument_closes_and_the_loop_continues
7	PASS [   0.438s] (208/520) ken-elaborator::lang_truncation_surface_syntax ac3_surface_formation_matches_direct_rust_construction
7	PASS [   1.707s] (209/520) ken-elaborator::lang_standard_infix_call_completion the_real_catalog_facade_certifies_against_the_shape_contract
7	PASS [   0.446s] (210/520) ken-elaborator::lang_truncation_surface_syntax d2_trunc_intro_checks_against_a_trunc_shaped_goal
7	PASS [   0.450s] (211/520) ken-elaborator::lang_type_projection_surface_form a_chained_projection_folds_left_and_resolves_through_both_fields
7	PASS [   4.747s] (212/520) ken-elaborator::lang_reserved_infix_names every_reserved_name_and_alias_reaches_declaration_prefix_infix_and_fixity
7	PASS [   0.457s] (213/520) ken-elaborator::let5_checking_mode_let grouped_let_preserves_checked_body_goal
7	PASS [   0.483s] (214/520) ken-elaborator::literal_escapes_conformance common_escape_matrix_decodes_exactly
7	PASS [   0.441s] (215/520) ken-elaborator::literal_escapes_conformance invalid_escape_span_precedes_unterminated
7	PASS [   0.007s] (216/520) ken-elaborator::literal_escapes_lexer_unit malformed_unicode_escape_spans_end_at_the_offending_character
7	PASS [   0.006s] (217/520) ken-elaborator::literal_escapes_lexer_unit wrong_kind_well_shaped_escape_spans_the_complete_escape
7	PASS [   1.756s] (218/520) ken-elaborator::lang_type_projection_surface_form ac1_the_three_consumer_bindings_are_writable
7	PASS [   1.313s] (219/520) ken-elaborator::literal_escapes_lexer_unit char_and_bytes_elaborate_end_to_end
7	PASS [  11.465s] (220/520) ken-elaborator::map_build_acceptance cat4_new_api_is_derived_and_axiom_free
7	PASS [  12.355s] (221/520) ken-elaborator::map_build_acceptance cat_bool_reuse_d2_resolves_exact_is_some_provider_without_equivalent_local
7	PASS [   0.436s] (222/520) ken-elaborator::n1_duplicate_definition lower_arity_eq_j_and_real_sugar_remain_jointly_live
7	PASS [   0.008s] (223/520) ken-elaborator::nc13_core_expression_lowering implicit_lexical_capture_rejects_loudly
7	PASS [   0.008s] (224/520) ken-elaborator::nc13_core_expression_lowering transparent_declaration_body_lowers_and_evaluates_through_runtime_ir
7	PASS [   0.009s] (225/520) ken-elaborator::nc14_data_match_lowering missing_match_branch_data_rejects_before_runtime_program_success
7	PASS [  12.395s] (226/520) ken-elaborator::map_build_acceptance cat_rel_size_and_dom_count_only_outer_relation_keys
7	PASS [   0.009s] (227/520) ken-elaborator::nc15_record_sigma_lowering record_construction_lowers_runtime_fields_and_preserves_erased_statuses
7	PASS [   0.014s] (228/520) ken-elaborator::nc16_primitive_value_lowering primitive_integer_application_lowers_evaluates_and_reports_agreement
7	PASS [   0.008s] (229/520) ken-elaborator::nc16_primitive_value_lowering unsupported_literal_and_host_dependent_primitive_reject_before_runtime_success
7	PASS [   0.007s] (230/520) ken-elaborator::nc16_primitive_value_lowering unsupported_runtime_primitive_name_stays_loud_and_package_facing
7	PASS [   0.012s] (231/520) ken-elaborator::nc5_erasure_runtime_ir erasure_consumes_package_only_and_preserves_metadata
7	PASS [   0.011s] (232/520) ken-elaborator::nc5_erasure_runtime_ir proof_erasure_boundary_witness_rejects_missing_runtime_record_declaration
7	PASS [   0.011s] (233/520) ken-elaborator::nc5_erasure_runtime_ir proof_erasure_boundary_witness_report_rejects_witness_program_mismatch
7	PASS [   0.007s] (234/520) ken-elaborator::px3_abi_scalars ac3_native_widening_and_private_raw_floors_preserve_boundary_values
7	PASS [   1.711s] (235/520) ken-elaborator::nc14_data_match_lowering nested_recursive_bag_dropped_join_fold_reaches_nat_one
7	PASS [   0.439s] (236/520) ken-elaborator::px7f_system_resource_acceptance resource_host_io_preserves_the_existing_host_io_identity
7	PASS [  11.673s] (237/520) ken-elaborator::map_build_acceptance letter_frequency_shape
7	PASS [   0.697s] (238/520) ken-elaborator::px9_system_error_classification sanctioned_retry_surface_consumes_both_classification_axes
7	PASS [   0.539s] (239/520) ken-elaborator::record_index_sigma_closure hidden_result_transport_refines_whole_record_and_component_indices
7	PASS [   0.477s] (240/520) ken-elaborator::record_index_sigma_closure unsupported_pi_beneath_sigma_rejects_the_entire_plan
7	PASS [   0.414s] (241/520) ken-elaborator::record_literal record_literals_are_unparenthesized_application_arguments
7	PASS [   0.412s] (242/520) ken-elaborator::record_literal refinement_braces_parse_without_expression_record_braces
7	PASS [   0.494s] (243/520) ken-elaborator::rt_dasm_d1b_role_a_runtime_symbols d1b_role_a_generic_package_emission_produces_the_package_qualified_nat_pair
7	PASS [   0.566s] (244/520) ken-elaborator::rt_dasm_d1b_role_c1_trusted_base_provenance c1_a_package_without_a_roster_is_refused
7	PASS [   0.650s] (245/520) ken-elaborator::rt_dasm_d1b_role_c1_trusted_base_provenance c1_a_real_carrier_reaches_lowering_and_its_reports_carry_the_admitted_trust
7	PASS [   0.616s] (246/520) ken-elaborator::rt_dasm_d1b_role_c1_trusted_base_provenance c1_the_object_artifact_carries_the_admitted_trust
7	PASS [   0.401s] (247/520) ken-elaborator::sct_reconstruction_descent control_shape_a_nested_split_still_accepts
7	PASS [   0.008s] (248/520) ken-elaborator::sec1_acceptance integrity_taint_rejected
7	PASS [   0.009s] (249/520) ken-elaborator::sec1ct_acceptance ct_in_parameter_promise_checked_emits_q
7	PASS [   0.008s] (250/520) ken-elaborator::sec2_acceptance file_write_needs_capability_and_clearance
7	PASS [   0.007s] (251/520) ken-elaborator::sec2_acceptance no_amplifying_operation_exists
7	PASS [   0.421s] (252/520) ken-elaborator::sec4_acceptance discharged_elaborated_hole_empties_trusted_base_delta
7	PASS [   2.517s] (253/520) ken-elaborator::structural_deceq_acceptance structural_instances_are_checked_transparent_and_zero_delta
7	PASS [   2.574s] (254/520) ken-elaborator::sub1_bytes_structural_view ac1_ac3_structural_fold_terminates_runs_and_adds_no_axiom
7	PASS [   0.417s] (255/520) ken-elaborator::sub1b_uint8_deceq ac1_trusted_base_delta_is_exactly_uint8_int_retract
7	PASS [   1.634s] (256/520) ken-elaborator::sub1b_uint8_deceq ac2_ac3_catalog_derivation_adds_zero_trust_and_has_real_laws
7	PASS [   0.624s] (257/520) ken-elaborator::sub1b_uint8_deceq ac5_postulate_is_usable_but_refl_remains_rejected
7	PASS [   0.434s] (258/520) ken-elaborator::surf_space_cells_p1 ac_s2_middle_write_preserves_both_neighbors
7	PASS [   0.834s] (259/520) ken-elaborator::surf_space_cells_p1 ac_s5_space_body_effects_use_the_existing_escape_judgment
7	PASS [   0.420s] (260/520) ken-elaborator::surface_arrow_in_expr_acceptance annotation_position_arrow_unaffected_by_the_new_expr_path
7	PASS [   0.421s] (261/520) ken-elaborator::surface_arrow_in_expr_acceptance arrow_returned_from_view_body_is_a_real_pi
7	PASS [   0.411s] (262/520) ken-elaborator::surface_def_refinement def_alias_parses_and_elaborates
7	PASS [   0.413s] (263/520) ken-elaborator::surface_def_refinement def_refinement_and_def_alias_elaborate_to_the_same_core_decl_as_type_used_to
7	PASS [   0.415s] (264/520) ken-elaborator::surface_named_proof_claims duplicate_attached_proof_name_on_same_subject_is_rejected
7	PASS [   0.413s] (265/520) ken-elaborator::surface_named_proof_claims module_selective_import_exposes_canonical_attached_proof_only
7	PASS [   0.411s] (266/520) ken-elaborator::surface_unicode surf1_d3_membership_glyph_is_not_let_delimiter
7	PASS [   0.007s] (267/520) ken-elaborator::surface_unicode surf1_d3_unicode_and_ascii_lex_to_same_tokens
7	PASS [   0.006s] (268/520) ken-elaborator::t1_acceptance countermodel_kind_round_trips_lossless
7	PASS [   0.006s] (269/520) ken-elaborator::t1_acceptance non_discharged_implies_non_null_diagnostic
7	PASS [   0.436s] (270/520) ken-elaborator::v1_acceptance non_omega_predicate_surface_error
7	PASS [   0.418s] (271/520) ken-elaborator::v1_acceptance requires_on_middle_param_of_three
7	PASS [   0.007s] (272/520) ken-elaborator::v2_acceptance inductive_postcond_hole_localization_placeholder
7	PASS [   0.411s] (273/520) ken-elaborator::v2_acceptance precondition_at_call_not_in_body_placeholder
7	PASS [   0.413s] (274/520) ken-elaborator::v2_acceptance v2_enriches_v1_obligations_with_context
7	PASS [   0.008s] (275/520) ken-elaborator::v3_acceptance classically_valid_topos_invalid_cert_rejected
7	PASS [   0.006s] (276/520) ken-elaborator::v3_acceptance induction_descent_with_ih_and_localized_partiality_placeholder
7	PASS [   2.503s] (277/520) ken-elaborator::v3_fo_checker_soundness_d1a_elaborator_divergence_finding control_data_ctor_with_nonrecursive_fn_equality_elaborates
7	PASS [   3.055s] (278/520) ken-elaborator::v3_fo_checker_soundness_d1a_elaborator_divergence_finding data_ctor_with_recursive_nth_form_equality_elaborates
7	PASS [   2.564s] (279/520) ken-elaborator::v3_fo_checker_soundness_d1b_reflection d1b_reflection_adds_no_trusted_base_entry
7	PASS [   2.602s] (280/520) ken-elaborator::v3_fo_checker_soundness_d2_bool_inversion all_five_lemmas_elaborate_with_zero_trusted_base_delta
7	PASS [   2.600s] (281/520) ken-elaborator::v3_fo_checker_soundness_d2_bool_inversion fok_or_elim_naive_prebound_form_is_kernel_rejected
7	PASS [   2.592s] (282/520) ken-elaborator::v3_fo_checker_soundness_d2_bool_inversion fok_or_right_false_naive_prebound_form_is_kernel_rejected
7	PASS [   0.612s] (283/520) ken-elaborator::v3_fo_conversion_load_measured measure_rust_reference_checker_load_on_real_source_programs
7	PASS [   2.614s] (284/520) ken-elaborator::v3_fo_ken_level_checker_authoring certificate_sort_validation_parameter_world_object_role_pair
7	PASS [   0.008s] (285/520) ken-elaborator::v3_fo_kripke_slice_acceptance negative_control_obtains_no_certificate
7	PASS [   0.007s] (286/520) ken-elaborator::v3_fo_obligation_signature_discovery_acceptance predicate_applied_to_non_var_argument_is_refused_not_widened
7	PASS [  48.914s] (287/520) ken-elaborator::px7f_resource_lifetime_export correlated_body_is_one_member_of_the_same_t_sequence
7	PASS [   8.889s] (288/520) ken-elaborator::v3_fo_sorted_eigenparameter_freshness_guard_mutation_proof world_stale_eigen_reject_is_caused_by_freshness_alone
7	PASS [  10.609s] (289/520) ken-elaborator::v3_fo_route_consumption_apparatus handles_resolve_atomically_then_survive_source_name_removal
7	PASS [   0.424s] (290/520) ken-elaborator::v4_acceptance refuted_goal_false_with_forcing_world
7	PASS [   0.007s] (291/520) ken-elaborator::v4_acceptance three_regions_partition_keyed_to_verdict
7	PASS [   0.006s] (292/520) ken-foundation canonical::tests::map_ordering_deterministic
7	PASS [   0.007s] (293/520) ken-foundation hash::tests::fnv1a_deterministic
7	PASS [   0.010s] (294/520) ken-host abi_v1::tests::abi_s6_d3_mapping_raw_request_layout_is_exact
7	PASS [   0.011s] (295/520) ken-host abi_v1::tests::fs_rename_raw_dispatch_performs_the_exact_state_transition
7	PASS [   0.006s] (296/520) ken-host abi_v1::tests::native_resource_open_metadata_release_and_stale_use_share_one_real_context
7	PASS [   0.009s] (297/520) ken-host abi_v1::tests::resource_errors_use_the_distinct_fully_initialized_reply_projection
7	PASS [   0.007s] (298/520) ken-host effect_v1::tests::abi_s1_inheritance_get_set_are_typed_and_right_separated
7	PASS [   0.006s] (299/520) ken-host effect_v1::tests::abi_s6_d2_mapping_views_share_bounds_and_enforce_origin_rights_and_lifetime
7	PASS [   0.008s] (300/520) ken-host effect_v1::tests::abi_s6_d5a_promotes_the_atomic_anonymous_mapping_operation_set
7	PASS [   0.009s] (301/520) ken-host effect_v1::tests::caller_control_release_invalidates_before_close_and_never_retries
7	PASS [   0.009s] (302/520) ken-host effect_v1::tests::generated_manifest_closes_catalog_observer_and_consumer_sets
7	PASS [   0.007s] (303/520) ken-host effect_v1::tests::revoked_path_admission_is_distinct_and_preserves_an_admitted_result
7	PASS [   0.007s] (304/520) ken-host effect_wire::tests::capacity_terminal_round_trips_and_rejects_forged_wire_tags
7	PASS [   0.008s] (305/520) ken-host effect_wire::tests::home_failure_wire_distinguishes_lookup_from_root_open_and_keeps_identity
7	PASS [   0.006s] (306/520) ken-host effect_wire::tests::linked_trace_decoder_rejects_magic_truncation_trailing_and_count_drift
7	PASS [   0.006s] (307/520) ken-host revocation_v1::tests::admissibility_rechecks_ancestors_after_leaf_was_observed_live
7	PASS [   0.006s] (308/520) ken-host tests::manifest_identity_accepts_match_and_rejects_mismatch
7	PASS [   0.007s] (309/520) ken-host tests::public_surface_contains_only_ken_owned_semantic_types
7	PASS [   0.008s] (310/520) ken-interp eval::f1_bignum_tests::f1_dedup_content_address_stable_across_paths
7	PASS [   0.010s] (311/520) ken-interp eval::nested_lift_coordinate_tests::direct_lift_refuses_mismatched_parameterized_host_before_method_type
7	PASS [   0.427s] (312/520) ken-interp eval::nfc_construction_tests::normalized_list_ingress_value_preserves_string_retraction
7	PASS [   0.014s] (313/520) ken-interp eval::px5b_effect_observation_tests::ac2_monotonic_is_refused_while_the_wall_clock_still_reads_and_steps_back
7	PASS [   0.008s] (314/520) ken-interp eval::px5b_effect_observation_tests::ac3b_the_deadline_decoder_refuses_a_second_argument
7	PASS [   0.012s] (315/520) ken-interp eval::px5b_effect_observation_tests::actual_raw_requests_survive_descriptor_collision
7	PASS [   0.010s] (316/520) ken-interp eval::px5b_effect_observation_tests::rt_parity_malformed_write_offset_precedes_missing_right
7	PASS [   0.011s] (317/520) ken-interp tests::can_quotient_elim_computes
7	PASS [   0.011s] (318/520) ken-interp tests::det_closures_get_no_slot_while_closure_free_values_still_do
7	PASS [   0.006s] (319/520) ken-interp::f1_bignum_acceptance f1_add_int_crosses_i128_ceiling
7	PASS [   0.006s] (320/520) ken-interp::f1_bignum_acceptance f1_mul_int_crosses_i128_ceiling
7	PASS [   0.006s] (321/520) ken-interp::f1_bignum_acceptance f1_oracle_sign_boundary
7	PASS [   0.444s] (322/520) ken-interp::i2_console_floor flush_and_is_terminal_are_total_and_traced
7	PASS [   2.589s] (323/520) ken-elaborator::v3_fo_soundness_sct_expressibility real_fok_checker_soundness_passes_full_admission_without_new_trust
7	PASS [   0.443s] (324/520) ken-interp::i2_console_floor package_helpers_route_exact_bytes_and_one_newline
7	PASS [   0.012s] (325/520) ken-interp::k1p5_ih_wstyle_vis_fold_acceptance wstyle_pair_valued_fold_threads_state_through_vis
7	PASS [   0.451s] (326/520) ken-interp::i5_scoped_capability resolved_virtual_handle_stays_pinned_across_parent_replacement
7	PASS [   0.449s] (327/520) ken-interp::l1_acceptance ac4_explicit_wrapping_is_modular
7	PASS [   0.596s] (328/520) ken-interp::nc7_differential_trust_report oracle_identity_mismatch_emits_no_f1_and_does_not_run_native
7	PASS [   0.457s] (329/520) ken-interp::nc9_proof_erasure_boundary_checker ken_checker_rejects_stale_identity_with_named_lane
7	PASS [   0.446s] (330/520) ken-interp::nc9_proof_erasure_boundary_checker ken_checker_source_kernel_checks_without_trust_delta
7	PASS [   0.491s] (331/520) ken-interp::px7f_system_resource escaped_copy_is_legal_but_every_later_use_is_closed
7	PASS [   0.030s] (332/520) ken-interp::px8i_native_int_differential interpreter_and_native_agree_beyond_i128_and_on_canonical_image
7	PASS [   1.055s] (333/520) ken-interp::nc9_proof_erasure_boundary_checker native_trust_report_records_nc9_separately_from_nc8_and_f1
7	PASS [   0.010s] (334/520) ken-kernel check::tests::k2_omega_formation
7	PASS [   0.008s] (335/520) ken-kernel check::tests::let_check_preserves_check_mode_for_intro_body
7	PASS [   0.007s] (336/520) ken-kernel conv::tests::cast_congruence_compares_all_four_fields_directionally
7	PASS [   0.008s] (337/520) ken-kernel conv::tests::omega_congruence_accepts_level_equivalence_and_rejects_distinct_levels
7	PASS [   0.008s] (338/520) ken-kernel conv::tests::trunc_congruence_accepts_convertible_interior_and_rejects_distinct_interior
7	PASS [   0.006s] (339/520) ken-kernel inductive::tests::iota_reduct_wrong_level_arity_errors_not_panics
7	PASS [   0.007s] (340/520) ken-kernel inductive::tests::positivity_bad_rejected
7	PASS [   0.008s] (341/520) ken-kernel sct::tests::canonical_eta_head_preserves_canonical_body_inner
7	PASS [   0.007s] (342/520) ken-kernel sct::tests::g_matrix_accepts
7	PASS [   0.009s] (343/520) ken-kernel sct::tests::union_masking_correctly_rejected
7	PASS [   0.017s] (344/520) ken-kernel::acceptance ac2_dependent_sigma_formation
7	PASS [   0.016s] (345/520) ken-kernel::acceptance ac3_sigma_projection_beta
7	PASS [   0.009s] (346/520) ken-kernel::acceptance ac5_nested_negative_in_application_rejected
7	PASS [   0.009s] (347/520) ken-kernel::acceptance ac6_subject_reduction_pi_beta
7	PASS [   0.011s] (348/520) ken-kernel::acceptance ac7_checking_terminates_k1
7	PASS [   0.011s] (349/520) ken-kernel::acceptance k2_cast_refl_regularity
7	PASS [   0.009s] (350/520) ken-kernel::acceptance k2_trunc_elim_on_proj
7	PASS [   0.009s] (351/520) ken-kernel::ds6a_int_deceq_certificate wrong_arity_eq_op_is_rejected_at_registration
7	PASS [   0.010s] (352/520) ken-kernel::eq_at_inductive_multifield_binder two_field_reflexive_eq_under_trailing_binder_infers_the_nested_proof
7	PASS [   0.009s] (353/520) ken-kernel::k1p5_wstyle ac1_branching_domain_not_d_free_rejected
7	PASS [   0.008s] (354/520) ken-kernel::k1p5_wstyle ac5_itree_bind_shaped_fold_type_checks
7	PASS [   0.006s] (355/520) ken-kernel::k1p5_wstyle qa_mixed_direct_and_wstyle_recursive_args
7	PASS [   0.009s] (356/520) ken-kernel::k2c_conversion sct_reject_combinator_laundered
7	PASS [   0.011s] (357/520) ken-kernel::k2c_series2 quotient_omega_target_respect_free
7	PASS [   0.010s] (358/520) ken-kernel::k4_omega_motive non_type_non_omega_motive_still_rejected
7	PASS [   0.009s] (359/520) ken-kernel::k5_omega_fragment antisym_shaped_case_split_both_branches
7	PASS [   0.006s] (360/520) ken-kernel::k5_omega_fragment trusted_base_unaffected_by_prelude_tt
7	PASS [   0.447s] (361/520) ken-interp::px8p_checked_buffer escaped_copy_reaches_exact_closed_after_bracket_settlement
7	PASS [   0.009s] (362/520) ken-kernel::k7_eq_at_inductive_whnf eq_at_inductive_collapses_operation_wrapped_same_constructor
7	PASS [   0.009s] (363/520) ken-kernel::ktr1_constructor_universe_gate proposition_payload_at_family_level_is_accepted
7	PASS [   0.012s] (364/520) ken-kernel::nested_inductives_all generated_all_support_is_absent_from_general_nested_lookup
7	PASS [   0.011s] (365/520) ken-kernel::nested_inductives_d3_shapes transparent_aliases_preserve_former_topology_and_fail_closed_otherwise
7	PASS [   0.011s] (366/520) ken-kernel::nested_inductives_remaining checked_transparent_sigma_alias_rejects_inner_arrow_negative
7	PASS [   0.015s] (367/520) ken-kernel::nested_inductives_d3b_d4 declared_positive_former_lift_builds_dependent_host_evidence
7	PASS [   0.009s] (368/520) ken-kernel::nested_inductives_remaining checked_transparent_sigma_aliases_admit_renamed_nested_paths
7	PASS [   0.009s] (369/520) ken-kernel::nested_inductives_remaining nested_recursive_host_composes_method_lift_and_iota
7	PASS [   0.009s] (370/520) ken-kernel::sigma_eq_pair_refl sigma_eq_component_proof_does_not_prove_unrelated_pair_equality
7	PASS [   0.012s] (371/520) ken-kernel::sigma_sort sigma_subset_relevant_stays_type
7	PASS [   0.007s] (372/520) ken-runtime activation_abi::tests::zero_epoch_profile_child
7	PASS [   0.007s] (373/520) ken-runtime activation_services::tests::the_two_services_are_at_distinct_offsets
7	PASS [   0.022s] (374/520) ken-runtime boundary_activation::tests::the_generated_root_ingress_excludes_the_native_arena
7	PASS [   0.027s] (375/520) ken-runtime boundary_activation::tests::concurrent_begins_issue_unique_epochs_without_overrunning_one_cap
7	PASS [   0.007s] (376/520) ken-runtime boundary_value::reservation_units_tests::region_reservation_can_shrink_before_publication
7	PASS [   0.025s] (377/520) ken-runtime boundary_value_clif::tests::b2v_ac10_adoption_converges_equal_values_and_never_aliases_unequal
7	PASS [   0.011s] (378/520) ken-runtime boundary_value_clif::tests::b2v_every_class_guard_call_site_takes_its_set_from_the_plan
7	PASS [   0.057s] (379/520) ken-runtime boundary_value_clif::tests::b2v_emitted_code_projects_a_non_constant_constructor_field
7	PASS [   0.019s] (380/520) ken-runtime boundary_value_clif::tests::b2v_the_immediate_handle_choice_tracks_magnitude_only
7	PASS [   0.053s] (381/520) ken-runtime boundary_value_clif::tests::host_result_readers_refuse_arity_zero_and_two
7	PASS [   0.008s] (382/520) ken-runtime canonical::tests::ac_v1b_iterative_encoding_is_byte_identical_to_the_recursive_reference
7	PASS [   0.007s] (383/520) ken-runtime canonical::tests::record_field_order_is_declaration_order
7	PASS [   0.008s] (384/520) ken-runtime cranelift_backend::artifact::api::tests::nc22_runtime_ir_report_identity_mismatch_rejects_before_native_lowering
7	PASS [   0.007s] (385/520) ken-runtime cranelift_backend::artifact::api::tests::nc8_certificate_false_supported_claim_rejects_by_recomputation
7	PASS [   0.007s] (386/520) ken-runtime cranelift_backend::artifact::api::tests::nc8_certificate_rejects_unknown_runtime_value_by_recomputation
7	PASS [   0.007s] (387/520) ken-runtime cranelift_backend::artifact::api::tests::nc8_certificate_wrong_identity_rejects_before_native_run
7	PASS [   0.008s] (388/520) ken-runtime cranelift_backend::grafted_spine_control_graph::tests::query_inputs_do_not_mutate_a_finished_synthetic_graph
7	PASS [   0.009s] (389/520) ken-runtime cranelift_backend::lowering::aggregates::tests::a_mismatch_below_every_recursive_container_is_refused_before_any_allocation
7	PASS [   0.009s] (390/520) ken-runtime cranelift_backend::lowering::boundary::tests::c1_d5_a_closure_is_inadmissible_at_the_root_and_at_every_depth
7	PASS [   0.007s] (391/520) ken-runtime cranelift_backend::lowering::boundary::tests::recut2_the_plan_is_derived_from_the_partition_not_restated
7	PASS [   0.007s] (392/520) ken-runtime cranelift_backend::lowering::core::branched_scrutinee_unit_body_observer_tests::noncarrying_match_arm_missing_recursive_position_returns_none
7	PASS [   0.206s] (393/520) ken-runtime boundary_value_clif::tests::b2v_the_emitted_immediate_class_is_the_plans
7	PASS [   0.011s] (394/520) ken-runtime cranelift_backend::lowering::core::tests::constructors::a_mixed_phase_capture_run_installs_and_keeps_each_capture_at_its_own_phase
7	PASS [   0.033s] (395/520) ken-runtime cranelift_backend::lowering::core::primitive::tests::overflowing_int_primitive_promotes_before_native_wrapping_semantics
7	PASS [   0.053s] (396/520) ken-runtime cranelift_backend::lowering::core::tests::constructors::ac1_the_seat_dispatches_a_classified_carried_operand_before_join_acquisition
7	PASS [   0.025s] (397/520) ken-runtime cranelift_backend::lowering::core::tests::constructors::b2f_d9_a_no_pair_spillable_crosses_on_its_own_tag
7	PASS [   0.081s] (398/520) ken-runtime cranelift_backend::lowering::core::tests::constructors::ac5_restoring_carried_capture_narrowing_reds_the_ordinary_witness
7	PASS [   0.010s] (399/520) ken-runtime cranelift_backend::lowering::core::tests::constructors::c1_d3_producer_screens_admissibility_before_it_touches_the_carrier
7	PASS [   0.026s] (400/520) ken-runtime cranelift_backend::lowering::core::tests::constructors::b2f_d9_a_real_native_big_crosses_as_an_owned_region_limbed_copy
7	PASS [   0.024s] (401/520) ken-runtime cranelift_backend::lowering::core::tests::constructors::carried_bool_family_refuses_a_duplicate_role_pre_arm
7	PASS [   0.024s] (402/520) ken-runtime cranelift_backend::lowering::core::tests::constructors::carried_bool_family_refuses_a_wrong_binder_count_pre_arm
7	PASS [   0.042s] (403/520) ken-runtime cranelift_backend::lowering::core::tests::constructors::carried_bounded_nat_adapter_is_load_bearing
7	PASS [   0.009s] (404/520) ken-runtime cranelift_backend::lowering::core::tests::constructors::heterogeneous_first_ordinary_missing_selects_exact_default
7	PASS [   0.060s] (405/520) ken-runtime cranelift_backend::lowering::core::tests::constructors::d4_an_observable_span_yields_pointer_length_and_outcome_zero
7	PASS [   0.010s] (406/520) ken-runtime cranelift_backend::lowering::core::tests::constructors::static_worker_construction_rejects_slot_offset_disagreement
7	PASS [   0.009s] (407/520) ken-runtime cranelift_backend::lowering::core::tests::constructors::static_worker_fails_closed_in_value_position
7	PASS [   0.010s] (408/520) ken-runtime cranelift_backend::lowering::core::tests::control::distinguished_root_authority_is_checked_affine_and_cursor_bound
7	PASS [   0.012s] (409/520) ken-runtime cranelift_backend::lowering::core::tests::control::nested_computational_outer_missing_selects_exact_outer_default
7	PASS [   0.070s] (410/520) ken-runtime cranelift_backend::lowering::core::tests::constructors::selected_worker_generated_gate_rejects_wrong_target_and_duplicate
7	PASS [   0.064s] (411/520) ken-runtime cranelift_backend::lowering::core::tests::control::oriented_edge_mutations_reject_in_all_three_direct_consumers
7	PASS [   0.099s] (412/520) ken-runtime cranelift_backend::lowering::core::tests::control::px8j_one_two_three_scope_segments_reach_selection_hole_and_unwind
7	PASS [   0.063s] (413/520) ken-runtime cranelift_backend::lowering::core::tests::control::px8j_selected_scope_partitions_differ_across_the_real_return_hole
7	PASS [   0.048s] (414/520) ken-runtime cranelift_backend::lowering::core::tests::control::row2_functionized_lane_installs_and_consumes_the_recursive_ih
7	PASS [   0.008s] (415/520) ken-runtime cranelift_backend::lowering::core::tests::control::the_field_inventory_extractor_sees_an_added_term_field
7	PASS [   0.040s] (416/520) ken-runtime cranelift_backend::lowering::core::tests::control::the_retained_body_helper_is_visible_only_inside_lowering
7	PASS [   0.258s] (417/520) ken-runtime cranelift_backend::lowering::core::tests::effects::a_discarded_visit_refuses_before_its_body_is_defined
7	PASS [   0.008s] (418/520) ken-runtime cranelift_backend::lowering::core::tests::effects::ac_4_byte_span_seats_are_activated_exactly_where_evidence_proved_them
7	PASS [   0.096s] (419/520) ken-runtime cranelift_backend::lowering::core::tests::effects::d5_the_two_byte_span_refusals_are_distinct_typed_values_without_dispatch
7	PASS [   0.161s] (420/520) ken-runtime cranelift_backend::lowering::core::tests::effects::dynamic_host_result_residual_carries_the_planner_trap_identity
7	PASS [   0.646s] (421/520) ken-runtime cranelift_backend::lowering::core::tests::control::the_entry_carrying_types_are_module_private
7	PASS [   0.067s] (422/520) ken-runtime cranelift_backend::lowering::core::tests::effects::px8i_host_narrowing_rejects_negative_and_over_u64_before_dispatch
7	PASS [   0.028s] (423/520) ken-runtime cranelift_backend::lowering::core::tests::host_call_carrier::d2_ac6_2_a_missing_seed_capture_refuses_loudly_before_the_ported_handoff
7	PASS [   0.009s] (424/520) ken-runtime cranelift_backend::lowering::core::tests::host_call_carrier::d5_the_closeout_planned_set_comes_from_the_plan_not_from_the_emissions
7	PASS [   0.038s] (425/520) ken-runtime cranelift_backend::lowering::core::tests::host_call_carrier::d5_c2_mutual_same_scc_calls_reconcile_and_emit
7	PASS [   0.029s] (426/520) ken-runtime cranelift_backend::lowering::core::tests::host_call_carrier::d8_dynamic_host_result_merge_enters_materialized_dead_cfg_population
7	PASS [   0.009s] (427/520) ken-runtime cranelift_backend::lowering::core::tests::host_call_carrier::every_generated_root_and_unit_signature_is_two_pointers_to_one_word
7	PASS [   0.085s] (428/520) ken-runtime cranelift_backend::lowering::core::tests::host_call_carrier::d6a_a_specialization_binds_two_leading_static_workers_for_the_ih_and_its_recursive_argument
7	PASS [   0.032s] (429/520) ken-runtime cranelift_backend::lowering::core::tests::host_call_carrier::the_generated_root_translates_a_runtime_reached_trap_exactly
7	PASS [   0.047s] (430/520) ken-runtime cranelift_backend::lowering::core::tests::host_call_carrier::the_resolved_call_edge_population_moves_with_the_program
7	PASS [   0.046s] (431/520) ken-runtime cranelift_backend::lowering::core::tests::positional_candidate_settlement::ced_d2_the_inline_candidate_settles_after_the_bridge_and_is_not_a_call_obligation
7	PASS [   0.068s] (432/520) ken-runtime cranelift_backend::lowering::core::tests::positional_candidate_settlement::coc_d3_the_trailing_suffix_is_continued_and_the_mutation_restores_the_refusal
7	PASS [   0.018s] (433/520) ken-runtime cranelift_backend::lowering::core::tests::positional_candidate_settlement::d2b_the_runtime_envelope_excludes_every_recursive_position
7	PASS [   0.156s] (434/520) ken-runtime cranelift_backend::lowering::core::tests::positional_candidate_settlement::d2k_1b_i_every_recognized_static_worker_reaches_a_disposition
7	PASS [   0.048s] (435/520) ken-runtime cranelift_backend::lowering::core::tests::positional_candidate_settlement::d3_generated_context_arity_sentinel_edge_is_reached
7	PASS [   0.600s] (436/520) ken-runtime cranelift_backend::lowering::core::tests::host_call_carrier::governed_nested_brackets_n3_through_n7_emit_complete_functionized_bundles
7	PASS [   0.196s] (437/520) ken-runtime cranelift_backend::lowering::core::tests::positional_candidate_settlement::d9b_the_assembled_ordinary_run_matches_the_planner_role_sequence_by_position
7	PASS [   0.069s] (438/520) ken-runtime cranelift_backend::lowering::core::tests::recursor_fusion::missing_call_input_callee_child_degrades_the_tag_not_the_compile
7	PASS [   0.067s] (439/520) ken-runtime cranelift_backend::lowering::core::tests::recursor_fusion::r3_4b_input_observation_is_artifact_identical_when_disabled
7	PASS [   0.114s] (440/520) ken-runtime cranelift_backend::lowering::core::tests::recursor_fusion::r3_fused_worker_body_refuses_before_claim_consumption
7	PASS [   0.172s] (441/520) ken-runtime cranelift_backend::lowering::core::tests::source_frame_bridge::d8l2_the_composed_call_returns_the_ordinary_payload_it_consumed
7	PASS [   0.153s] (442/520) ken-runtime cranelift_backend::lowering::core::tests::specialization_binding::d4a_the_nearest_alias_slot_holds_the_operand_built_for_that_binding
7	PASS [   0.014s] (443/520) ken-runtime cranelift_backend::lowering::core::tests::specialization_binding::d5a_a_specialization_is_interned_before_the_descent_that_produced_it
7	PASS [   0.106s] (444/520) ken-runtime cranelift_backend::lowering::core::tests::specialization_binding::d5a_a_plan_the_application_disagrees_with_refuses_before_the_worker_call
7	PASS [   0.039s] (445/520) ken-runtime cranelift_backend::lowering::core::tests::specialization_binding::d5a_perturbing_the_retained_source_coordinates_fails_closed_rather_than_calling_raw
7	PASS [   0.046s] (446/520) ken-runtime cranelift_backend::lowering::core::tests::specialization_binding::d6a_the_recursor_layer_producer_stays_green_independently
7	PASS [   0.053s] (447/520) ken-runtime cranelift_backend::lowering::core::tests::specialization_binding::d5a_the_retargeted_worker_call_carries_the_raw_run_plus_the_context_capture_suffix
7	PASS [   0.051s] (448/520) ken-runtime cranelift_backend::lowering::core::tests::specialization_binding::rt_seed_two_entry_parameters_agree_with_emitted_loads_on_both_routes
7	PASS [   0.008s] (449/520) ken-runtime cranelift_backend::lowering::source::tests::generated_entry_capsule_guard_rejects_every_specialized_sibling
7	PASS [   0.007s] (450/520) ken-runtime cranelift_backend::lowering::units::admitted_matches_role_sequence::the_planner_issued_association_agrees
7	PASS [   0.007s] (451/520) ken-runtime cranelift_backend::planning::plan_extraction_tests::native_join_plan_surfaces_a_decode_failure_rather_than_dropping_it
7	PASS [   0.085s] (452/520) ken-runtime cranelift_backend::lowering::core::tests::specialization_binding::d8d_the_composed_binding_site_tracks_the_narrowed_intersection_route
7	PASS [   0.008s] (453/520) ken-runtime cranelift_backend::planning::plan_extraction_tests::oriented_plan_surfaces_a_decode_failure_rather_than_dropping_it
7	PASS [   0.012s] (454/520) ken-runtime cranelift_backend::planning::static_transition::aggregates::checked_ih_captured_env_schema::records_are_keyed_by_exact_force_edges_not_containment
7	PASS [   0.010s] (455/520) ken-runtime cranelift_backend::planning::static_transition::aggregates::tests::a_dynamic_childs_owners_are_the_union_of_its_alternatives
7	PASS [   0.010s] (456/520) ken-runtime cranelift_backend::planning::static_transition::aggregates::tests::a_scalar_nodes_owner_set_comes_from_its_exact_spill_disposition
7	PASS [   0.010s] (457/520) ken-runtime cranelift_backend::planning::static_transition::aggregates::tests::a_repeated_role_at_one_seat_gets_distinct_real_records
7	PASS [   0.011s] (458/520) ken-runtime cranelift_backend::planning::static_transition::aggregates::tests::unit_boundary_environment_uses_the_same_inline_emission_authority
7	PASS [   0.017s] (459/520) ken-runtime cranelift_backend::planning::static_transition::closure::tests::boundary_b1r_control_2_dropping_one_origins_material_record_is_rejected
7	PASS [   0.011s] (460/520) ken-runtime cranelift_backend::planning::static_transition::closure::tests::d2h_ac2_the_three_expressible_refusals_mint_nothing
7	PASS [   0.007s] (461/520) ken-runtime cranelift_backend::planning::static_transition::closure::tests::declaration_call_validation_positions_out_of_order_sources_once
7	PASS [   0.012s] (462/520) ken-runtime cranelift_backend::planning::static_transition::construction::tests::call_identity_stays_on_the_entry_axis_after_the_body_axis_moved
7	PASS [   0.087s] (463/520) ken-runtime cranelift_backend::planning::static_transition::construction::tests::collapsing_the_body_to_its_scheduling_entry_recreates_the_closeout_failure
7	PASS [   0.011s] (464/520) ken-runtime cranelift_backend::planning::static_transition::construction::tests::d2a_one_source_declaration_contributes_exactly_one_function
7	PASS [   0.010s] (465/520) ken-runtime cranelift_backend::planning::static_transition::construction::tests::d2a_retaining_the_obsolete_scheduling_unit_restores_the_phantom
7	PASS [   0.009s] (466/520) ken-runtime cranelift_backend::planning::static_transition::construction::tests::d4_the_declaration_call_partition_is_causal_in_both_directions
7	PASS [   0.030s] (467/520) ken-runtime cranelift_backend::planning::static_transition::continuations::fusion::tests::d2f_3_one_region_is_taken_over_exactly_once_or_the_closeout_fails
7	PASS [   0.025s] (468/520) ken-runtime cranelift_backend::planning::static_transition::continuations::fusion::tests::d2f_4_the_claimed_producer_body_leaves_the_executable_population
7	PASS [   0.235s] (469/520) ken-runtime cranelift_backend::planning::static_transition::closure::tests::boundary_a_nested_resource_brackets_n3_through_n7_are_closed_and_affine
7	PASS [   0.016s] (470/520) ken-runtime cranelift_backend::planning::static_transition::continuations::fusion::tests::d2i_the_enumerator_is_reached_and_yields_one_candidate_from_a_descent_root
7	PASS [   0.019s] (471/520) ken-runtime cranelift_backend::planning::static_transition::continuations::fusion::tests::d2j_the_witness_projects_a_non_empty_ordered_input_run
7	PASS [   0.040s] (472/520) ken-runtime cranelift_backend::planning::static_transition::continuations::fusion::tests::d2j_the_source_side_causes_refuse_before_any_id_exists
7	PASS [   0.019s] (473/520) ken-runtime cranelift_backend::planning::static_transition::continuations::fusion::tests::d3_the_ordinary_and_fusion_local_populations_partition_the_planned_ones
7	PASS [   0.037s] (474/520) ken-runtime cranelift_backend::planning::static_transition::continuations::fusion::tests::d3_the_consuming_binder_must_resolve_to_the_redirected_producer_body
7	PASS [   0.011s] (475/520) ken-runtime cranelift_backend::planning::static_transition::continuations::tests::contspec_each_projection_field_prevents_one_compile_valid_collision
7	PASS [   0.014s] (476/520) ken-runtime cranelift_backend::planning::static_transition::continuations::tests::d3b_the_duplicated_entry_source_selects_the_nearest_alias
7	PASS [   0.016s] (477/520) ken-runtime cranelift_backend::planning::static_transition::immediate_bridge::tests::a_plan_mutation_does_not_leak_past_its_scope
7	PASS [   0.009s] (478/520) ken-runtime cranelift_backend::planning::static_transition::immediate_bridge::tests::new_intent_a_var_producer_is_not_heterogeneous
7	PASS [   0.010s] (479/520) ken-runtime cranelift_backend::planning::static_transition::immediate_bridge::tests::refuses_when_neither_cause_holds
7	PASS [   0.012s] (480/520) ken-runtime cranelift_backend::planning::static_transition::immediate_bridge::tests::validation_refuses_a_stored_plane_that_is_not_the_re_derivation
7	PASS [   0.014s] (481/520) ken-runtime cranelift_backend::planning::static_transition::joins_traps::tests::d8_inert_abi_slots_do_not_change_recursive_descent_join_storage
7	PASS [   0.014s] (482/520) ken-runtime cranelift_backend::planning::static_transition::joins_traps::tests::d8_variable_seed_mutation_reds_at_the_plan_boundary
7	PASS [   0.009s] (483/520) ken-runtime cranelift_backend::planning::static_transition::occurrences::tests::filing_two_occurrences_under_one_origin_is_refused
7	PASS [   0.011s] (484/520) ken-runtime cranelift_backend::planning::static_transition::units::tests::b2r_ac3_the_closed_ground_value_family_yields_one_fixed_carrier
7	PASS [   0.014s] (485/520) ken-runtime cranelift_backend::planning::static_transition::selected_pending_calls::tests::px8tr_gather_and_retarget_nonproducer_transition_sentinel
7	PASS [   0.007s] (486/520) ken-runtime cranelift_backend::surface::surface_diagnostics_tests::unsupported_lowering_renders_construct_then_reason
7	PASS [   0.014s] (487/520) ken-runtime cranelift_backend::planning::static_transition::units::tests::contspec_abi_refuses_owner_lifetime_and_affinity_disagreement
7	PASS [   0.008s] (488/520) ken-runtime executable_artifact_contract::tests::contract_hash_is_stable_under_canonical_map_insertion_order
7	PASS [   0.009s] (489/520) ken-runtime executable_entrypoint_packaging::tests::target_absent_from_supported_report_rejects
7	PASS [   0.007s] (490/520) ken-runtime invocation_tickets::tests::slot_reuse_generation_and_cross_activation_epoch_prevent_aba
7	PASS [   0.008s] (491/520) ken-runtime ir::tests::acf2_default_trap_code_is_load_bearing
7	PASS [   0.008s] (492/520) ken-runtime ir::tests::primitive_partiality_is_explicit_in_ir
7	PASS [   2.797s] (493/520) ken-runtime native_execution_differential::tests::stale_object_linker_package_hash_rejects_before_execution
7	PASS [   2.861s] (494/520) ken-runtime native_execution_differential::tests::detached_runtime_ir_report_rejects_before_execution
7	PASS [   3.167s] (495/520) ken-runtime native_execution_differential::tests::unavailable_interpreter_lane_stays_first_class_not_passed
7	PASS [   0.008s] (496/520) ken-runtime native_process_entrypoint::tests::runtime_init_makes_trap_reporting_available_before_entry
7	PASS [   0.009s] (497/520) ken-runtime object_linker_packaging::tests::forged_platform_support_kind_version_rejects_before_linking
7	PASS [   6.475s] (498/520) ken-runtime native_execution_differential::tests::suite_runner_preserves_per_case_lane_reports
7	PASS [   3.593s] (499/520) ken-runtime object_linker_packaging::tests::generic_object_executes_the_same_exact_big_int_helper_graph
7	PASS [   2.292s] (500/520) ken-runtime object_linker_packaging::tests::linked_process_artifact_drives_real_resource_open_use_release
7	PASS [   0.009s] (501/520) ken-runtime object_linker_packaging::tests::stale_mutated_entrypoint_payload_rejects_before_linking
7	PASS [   0.031s] (502/520) ken-runtime object_linker_packaging::tests::trap_observation_rejects_without_promoting_runtime_error_to_build_success
7	PASS [   0.008s] (503/520) ken-runtime platform_runtime_support::tests::declaration_ref_scans_referenced_transparent_body
7	PASS [   0.008s] (504/520) ken-runtime platform_runtime_support::tests::runtime_ir_run_report_must_evaluate_packaged_entrypoint
7	PASS [   0.008s] (505/520) ken-runtime platform_runtime_support::tests::stale_entrypoint_metadata_payload_rejects_before_runtime_support
7	PASS [   0.007s] (506/520) ken-runtime unknown::tests::unknown_and_false_is_false
7	PASS [   2.475s] (507/520) ken-runtime object_linker_packaging::tests::linked_process_executes_exact_big_int_support_without_host_dispatch
7	PASS [   0.086s] (508/520) ken-runtime::value_depth_totality ac_v1_new_encoder_emits_exact_closed_form_bytes_at_depth_d
7	PASS [   0.643s] (509/520) ken-runtime::value_depth_totality ac_p3b_debug_returns_and_renders_at_depth_d_for_every_same_variant_chain
7	PASS [   0.160s] (510/520) ken-runtime::value_depth_totality ac_v3b_clone_then_drop_both_copies_at_depth_d
7	PASS [   0.008s] (511/520) ken-verify catalog::tests::confirmation_requires_real_artifact_equality_and_observed_operation
7	PASS [   0.183s] (512/520) ken-runtime::value_depth_totality ac_v3c_derived_drop_glue_dies_on_the_analogue_at_depth_d
7	PASS [   0.560s] (513/520) ken-verify scenario::tests::capture_host_is_explicitly_insufficient_negative_control
7	PASS [   1.105s] (514/520) ken-verify scenario::tests::cwd_and_absolute_root_spellings_emit_byte_identical_observations
7	PASS [  96.904s] (515/520) ken-elaborator::px8x_static_export_projection real_body_rejects_missing_plan_and_unreachable_operation_by_named_error
7	PASS [  55.519s] (516/520) ken-verify scenario::tests::fs_metadata_real_artifact_fields_are_exact_and_discriminating
7	PASS [  57.137s] (517/520) ken-verify scenario::tests::directory_change_mode_matches_across_real_twin_roots
7	PASS [  46.860s] (518/520) ken-verify scenario::tests::fs_rename_real_artifact_state_transition_discriminates
7	PASS [  37.304s] (519/520) ken-verify scenario::tests::real_producers_preserve_raw_requests_across_descriptor_collision
7	PASS [ 549.960s] (520/520) ken-elaborator::lang_mod_strict_resolution_d0 catalog_ambient_passthrough_migration_census
