1	PASS [   0.616s] (  1/461) ken-cli::fs_read_file_lines_flip_e2e missing_file_surfaces_total_not_found
1	PASS [   0.978s] (  2/461) ken-cli entrypoint_tests::non_root_proceeds_and_process_input_cannot_forge_the_marker
1	PASS [   0.071s] (  3/461) ken-cli::ken_fmt every_checked_runnable_root_declares_its_fs_authority
1	PASS [   0.445s] (  4/461) ken-cli::ken_md_literate_cli plain_ken_run_path_still_executes
1	PASS [   0.008s] (  5/461) ken-cli::library_documentation_gates agent_schema_contract_rejects_each_declared_constraint_class
1	PASS [   0.910s] (  6/461) ken-cli::i8_clock_effect scripted_wall_clock_is_byte_identical_and_reaches_the_injected_host
1	PASS [   0.158s] (  7/461) ken-cli::library_documentation_gates ledger_rejects_a_path_escaping_the_repository
1	PASS [   0.478s] (  8/461) ken-cli::library_documentation_gates shallow_clone_self_heals_when_object_present_but_ancestry_unprovable
1	PASS [   0.007s] (  9/461) ken-cli::mrc_d8_manifest_premise mrc_d8_d9_the_census_transport_premise_holds_on_every_declared_manifest
1	PASS [   0.899s] ( 10/461) ken-cli::library_documentation_gates checked_examples_detector_rejects_invalid_example_and_stale_reject
1	PASS [   0.007s] ( 11/461) ken-cli::px4b_native_production byte_and_c_raw_literals_do_not_leak_a_comment_scan_over_pub
1	PASS [   0.474s] ( 12/461) ken-cli::px4b_native_production authority_mismatch_fails_before_any_artifact_is_written
1	PASS [  49.759s] ( 13/461) ken-cli::px4b_native_production two_vis_nodes_resume_once_in_source_order
1	PASS [  52.022s] ( 14/461) ken-cli::px7f_resource_native linked_public_escape_is_exact_closed
1	PASS [  69.729s] ( 15/461) ken-cli::abi_s6_mapping_surface_native window_direct_map_bytes_executes_natively_and_matches_the_interpreter
1	PASS [   0.007s] ( 16/461) ken-cli::rt_cold_lowering_checked_family_enumeration family_rows_are_unique_by_source_content_and_have_exact_expectations
1	PASS [   0.026s] ( 17/461) ken-cli::rt_native_string_construction native_string_literal_ingress_normalizes
1	PASS [   0.449s] ( 18/461) ken-cli::rt_native_string_construction native_string_two_chars_are_not_two_utf8_bytes
1	PASS [  77.263s] ( 19/461) ken-cli::abi_s6_mapping_surface_native out_of_range_map_write_is_invalid_bounds_not_clamped
1	PASS [  53.167s] ( 20/461) ken-cli::px7o_heterogeneous_eliminator_frames ignored_payload_twin_remains_an_opposite_only
1	PASS [   0.574s] ( 21/461) ken-cli::rt_span_prov_native sp_b_foreign_and_stale_window_reject_with_no_effect_interp
1	PASS [   0.465s] ( 22/461) ken-cli::t2_acceptance ac4_type_error_no_panic
1	PASS [   0.427s] ( 23/461) ken-cli::t2_acceptance ac6_verify_path_is_real_prover
1	PASS [   0.008s] ( 24/461) ken-elaborator checked_core::tests::body_view_rejects_missing_reachable_body
1	PASS [   0.008s] ( 25/461) ken-elaborator checked_core::tests::body_view_rejects_non_executable_dictionary_field_use
1	PASS [   0.007s] ( 26/461) ken-elaborator checked_core::tests::body_view_rejects_stale_constructor_identity
1	PASS [   0.007s] ( 27/461) ken-elaborator checked_core::tests::body_view_rejects_stale_package_identity_and_hash_facts
1	PASS [   0.007s] ( 28/461) ken-elaborator checked_core::tests::global_id_drift_does_not_enter_canonical_term_identity
1	PASS [   0.007s] ( 29/461) ken-elaborator checked_core::tests::int_lit_encode_decode_round_trips
1	PASS [   0.011s] ( 30/461) ken-elaborator compiler_driver::tests::erased_whole_match_does_not_precede_the_runtime_match_census
1	PASS [   0.498s] ( 31/461) ken-elaborator compiler_driver::tests::manifest_declared_target_selects_library_target
1	PASS [   0.899s] ( 32/461) ken-elaborator compiler_driver::tests::missing_and_ambiguous_targets_reject
1	PASS [   0.496s] ( 33/461) ken-elaborator compiler_driver::tests::non_runtime_target_is_reported_as_named_unavailable_lane
1	PASS [   0.008s] ( 34/461) ken-elaborator elab::nested_lift_association_tests::foreign_lift_association_mutation_rejects
1	PASS [   0.430s] ( 35/461) ken-elaborator elab::result_transport_control_flow_tests::large_convoy_validation_returns_the_owner_preserving_base
1	PASS [   0.433s] ( 36/461) ken-elaborator elab::result_transport_control_flow_tests::two_active_result_refinements_compose_cumulatively
1	PASS [   0.428s] ( 37/461) ken-elaborator elab::surf1_visits_row_production_path::surf1_view_elaboration_rejects_unbound_visits_row_var
1	PASS [   0.008s] ( 38/461) ken-elaborator erasure::px7l_tests::a_real_nullary_host_vis_continuation_is_one_operand_throughout
1	PASS [   0.007s] ( 39/461) ken-elaborator erasure::px7l_tests::arbitrary_precision_integer_literal_erases_losslessly
1	PASS [   0.007s] ( 40/461) ken-elaborator erasure::px7l_tests::checked_host_identity_failures_remain_specific_and_closed
1	PASS [  59.174s] ( 41/461) ken-cli::px7p_constructor_field_composition dynamic_carrier_producer_payload_reaches_linked_process_exit
1	PASS [   0.008s] ( 42/461) ken-elaborator fo_kripke::tests::mentions_var0_has_no_wildcard_arm_left_to_outrun
1	PASS [   0.008s] ( 43/461) ken-elaborator fo_kripke::tests::negative_control_obtains_no_certificate
1	PASS [   0.426s] ( 44/461) ken-elaborator modules::namespace_effect_tests::apply_import_accepts_an_ambient_local_at_the_same_identity
1	PASS [  44.641s] ( 45/461) ken-cli::rt_planner_seed_binding_order two_same_type_parameters_read_after_a_bind_keep_their_values
1	PASS [   0.875s] ( 46/461) ken-elaborator modules::namespace_effect_tests::earlier_same_unit_sibling_wins_over_file_import_in_both_orders
1	PASS [   0.467s] ( 47/461) ken-elaborator modules::namespace_effect_tests::file_backed_child_never_counts_as_inline_descendant_of_imported_owner
1	PASS [   0.464s] ( 48/461) ken-elaborator modules::namespace_effect_tests::file_operator_import_retains_checked_id_and_fixity
1	PASS [   0.469s] ( 49/461) ken-elaborator modules::namespace_effect_tests::file_root_import_uses_its_own_exports_after_memory_shadow
1	PASS [   0.464s] ( 50/461) ken-elaborator modules::namespace_effect_tests::forward_prop_export_publishes_its_checked_intro
1	PASS [   0.914s] ( 51/461) ken-elaborator modules::namespace_effect_tests::file_unit_own_inline_grandchild_selects_its_checked_identity
1	PASS [   0.467s] ( 52/461) ken-elaborator modules::namespace_effect_tests::selective_file_family_refuses_an_external_private_selector
1	PASS [   0.008s] ( 53/461) ken-elaborator parser::as_pattern_precedence_tests::unparenthesized_second_as_is_rejected_as_nonassociative
1	PASS [   0.007s] ( 54/461) ken-elaborator parser::atom_form_closure::the_contextual_selectors_shadow_the_ordinary_variable
1	PASS [   0.007s] ( 55/461) ken-elaborator parser::atom_form_closure::the_derived_expression_roster_claims_exactly_the_historical_set
1	PASS [   0.007s] ( 56/461) ken-elaborator parser::atom_form_closure::the_derived_roster_refuses_what_no_form_claims
1	PASS [   0.465s] ( 57/461) ken-elaborator r_layer_tests::acceptance::ascription_on_lambda
1	PASS [   0.463s] ( 58/461) ken-elaborator r_layer_tests::acceptance::type_mismatch_rejected
1	PASS [   1.375s] ( 59/461) ken-elaborator modules::namespace_effect_tests::selective_or_loaded_owner_does_not_grant_inline_child_access
1	PASS [   1.704s] ( 60/461) ken-elaborator r_layer_tests::cat_bytes_keys_closeout::bytes_keys_owned_inventory_is_empty_and_standalone
1	PASS [   7.246s] ( 61/461) ken-elaborator r_layer_tests::cat_effectful_classes_import::effectful_classes_import_closure_is_exact_and_identity_preserving
1	PASS [   6.429s] ( 62/461) ken-elaborator r_layer_tests::cat_effectful_classes_import::effectful_classes_roots_loads_standalone
1	PASS [   1.769s] ( 63/461) ken-elaborator r_layer_tests::cat_order_pub_export::order_facade_does_not_mint_a_totality_bridge
1	PASS [   1.771s] ( 64/461) ken-elaborator r_layer_tests::cat_order_pub_export::order_facade_exports_all_four_owned_operation_identities
1	PASS [  51.291s] ( 65/461) ken-cli::rt_selected_pending_call_admission selected_pending_two_print_route_surfaces_its_admission_refusal
1	PASS [   5.989s] ( 66/461) ken-elaborator r_layer_tests::cat_priority_queue_acceptance::entries_ties_self_merge_count_vectors_and_persistence_match_seed
1	PASS [   5.387s] ( 67/461) ken-elaborator r_layer_tests::cat_priority_queue_acceptance::package_adds_zero_trusted_declarations
1	PASS [   0.431s] ( 68/461) ken-elaborator r_layer_tests::cat_tier_d_process_environment_import::process_environment_checked_provider_ledger_is_empty
1	PASS [   5.786s] ( 69/461) ken-elaborator r_layer_tests::cat_priority_queue_acceptance::two_lawful_orders_equal_function_interop_and_opposite_type_refusal
1	PASS [   3.903s] ( 70/461) ken-elaborator r_layer_tests::cat_tier_d_parsing_group_import::parsing_numeric_loader_visible_inventory_is_exact
1	PASS [   7.286s] ( 71/461) ken-elaborator r_layer_tests::cat_tier_e_decoder_import::decoder_selective_import_ledger_is_exact
1	PASS [   6.903s] ( 72/461) ken-elaborator r_layer_tests::cat_tier_e_schema_import::schema_publication_is_visibility_only
1	PASS [   0.463s] ( 73/461) ken-elaborator r_layer_tests::constrained_instance_elaboration::constraint_names_are_deterministic_and_surface_misuse_rejects
1	PASS [   0.009s] ( 74/461) ken-elaborator r_layer_tests::effects::cap_two_distinct_caps_each_gated
1	PASS [   0.007s] ( 75/461) ken-elaborator r_layer_tests::effects::higher_order_param_declared_accepted
1	PASS [   0.009s] ( 76/461) ken-elaborator r_layer_tests::effects::lower_bind_swapped_methods_rejected
1	PASS [   0.007s] ( 77/461) ken-elaborator r_layer_tests::effects::surf1_recursive_row_poly_fixpoint_is_idempotent
1	PASS [   0.009s] ( 78/461) ken-elaborator r_layer_tests::kenfmt_b3_layout::ac6_independent_oracle_mandatory_forms_are_exact_fixed_points
1	PASS [   0.006s] ( 79/461) ken-elaborator r_layer_tests::kenfmt_b4_splicing::ac5_empty_fences_are_first_pass_fixed_points_in_all_roles
1	PASS [   0.007s] ( 80/461) ken-elaborator r_layer_tests::kenfmt_b4_splicing::ac5_full_document_is_byte_idempotent_and_canonical_input_is_a_noop
1	PASS [   3.384s] ( 81/461) ken-elaborator r_layer_tests::cc6b_path_posix_acceptance::invalid_utf8_survives_the_structured_boundary_without_decoding
1	PASS [   0.872s] ( 82/461) ken-elaborator r_layer_tests::kenfmt_let_layout::ac1_ac2_single_let_fit_and_structural_break_are_exact
1	PASS [   0.010s] ( 83/461) ken-elaborator r_layer_tests::lang_mod_catalog_evidence_frontier::discovery_known_answer_covers_both_source_spellings
1	PASS [   0.434s] ( 84/461) ken-elaborator r_layer_tests::lang_fixity_decl_surface::undeclared_operator_uses_default_only_on_table_miss
1	PASS [   0.453s] ( 85/461) ken-elaborator r_layer_tests::lang_structural_result_elab::d2_generated_support_name_stays_unresolvable_beside_visible_source_name
1	PASS [   0.428s] ( 86/461) ken-elaborator r_layer_tests::lang_structural_result_elab::d2_wstyle_without_a_trailing_result_binder_is_exactly_out_of_scope
1	PASS [   0.448s] ( 87/461) ken-elaborator r_layer_tests::lang_structural_result_elab::resolved_binding_without_association_is_out_of_scope
1	PASS [   0.008s] ( 88/461) ken-elaborator seal2_tests::producer_closure::catalog_glob_ranges_over_every_package
1	PASS [   0.443s] ( 89/461) ken-elaborator seal2_tests::adversary_repros::wrapped_return_is_seen_by_the_closed_oracle
1	PASS [   0.007s] ( 90/461) ken-elaborator seal2_tests::producer_closure::source_root_allowlist_is_the_controlled_taxonomy
1	PASS [   0.443s] ( 91/461) ken-elaborator seal2_tests::producer_closure::class_entry_view_preserves_the_seal2_producer_population
1	PASS [   0.433s] ( 92/461) ken-elaborator::ax2_axiom_named_postulates instance_field_axiom_uses_the_canonical_owner_path
1	PASS [  13.811s] ( 93/461) ken-elaborator r_layer_tests::cat_tier_e_decoder_import::decoder_loader_visible_inventory_is_exact_and_usable
1	PASS [   1.916s] ( 94/461) ken-elaborator::b1_exact_denotation_alphabet wrapped_operation_tree_and_callback_inputs_fail_closed_transitively
1	PASS [  46.715s] ( 95/461) ken-elaborator::b1_acceptance alphabet_equals_perform_node_signatures
1	PASS [   0.426s] ( 96/461) ken-elaborator::bare_proof_selector_atom bare_grouped_and_canonical_selectors_have_identical_ast_and_elaboration
1	PASS [   0.426s] ( 97/461) ken-elaborator::case_eq_dependent_match_sugar reverted_hypothesis_shape_elaborates_with_a_real_byte_reduction
1	PASS [  46.825s] ( 98/461) ken-elaborator::b2_acceptance obligation_not_dischargeable_in_ken
1	PASS [   3.768s] ( 99/461) ken-elaborator::cat5_parsing_package derived_fixture_retains_lawfulclasses_for_cat5_dependency_closure
1	PASS [   2.710s] (100/461) ken-elaborator::cat_deque_acceptance both_homomorphisms_and_both_pop_inverses_instantiate_generically
1	PASS [  89.744s] (101/461) ken-elaborator export::exact_inventory_tests::target_semantic_and_node_mutations_reject_before_hash
1	PASS [   2.616s] (102/461) ken-elaborator::cat_derived_filter_membership_law private_law_statements_resolve_the_derived_filter
1	PASS [   1.777s] (103/461) ken-elaborator::cat_string_keys_closeout string_keys_direct_lawfulclasses_consumption_is_exact
1	PASS [   0.007s] (104/461) ken-elaborator::catalog_taxonomy catalog_package_root_lint_rejects_an_unlisted_probe
1	PASS [   3.858s] (105/461) ken-elaborator::cat_vector_closeout vector_imports_exact_checked_providers_and_publishes_nothing
1	PASS [   5.530s] (106/461) ken-elaborator::cc3_parsing_cursor_decoder_acceptance cc3_checked_identity_closure_and_trust_are_structural
1	PASS [   3.842s] (107/461) ken-elaborator::cc5_pretty_doc_acceptance all_three_laws_are_checked_and_consumable_as_proofs
1	PASS [   3.482s] (108/461) ken-elaborator::cc6a_process_arguments_exit_acceptance structural_slice_location_keeps_nonzero_argument_and_range
1	PASS [  11.982s] (109/461) ken-elaborator::cat_map_dom_member map_trusted_base_is_unchanged_from_provider_closure
1	PASS [  11.389s] (110/461) ken-elaborator::cc7_argparse_acceptance forge_parses_flags_raw_values_and_positionals_and_renders_derived_help
1	PASS [   9.910s] (111/461) ken-elaborator::cc7_argparse_acceptance two_independent_bad_arguments_accumulate_exact_nonzero_locations
1	PASS [   1.007s] (112/461) ken-elaborator::dependent_match_coherent_frame_acceptance recursive_step_only_false_is_rejected_after_true_base_elaborates
1	PASS [   0.578s] (113/461) ken-elaborator::dependent_match_coherent_frame_acceptance trivial_coupled_equality_stays_elaborable
1	PASS [   0.857s] (114/461) ken-elaborator::dependent_match_motive_rebase_acceptance control_no_match_reflexive_self_equality_still_elaborates
1	PASS [   0.014s] (115/461) ken-elaborator::dotted_module_path_parser module_decl_accepts_a_dotted_module_path
1	PASS [   0.013s] (116/461) ken-elaborator::dotted_module_path_parser undotted_forms_still_parse
1	PASS [   0.574s] (117/461) ken-elaborator::dependent_match_nonnullary_pre_scrutinee_context goal_closing_over_pre_scrutinee_type_param_narrows_correctly
1	PASS [   3.171s] (118/461) ken-elaborator::ds3_sum_combinators_acceptance orelse_left_biased_concrete_example
1	PASS [   0.008s] (119/461) ken-elaborator::ds4_list_combinators_acceptance zero_axiom_in_collections_ken
1	PASS [   3.015s] (120/461) ken-elaborator::ds4_list_combinators_acceptance trusted_base_delta_is_empty_across_the_file
1	PASS [   0.463s] (121/461) ken-elaborator::ds5b_dependent_match_refinement_acceptance non_indexed_match_stays_unaffected
1	PASS [  14.410s] (122/461) ken-elaborator::conversions_acceptance ac2_narrowing_boundary_every_width
1	PASS [   0.487s] (123/461) ken-elaborator::ds5b_dependent_match_refinement_acceptance over_refinement_stays_kernel_rejected
1	PASS [   0.012s] (124/461) ken-elaborator::ds7_applicative_monad_acceptance zero_axiom_in_checked_fences
1	PASS [   2.600s] (125/461) ken-elaborator::ds6a_int_deceq_acceptance abstract_int_equality_stays_neutral
1	PASS [   2.800s] (126/461) ken-elaborator::ds6a_int_deceq_acceptance distinct_int_variables_refl_still_rejected
1	PASS [  83.033s] (127/461) ken-elaborator::b1_exact_denotation_alphabet ordinary_declared_headroom_is_not_an_alphabet_source
1	PASS [   0.007s] (128/461) ken-elaborator::either_catalog_package_acceptance zero_axiom_in_sums_ken
1	PASS [   0.682s] (129/461) ken-elaborator::es2_acceptance match_on_comparison_result_elaborates
1	PASS [   2.807s] (130/461) ken-elaborator::either_catalog_package_acceptance trusted_base_delta_is_empty_across_the_file
1	PASS [   0.463s] (131/461) ken-elaborator::es3_modules_acceptance client_match_hidden_ctor_rejected_at_surface
1	PASS [   3.293s] (132/461) ken-elaborator::ds9_json_codec_acceptance json_size_consumes_array_and_pair_nested_object_results
1	PASS [   0.490s] (133/461) ken-elaborator::es3_modules_acceptance parameterized_abstract_export_preserves_kind_and_owner_proof
1	PASS [   0.469s] (134/461) ken-elaborator::es3_modules_acceptance top_level_pub_data_is_not_abstract_exported
1	PASS [   6.324s] (135/461) ken-elaborator::ds8_traversable_acceptance traverse_composition_law_is_present_and_kernel_checked
1	PASS [   0.448s] (136/461) ken-elaborator::fr2_absurd_collision_hygiene declaring_absurd_is_a_hard_error_not_a_silent_shadow
1	PASS [   0.462s] (137/461) ken-elaborator::fr2_absurd_collision_hygiene landed_class_eq_shape_elaborates_cleanly_with_the_guard_active
1	PASS [   0.019s] (138/461) ken-elaborator::i4d_boundary_header_parser package_boundary_has_admission_only_and_capabilities_fail_closed
1	PASS [   0.007s] (139/461) ken-elaborator::i4d_boundary_header_parser root_execution_marker_is_checked_header_metadata
1	PASS [   0.457s] (140/461) ken-elaborator::fr2_absurd_collision_hygiene non_colliding_ctor_alongside_a_colliding_one_still_reports_only_the_real_collision
1	PASS [   0.886s] (141/461) ken-elaborator::fr2_absurd_collision_hygiene declaring_refl_or_axiom_are_hard_errors
1	PASS [   0.447s] (142/461) ken-elaborator::i7_env_process_projectors_acceptance i7_adds_zero_trusted_base_and_no_forbidden_mechanism
1	PASS [   0.804s] (143/461) ken-elaborator::i7_env_process_projectors_acceptance invalid_environment_bytes_round_trip_and_preserve_argv_and_cwd
1	PASS [   0.698s] (144/461) ken-elaborator::k3_literal_char_view interpreter_view_and_codes_use_the_kernel_checked_payload
1	PASS [   0.689s] (145/461) ken-elaborator::ken_md_literate ken_reject_with_stale_valid_body_check_fails
1	PASS [   0.577s] (146/461) ken-elaborator::kernel_conv_congruence_closure quotient_elim_congruence_is_reached_by_checked_ken_source
1	PASS [   0.477s] (147/461) ken-elaborator::km_literal_trust_accounting checked_numeric_and_string_literals_are_trust_accounting_neutral
1	PASS [   0.699s] (148/461) ken-elaborator::ktr2_data_lowering_diagnostics ordinary_legacy_type_zero_data_still_elaborates
1	PASS [   3.495s] (149/461) ken-elaborator::es4_classes_acceptance where_ord_supplies_same_comparator_as_explicit_form
1	PASS [   0.472s] (150/461) ken-elaborator::kw_theorem_surface_keyword theorem_elaborates_and_formats_while_retired_spelling_is_an_identifier
1	PASS [   0.467s] (151/461) ken-elaborator::l2_acceptance ac1_data_decl_registers_former_and_ctors
1	PASS [   0.462s] (152/461) ken-elaborator::l2_acceptance ac2_match_head_is_term_elim
1	PASS [   0.464s] (153/461) ken-elaborator::l2_acceptance ac2_nested_match_produces_nested_elim
1	PASS [   0.461s] (154/461) ken-elaborator::l2_acceptance ac3_exhaustive_match_accepts
1	PASS [   2.803s] (155/461) ken-elaborator::k3_literal_char_view neutral_bound_string_and_char_do_not_compute_or_fabricate_a_witness
1	PASS [   0.458s] (156/461) ken-elaborator::l2_acceptance non_dependent_arity_one_constructor_witness_derives_its_own_arity
1	PASS [   0.458s] (157/461) ken-elaborator::l2_acceptance non_first_ordinal_constructor_witness_indexes_correctly
1	PASS [   0.471s] (158/461) ken-elaborator::l3_strings_roundtrip_acceptance ac3_mixed_multiscalar_and_empty_string
1	PASS [   0.007s] (159/461) ken-elaborator::l6_acceptance bytes_prim_neutral_on_stuck
1	PASS [   0.006s] (160/461) ken-elaborator::l6_acceptance bytes_prim_reduces_over_literals
1	PASS [   0.473s] (161/461) ken-elaborator::l3a_acceptance string_byte_length_differs_from_char_length
1	PASS [   0.475s] (162/461) ken-elaborator::l3a_acceptance structurally_equal_lists_share_slot
1	PASS [   0.007s] (163/461) ken-elaborator::lang_atom_start_classification_closure a_bare_operator_name_is_never_a_declaration_body
1	PASS [   0.006s] (164/461) ken-elaborator::lang_atom_start_classification_closure ac6_a_constructor_pattern_still_takes_several_arguments
1	PASS [   0.006s] (165/461) ken-elaborator::lang_atom_start_classification_closure ac6_and_it_does_not_govern_the_type_position
1	PASS [   0.006s] (166/461) ken-elaborator::lang_atom_start_classification_closure ac9_the_binder_name_exclusion_admits_separator_free_class_fields
1	PASS [   0.006s] (167/461) ken-elaborator::lang_atom_start_classification_closure self_guarding_changed_one_thing_and_this_is_it
1	PASS [   0.009s] (168/461) ken-elaborator::lang_bare_operator_atom_rejection ac_argument_position_rejects_but_not_via_this_arm
1	PASS [   0.458s] (169/461) ken-elaborator::l6_acceptance decode_encode_roundtrip_provable
1	PASS [   0.007s] (170/461) ken-elaborator::lang_foreign_name_format_chars offset_zero_feff_is_consumed_as_a_bom
1	PASS [   0.006s] (171/461) ken-elaborator::lang_foreign_name_format_chars raw_twin_of_escaped_format_character_is_rejected
1	PASS [   0.007s] (172/461) ken-elaborator::lang_infix_application_default default_symbolic_infix_binds_tighter_than_star_and_plus
1	PASS [   0.510s] (173/461) ken-elaborator::l_resolver_globals ac3_uppercase_con_still_resolves
1	PASS [   0.471s] (174/461) ken-elaborator::lang_foreign_name_control_chars non_nul_control_character_also_rejects
1	PASS [   0.478s] (175/461) ken-elaborator::lang_infix_application_default infix_elaborates_to_the_same_term_as_prefix_application
1	PASS [   0.007s] (176/461) ken-elaborator::lang_lex_hex_float hex_float_values_and_boundaries
1	PASS [   0.481s] (177/461) ken-elaborator::lang_instance_registry_identity_key rebound_construction_prerequisite_refuses_before_emitting_a_dictionary_term
1	PASS [   0.480s] (178/461) ken-elaborator::lang_instance_search_second_path sole_explicit_constraint_retains_the_legacy_d_alias_row
1	PASS [   0.483s] (179/461) ken-elaborator::lang_match_tuple_pattern redundant_tuple_arm_is_subsumed_never_no_inhabitants
1	PASS [   0.475s] (180/461) ken-elaborator::lang_mod_nat_floor_realization primitive_signature_inventory_is_executable_and_closed
1	PASS [   0.477s] (181/461) ken-elaborator::lang_mod_or_omega_param_elab omega_sorted_parameters_and_indices_elaborate_for_type_families
1	PASS [   0.467s] (182/461) ken-elaborator::lang_mod_pair_floor_realization closed_floor_accepts_pair_but_arbitrary_globals_and_prod_do_not
1	PASS [   0.466s] (183/461) ken-elaborator::lang_mod_pair_floor_realization pair_reexport_is_identity_preserving_republication
1	PASS [   2.288s] (184/461) ken-elaborator::l4_export_reexport loader_executes_import_identity_clash_and_rename_discriminators
1	PASS [   0.474s] (185/461) ken-elaborator::lang_mod_strict_resolution_d1 strict_admits_floor_kernel_locals_and_explicit_imports_without_new_trust
1	PASS [   0.469s] (186/461) ken-elaborator::lang_prelude_floor_fifteen flat_empty_constructor_cannot_replace_checked_residual_identity
1	PASS [   0.473s] (187/461) ken-elaborator::lang_qualified_constructors module_and_type_constructor_conflict_in_type_argument
1	PASS [   0.432s] (188/461) ken-elaborator::lang_qualified_constructors prelude_qualified_constructor_patterns_cover_bool
1	PASS [   0.934s] (189/461) ken-elaborator::lang_qualified_constructors imported_type_qualified_expression_keeps_provider_identity
1	PASS [   0.464s] (190/461) ken-elaborator::lang_qualified_constructors same_shaped_other_type_cannot_donate_constructor
1	PASS [   0.008s] (191/461) ken-elaborator::lang_standard_infix_call_completion a_glyph_is_a_legal_rename_target_in_a_facade_export
1	PASS [   0.471s] (192/461) ken-elaborator::lang_standard_infix_call_completion a_rebound_carrier_name_is_refused_before_dictionary_selection
1	PASS [   0.470s] (193/461) ken-elaborator::lang_standard_infix_call_completion ac2c_an_explicit_partial_application_is_not_rewritten_into_a_completed_call
1	PASS [   0.472s] (194/461) ken-elaborator::lang_standard_infix_call_completion ac9_the_shape_contract_catches_the_nearest_legal_neighbour_not_only_an_obvious_break
1	PASS [   2.914s] (195/461) ken-elaborator::lang_prelude_collections list_combinators_compose_with_checked_derived_providers
1	PASS [   0.477s] (196/461) ken-elaborator::lang_standard_infix_call_completion an_explicit_saturated_call_through_the_facade_path_elaborates
1	PASS [   0.475s] (197/461) ken-elaborator::lang_surface_pair checked_dependent_and_inferred_nondependent_pairs_elaborate
1	PASS [   0.007s] (198/461) ken-elaborator::lang_trivia_kind_mapping_pin d2_same_line_after_ordinary_block_comment_attaches_trailing_to_preceding_declaration
1	PASS [   0.007s] (199/461) ken-elaborator::lang_truncation_surface_syntax ac2_a_bare_truncation_argument_closes_and_the_loop_continues
1	PASS [   2.741s] (200/461) ken-elaborator::lang_reserved_infix_names rename_and_reexport_may_target_a_reserved_global_name
1	PASS [   0.473s] (201/461) ken-elaborator::lang_truncation_surface_syntax d2_trunc_intro_against_a_non_trunc_goal_names_its_remedy
1	PASS [   0.467s] (202/461) ken-elaborator::lang_type_projection_surface_form a_lowercase_head_without_a_dot_is_still_a_type_variable
1	PASS [   0.464s] (203/461) ken-elaborator::lang_type_projection_surface_form a_non_type_field_control_the_type_valued_field_on_the_same_class_accepts
1	PASS [   0.464s] (204/461) ken-elaborator::lang_type_projection_surface_form a_projection_in_a_data_declaration_is_refused_where_it_is_written
1	PASS [   0.925s] (205/461) ken-elaborator::lang_type_projection_surface_form ac2_both_rejections_fire_with_a_span_on_the_projection
1	PASS [   5.033s] (206/461) ken-elaborator::lang_reserved_infix_names every_reserved_name_and_alias_reaches_declaration_prefix_infix_and_fixity
1	PASS [   0.508s] (207/461) ken-elaborator::literal_escapes_conformance common_escape_matrix_decodes_exactly
1	PASS [   0.007s] (208/461) ken-elaborator::literal_escapes_lexer_unit wrong_kind_well_shaped_escape_spans_the_complete_escape
1	PASS [   3.255s] (209/461) ken-elaborator::lang_surface_int_precision fixed_width_literal_representability_is_decided_before_emission
1	PASS [   1.847s] (210/461) ken-elaborator::lang_type_projection_surface_form ac1_a_lowercase_field_reaches_the_same_positions
1	PASS [   3.568s] (211/461) ken-elaborator::literal_escapes_conformance escape_repertoire_is_closed_and_kind_selected
1	PASS [  11.662s] (212/461) ken-elaborator::map_build_acceptance insert_lookup_roundtrip_some
1	PASS [  11.702s] (213/461) ken-elaborator::map_build_acceptance map_ops_full_api_not_primitive
1	PASS [  12.010s] (214/461) ken-elaborator::map_build_acceptance cat_rel_reachable_within_has_exact_fuel_recurrence
1	PASS [   0.459s] (215/461) ken-elaborator::n1_duplicate_definition class_and_constructor_share_the_duplicate_definition_funnel
1	PASS [   0.009s] (216/461) ken-elaborator::nc14_data_match_lowering impossible_branch_misuse_rejects_before_runtime_program_success
1	PASS [   0.007s] (217/461) ken-elaborator::nc15_record_sigma_lowering stale_record_field_order_rejects_before_runtime_program_success
1	PASS [   0.007s] (218/461) ken-elaborator::nc16_primitive_value_lowering unsupported_literal_and_host_dependent_primitive_reject_before_runtime_success
1	PASS [   0.025s] (219/461) ken-elaborator::nc17_recursion_dictionaries_modules checked_core_imported_value_crosses_an_accepted_var_capture
1	PASS [   0.011s] (220/461) ken-elaborator::nc18_effects_foreign_boundary_ir foreign_boundary_facts_survive_without_becoming_ffi_execution
1	PASS [   0.010s] (221/461) ken-elaborator::nc18_effects_foreign_boundary_ir represented_effect_target_survives_and_reports_comparison_unavailable
1	PASS [   0.010s] (222/461) ken-elaborator::nc5_erasure_runtime_ir proof_erasure_boundary_witness_accepts_pair_derived_metadata
1	PASS [   1.363s] (223/461) ken-elaborator::n3_import_exclusion deselection_and_rename_resolve_the_clash_with_distinct_identities
1	PASS [   1.341s] (224/461) ken-elaborator::n3_import_exclusion prelude_is_unshadowable_but_lexical_binders_still_shadow_imports
1	PASS [   0.485s] (225/461) ken-elaborator::purity_keywords surf1_d2_fn_and_const_cannot_declare_effect_rows
1	PASS [   0.007s] (226/461) ken-elaborator::px7f_system_resource_acceptance shipped_source_states_the_runtime_honesty_boundary
1	PASS [   1.919s] (227/461) ken-elaborator::proof_vocabulary computational_keywords_reject_omega_results_and_proved_names_top
1	PASS [   0.940s] (228/461) ken-elaborator::proof_vocabulary homogeneous_mutual_proofs_admit_but_non_descending_proofs_fail_at_sct
1	PASS [   0.467s] (229/461) ken-elaborator::px7f_system_resource_acceptance system_resource_is_opaque_and_only_the_bracket_mints_it
1	PASS [   0.627s] (230/461) ken-elaborator::px9_system_error_classification total_classifiers_compute_the_complete_ruled_matrices
1	PASS [  11.724s] (231/461) ken-elaborator::map_build_acceptance tolistordered_law4_is_a_real_general_proof_term
1	PASS [   0.456s] (232/461) ken-elaborator::record_literal dependent_field_values_use_prior_literal_fields
1	PASS [   1.117s] (233/461) ken-elaborator::r3_c1_source_arrival c1_source_nested_result_reaches_runtime_ir_under_executable_selection
1	PASS [   0.467s] (234/461) ken-elaborator::record_literal puns_resolve_in_the_enclosing_scope_and_follow_field_names
1	PASS [   0.006s] (235/461) ken-elaborator::sec1_acceptance progress_sensitive_divergence_is_a_leak
1	PASS [   0.006s] (236/461) ken-elaborator::sec1_acceptance reduction_faithfulness_interfering_disproved
1	PASS [   0.006s] (237/461) ken-elaborator::sec1ct_acceptance ct_discipline_cross_case_sweep
1	PASS [   0.006s] (238/461) ken-elaborator::sec1ct_acceptance secret_not_ct_branches_freely_accepted
1	PASS [   0.472s] (239/461) ken-elaborator::record_literal record_literals_are_unparenthesized_application_arguments
1	PASS [   0.471s] (240/461) ken-elaborator::sct_reconstruction_descent shape_b_ackermann_accepts_and_evaluates_correctly
1	PASS [   0.477s] (241/461) ken-elaborator::sec4_acceptance kernel_check_flips_on_abstract_index_convertibility_without_provenance
1	PASS [   0.467s] (242/461) ken-elaborator::surface_arrow_in_expr_acceptance annotation_position_arrow_unaffected_by_the_new_expr_path
1	PASS [   0.452s] (243/461) ken-elaborator::surface_arrow_in_expr_acceptance arrow_passed_as_an_ordinary_function_argument
1	PASS [   0.462s] (244/461) ken-elaborator::surface_def_refinement def_alias_parses_and_elaborates
1	PASS [   0.007s] (245/461) ken-elaborator::surface_unicode surf_ident_tr39_shape_b_names_the_ascii_only_identifier_rule
1	PASS [   0.007s] (246/461) ken-elaborator::t1_acceptance obligation_id_stable_across_unrelated_edit
1	PASS [   0.460s] (247/461) ken-elaborator::surface_named_proof_claims helper_theorem_can_bridge_same_subject_attached_proofs
1	PASS [   0.454s] (248/461) ken-elaborator::v1_acceptance ensures_emits_obligation_not_sigma
1	PASS [   0.007s] (249/461) ken-elaborator::v3_acceptance classify_routes_each_shape_d_fo_ho
1	PASS [   2.835s] (250/461) ken-elaborator::record_index_refinement_acceptance control_bare_variable_index_still_elaborates
1	PASS [   0.466s] (251/461) ken-elaborator::v2_acceptance present_cert_yields_zero_new_obligations
1	PASS [   1.851s] (252/461) ken-elaborator::sub1b_uint8_deceq ac2_ac3_catalog_derivation_adds_zero_trust_and_has_real_laws
1	PASS [   0.483s] (253/461) ken-elaborator::v3_d_open_goal_witness_route assignment_is_substituted_before_kernel_checked_refutation
1	PASS [   2.985s] (254/461) ken-elaborator::v3_fo_checker_soundness_d1a_rule_correspondence forall_world_right_constructor_and_checker_reject_a_nonfresh_eigenparameter
1	PASS [   2.784s] (255/461) ken-elaborator::v3_fo_checker_soundness_d1b_reflection fok_classically_valid_is_empty_to_singleton_derivability
1	PASS [   2.787s] (256/461) ken-elaborator::v3_fo_checker_soundness_d2_bool_inversion all_five_lemmas_elaborate_with_zero_trusted_base_delta
1	PASS [   2.892s] (257/461) ken-elaborator::v3_fo_checker_soundness_d4 accepted_forall_world_right_reaches_full_checker_soundness
1	PASS [   2.698s] (258/461) ken-elaborator::v3_fo_embedding_adequacy_d1 recursive_parent_call_is_rejected_by_unchanged_sct
1	PASS [   0.007s] (259/461) ken-elaborator::v3_fo_kripke_slice_acceptance fo_withheld_and_ordinary_unknown_holes_carry_distinct_trusted_base_labels
1	PASS [   2.736s] (260/461) ken-elaborator::v3_fo_ken_level_checker_authoring fok_rule_has_exactly_three_slice_variants
1	PASS [   3.201s] (261/461) ken-elaborator::v3_fo_checker_soundness_d4 eigenparameter_in_conclusion_rejects_an_otherwise_valid_child
1	PASS [   3.436s] (262/461) ken-elaborator::v3_fo_embedding_adequacy_d1 fin_lookup_preserves_binder_order_and_atom_identity
1	PASS [   0.007s] (263/461) ken-elaborator::v4_acceptance deterministic_same_input_same_diagnostic
1	PASS [   0.464s] (264/461) ken-elaborator::val1_string_literals print_line_type_checks_as_io_unit
1	PASS [   0.007s] (265/461) ken-foundation hash::tests::fnv1a_known_empty
1	PASS [   0.015s] (266/461) ken-foundation store::tests::intern_dedup_same_value_same_slot
1	PASS [   0.016s] (267/461) ken-foundation store::tests::intern_distinct_values_different_slots
1	PASS [   0.017s] (268/461) ken-foundation store::tests::reset_retires_slot_ids
1	PASS [   0.017s] (269/461) ken-foundation::acceptance equality_is_constant_time
1	PASS [   0.022s] (270/461) ken-host abi_v1::tests::fs_append_file_raw_dispatch_appends_exact_bytes
1	PASS [   0.013s] (271/461) ken-host abi_v1::tests::generated_effect_layout_matches_every_live_wire_record
1	PASS [   0.014s] (272/461) ken-host abi_v1::tests::scripted_home_success_mints_only_after_one_real_resolution
1	PASS [   0.013s] (273/461) ken-host effect_v1::tests::abi_s1_inheritance_get_set_are_typed_and_right_separated
1	PASS [   0.013s] (274/461) ken-host effect_v1::tests::capability_admission_inventory_is_exact_and_abi_r3_closed
1	PASS [   0.016s] (275/461) ken-host effect_v1::tests::capability_grants_thread_attenuated_and_copied_lineage
1	PASS [   0.014s] (276/461) ken-host effect_v1::tests::generated_manifest_closes_catalog_observer_and_consumer_sets
1	PASS [   0.011s] (277/461) ken-host effect_v1::tests::resource_admission_inventory_is_exact_and_abi_r3_closed
1	PASS [   0.012s] (278/461) ken-host effect_v1::tests::resource_owner_and_close_allowance_are_structurally_confined
1	PASS [   0.015s] (279/461) ken-host effect_wire::tests::abi_s1_descriptor_requests_and_position_reply_round_trip_typed_wire
1	PASS [   0.012s] (280/461) ken-host effect_wire::tests::abi_s6_d1_mapping_resource_kind_wire_is_distinct_and_fail_closed
1	PASS [   0.013s] (281/461) ken-host effect_wire::tests::linked_trace_codec_preserves_file_origin_canonical_revoked_identity
1	PASS [   0.017s] (282/461) ken-host effect_wire::tests::sole_codec_rejects_terminal_role_length_and_class_drift
1	PASS [   0.019s] (283/461) ken-interp eff_tests::eff1_perform_observe_resume_console
1	PASS [   0.013s] (284/461) ken-interp eff_tests::eff3_row_bounding_escape_rejects_at_elaboration
1	PASS [   0.017s] (285/461) ken-interp eval::f1_bignum_tests::f1_store_roundtrip_above_i128_byte_identical
1	PASS [   0.021s] (286/461) ken-interp eval::nested_lift_coordinate_tests::direct_lift_refuses_mismatched_parameterized_host_before_method_type
1	PASS [   0.647s] (287/461) ken-interp eval::nfc_construction_tests::bytes_decode_normalizes_and_preserves_string_retraction
1	PASS [   0.009s] (288/461) ken-interp eval::px5b_effect_observation_tests::abi_s6_d1_mapping_resource_errors_reify_with_exact_kind_identity
1	PASS [   0.009s] (289/461) ken-interp eval::px5b_effect_observation_tests::resource_inserted_by_one_dispatch_call_stays_visible_across_later_dispatch_calls
1	PASS [   0.008s] (290/461) ken-interp eval::px5b_effect_observation_tests::rt_parity_fs_read_at_rejects_malformed_offset_exactly
1	PASS [   0.007s] (291/461) ken-interp eval::target_abi_tests::mismatch_stops_before_interpreter_host_entry
1	PASS [   0.016s] (292/461) ken-interp tests::det_canonical_order_independent
1	PASS [   3.035s] (293/461) ken-elaborator::v3_fo_route_proved_composition quotation_refusal_and_no_certificate_keep_the_ipc_fallback
1	PASS [   0.006s] (294/461) ken-interp::f1_bignum_acceptance f1_mul_int_2_64_squared
1	PASS [   0.006s] (295/461) ken-interp::f2f3_acceptance ac4_wrapping_add_int8_same_operands_still_wraps
1	PASS [   0.932s] (296/461) ken-interp::elim_bool_dispatch_acceptance computed_bool_via_leq_int_dispatches_correctly
1	PASS [   0.471s] (297/461) ken-interp::fs_driver_build_acceptance absent_path_surfaces_total_not_found_result
1	PASS [   0.463s] (298/461) ken-interp::fs_driver_build_acceptance positive_read_returns_exact_fixture_bytes
1	PASS [   0.469s] (299/461) ken-interp::fs_driver_build_acceptance pure_reduction_builds_vis_before_any_syscall
1	PASS [   0.467s] (300/461) ken-interp::i4_program_caps_step1 program_caps_is_authority_parametric_and_adds_zero_trust
1	PASS [   0.461s] (301/461) ken-interp::i5_scoped_capability change_mode_is_distinct_handle_bound_and_validated_before_dispatch
1	PASS [   0.473s] (302/461) ken-interp::nc9_proof_erasure_boundary_checker ken_checker_accepts_bounded_proof_erasure_witness
1	PASS [   0.009s] (303/461) ken-kernel check::tests::k2_piproduct_over_omega_lands_in_omega
1	PASS [   0.007s] (304/461) ken-kernel conv::tests::beta_whnf
1	PASS [   0.010s] (305/461) ken-kernel conv::tests::closed_nil_positive_reduces_by_iota_without_refusal
1	PASS [   0.006s] (306/461) ken-kernel conv::tests::level_max_same_var_higher_offset_dominates
1	PASS [   0.009s] (307/461) ken-kernel conv::tests::quotient_elim_congruence_compares_all_four_fields_directionally
1	PASS [   0.006s] (308/461) ken-kernel inductive::tests::w_style_branching_domain_not_d_free_rejected
1	PASS [   0.006s] (309/461) ken-kernel sct::tests::is_exact_reconstruction_non_constructor_head_rejected
1	PASS [   0.007s] (310/461) ken-kernel sct::tests::is_exact_reconstruction_structural_increase_rejected
1	PASS [   0.010s] (311/461) ken-kernel subst::tests::subst_tel_application_spine
1	PASS [   0.014s] (312/461) ken-kernel::acceptance ac1_predicative_pi
1	PASS [   0.010s] (313/461) ken-kernel::acceptance ac3_pi_eta
1	PASS [   0.010s] (314/461) ken-kernel::acceptance ac5_negative_bad_rejected
1	PASS [   0.009s] (315/461) ken-kernel::acceptance ac5_nested_negative_in_application_rejected
1	PASS [   0.009s] (316/461) ken-kernel::acceptance ac6_subject_reduction_iota_nat
1	PASS [   0.010s] (317/461) ken-kernel::acceptance k2_funext_with_levels
1	PASS [   0.009s] (318/461) ken-kernel::ds6b_intlit_eq_reduction intlit_infer_fails_closed_when_unregistered
1	PASS [   0.012s] (319/461) ken-kernel::k1p5_wstyle ac2_indexed_wstyle_iota_branch_ih
1	PASS [   0.006s] (320/461) ken-kernel::k1p5_wstyle ac2_tree_iota_leaf
1	PASS [   0.007s] (321/461) ken-kernel::k1p5_wstyle ac5_itree_bind_shaped_fold_type_checks
1	PASS [   0.007s] (322/461) ken-kernel::k1p5_wstyle qa_mixed_direct_and_wstyle_recursive_args
1	PASS [   0.012s] (323/461) ken-kernel::k2c_conversion sct_reject_growing
1	PASS [   0.012s] (324/461) ken-kernel::k2c_series2 quotient_omega_target_respect_free
1	PASS [   0.012s] (325/461) ken-kernel::k5_omega_fragment absurd_type_motive_proof_must_actually_be_bottom
1	PASS [   0.011s] (326/461) ken-kernel::k7_eq_at_inductive_whnf eq_at_inductive_stays_neutral_on_genuinely_neutral_operand
1	PASS [   0.012s] (327/461) ken-kernel::ktr1_constructor_universe_gate proposition_payload_at_family_level_is_accepted
1	PASS [   0.014s] (328/461) ken-kernel::nested_inductives_all generated_all_support_is_absent_from_general_nested_lookup
1	PASS [   0.015s] (329/461) ken-kernel::nested_inductives_d3_shapes checked_positive_former_paths_compose_without_opening_admission
1	PASS [   0.016s] (330/461) ken-kernel::nested_inductives_d3b_d4 declared_positive_former_lift_builds_dependent_host_evidence
1	PASS [   0.011s] (331/461) ken-kernel::sigma_eq_pair_refl sigma_eq_component_proof_does_not_prove_unrelated_pair_equality
1	PASS [   0.013s] (332/461) ken-runtime activation_abi::tests::c_abi_refuses_epoch_ceiling_mismatch_before_publishing_a_store
1	PASS [   0.007s] (333/461) ken-runtime activation_services::tests::a_partially_bound_record_is_not_published
1	PASS [   0.015s] (334/461) ken-runtime boundary_activation::tests::a_first_cap_of_one_cannot_be_raised_to_two_after_use
1	PASS [   0.011s] (335/461) ken-runtime boundary_activation::tests::later_stores_may_change_only_their_own_region_limits
1	PASS [   0.009s] (336/461) ken-runtime boundary_activation::tests::the_services_record_carries_the_boundary_base_and_not_the_native_one
1	PASS [   0.071s] (337/461) ken-runtime boundary_value_clif::tests::b2v_a_separately_compiled_consumer_reads_a_spilled_int_by_content
1	PASS [   0.057s] (338/461) ken-runtime boundary_value_clif::tests::b2v_a_wide_persistent_int_materializes_and_reads_back_by_content
1	PASS [   0.532s] (339/461) ken-interp::px7f_system_resource public_bracket_success_and_early_release_settle_once
1	PASS [   0.027s] (340/461) ken-runtime boundary_value_clif::tests::b2v_ac10_adoption_converges_equal_values_and_never_aliases_unequal
1	PASS [   0.028s] (341/461) ken-runtime boundary_value_clif::tests::b2v_borrowed_ingress_fails_closed_on_escape_with_an_exact_error
1	PASS [   0.007s] (342/461) ken-runtime boundary_value_clif::tests::b2v_every_class_guard_call_site_takes_its_set_from_the_plan
1	PASS [   0.022s] (343/461) ken-runtime boundary_value_clif::tests::b2v_emitted_immediate_construction_refuses_what_it_cannot_represent
1	PASS [   0.006s] (344/461) ken-runtime canonical::tests::ac_v8_nfc_distinct_spellings_agree_with_canonical_identity
1	PASS [   0.007s] (345/461) ken-runtime canonical::tests::bignum_minimal_limb
1	PASS [   0.006s] (346/461) ken-runtime cranelift_backend::artifact::api::tests::jit_zero_epoch_child
1	PASS [   0.007s] (347/461) ken-runtime cranelift_backend::artifact::api::tests::nc8_certificate_rejects_top_level_var_example
1	PASS [   0.007s] (348/461) ken-runtime cranelift_backend::artifact::api::tests::nc8_certificate_rejects_unknown_runtime_value_by_recomputation
1	PASS [   0.060s] (349/461) ken-runtime boundary_value_clif::tests::host_result_readers_refuse_arity_zero_and_two
1	PASS [   0.007s] (350/461) ken-runtime cranelift_backend::grafted_spine_control_graph::tests::mismatched_return_rejects_at_exact_return_layer
1	PASS [   0.056s] (351/461) ken-runtime cranelift_backend::lowering::aggregates::tests::an_aggregate_at_the_callee_scheduling_fallback_authorizes_itself
1	PASS [   0.008s] (352/461) ken-runtime cranelift_backend::lowering::boundary::tests::b2v_ac3_the_lowered_boundary_disposition_has_no_wildcard_arm
1	PASS [   0.007s] (353/461) ken-runtime cranelift_backend::lowering::boundary::tests::recut2_every_admitted_row_closes_every_required_phase
1	PASS [   0.007s] (354/461) ken-runtime cranelift_backend::lowering::boundary::tests::recut2_only_the_store_minted_handle_requires_the_whole_lifecycle
1	PASS [   0.126s] (355/461) ken-runtime cranelift_backend::artifact::api::tests::program_runner_preflights_metadata_before_backend_lowering
1	PASS [   0.006s] (356/461) ken-runtime cranelift_backend::lowering::core::branched_scrutinee_unit_body_observer_tests::direct_construct_missing_recursive_position_still_refuses
1	PASS [   0.030s] (357/461) ken-runtime cranelift_backend::lowering::core::primitive::tests::explicit_partial_primitive_reports_trap_not_backend_bug
1	PASS [   0.059s] (358/461) ken-runtime cranelift_backend::lowering::boundary::tests::recut2_the_emitted_helper_graph_changes_when_the_owner_bands_change
1	PASS [   0.034s] (359/461) ken-runtime cranelift_backend::lowering::core::primitive::tests::overflowing_int_primitive_promotes_before_native_wrapping_semantics
1	PASS [   0.033s] (360/461) ken-runtime cranelift_backend::lowering::core::primitive::tests::safe_bytes_at_oob_lowers_to_none_with_bounds_obligation
1	PASS [   0.026s] (361/461) ken-runtime cranelift_backend::lowering::core::tests::constructors::architect_probe_direct_none_frame_ret_vis_carried_match_compiles
1	PASS [   0.028s] (362/461) ken-runtime cranelift_backend::lowering::core::tests::constructors::c1_d3_ac_c4_the_residual_holds_the_declared_positions_projected_child
1	PASS [   0.011s] (363/461) ken-runtime cranelift_backend::lowering::core::tests::constructors::c2_ac2_closed_roles_are_injective_by_spelling_and_canonical_for_duplicates
1	PASS [   0.030s] (364/461) ken-runtime cranelift_backend::lowering::core::tests::constructors::constructor_field_binder_shift_mutation_recovers_exact_refusal
1	PASS [   0.023s] (365/461) ken-runtime cranelift_backend::lowering::core::tests::constructors::d4_a_seat_whose_need_is_not_a_byte_span_is_refused
1	PASS [   0.052s] (366/461) ken-runtime cranelift_backend::lowering::core::tests::constructors::cranelift_runs_constructor_match_and_record_projection_seeds
1	PASS [   0.013s] (367/461) ken-runtime cranelift_backend::lowering::core::tests::constructors::dynamic_constructor_unknown_tag_runs_malformed_not_source_default
1	PASS [   0.032s] (368/461) ken-runtime cranelift_backend::lowering::core::tests::constructors::dynamic_constructor_binder_arity_rejects_exactly
1	PASS [   0.031s] (369/461) ken-runtime cranelift_backend::lowering::core::tests::constructors::dynamic_host_result_producer_wrong_arity_rejects_specifically
1	PASS [   0.009s] (370/461) ken-runtime cranelift_backend::lowering::core::tests::constructors::static_worker_construction_rejects_missing_target
1	PASS [   0.009s] (371/461) ken-runtime cranelift_backend::lowering::core::tests::constructors::static_worker_construction_rejects_wrong_body_origin
1	PASS [   0.009s] (372/461) ken-runtime cranelift_backend::lowering::core::tests::constructors::static_worker_fails_closed_as_match_scrutinee
1	PASS [   0.096s] (373/461) ken-runtime cranelift_backend::lowering::core::tests::constructors::selected_worker_call_obeys_generated_generation_gate
1	PASS [   0.013s] (374/461) ken-runtime cranelift_backend::lowering::core::tests::control::oriented_endpoint_corruption_and_affine_reuse_fail_closed
1	PASS [   0.017s] (375/461) ken-runtime cranelift_backend::lowering::core::tests::control::px8j_all_three_direct_consumers_propagate_the_role_validator
1	PASS [   0.027s] (376/461) ken-runtime cranelift_backend::lowering::core::tests::control::self_consistent_appended_orphan_join_site_rejects_before_emission
1	PASS [   0.193s] (377/461) ken-runtime cranelift_backend::lowering::core::tests::control::no_collection_is_keyed_by_a_scheduling_entry
1	PASS [   0.009s] (378/461) ken-runtime cranelift_backend::lowering::core::tests::effects::every_admitted_host_operation_has_a_gapless_seat_contract_derived_from_its_key
1	PASS [   0.040s] (379/461) ken-runtime cranelift_backend::lowering::core::tests::effects::live_effect_emitter_inventory_and_generated_layout_mutations_are_closed
1	PASS [   0.165s] (380/461) ken-runtime cranelift_backend::lowering::core::tests::effects::dynamic_host_result_residual_carries_the_planner_trap_identity
1	PASS [   0.082s] (381/461) ken-runtime cranelift_backend::lowering::core::tests::effects::native_resource_origin_projects_resource_host_io_revoked
1	PASS [   0.183s] (382/461) ken-runtime cranelift_backend::lowering::core::tests::effects::native_nullary_resource_error_set_rejects_payloads_and_unknown_identities
1	PASS [   0.199s] (383/461) ken-runtime cranelift_backend::lowering::core::tests::effects::root_and_descendant_effects_share_only_the_direct_host_context
1	PASS [   0.164s] (384/461) ken-runtime cranelift_backend::lowering::core::tests::effects::the_process_pair_reaches_a_retained_body_only_through_declared_slots
1	PASS [   0.028s] (385/461) ken-runtime cranelift_backend::lowering::core::tests::host_call_carrier::d2_ac6_2_a_missing_seed_capture_refuses_loudly_before_the_ported_handoff
1	PASS [   0.084s] (386/461) ken-runtime cranelift_backend::lowering::core::tests::host_call_carrier::a_trap_arm_and_its_trap_free_twin_both_functionize
1	PASS [   0.078s] (387/461) ken-runtime cranelift_backend::lowering::core::tests::host_call_carrier::d4_claiming_under_a_unit_that_does_not_own_the_token_reds
1	PASS [   0.084s] (388/461) ken-runtime cranelift_backend::lowering::core::tests::host_call_carrier::d4_failing_to_accumulate_emissions_reds_the_closeout_set_equality
1	PASS [   0.079s] (389/461) ken-runtime cranelift_backend::lowering::core::tests::host_call_carrier::d4_substituting_the_emitted_funcref_reds_the_emission_equality
1	PASS [   0.010s] (390/461) ken-runtime cranelift_backend::lowering::core::tests::host_call_carrier::rtfp_both_exact_occurrences_lower_under_equal_header_fingerprints
1	PASS [   0.013s] (391/461) ken-runtime cranelift_backend::lowering::core::tests::positional_candidate_settlement::call_edge_executability_axis_the_two_filters_cannot_yet_disagree_on_any_callee
1	PASS [   0.070s] (392/461) ken-runtime cranelift_backend::lowering::core::tests::positional_candidate_settlement::coc_d3_the_trailing_suffix_is_continued_and_the_mutation_restores_the_refusal
1	PASS [   0.049s] (393/461) ken-runtime cranelift_backend::lowering::core::tests::positional_candidate_settlement::d3_generated_context_arity_sentinel_edge_is_reached
1	PASS [   0.039s] (394/461) ken-runtime cranelift_backend::lowering::core::tests::positional_candidate_settlement::d3_the_process_root_keeps_descriptor_order_while_source_bodies_do_not
1	PASS [   0.018s] (395/461) ken-runtime cranelift_backend::lowering::core::tests::recursor_fusion::contkey_rows_four_and_five_carry_the_exact_outer_consuming_occurrence
1	PASS [   0.086s] (396/461) ken-runtime cranelift_backend::lowering::core::tests::source_frame_bridge::d8m_the_bridge_arm_populations_move_only_with_the_marker
1	PASS [   0.102s] (397/461) ken-runtime cranelift_backend::lowering::core::tests::source_frame_bridge::d8m_the_ordinary_bridge_arm_is_reached_and_untouched
1	PASS [   0.049s] (398/461) ken-runtime cranelift_backend::lowering::core::tests::specialization_binding::ced_d2_the_composite_early_close_reaches_candidate_totality_on_the_generalized_owner_domain
1	PASS [   0.007s] (399/461) ken-runtime cranelift_backend::lowering::core::tests::specialization_binding::continuation_case_binder_run_hard_stops_rather_than_leaving_a_hole
1	PASS [   0.039s] (400/461) ken-runtime cranelift_backend::lowering::core::tests::specialization_binding::contsrc_the_emission_resolver_refuses_a_producer_local_coordinate
1	PASS [   0.108s] (401/461) ken-runtime cranelift_backend::lowering::core::tests::specialization_binding::d5a_a_plan_the_application_disagrees_with_refuses_before_the_worker_call
1	PASS [   0.644s] (402/461) ken-runtime cranelift_backend::lowering::core::tests::host_call_carrier::governed_nested_brackets_n3_through_n7_emit_complete_functionized_bundles
1	PASS [   0.014s] (403/461) ken-runtime cranelift_backend::lowering::core::tests::specialization_binding::d5a_a_specialization_owned_edge_separates_root_provenance_from_its_immediate_slot
1	PASS [   0.038s] (404/461) ken-runtime cranelift_backend::lowering::core::tests::specialization_binding::d5a_an_unmarked_static_worker_call_is_untouched_by_the_marker_seam
1	PASS [   0.054s] (405/461) ken-runtime cranelift_backend::lowering::core::tests::specialization_binding::d6a_planned_claimed_and_emitted_identity_agree_exactly
1	PASS [   0.020s] (406/461) ken-runtime cranelift_backend::lowering::core::tests::specialization_binding::d8a_one_emission_owner_answers_one_composed_source_coordinate
1	PASS [   0.051s] (407/461) ken-runtime cranelift_backend::lowering::core::tests::specialization_binding::d6a_the_exact_claimed_call_result_reaches_the_carried_consumer_as_checked
1	PASS [   0.007s] (408/461) ken-runtime cranelift_backend::lowering::units::captured_environment_bijection::a_lexical_capture_admits_its_planner_issued_occurrence
1	PASS [   0.007s] (409/461) ken-runtime cranelift_backend::lowering::units::captured_environment_bijection::a_short_run_is_refused_against_the_capture_count
1	PASS [   0.010s] (410/461) ken-runtime cranelift_backend::planning::static_transition::aggregates::checked_ih_captured_env_schema::bind_continuation_production_rejects_response_field_origin_mismatch
1	PASS [   0.009s] (411/461) ken-runtime cranelift_backend::planning::static_transition::aggregates::tests::a_records_lookup_key_includes_its_path_not_only_its_role
1	PASS [   0.012s] (412/461) ken-runtime cranelift_backend::planning::static_transition::aggregates::tests::a_site_bound_child_is_resolved_against_the_seat_not_pruned
1	PASS [   0.027s] (413/461) ken-runtime cranelift_backend::planning::static_transition::closure::tests::b2o_ac3_ownership_composes_down_and_up_for_every_opcode_variant
1	PASS [   0.009s] (414/461) ken-runtime cranelift_backend::planning::static_transition::closure::tests::boundary_b1_preserves_equal_occurrences_and_reuses_one_activation_program
1	PASS [   0.007s] (415/461) ken-runtime cranelift_backend::planning::static_transition::closure::tests::p2_the_fixture_witness_refuses_closures
1	PASS [   0.015s] (416/461) ken-runtime cranelift_backend::planning::static_transition::construction::tests::call_identity_stays_on_the_entry_axis_after_the_body_axis_moved
1	PASS [   0.008s] (417/461) ken-runtime cranelift_backend::planning::static_transition::construction::tests::computational_match_is_the_sole_entry_occurrence_split
1	PASS [   0.121s] (418/461) ken-runtime cranelift_backend::lowering::core::tests::specialization_binding::d8i_the_discharge_facet_is_transported_stated_and_refuses_both_ways
1	PASS [   0.010s] (419/461) ken-runtime cranelift_backend::planning::static_transition::construction::tests::d2a_one_source_declaration_contributes_exactly_one_function
1	PASS [   0.010s] (420/461) ken-runtime cranelift_backend::planning::static_transition::construction::tests::d2a_retaining_the_obsolete_scheduling_unit_restores_the_phantom
1	PASS [   0.007s] (421/461) ken-runtime cranelift_backend::planning::static_transition::continuations::fusion::tests::d2g_ac2_marker_census_per_fixture
1	PASS [   0.025s] (422/461) ken-runtime cranelift_backend::planning::static_transition::continuations::fusion::tests::d2f_4_the_claimed_producer_body_leaves_the_executable_population
1	PASS [   0.013s] (423/461) ken-runtime cranelift_backend::planning::static_transition::continuations::fusion::tests::d2i_ac3_a_second_matching_static_body_edge_is_refused
1	PASS [   0.014s] (424/461) ken-runtime cranelift_backend::planning::static_transition::continuations::tests::contspec_locally_forwarded_parameter_retains_exact_source_position
1	PASS [   0.020s] (425/461) ken-runtime cranelift_backend::planning::static_transition::continuations::fusion::tests::d2j_every_member_matches_its_authoritative_planner_fact
1	PASS [   0.007s] (426/461) ken-runtime cranelift_backend::planning::static_transition::immediate_bridge::tests::refuses_an_ih_slots_wrapper_whose_inner_form_is_wrong
1	PASS [   0.012s] (427/461) ken-runtime cranelift_backend::planning::static_transition::immediate_bridge::tests::every_plan_mutation_moves_the_published_relation_and_applies_once
1	PASS [   0.007s] (428/461) ken-runtime cranelift_backend::planning::static_transition::immediate_bridge::tests::refuses_when_neither_cause_holds
1	PASS [   0.007s] (429/461) ken-runtime cranelift_backend::planning::static_transition::immediate_bridge::tests::refuses_when_the_selected_field_is_past_the_end_of_the_producer_args
1	PASS [   0.007s] (430/461) ken-runtime cranelift_backend::planning::static_transition::occurrences::tests::filing_two_occurrences_under_one_origin_is_refused
1	PASS [   0.011s] (431/461) ken-runtime cranelift_backend::planning::static_transition::immediate_bridge::tests::validation_refuses_a_stored_plane_that_is_not_the_re_derivation
1	PASS [   0.006s] (432/461) ken-runtime cranelift_backend::planning::static_transition::selected_pending_calls::tests::checked_template_slot_identifies_the_marked_read_not_the_raw_var
1	PASS [   0.008s] (433/461) ken-runtime cranelift_backend::planning::static_transition::selected_pending_calls::tests::open_return_and_generated_crossings_keep_the_admission_refusals
1	PASS [   0.007s] (434/461) ken-runtime executable_artifact_contract::tests::selected_target_absent_from_report_rejects_available_native_artifact_claim
1	PASS [   0.015s] (435/461) ken-runtime cranelift_backend::planning::static_transition::selected_pending_calls::tests::same_pending_leaves_admit_owner_and_refuse_ordinary_callee
1	PASS [   0.007s] (436/461) ken-runtime executable_artifact_contract::tests::unsupported_native_marker_rejects_blank_construct_or_reason
1	PASS [   0.008s] (437/461) ken-runtime executable_artifact_contract::tests::valid_contract_binds_runtime_report_and_explicit_unavailable_lanes
1	PASS [   0.007s] (438/461) ken-runtime hash::tests::fnv1a_empty
1	PASS [   0.006s] (439/461) ken-runtime invocation_tickets::tests::exact_slot_and_generation_limits_refuse_before_half_issuance
1	PASS [   0.007s] (440/461) ken-runtime ir::tests::acf2_default_trap_code_is_load_bearing
1	PASS [   0.006s] (441/461) ken-runtime ir::tests::ir_has_no_backend_layout_surface
1	PASS [   0.006s] (442/461) ken-runtime ir::tests::seed_examples_are_observation_limited
1	PASS [   0.006s] (443/461) ken-runtime native_join_plan::tests::equal_shape_adjacent_and_nested_occurrences_remain_distinct
1	PASS [   0.052s] (444/461) ken-runtime native_process_entrypoint::tests::exit_status_mapping_is_shared_and_fails_closed
1	PASS [   8.597s] (445/461) ken-elaborator::v3_fo_sorted_eigenparameter_wrong_sort_controls malformed_atomic_argument_role_is_refused
1	PASS [   0.009s] (446/461) ken-runtime oriented_subcontinuation_plan::tests::canonical_roundtrip_keeps_full_checked_interfaces
1	PASS [   0.008s] (447/461) ken-runtime platform_runtime_support::tests::runtime_ir_run_report_target_identity_must_be_unique
1	PASS [   0.010s] (448/461) ken-runtime store::tests::dedup_uses_memcmp_not_hash_only
1	PASS [   0.016s] (449/461) ken-runtime store::tests::space_bounded_reclamation
1	PASS [   0.007s] (450/461) ken-runtime unknown::tests::unknown_or_true_is_true
1	PASS [   8.775s] (451/461) ken-elaborator::v3_fo_sorted_eigenparameter_refuting_cert ken_checker_accepts_a_planted_comparable_cert_and_refuses_a_near_miss
1	PASS [   0.007s] (452/461) ken-verify canonical::tests::target_and_effect_manifest_mismatch_fail_closed
1	PASS [   0.214s] (453/461) ken-runtime::value_depth_totality ac_v12_witness_hashing_is_total_at_depth_d
1	PASS [   2.724s] (454/461) ken-runtime object_linker_packaging::tests::linked_process_executes_exact_big_int_support_without_host_dispatch
1	PASS [   5.671s] (455/461) ken-runtime native_execution_differential::tests::suite_runner_preserves_per_case_lane_reports
1	PASS [  55.183s] (456/461) ken-verify scenario::tests::change_mode_is_observed_and_matches_across_real_twin_roots
1	PASS [  62.011s] (457/461) ken-verify scenario::tests::fs_read_directory_real_artifact_is_order_independent_and_discriminating
1	PASS [   0.009s] (458/461) ken-verify scenario::tests::wrong_token_malformed_identity_and_error_are_reply_owned
1	PASS [  54.939s] (459/461) ken-verify scenario::tests::real_artifact_five_op_observation_matches_interp_on_twin_roots
1	PASS [ 130.199s] (460/461) ken-verify scenario::tests::fs_remove_file_real_artifact_distinguishes_success_wrong_kind_and_missing
1	PASS [ 148.322s] (461/461) ken-verify scenario::tests::fs_create_directory_exercises_every_path_policy_refusal
2	PASS [   0.356s] (  1/461) ken-cli::ken_check_mode check_io_shaped_file_also_exits_zero_without_running_io
2	PASS [   0.361s] (  2/461) ken-cli::i8_clock_effect undeclared_clock_row_is_a_named_effect_escape
2	PASS [   0.361s] (  3/461) ken-cli entrypoint_tests::anone_readfile_reaches_named_denial_before_capture_host_syscall
2	PASS [   0.009s] (  4/461) ken-cli::ken_check_mode check_missing_argument_uses_own_subcommand_name
2	PASS [   0.257s] (  5/461) ken-cli::library_documentation_gates check_and_write_modes_never_mutate_the_ledger
2	PASS [   0.008s] (  6/461) ken-cli::library_documentation_gates field_lines_inside_open_arrays_detects_the_reported_shape
2	PASS [   0.009s] (  7/461) ken-cli::library_documentation_gates slugify_matches_the_proposals_own_worked_anchor
2	PASS [   0.366s] (  8/461) ken-cli::ken_md_literate_cli ken_run_rejects_a_stale_reject_block
2	PASS [   0.397s] (  9/461) ken-cli::library_documentation_gates content_currency_gate_rejects_a_drifted_cited_source_and_recovers
2	PASS [   0.812s] ( 10/461) ken-cli::deterministic_app checked_application_exposes_the_real_dispatch_observation
2	PASS [   0.850s] ( 11/461) ken-cli::px4b_native_production naked_process_ir_helpers_are_not_public_production_api
2	PASS [  40.800s] ( 12/461) ken-cli::px7l_checked_host_recursive_bind static_direct_vis_retains_the_existing_lowering_path
2	PASS [  40.901s] ( 13/461) ken-cli::px4b_native_production host_reply_selects_the_continuation_outcome
2	PASS [  49.211s] ( 14/461) ken-cli::px8h_heterogeneous_continuation zero_step_preserves_the_direct_payload_direction
2	PASS [  80.616s] ( 15/461) ken-cli::mrc_4a_cross_crate_census mrc_4a_cross_crate_census_and_its_controls
2	PASS [  36.844s] ( 16/461) ken-cli::rt_planner_seed_binding_order two_different_type_parameters_read_after_a_bind_keep_their_values
2	PASS [  46.766s] ( 17/461) ken-cli::rt_branched_scrutinee_unit_body_port suppressing_match_branch_entry_is_a_recorder_positive_control
2	PASS [   0.324s] ( 18/461) ken-cli::t2_acceptance ac5_definition_usable_in_check
2	PASS [   0.007s] ( 19/461) ken-elaborator checked_core::tests::body_view_preserves_arbitrary_precision_integer_literals
2	PASS [   0.007s] ( 20/461) ken-elaborator checked_core::tests::body_view_recovers_package_bound_primitive_literal_and_application
2	PASS [   0.006s] ( 21/461) ken-elaborator checked_core::tests::body_view_recovers_target_and_reachable_declaration_bodies
2	PASS [   0.007s] ( 22/461) ken-elaborator checked_core::tests::body_view_rejects_unjustified_impossible_branch
2	PASS [   0.007s] ( 23/461) ken-elaborator checked_core::tests::body_view_rejects_unjustified_partial_primitive_contract
2	PASS [   0.438s] ( 24/461) ken-elaborator compiler_driver::tests::executable_entrypoint_packages_but_rejects_runtime_arguments
2	PASS [   0.386s] ( 25/461) ken-elaborator compiler_driver::tests::real_source_reaches_checked_core_and_selects_stable_target
2	PASS [   0.435s] ( 26/461) ken-elaborator compiler_driver::tests::target_closure_reports_imported_refs_and_dictionary_runtime_fields
2	PASS [   0.007s] ( 27/461) ken-elaborator elab::match_matrix_occurrence_tests::pending_sibling_is_not_weakened_before_its_binder_exists
2	PASS [   0.006s] ( 28/461) ken-elaborator elab::match_matrix_occurrence_tests::two_level_split_rebases_top_nested_child_and_tail_occurrences
2	PASS [   0.326s] ( 29/461) ken-elaborator elab::missing_pattern_witness_diagnostic_strictness_tests::globals_pruned_kernel_resolvable_id_degrades_instead_of_panicking
2	PASS [   0.006s] ( 30/461) ken-elaborator elab::nested_lift_association_tests::swapped_lift_association_mutation_rejects
2	PASS [   0.324s] ( 31/461) ken-elaborator elab::omega_index_refinement_tests::omega_branch_goal_plan_reuses_the_pinned_direct_j_constructor
2	PASS [   0.323s] ( 32/461) ken-elaborator elab::result_transport_control_flow_tests::non_family_result_shape_still_uses_whole_index_fallback
2	PASS [   0.007s] ( 33/461) ken-elaborator erasure::px7l_tests::checked_ih_morphism_preserves_the_plan_ordinal_and_maps_it_to_runtime_four
2	PASS [   0.007s] ( 34/461) ken-elaborator erasure::px7l_tests::finish_rejects_an_unconsumed_computational_ih_call_seed
2	PASS [   0.005s] ( 35/461) ken-elaborator erasure::px7l_tests::static_and_runtime_selected_capability_policies_are_exhaustively_identical
2	PASS [   0.006s] ( 36/461) ken-elaborator export::resource_lifetime_hash_tests::descriptor_participates_in_hash_and_specializes_in_canonical_order
2	PASS [   0.006s] ( 37/461) ken-elaborator modules::namespace_effect_tests::ambient_local_import_of_distinct_identity_refuses_with_honest_sources
2	PASS [   0.325s] ( 38/461) ken-elaborator modules::namespace_effect_tests::file_import_constructor_pattern_keeps_provider_checked_identity
2	PASS [   1.269s] ( 39/461) ken-elaborator modules::namespace_effect_tests::generated_instance_import_refuses_stale_provider_in_either_order
2	PASS [   1.274s] ( 40/461) ken-elaborator modules::namespace_effect_tests::in_memory_root_import_keeps_earlier_declared_child
2	PASS [   0.327s] ( 41/461) ken-elaborator modules::namespace_effect_tests::inline_child_owner_and_sibling_import_use_declaration_provenance
2	PASS [   2.503s] ( 42/461) ken-elaborator modules::namespace_effect_tests::proved_source_redeclarations_fail_at_prebind_without_global_allocation
2	PASS [   0.007s] ( 43/461) ken-elaborator modules::namespace_effect_tests::pub_wrapper_preserves_complete_owned_leaf_effects
2	PASS [   1.251s] ( 44/461) ken-elaborator modules::namespace_effect_tests::qualified_alias_and_selective_imports_bind_their_distinct_access_paths
2	PASS [   0.008s] ( 45/461) ken-elaborator parser::as_pattern_precedence_tests::constructor_application_binds_tighter_than_as
2	PASS [   0.007s] ( 46/461) ken-elaborator parser::as_pattern_precedence_tests::tuple_pattern_retains_surface_arity_while_parentheses_group
2	PASS [   0.328s] ( 47/461) ken-elaborator r_layer_tests::acceptance::existing_invariants_still_green
2	PASS [   4.988s] ( 48/461) ken-elaborator r_layer_tests::cat_bool_pub_export::primitive_class_owner_instances_are_canonical_across_isolated_consumers
2	PASS [  66.798s] ( 49/461) ken-cli::rt_cold_lowering_path_enumeration rt_write_readonly_stage
2	PASS [   4.596s] ( 50/461) ken-elaborator r_layer_tests::cat_priority_queue_acceptance::kernel_checked_program_structure_derives_right_spine_costs
2	PASS [  40.224s] ( 51/461) ken-cli::rt_selected_pending_call_admission selected_pending_call_admits_validated_owner_without_a_package
2	PASS [  31.522s] ( 52/461) ken-elaborator r_layer_tests::cat_tier_d_decoder_import::parsing_decoder_unconsumed_siblings_remain_private
2	PASS [   6.303s] ( 53/461) ken-elaborator r_layer_tests::cat_tier_d_parsing_group_import::process_arguments_loader_visible_inventory_is_exact_and_coherent
2	PASS [   6.164s] ( 54/461) ken-elaborator r_layer_tests::cat_tier_d_posix_import::filesystem_path_posix_loader_visible_inventory_is_exact_and_usable
2	PASS [   4.909s] ( 55/461) ken-elaborator r_layer_tests::cat_tier_e_json_import::json_loader_visible_inventory_is_exact
2	PASS [   0.009s] ( 56/461) ken-elaborator r_layer_tests::cat_tier_e_json_import::json_selective_import_ledger_is_exact
2	PASS [   2.449s] ( 57/461) ken-elaborator r_layer_tests::cc6b_path_posix_acceptance::ordered_dependency_closure_elaborates_path_package
2	PASS [   0.341s] ( 58/461) ken-elaborator r_layer_tests::constrained_instance_elaboration::compound_named_and_bare_d_boundaries_are_discriminating
2	PASS [   0.007s] ( 59/461) ken-elaborator r_layer_tests::ds1_empty_dec_acceptance::ac1_mechanism_probe_no_method_wrong_domain_rejected
2	PASS [   0.338s] ( 60/461) ken-elaborator r_layer_tests::ds1_empty_dec_acceptance::ac3_trusted_base_delta_is_ordinary_inductive_admission_only
2	PASS [  77.622s] ( 61/461) ken-cli::rt_selected_pending_call_admission selected_pending_write_arm_controls_agree_across_executors
2	PASS [   0.008s] ( 62/461) ken-elaborator r_layer_tests::effects::eff_declared_matches_used_accepted
2	PASS [   0.006s] ( 63/461) ken-elaborator r_layer_tests::effects::eff_pure_default_is_effect_free
2	PASS [   0.006s] ( 64/461) ken-elaborator r_layer_tests::effects::itree_ret_is_pure
2	PASS [   0.006s] ( 65/461) ken-elaborator r_layer_tests::effects::pure_view_usable_in_pure_context
2	PASS [   0.008s] ( 66/461) ken-elaborator r_layer_tests::effects::row_poly_concrete_caller_substitution
2	PASS [   0.009s] ( 67/461) ken-elaborator r_layer_tests::effects::space_operation_row_inference_and_escape
2	PASS [   0.008s] ( 68/461) ken-elaborator r_layer_tests::kenfmt_b3_layout::ac1_wide_inscope_export_wraps_under_canonical_width
2	PASS [   0.008s] ( 69/461) ken-elaborator r_layer_tests::kenfmt_b3_layout::selective_import_items_wrap_without_inventory_or_fixed_point_drift
2	PASS [   1.288s] ( 70/461) ken-elaborator r_layer_tests::ds1_empty_dec_acceptance::ac4_bridge_demonstrated_over_deceq_bool_not_only_deceq_int
2	PASS [   0.010s] ( 71/461) ken-elaborator r_layer_tests::kenfmt_let_layout::ac3_ac4_nested_simple_bindings_fit_or_break_as_one_typed_chain
2	PASS [   0.657s] ( 72/461) ken-elaborator r_layer_tests::lang_fixity_decl_surface::agreeing_fixity_is_idempotent_and_conflict_names_both_sites
2	PASS [   0.331s] ( 73/461) ken-elaborator r_layer_tests::lang_fixity_decl_surface::fixity_propagates_through_reexported_canonical_identity
2	PASS [   0.330s] ( 74/461) ken-elaborator r_layer_tests::lang_fixity_decl_surface::mutual_symbolic_group_reassociates_after_all_members_are_preadmitted
2	PASS [   0.444s] ( 75/461) ken-elaborator r_layer_tests::lang_structural_result_elab::binary_omega_residual_method_recheck_is_a_transition_sentinel
2	PASS [   0.445s] ( 76/461) ken-elaborator r_layer_tests::lang_structural_result_elab::omega_selector_accepts_unary_residual_all_through_full_pipeline
2	PASS [   0.678s] ( 77/461) ken-elaborator r_layer_tests::lang_structural_result_elab::ordinary_let_binding_inside_lifted_arm_is_exactly_out_of_scope
2	PASS [   0.349s] ( 78/461) ken-elaborator r_layer_tests::lang_structural_result_elab::validated_nested_results_elaborate_and_kernel_check
2	PASS [   0.341s] ( 79/461) ken-elaborator r_layer_tests::lang_structural_result_elab::wildcard_slot_is_not_a_surface_addressable_recursive_result_operand
2	PASS [   0.665s] ( 80/461) ken-elaborator r_layer_tests::lc_acceptance::ac1_same_key_resolves_same_canonical
2	PASS [   0.665s] ( 81/461) ken-elaborator r_layer_tests::let4_multi_binding::ac2_ac3_group_and_nested_forms_resolve_and_lower_identically
2	PASS [   0.007s] ( 82/461) ken-elaborator r_layer_tests::n4_program_admits::anonymous_headers_parse_structurally_and_named_headers_reject_at_name
2	PASS [   0.339s] ( 83/461) ken-elaborator r_layer_tests::n4_program_admits::single_source_package_self_admits_without_program
2	PASS [   0.007s] ( 84/461) ken-elaborator seal2_tests::producer_closure::certificate_rejects_an_unenumerated_aliased_producer_root
2	PASS [   0.338s] ( 85/461) ken-elaborator seal2_tests::producer_closure::closed_oracle_sees_carrier_off_head_under_result
2	PASS [   0.342s] ( 86/461) ken-elaborator seal2_tests::producer_closure::one_field_class_has_the_exact_singleton_owner_field_population
2	PASS [  57.667s] ( 87/461) ken-elaborator r_layer_tests::cat_tier_d_parsing_group_import::parsing_module_implementation_siblings_remain_private
2	PASS [  81.564s] ( 88/461) ken-elaborator r_layer_tests::cat_priority_queue_acceptance::bounded_4216_traces_match_independent_literal_multisets
2	PASS [   0.006s] ( 89/461) ken-elaborator::b2_acceptance inert_to_conversion
2	PASS [  34.752s] ( 90/461) ken-elaborator::b1_acceptance proved_postcondition_projects_to_q
2	PASS [  36.930s] ( 91/461) ken-elaborator::b2_acceptance temporal_non_host_signature_rejects_same_family_sibling
2	PASS [   0.327s] ( 92/461) ken-elaborator::case_eq_dependent_match_sugar three_constructor_enum_is_not_bool_hardcoded
2	PASS [   2.027s] ( 93/461) ken-elaborator::cat3_collections_package slice_width_is_end_minus_start_through_production_slice
2	PASS [   3.252s] ( 94/461) ken-elaborator::cat5_parsing_package cat5_d1_old_unconstrained_source_constructor_rejected
2	PASS [   3.326s] ( 95/461) ken-elaborator::cat5_parsing_package cat5_d2_failed_parser_carries_same_source_valid_span
2	PASS [   3.533s] ( 96/461) ken-elaborator::cat5_parsing_package cat5_d2_legacy_caller_budget_repetition_is_not_exported
2	PASS [   3.255s] ( 97/461) ken-elaborator::cat5_parsing_package cat5_d2_parser_result_surface_is_total_and_located
2	PASS [   0.962s] ( 98/461) ken-elaborator::cat_codec_import codec_direct_provider_is_exact_canonical_transport_cong
2	PASS [   0.335s] ( 99/461) ken-elaborator::cat_codec_import codec_owned_inventory_is_exact_and_standalone_with_zero_trust
2	PASS [  34.735s] (100/461) ken-elaborator::b2_acceptance temporal_symbols_consume_the_one_checked_b1_alphabet
2	PASS [   2.581s] (101/461) ken-elaborator::cat_derived_pub_export derived_exports_all_ten_operation_identities
2	PASS [   0.368s] (102/461) ken-elaborator::cat_sums_combinators_closeout sums_direct_loader_surface_is_exact_canonical_is_some
2	PASS [  66.780s] (103/461) ken-elaborator::b1_exact_denotation_alphabet same_family_host_operations_have_distinct_signatures_and_hashes
2	PASS [   7.156s] (104/461) ken-elaborator::cat_deque_closeout deque_direct_provider_inventory_is_exact_and_canonical
2	PASS [   2.586s] (105/461) ken-elaborator::cc4_diagnostic_core_acceptance diagnostic_core_loader_surface_and_carrier_shapes_are_exact
2	PASS [   0.332s] (106/461) ken-elaborator::class_field_purity surf2_d1_unmarked_classes_and_sort_discriminant_stay_status_quo
2	PASS [   2.098s] (107/461) ken-elaborator::compare_ord_lexicographic_acceptance structural_ord_instances_and_all_laws_are_checked_zero_delta
2	PASS [   2.590s] (108/461) ken-elaborator::conversions_acceptance ac4_saturating_add_clamps_at_boundary_every_width
2	PASS [   0.332s] (109/461) ken-elaborator::conversions_acceptance float_conversion_floor_out_of_scope
2	PASS [   0.359s] (110/461) ken-elaborator::dependent_match_coherent_frame_acceptance genuinely_false_reachable_branch_stays_rejected
2	PASS [   0.361s] (111/461) ken-elaborator::dependent_match_declared_index_plain_acceptance concrete_bind_method_is_green
2	PASS [   7.555s] (112/461) ken-elaborator::cc7_argparse_acceptance cc7_is_a_zero_trust_specialization_with_no_second_universe
2	PASS [   0.006s] (113/461) ken-elaborator::dotted_module_path_parser selective_import_accepts_a_dotted_module_path
2	PASS [   7.612s] (114/461) ken-elaborator::cc7_argparse_acceptance invalid_utf8_option_value_survives_byte_identically
2	PASS [   0.338s] (115/461) ken-elaborator::dependent_match_wstyle_acceptance ac1b_itree_vis_dependent_branch_domain_elaborates
2	PASS [   1.382s] (116/461) ken-elaborator::ds2_ord_nat_acceptance entry_elaborates_with_every_checked_fence
2	PASS [   0.666s] (117/461) ken-elaborator::ds5b_dependent_match_refinement_acceptance omega_classified_reindexed_position_uses_kernel_checked_transport
2	PASS [   2.457s] (118/461) ken-elaborator::ds3_sum_combinators_acceptance trusted_base_delta_is_empty_across_the_file
2	PASS [   2.429s] (119/461) ken-elaborator::ds4_list_combinators_acceptance ac8_non_involutive_witness_rejected_for_reverse_involutive
2	PASS [   0.338s] (120/461) ken-elaborator::ds6c_intlit_elaborator_emission trusted_base_delta_is_exactly_empty_not_a_shrink
2	PASS [   0.514s] (121/461) ken-elaborator::ds6c_intlit_elaborator_emission interpreter_evaluates_real_elaborated_intlit
2	PASS [   2.226s] (122/461) ken-elaborator::ds6a_int_deceq_acceptance unregistered_primitive_equality_stays_neutral
2	PASS [   4.551s] (123/461) ken-elaborator::ds8_traversable_acceptance ac8_identity_law_witness_swap_is_rejected
2	PASS [   4.559s] (124/461) ken-elaborator::ds8_traversable_acceptance compose_ap_cmp_is_present_and_kernel_checked
2	PASS [   0.352s] (125/461) ken-elaborator::ds8b_pure_into_proc_widening non_regression_malformed_proc_field_marker_still_rejected_at_class_decl
2	PASS [   0.488s] (126/461) ken-elaborator::es2_acceptance bool_is_a_real_inductive
2	PASS [   4.528s] (127/461) ken-elaborator::ds8_traversable_acceptance entry_elaborates_with_every_checked_fence
2	PASS [   2.150s] (128/461) ken-elaborator::either_catalog_package_acceptance swap_involutive_concrete_examples
2	PASS [   2.295s] (129/461) ken-elaborator::es4_classes_acceptance classes_are_transparent_structure_records_zero_delta
2	PASS [   0.325s] (130/461) ken-elaborator::explicit_data_elaboration negative_recursive_occurrence_rejects_through_kernel_gate
2	PASS [   2.370s] (131/461) ken-elaborator::es4_classes_acceptance eq_and_deceq_int_instances_are_the_ds6a_certificate_posture
2	PASS [   0.006s] (132/461) ken-elaborator::explicit_data_parser legacy_data_accepts_named_constructor_field_sugar
2	PASS [   0.348s] (133/461) ken-elaborator::explicit_data_elaboration type_possible_indexed_constructor_is_still_required
2	PASS [   0.339s] (134/461) ken-elaborator::fr2_absurd_collision_hygiene legacy_data_ctor_named_refl_is_a_hard_error
2	PASS [   0.334s] (135/461) ken-elaborator::generated_index_evidence_closure generated_evidence_rejection_vocabulary_is_not_user_refl_vocabulary
2	PASS [   0.345s] (136/461) ken-elaborator::generated_index_evidence_closure generated_record_index_reflexivity_closes_top_first_child
2	PASS [   0.006s] (137/461) ken-elaborator::i4d_boundary_header_parser every_boundary_surface_failure_has_its_named_diagnostic
2	PASS [   2.076s] (138/461) ken-elaborator::es4_classes_acceptance eq_bool_is_a_complete_zero_delta_instance
2	PASS [   0.341s] (139/461) ken-elaborator::i4d_boundary_header_parser direct_file_reader_preserves_manifest_without_minting_or_trust_growth
2	PASS [   0.342s] (140/461) ken-elaborator::i7_env_process_projectors_acceptance both_packages_elaborate_as_transparent_structural_projectors
2	PASS [   0.006s] (141/461) ken-elaborator::k5_absurd_trusted_base absurd_proof_position_counted_in_trusted_base_delta
2	PASS [   0.005s] (142/461) ken-elaborator::ken_md_literate unrecognized_ken_role_is_a_hard_extraction_error
2	PASS [   0.348s] (143/461) ken-elaborator::k3_literal_char_view checked_char_literal_and_view_head_reduce_via_derived_char_to_int
2	PASS [   0.340s] (144/461) ken-elaborator::k3_literal_char_view occurrences_convert_from_values_not_literal_ids_and_other_ops_remain_neutral
2	PASS [   0.008s] (145/461) ken-elaborator::kenfmt_signature_layout r1_signature_fit_and_split_ladder_are_exact
2	PASS [   0.329s] (146/461) ken-elaborator::kernel_conv_congruence_closure omega_congruence_is_reached_by_checked_ken_source
2	PASS [   0.331s] (147/461) ken-elaborator::l3_strings_roundtrip_acceptance ac2_s2l_injectivity_over_normalized_strings
2	PASS [   2.103s] (148/461) ken-elaborator::kenfmt_c_capstone balanced_corpus_rejects_the_known_over_width_splay_shape
2	PASS [   0.324s] (149/461) ken-elaborator::l3a_acceptance string_is_not_list_char_but_convertible
2	PASS [   0.330s] (150/461) ken-elaborator::l3a_recursive_view_smoke poly_match_return_elaborates
2	PASS [   2.770s] (151/461) ken-elaborator::l3_strings_surface_acceptance string_compare_3way_lexicographic_triple
2	PASS [   0.960s] (152/461) ken-elaborator::l4_export_reexport roots_loader_prop_intro_follows_only_imported_family_paths
2	PASS [   0.379s] (153/461) ken-elaborator::l7_acceptance foreign_decl_binds_typed_effect_rowed
2	PASS [   0.426s] (154/461) ken-elaborator::l7_acceptance foreign_world_action_needs_row_and_capability
2	PASS [   4.464s] (155/461) ken-elaborator::kenfmt_b1_lossless whole_catalog_and_every_parseable_ken_fence_round_trip_byte_exactly
2	PASS [   0.494s] (156/461) ken-elaborator::l7_acceptance pure_foreign_assumption_rides_p_not_q
2	PASS [   0.475s] (157/461) ken-elaborator::l7_acceptance unprovable_foreign_ensures_emits_runtime_check
2	PASS [   0.007s] (158/461) ken-elaborator::lang_application_atom_if_rejection grouped_and_leading_if_are_unaffected
2	PASS [   0.007s] (159/461) ken-elaborator::lang_atom_start_classification_closure ac2_the_self_delimiting_bar_still_nests_and_groups
2	PASS [   0.007s] (160/461) ken-elaborator::lang_bare_operator_atom_rejection ac_baseline_unrelated_sources_are_unaffected
2	PASS [   0.320s] (161/461) ken-elaborator::l7_acceptance world_foreign_without_row_rejected
2	PASS [   0.345s] (162/461) ken-elaborator::l7_acceptance verified_component_foreign_call_and_roundtrip_proof
2	PASS [   0.007s] (163/461) ken-elaborator::lang_foreign_name_format_chars feff_after_offset_zero_is_rejected
2	PASS [   0.006s] (164/461) ken-elaborator::lang_foreign_name_format_chars formatter_inverse_preserves_string_and_character_values
2	PASS [   0.006s] (165/461) ken-elaborator::lang_foreign_name_format_chars formatter_recovery_route_uses_the_same_whole_source_guard
2	PASS [   0.006s] (166/461) ken-elaborator::lang_foreign_name_format_chars formatter_split_keeps_non_literal_occurrences_as_typed_errors
2	PASS [   0.343s] (167/461) ken-elaborator::lang_foreign_name_control_chars library_name_containing_escaped_nul_rejects
2	PASS [   0.348s] (168/461) ken-elaborator::lang_instance_registry_identity_key absent_old_prerequisite_remains_no_instance
2	PASS [   0.663s] (169/461) ken-elaborator::lang_match_guards multiple_guards_fall_through_in_source_order
2	PASS [   0.672s] (170/461) ken-elaborator::lang_match_or_pattern top_level_wildcard_and_variable_alternatives_remain_refused
2	PASS [ 106.724s] (171/461) ken-elaborator r_layer_tests::kenfmt_b4_splicing::ac6_whole_literate_corpus_preserves_prose_ast_and_idempotence_read_only
2	PASS [   0.342s] (172/461) ken-elaborator::lang_mod_nat_floor_realization public_wrapper_all_renamed_data_preserves_local_parentage
2	PASS [   1.268s] (173/461) ken-elaborator::lang_mod_catalog_completeness lawful_local_pair_proofs_do_not_extend_the_derived_subject_namespace
2	PASS [   1.312s] (174/461) ken-elaborator::lang_mod_catalog_realization strict_slice_stays_closed_and_floor_nat_reuses_existing_identity
2	PASS [   0.687s] (175/461) ken-elaborator::lang_mod_nat_floor_realization strict_floor_export_allocates_nothing_and_nonmember_prod_rejects
2	PASS [   0.342s] (176/461) ken-elaborator::lang_mod_pub_eligibility eligible_pub_definition_is_accepted_and_exported
2	PASS [   0.350s] (177/461) ken-elaborator::lang_mod_pub_eligibility postfix_derive_accepts_ordinary_and_rejects_public_clause
2	PASS [   1.342s] (178/461) ken-elaborator::lang_mod_pair_floor_realization floor_pair_positive_path_unfolds_to_sigma
2	PASS [   1.268s] (179/461) ken-elaborator::lang_mod_pair_floor_realization strict_bare_pair_floor_name_matrix_accepts_exact_ids
2	PASS [   0.345s] (180/461) ken-elaborator::lang_prelude_floor_fifteen strict_entry_rejects_forged_pre_source_floor_identity
2	PASS [   0.349s] (181/461) ken-elaborator::lang_qualified_constructor_privacy buffer_resource_file
2	PASS [   0.729s] (182/461) ken-elaborator::lang_mod_strict_resolution_d0 vector_strict_floor_provider_transition_sentinel
2	PASS [   0.665s] (183/461) ken-elaborator::lang_prelude_floor_fifteen strict_five_proposition_members_resolve_canonically_and_and_does_not
2	PASS [   0.343s] (184/461) ken-elaborator::lang_qualified_constructor_privacy forge_buffer_file
2	PASS [   0.338s] (185/461) ken-elaborator::lang_qualified_constructor_privacy forge_span_file
2	PASS [   0.341s] (186/461) ken-elaborator::lang_qualified_constructors qualified_resource_type_matches_prescoping_bare_checked_term
2	PASS [   0.339s] (187/461) ken-elaborator::lang_roots_loader_local_instance_dict_scope private_class_dictionary_stays_off_the_owner_surface
2	PASS [   0.006s] (188/461) ken-elaborator::lang_surface_block_comments ac2_two_level_nesting
2	PASS [   0.005s] (189/461) ken-elaborator::lang_surface_block_comments ac4_unterminated_errors_have_spans_in_both_scanners
2	PASS [   0.333s] (190/461) ken-elaborator::lang_roots_loader_local_instance_dict_scope strict_same_unit_instance_and_derive_names_select_the_synthesized_canonicals
2	PASS [   0.009s] (191/461) ken-elaborator::lang_surface_int_precision huge_downstream_numeric_carrier_reaches_eval_exactly
2	PASS [   0.676s] (192/461) ken-elaborator::lang_roots_loader_local_instance_dict_scope later_inline_class_import_refuses_an_external_file_provider
2	PASS [   0.346s] (193/461) ken-elaborator::lang_surface_if argument_let_and_nested_else_binding_are_reachable
2	PASS [   0.365s] (194/461) ken-elaborator::lang_surface_int_precision kernel_equality_decides_equal_large_surface_spellings
2	PASS [   0.351s] (195/461) ken-elaborator::lang_symbolic_operator_names fixed_plus_still_elaborates_as_addition
2	PASS [   0.006s] (196/461) ken-elaborator::literal_escapes_lexer_unit byte_escape_malformed_spans_end_at_the_offending_character
2	PASS [   0.005s] (197/461) ken-elaborator::literal_escapes_lexer_unit incomplete_escape_takes_precedence_over_unterminated
2	PASS [   0.344s] (198/461) ken-elaborator::lang_truncation_surface_syntax d1_formation_wraps_a_full_expression_and_nests
2	PASS [   2.025s] (199/461) ken-elaborator::lang_type_projection_surface_form the_two_projection_grammars_are_not_subsets_of_each_other
2	PASS [   8.643s] (200/461) ken-elaborator::lang_membership_operator_surface raw_tree_is_refused_while_the_ordered_key_view_is_admitted
2	PASS [   0.005s] (201/461) ken-elaborator::match_arm_glyph match_arm_spellings_share_one_token
2	PASS [   1.015s] (202/461) ken-elaborator::n1_duplicate_definition totally_reserved_sugar_names_keep_the_existing_hard_error
2	PASS [   0.412s] (203/461) ken-elaborator::nat_arithmetic_laws_acceptance canonical_operations_compute_on_concrete_naturals
2	PASS [   0.762s] (204/461) ken-elaborator::nat_arithmetic_laws_acceptance entry_elaborates_and_registers_the_free_laws
2	PASS [   0.014s] (205/461) ken-elaborator::nc13_core_expression_lowering implicit_lexical_capture_rejects_loudly
2	PASS [   0.012s] (206/461) ken-elaborator::nc14_data_match_lowering missing_match_branch_data_rejects_before_runtime_program_success
2	PASS [   0.923s] (207/461) ken-elaborator::nc14_data_match_lowering option_match_payload_binding_lowers_and_matches_interpreter
2	PASS [   0.007s] (208/461) ken-elaborator::nc15_record_sigma_lowering runtime_record_projection_from_constructed_sigma_lowers_and_evaluates
2	PASS [   0.076s] (209/461) ken-elaborator::nc16_primitive_value_lowering safe_bytes_at_lowering_returns_none_and_carries_bounds_obligation
2	PASS [   0.007s] (210/461) ken-elaborator::nc17_recursion_dictionaries_modules recursive_body_view_lowers_to_explicit_runtime_declaration_ref
2	PASS [   0.340s] (211/461) ken-elaborator::purity_keywords surf1_d2_pure_arity_mismatches_reject
2	PASS [   8.884s] (212/461) ken-elaborator::map_build_acceptance cat4_union_intersection_difference_execute_over_nat
2	PASS [   9.025s] (213/461) ken-elaborator::map_build_acceptance fold_agrees_with_left_fold_over_tolist
2	PASS [   0.409s] (214/461) ken-elaborator::px8f_buffer_io_surface buffer_span_producer_closure_is_derived_from_public_globals
2	PASS [   0.408s] (215/461) ken-elaborator::px9_file_error_to_system bridge_is_total_transparent_and_preserves_every_file_error_field
2	PASS [   0.323s] (216/461) ken-elaborator::record_decl_form point_named_projections_are_typed_through_the_shared_owner_registry
2	PASS [   0.327s] (217/461) ken-elaborator::record_index_sigma_closure multi_constructor_component_projection_boundary_remains_fail_closed
2	PASS [   0.327s] (218/461) ken-elaborator::record_index_sigma_closure one_field_refinement_chains_both_sigma_components
2	PASS [   8.486s] (219/461) ken-elaborator::map_build_acceptance lookuplocality_law3_is_a_real_general_proof_term
2	PASS [   0.006s] (220/461) ken-elaborator::sec1_acceptance by_proof_trichotomy_cross_case_sweep
2	PASS [   0.005s] (221/461) ken-elaborator::sec1_acceptance combine_raises_label
2	PASS [   0.005s] (222/461) ken-elaborator::sec1_acceptance ct_value_steers_leakage_sink_rejected
2	PASS [   0.005s] (223/461) ken-elaborator::sec1_acceptance declassify_authorised_accepts_and_listed
2	PASS [   0.006s] (224/461) ken-elaborator::sec2_acceptance no_row_view_is_inert_rejected
2	PASS [   0.342s] (225/461) ken-elaborator::record_literal named_literals_follow_declaration_order_not_written_order
2	PASS [   0.346s] (226/461) ken-elaborator::sec4_acceptance closed_literal_equalities_bypass_refl_via_top_and_bottom
2	PASS [   0.007s] (227/461) ken-elaborator::surf_space_cells_p1 ac_s1_spec_counter_example_parses_verbatim
2	PASS [   0.346s] (228/461) ken-elaborator::sub1_bytes_structural_view ac2_trusted_base_delta_is_exactly_the_named_pair_and_propositions
2	PASS [   0.349s] (229/461) ken-elaborator::surf_space_cells_p1 ac_s4_write_core_is_bind_get_then_put
2	PASS [   0.345s] (230/461) ken-elaborator::surf_space_cells_p1 nested_block_space_is_a_specific_surface_refusal
2	PASS [   1.980s] (231/461) ken-elaborator::record_index_refinement_acceptance ac3_inversion_probe_reaches_the_arm_body_using_constructor_fields
2	PASS [   0.681s] (232/461) ken-elaborator::surf_space_cells_p1 ac_s5_space_body_effects_use_the_existing_escape_judgment
2	PASS [   0.323s] (233/461) ken-elaborator::surface_arrow_in_expr_acceptance arrow_let_bound_is_a_real_pi
2	PASS [   0.344s] (234/461) ken-elaborator::surface_arrow_in_expr_acceptance arrow_returned_from_view_body_is_a_real_pi
2	PASS [   0.691s] (235/461) ken-elaborator::surface_arrow_and_infix_acceptance infix_minus_matches_prefix_sub_int
2	PASS [   0.325s] (236/461) ken-elaborator::surface_named_proof_claims public_attached_proof_requires_public_subject
2	PASS [   0.008s] (237/461) ken-elaborator::surface_unicode surf1_d3_ascii_identifier_boundary_rejects_non_ascii_letters
2	PASS [   0.006s] (238/461) ken-elaborator::surface_unicode surf1_d3_invisible_identifier_character_renders_escaped_not_raw
2	PASS [   0.008s] (239/461) ken-elaborator::t1_acceptance glivenko_wire_sweep_classically_valid_never_false
2	PASS [   0.347s] (240/461) ken-elaborator::surface_named_proof_claims qualified_module_import_exposes_prop_intro_through_family_path
2	PASS [   0.335s] (241/461) ken-elaborator::surface_transport_acceptance j_elaborates_to_a_real_term_j_node
2	PASS [   0.345s] (242/461) ken-elaborator::v1_acceptance epistemic_projection_distinct
2	PASS [   0.344s] (243/461) ken-elaborator::v1_acceptance obligation_hole_set_exposed_to_v2
2	PASS [   0.326s] (244/461) ken-elaborator::v1_acceptance old_fails_closed_while_ordinary_space_ensures_remains_live
2	PASS [   0.333s] (245/461) ken-elaborator::v1_acceptance refinement_lowers_to_carrier
2	PASS [   0.338s] (246/461) ken-elaborator::v1_acceptance requires_elaborates_to_pi_proof_arg
2	PASS [   0.010s] (247/461) ken-elaborator::v2_acceptance recursive_fn_per_ctor_obligation_with_ih_placeholder
2	PASS [   0.351s] (248/461) ken-elaborator::v2_acceptance decoupled_from_sigma_sort
2	PASS [   0.050s] (249/461) ken-elaborator::v3_acceptance discharged_goal_cert_kernel_accepts
2	PASS [   0.330s] (250/461) ken-elaborator::v2_acceptance forgetful_coercion_emits_nothing
2	PASS [   2.022s] (251/461) ken-elaborator::v3_fo_checker_soundness_d1a_rule_correspondence init_constructor_and_checker_reject_a_changed_principal_index
2	PASS [   1.978s] (252/461) ken-elaborator::v3_fo_checker_soundness_d1b_reflection d1b_reflection_adds_no_trusted_base_entry
2	PASS [   2.147s] (253/461) ken-elaborator::v3_fo_checker_soundness_d1a_rule_correspondence forall_obj_right_constructor_and_checker_reject_a_nonfresh_eigenparameter
2	PASS [   1.968s] (254/461) ken-elaborator::v3_fo_ken_level_checker_authoring certificate_sort_validation_parameter_world_object_role_pair
2	PASS [   0.016s] (255/461) ken-elaborator::v3_fo_sorted_eigenparameter_refuting_cert corrected_search_finds_a_planted_comparable_witness
2	PASS [   0.017s] (256/461) ken-elaborator::v4_acceptance evidence_consumed_unchanged_from_v3
2	PASS [   0.015s] (257/461) ken-elaborator::v4_acceptance no_slice_action_for_refuted_goal
2	PASS [   0.013s] (258/461) ken-elaborator::v4_acceptance unknown_propagates_in_strict_position
2	PASS [   2.104s] (259/461) ken-elaborator::v3_fo_ken_level_checker_authoring fok_form_eq_agrees_with_rust_partial_eq_field_level
2	PASS [   0.394s] (260/461) ken-elaborator::val1_string_literals ackermann_sct_gap_closed
2	PASS [   0.007s] (261/461) ken-foundation store::tests::map_ordering_shares_slot
2	PASS [   0.006s] (262/461) ken-host abi_m1_d0_probe::the_family_projections_partition_the_flat_facts
2	PASS [   0.008s] (263/461) ken-host abi_v1::tests::console_read_raw_dispatch_no_longer_falls_to_the_deferred_boundary
2	PASS [   0.013s] (264/461) ken-host abi_v1::tests::manifest_mismatch_fails_before_context_creation
2	PASS [   0.014s] (265/461) ken-host effect_v1::tests::abi_s6_d1_finalizer_distinguishes_mapping_unmap_from_buffer_drop
2	PASS [   0.012s] (266/461) ken-host effect_v1::tests::abi_s6_d1_mapping_is_opaque_lineage_bound_and_terminally_unmapped
2	PASS [   0.012s] (267/461) ken-host effect_v1::tests::ac3c_entropy_needs_no_capability_token_while_a_gated_op_still_does
2	PASS [   0.012s] (268/461) ken-host effect_v1::tests::ac4_entropy_reports_unavailable_rather_than_supplying_bytes_from_elsewhere
2	PASS [   0.401s] (269/461) ken-elaborator::val1_string_literals fizzbuzz_classification_elaborates
2	PASS [   0.005s] (270/461) ken-host effect_wire::tests::abi_s1_sync_modes_round_trip_distinct_and_fail_closed
2	PASS [   0.010s] (271/461) ken-host effect_v1::tests::every_catalog_or_layout_value_mutation_changes_the_manifest_hash
2	PASS [   0.006s] (272/461) ken-host mapping_v1::tests::file_mapping_flags_are_private_not_shared_or_anonymous
2	PASS [   0.012s] (273/461) ken-host mapping_v1::tests::consumed_mapping_is_actually_unmapped
2	PASS [   0.008s] (274/461) ken-host revocation_v1::tests::node_ids_are_monotonic_never_reused_and_nominally_distinct
2	PASS [   0.007s] (275/461) ken-interp eval::f1_bignum_tests::f1_dedup_content_address_stable_across_paths
2	PASS [   0.017s] (276/461) ken-interp console_io_tests::val1_c2_write_prints_and_resumes
2	PASS [   0.005s] (277/461) ken-interp eval::nfc_construction_tests::nfc_consumers_observe_normalized_literal_value
2	PASS [   0.007s] (278/461) ken-interp eval::px5b_effect_observation_tests::positioned_backend_broken_pipe_reifies_distinct_from_interrupted
2	PASS [   0.016s] (279/461) ken-interp eval::px5b_effect_observation_tests::ac3_sleep_until_is_refused_on_a_path_that_still_serves_an_available_op
2	PASS [   0.010s] (280/461) ken-interp eval::px5b_effect_observation_tests::producer_returns_the_imported_observation
2	PASS [   0.010s] (281/461) ken-interp eval::px5b_effect_observation_tests::rt_parity_short_read_reifies_remaining_and_request_budget
2	PASS [   0.017s] (282/461) ken-interp eval::px5b_effect_observation_tests::rt_parity_malformed_read_offset_precedes_closed_resource
2	PASS [   0.008s] (283/461) ken-interp tests::unknown_strict_and_kleene_table
2	PASS [   0.005s] (284/461) ken-interp::ds6b_intlit_eq_reduction_cross_layer kernel_and_interp_agree_on_distinct_bigints
2	PASS [   0.410s] (285/461) ken-interp::effect_composition_synthetic_peel_probe nested_wrap_peels_through_multiple_layers_to_the_synthetic_base_tag
2	PASS [   0.694s] (286/461) ken-interp tests::g1_end_to_end
2	PASS [   0.014s] (287/461) ken-interp::f2f3_acceptance ac3_all_bare_fixed_width_arms_degrade_on_overflow
2	PASS [   0.333s] (288/461) ken-interp::effect_composition_synthetic_peel_probe no_coproduct_ids_disables_peeling
2	PASS [   0.343s] (289/461) ken-interp::i2_console_floor console_surface_and_package_are_zero_trust_definitions
2	PASS [   0.449s] (290/461) ken-interp::i2_console_floor broken_pipe_is_the_named_ioerror_value
2	PASS [   0.327s] (291/461) ken-interp::i5_scoped_capability symlink_policy_pairs_reach_the_real_dispatch_and_resolver
2	PASS [   0.008s] (292/461) ken-interp::k1p5_ih_wstyle_vis_fold_acceptance wstyle_ih_folds_at_depth_two
2	PASS [   0.511s] (293/461) ken-interp::i5_scoped_capability coarse_authority_is_a_named_real_dispatch_backstop
2	PASS [   0.388s] (294/461) ken-interp::l1_acceptance ac1_int_exact_above_2_53
2	PASS [   0.011s] (295/461) ken-interp::nc12_runtime_ir_evaluator package_level_trust_metadata_rejects_before_runtime_ir_success
2	PASS [   0.406s] (296/461) ken-interp::l1_acceptance ac6_decimal_exact
2	PASS [   0.009s] (297/461) ken-kernel conv::tests::cast_and_quotient_elim_heterogeneous_heads_stay_distinct
2	PASS [   0.006s] (298/461) ken-kernel conv::tests::cast_congruence_compares_all_four_fields_directionally
2	PASS [   0.010s] (299/461) ken-kernel conv::tests::open_recursive_distinct_maps_refuse_once_and_return_false
2	PASS [   0.017s] (300/461) ken-kernel inductive::tests::iota_reduct_wrong_ctor_arity_errors_not_panics
2	PASS [   0.012s] (301/461) ken-kernel sct::tests::g_matrix_accepts
2	PASS [   0.013s] (302/461) ken-kernel sct::tests::is_exact_reconstruction_positive
2	PASS [   0.005s] (303/461) ken-kernel sct::tests::strict_self_loop_accepted
2	PASS [   0.005s] (304/461) ken-kernel sct::tests::union_masking_correctly_rejected
2	PASS [   0.005s] (305/461) ken-kernel subst::tests::subst_tel_outermost_var_picks_first_arg
2	PASS [   0.025s] (306/461) ken-kernel::acceptance ac3_sigma_eta
2	PASS [   0.011s] (307/461) ken-kernel::acceptance ac4_elim_vec_type_checks
2	PASS [   0.011s] (308/461) ken-kernel::acceptance k2_eq_inductive_same_ctor_nat_suc
2	PASS [   0.007s] (309/461) ken-kernel::acceptance k2_quotient_elim_on_class
2	PASS [   0.007s] (310/461) ken-kernel::acceptance k2_seam3_nonomega_quot_elim_rejected
2	PASS [   0.007s] (311/461) ken-kernel::acceptance k2_trunc_elim_on_proj
2	PASS [   0.007s] (312/461) ken-kernel::acceptance k2_trunc_eq_is_top
2	PASS [   0.007s] (313/461) ken-kernel::ax2_named_postulate_inertness changing_only_an_opaque_label_changes_audit_text_not_typing
2	PASS [   0.007s] (314/461) ken-kernel::conv_eq_congruence eq_congruence_distinct_endpoint_stays_rejected
2	PASS [   0.008s] (315/461) ken-kernel::ds6a_int_deceq_certificate unregistered_primitive_has_no_certificate
2	PASS [   0.011s] (316/461) ken-kernel::ds6b_intlit_eq_reduction intlit_infers_the_registered_primitive_type
2	PASS [   0.006s] (317/461) ken-kernel::ds6b_intlit_eq_reduction trusted_base_untouched_by_intlit_mechanism
2	PASS [   0.008s] (318/461) ken-kernel::k1p5_wstyle ac1_tree_w_style_admitted
2	PASS [   0.006s] (319/461) ken-kernel::k1p5_wstyle ac2_two_motive_levels_accepted
2	PASS [   0.009s] (320/461) ken-kernel::k2c_series2 j_dependent_motive_fires
2	PASS [   0.354s] (321/461) ken-interp::px7f_system_resource escaped_copy_is_legal_but_every_later_use_is_closed
2	PASS [   0.009s] (322/461) ken-kernel::k5_omega_fragment absurd_proof_must_actually_be_bottom
2	PASS [   0.010s] (323/461) ken-kernel::k4_omega_motive non_type_non_omega_motive_still_rejected
2	PASS [   0.005s] (324/461) ken-kernel::k5_omega_fragment tt_proves_reduced_top_goal
2	PASS [   0.008s] (325/461) ken-kernel::nested_inductives_all zero_evidence_constructor_remains_source_aligned
2	PASS [   0.008s] (326/461) ken-kernel::nested_inductives_d3b_d4 sigma_lift_method_and_iota_are_one_kernel_checked_pair
2	PASS [   0.170s] (327/461) ken-kernel::nested_inductives_remaining checked_transparent_sigma_alias_rejects_inner_arrow_negative
2	PASS [   0.168s] (328/461) ken-kernel::nested_inductives_remaining nested_recursive_host_composes_method_lift_and_iota
2	PASS [   0.006s] (329/461) ken-kernel::nested_inductives_remaining seed_negative_under_fresh_positive_bag_rejects_only_inner_arrow
2	PASS [   0.008s] (330/461) ken-kernel::sigma_sort sigma_subset_pairs_not_proof_irrelevant
2	PASS [   0.008s] (331/461) ken-runtime activation_abi::export_rendering_tests::padding_the_top_limb_too_would_change_the_bytes
2	PASS [   0.007s] (332/461) ken-runtime boundary_activation::tests::cap_zero_cannot_be_raised_child
2	PASS [   0.005s] (333/461) ken-runtime boundary_value::reservation_units_tests::region_reservation_can_shrink_before_publication
2	PASS [   0.008s] (334/461) ken-runtime boundary_value_clif::tests::b2v_a_persistent_slot_resolves_back_through_the_store
2	PASS [   0.029s] (335/461) ken-runtime boundary_value_clif::tests::b2v_a_wrapped_limb_span_fails_closed
2	PASS [   0.032s] (336/461) ken-runtime boundary_value_clif::tests::b2v_ac10_a_multi_node_cycle_is_refused_while_a_shared_dag_adopts
2	PASS [   0.092s] (337/461) ken-runtime boundary_value::invocation_aggregate_decode_tests::a_deep_chain_and_a_shared_child_both_decode
2	PASS [   0.011s] (338/461) ken-runtime boundary_value_clif::tests::b2v_ac6_invocation_owned_classes_are_never_persisted
2	PASS [   0.065s] (339/461) ken-runtime boundary_value_clif::tests::b2v_ac10_emitted_construction_publishes_only_through_store_adoption
2	PASS [   0.069s] (340/461) ken-runtime boundary_value_clif::tests::b2v_emitted_wide_int_construction_refuses_a_noncanonical_magnitude
2	PASS [   0.045s] (341/461) ken-runtime boundary_value_clif::tests::b2v_malformed_words_are_refused_with_distinct_exact_errors
2	PASS [   0.007s] (342/461) ken-runtime boundary_value_clif::tests::b2v_the_plan_owner_bands_agree_with_referent_owner
2	PASS [   0.007s] (343/461) ken-runtime boundary_value_clif::tests::b2v_the_tag_set_is_closed_in_both_directions
2	PASS [   0.009s] (344/461) ken-runtime canonical::tests::set_ordering_deterministic
2	PASS [   0.008s] (345/461) ken-runtime cranelift_backend::artifact::api::tests::nc8_certificate_false_supported_claim_rejects_by_recomputation
2	PASS [   0.009s] (346/461) ken-runtime cranelift_backend::artifact::tests::b2f_ac8_the_native_int_module_declares_exactly_its_nine_functions
2	PASS [   0.008s] (347/461) ken-runtime cranelift_backend::grafted_spine_control_graph::tests::deleted_intermediate_call_return_rejects_at_terminal_reachability_layer
2	PASS [   0.007s] (348/461) ken-runtime cranelift_backend::grafted_spine_control_graph::tests::duplicate_terminal_rejects_at_member_affinity_layer
2	PASS [   0.005s] (349/461) ken-runtime cranelift_backend::lowering::core::branched_scrutinee_unit_body_observer_tests::plain_match_branch_entry_is_retained_when_the_same_resolution_reaches_route1
2	PASS [   0.024s] (350/461) ken-runtime cranelift_backend::lowering::core::primitive::tests::cranelift_runs_scalar_seed_and_verifies_function
2	PASS [   0.167s] (351/461) ken-runtime boundary_value_clif::tests::b2v_the_emitted_immediate_class_is_the_plans
2	PASS [   0.088s] (352/461) ken-runtime cranelift_backend::lowering::core::primitive::tests::px8i_big_small_big_mul_and_canonical_narrow_are_exact
2	PASS [   0.008s] (353/461) ken-runtime cranelift_backend::lowering::core::tests::constructors::a_capture_contract_declaring_too_few_slots_rejects
2	PASS [   0.007s] (354/461) ken-runtime cranelift_backend::lowering::core::tests::constructors::a_construction_time_occurrence_lookup_fails_closed
2	PASS [   0.041s] (355/461) ken-runtime cranelift_backend::lowering::core::primitive::tests::safe_bytes_slice_and_decode_native_results_are_explicit
2	PASS [   0.021s] (356/461) ken-runtime cranelift_backend::lowering::core::tests::constructors::a_dynamic_alternative_with_no_planned_record_refuses
2	PASS [   0.019s] (357/461) ken-runtime cranelift_backend::lowering::core::tests::constructors::b2f_d9_the_same_emitter_builds_the_string_class
2	PASS [   0.009s] (358/461) ken-runtime cranelift_backend::lowering::core::tests::constructors::c1_d3_ac_c4_the_recursor_capsule_is_refused_before_its_residual_is_read
2	PASS [   0.025s] (359/461) ken-runtime cranelift_backend::lowering::core::tests::constructors::c1_d3_ac_c4_the_recursive_positions_ownership_comes_from_the_frame
2	PASS [   0.022s] (360/461) ken-runtime cranelift_backend::lowering::core::tests::constructors::carried_bool_family_refuses_a_duplicate_role_pre_arm
2	PASS [   0.028s] (361/461) ken-runtime cranelift_backend::lowering::core::tests::constructors::constructor_field_aggregate_unconsumed_sibling_stays_ordinary
2	PASS [   0.022s] (362/461) ken-runtime cranelift_backend::lowering::core::tests::constructors::constructor_field_outer_arity_rejects_before_field_lowering
2	PASS [   0.009s] (363/461) ken-runtime cranelift_backend::lowering::core::tests::constructors::dynamic_constructor_fields_precede_outer_environment_in_declaration_order
2	PASS [   0.007s] (364/461) ken-runtime cranelift_backend::lowering::core::tests::constructors::dynamic_constructor_known_omission_owns_source_default
2	PASS [   0.025s] (365/461) ken-runtime cranelift_backend::lowering::core::tests::constructors::d2_a_capacity_exceeding_runtime_span_fails_before_publication
2	PASS [   0.023s] (366/461) ken-runtime cranelift_backend::lowering::core::tests::constructors::dynamic_constructor_mixed_present_and_omitted_keeps_default_distinct
2	PASS [   0.031s] (367/461) ken-runtime cranelift_backend::lowering::core::tests::constructors::nested_computational_outer_arity_rejects_specifically
2	PASS [   0.011s] (368/461) ken-runtime cranelift_backend::lowering::core::tests::constructors::static_worker_construction_rejects_wrong_capture_count
2	PASS [   0.010s] (369/461) ken-runtime cranelift_backend::lowering::core::tests::control::oriented_same_depth_siblings_require_exact_dynamic_edges
2	PASS [   0.085s] (370/461) ken-runtime cranelift_backend::lowering::core::tests::constructors::nested_worker_depends_on_both_levels
2	PASS [   0.064s] (371/461) ken-runtime cranelift_backend::lowering::core::tests::control::px8j_all_three_producer_paths_reach_real_consumers
2	PASS [   0.008s] (372/461) ken-runtime cranelift_backend::lowering::core::tests::control::refusal_pins_rehomed_static_worker_without_selector_exclusion
2	PASS [   0.008s] (373/461) ken-runtime cranelift_backend::lowering::core::tests::control::rt_escape_within_path_duplicate_frame_consume_still_rejects
2	PASS [   0.039s] (374/461) ken-runtime cranelift_backend::lowering::core::tests::control::px8j_siblings_share_an_origin_and_nested_ih_gets_a_child_origin
2	PASS [   0.025s] (375/461) ken-runtime cranelift_backend::lowering::core::tests::control::valid_root_plus_missing_marked_scalar_cut_rejects_before_emission
2	PASS [   0.051s] (376/461) ken-runtime cranelift_backend::lowering::core::tests::effects::a_dead_arm_traps_while_the_same_arm_constructed_still_refuses_strictly
2	PASS [   0.277s] (377/461) ken-runtime cranelift_backend::lowering::core::tests::control::the_owner_classification_has_a_closed_production_naming_inventory
2	PASS [   0.007s] (378/461) ken-runtime cranelift_backend::lowering::core::tests::effects::ac_4_byte_span_seats_are_activated_exactly_where_evidence_proved_them
2	PASS [   0.210s] (379/461) ken-runtime cranelift_backend::lowering::core::tests::effects::a_discarded_visit_refuses_before_its_body_is_defined
2	PASS [   0.033s] (380/461) ken-runtime cranelift_backend::lowering::core::tests::effects::direct_host_result_closure_match_keeps_established_dynamic_lane
2	PASS [   0.079s] (381/461) ken-runtime cranelift_backend::lowering::core::tests::effects::d5_the_two_byte_span_refusals_are_distinct_typed_values_without_dispatch
2	PASS [   0.045s] (382/461) ken-runtime cranelift_backend::lowering::core::tests::effects::px8n_fs_write_at_arm_rejects_over_bound_reply_before_observation
2	PASS [   0.037s] (383/461) ken-runtime cranelift_backend::lowering::core::tests::effects::recursive_computational_host_result_keeps_established_dynamic_lane
2	PASS [   0.122s] (384/461) ken-runtime cranelift_backend::lowering::core::tests::effects::native_resource_error_projection_follows_the_generated_wire_tail
2	PASS [   0.024s] (385/461) ken-runtime cranelift_backend::lowering::core::tests::effects::resource_token_seat_reads_the_transport_tag_not_semantic_node_identity
2	PASS [   0.021s] (386/461) ken-runtime cranelift_backend::lowering::core::tests::effects::resource_token_seat_refuses_a_wrong_low_tag_before_class_and_scalar
2	PASS [   0.024s] (387/461) ken-runtime cranelift_backend::lowering::core::tests::host_call_carrier::d7_the_same_shaped_redirect_reaches_the_call_seam_and_is_caught_by_the_emission_oracle
2	PASS [   0.028s] (388/461) ken-runtime cranelift_backend::lowering::core::tests::host_call_carrier::d8_all_trap_host_result_emits_no_merge_or_predecessor_conversion
2	PASS [   0.026s] (389/461) ken-runtime cranelift_backend::lowering::core::tests::host_call_carrier::the_generated_root_translates_a_runtime_reached_trap_exactly
2	PASS [   0.041s] (390/461) ken-runtime cranelift_backend::lowering::core::tests::positional_candidate_settlement::ced_d3_m5_settling_the_direct_candidate_twice_is_refused_at_the_second_settlement
2	PASS [   0.121s] (391/461) ken-runtime cranelift_backend::lowering::core::tests::positional_candidate_settlement::d2k_1b_i_every_recognized_static_worker_reaches_a_disposition
2	PASS [   0.124s] (392/461) ken-runtime cranelift_backend::lowering::core::tests::positional_candidate_settlement::d2k_1b_unmarked_seeds_refuse_and_resolve_no_fusion_plane
2	PASS [   0.060s] (393/461) ken-runtime cranelift_backend::lowering::core::tests::recursor_fusion::missing_call_input_callee_child_degrades_the_tag_not_the_compile
2	PASS [   0.067s] (394/461) ken-runtime cranelift_backend::lowering::core::tests::recursor_fusion::r3_fused_target_authority_validator_is_wired_to_both_real_selectors
2	PASS [   0.154s] (395/461) ken-runtime cranelift_backend::lowering::core::tests::positional_candidate_settlement::d9b_the_assembled_ordinary_run_matches_the_planner_role_sequence_by_position
2	PASS [   0.046s] (396/461) ken-runtime cranelift_backend::lowering::core::tests::source_frame_bridge::d6b_the_mixed_pair_is_over_one_body_and_only_a_retarget_makes_the_two_tables_disagree
2	PASS [   0.130s] (397/461) ken-runtime cranelift_backend::lowering::core::tests::source_frame_bridge::d8l2_the_composed_call_returns_the_ordinary_payload_it_consumed
2	PASS [   0.006s] (398/461) ken-runtime cranelift_backend::lowering::core::tests::specialization_binding::continuation_case_binder_run_resolves_a_field_by_source_position_not_envelope_ordinal
2	PASS [   0.117s] (399/461) ken-runtime cranelift_backend::lowering::core::tests::specialization_binding::d4a_the_nearest_alias_slot_holds_the_operand_built_for_that_binding
2	PASS [   0.328s] (400/461) ken-runtime cranelift_backend::lowering::core::tests::source_frame_bridge::d6c_the_sealed_binder_run_refuses_a_miscounted_or_permuted_run_at_its_producer
2	PASS [   0.065s] (401/461) ken-runtime cranelift_backend::lowering::core::tests::specialization_binding::d4b_the_generated_frame_consumer_runs_on_a_real_compile
2	PASS [   0.040s] (402/461) ken-runtime cranelift_backend::lowering::core::tests::specialization_binding::d5a_the_retargeted_worker_call_carries_the_raw_run_plus_the_context_capture_suffix
2	PASS [   0.018s] (403/461) ken-runtime cranelift_backend::lowering::core::tests::specialization_binding::d7a_the_three_field_selector_collides_where_the_four_field_selector_resolves
2	PASS [   0.014s] (404/461) ken-runtime cranelift_backend::lowering::core::tests::specialization_binding::d8h_a_composed_call_target_carries_the_identity_its_own_coordinate_selects
2	PASS [   0.033s] (405/461) ken-runtime cranelift_backend::lowering::core::tests::specialization_binding::d8k_the_causal_population_is_a_disjoint_partition_of_direct_and_composed
2	PASS [   0.068s] (406/461) ken-runtime cranelift_backend::lowering::core::tests::specialization_binding::d8d_the_composed_binding_site_tracks_the_narrowed_intersection_route
2	PASS [   0.010s] (407/461) ken-runtime cranelift_backend::lowering::core::tests::swapping_two_same_shaped_children_swaps_their_derived_origins
2	PASS [   0.007s] (408/461) ken-runtime cranelift_backend::lowering::source::tests::px8j_source_machine_install_accepts_valid_unchecked_segment
2	PASS [   0.010s] (409/461) ken-runtime cranelift_backend::lowering::source::tests::generated_entry_capsule_guard_rejects_every_specialized_sibling
2	PASS [   0.007s] (410/461) ken-runtime cranelift_backend::lowering::units::admitted_matches_role_sequence::a_short_admitted_run_is_refused_against_the_roles
2	PASS [   0.014s] (411/461) ken-runtime cranelift_backend::planning::static_transition::aggregates::checked_ih_captured_env_schema::a_mixed_run_carries_the_per_capture_lifetime_and_the_escaping_meet
2	PASS [   0.011s] (412/461) ken-runtime cranelift_backend::planning::static_transition::aggregates::checked_ih_captured_env_schema::capture_origin_rejects_a_force_owner_paired_with_the_wrong_seat
2	PASS [   0.009s] (413/461) ken-runtime cranelift_backend::planning::static_transition::aggregates::tests::a_path_step_kind_is_load_bearing_not_an_index
2	PASS [   0.012s] (414/461) ken-runtime cranelift_backend::planning::static_transition::aggregates::checked_ih_captured_env_schema::records_are_keyed_by_exact_force_edges_not_containment
2	PASS [   0.009s] (415/461) ken-runtime cranelift_backend::planning::static_transition::aggregates::tests::the_flattening_reproduces_the_measured_tree
2	PASS [   0.009s] (416/461) ken-runtime cranelift_backend::planning::static_transition::closure::tests::b2o_ac10_semantic_disposition_is_a_function_of_the_plan_graph_alone
2	PASS [   0.010s] (417/461) ken-runtime cranelift_backend::planning::static_transition::closure::tests::boundary_c1_declared_and_projected_field_share_one_identity
2	PASS [   0.011s] (418/461) ken-runtime cranelift_backend::planning::static_transition::closure::tests::d2h_ac2_the_three_expressible_refusals_mint_nothing
2	PASS [   0.023s] (419/461) ken-runtime cranelift_backend::planning::static_transition::closure::tests::boundary_b1r_control_2_dropping_one_origins_material_record_is_rejected
2	PASS [   0.006s] (420/461) ken-runtime cranelift_backend::planning::static_transition::continuations::fusion::tests::d2e_binder_role_past_the_case_run_is_the_frame_environment
2	PASS [   0.008s] (421/461) ken-runtime cranelift_backend::planning::static_transition::closure::tests::substrate_case_emission_closes_the_exact_alternative_union
2	PASS [   0.009s] (422/461) ken-runtime cranelift_backend::planning::static_transition::continuations::fusion::tests::d2e_ih_binding_does_not_leak_into_a_closure_body
2	PASS [   0.017s] (423/461) ken-runtime cranelift_backend::planning::static_transition::continuations::fusion::tests::d2j_the_segment_owner_re_home_is_provenance_and_non_aliasing
2	PASS [   0.010s] (424/461) ken-runtime cranelift_backend::planning::static_transition::continuations::tests::contspec_ordinary_prefix_uses_the_ordered_worker_envelope
2	PASS [   0.012s] (425/461) ken-runtime cranelift_backend::planning::static_transition::continuations::tests::contsrc_d2b_current_lexical_availability_counts_the_intervening_binder
2	PASS [   0.031s] (426/461) ken-runtime cranelift_backend::planning::static_transition::continuations::fusion::tests::d2j_the_source_side_causes_refuse_before_any_id_exists
2	PASS [   0.005s] (427/461) ken-runtime cranelift_backend::planning::static_transition::continuations::tests::contsrc_d3a_abi_provenance_separates_the_domains_at_one_owner
2	PASS [   0.009s] (428/461) ken-runtime cranelift_backend::planning::static_transition::continuations::tests::contsrc_d2b_generated_context_capture_separates_root_from_immediate
2	PASS [   0.007s] (429/461) ken-runtime cranelift_backend::planning::static_transition::continuations::tests::d3_a_seed_provenance_declaration_transports_with_its_own_carrier
2	PASS [   0.006s] (430/461) ken-runtime cranelift_backend::planning::static_transition::immediate_bridge::tests::lifted_call_closure_construct_producer_is_heterogeneous
2	PASS [   0.011s] (431/461) ken-runtime cranelift_backend::planning::static_transition::occurrences::tests::a_body_occurrence_naming_an_in_range_control_node_is_refused
2	PASS [   0.015s] (432/461) ken-runtime cranelift_backend::planning::static_transition::joins_traps::tests::d8_inert_abi_slots_do_not_change_recursive_descent_join_storage
2	PASS [   0.008s] (433/461) ken-runtime cranelift_backend::planning::static_transition::responses::tests::opaque_k_vis_returns_typed_ssa_infeasible
2	PASS [   0.008s] (434/461) ken-runtime cranelift_backend::surface::surface_diagnostics_tests::error_constructors_build_the_arms_they_name
2	PASS [   0.008s] (435/461) ken-runtime executable_artifact_contract::tests::available_native_artifact_rejects_blank_required_evidence_fields
2	PASS [   0.008s] (436/461) ken-runtime executable_artifact_contract::tests::available_native_artifact_rejects_unavailable_or_unsupported_lanes
2	PASS [   0.009s] (437/461) ken-runtime executable_artifact_contract::tests::contract_hash_is_stable_under_canonical_map_insertion_order
2	PASS [   0.007s] (438/461) ken-runtime executable_entrypoint_packaging::tests::runtime_entrypoint_package_binds_entrypoint_runtime_report_and_contract
2	PASS [   0.006s] (439/461) ken-runtime ir::tests::acf2_computational_recursive_position_arity_is_load_bearing
2	PASS [   0.007s] (440/461) ken-runtime ir::tests::acf2_ordinary_binders_is_load_bearing
2	PASS [   0.005s] (441/461) ken-runtime ir::tests::checked_ih_binder_morphism_maps_the_lawful_ordinal_zero_to_runtime_four
2	PASS [   2.257s] (442/461) ken-runtime native_execution_differential::tests::effect_policy_unavailable_still_rejects_stale_executable_artifact
2	PASS [   0.006s] (443/461) ken-runtime native_process_entrypoint::tests::runtime_init_makes_trap_reporting_available_before_entry
2	PASS [   2.593s] (444/461) ken-runtime native_execution_differential::tests::hidden_deferred_effect_body_reports_named_unavailable_without_native_execution
2	PASS [  10.654s] (445/461) ken-elaborator::v3_fo_route_proved_composition accepted_certificate_returns_exact_kernel_checked_composite
2	PASS [   2.362s] (446/461) ken-runtime object_linker_packaging::tests::generic_object_decodes_terminal_big_before_destroying_its_arena
2	PASS [   0.008s] (447/461) ken-runtime object_linker_packaging::tests::stale_platform_support_hash_rejects_before_linking
2	PASS [   0.007s] (448/461) ken-runtime object_linker_packaging::tests::unsupported_platform_target_rejects_before_object_emission
2	PASS [   0.009s] (449/461) ken-runtime oriented_subcontinuation_plan::tests::computational_ih_parent_edge_deletion_corruption_and_swap_reject
2	PASS [   0.008s] (450/461) ken-runtime platform_runtime_support::tests::runtime_ir_run_report_must_bind_exact_runtime_artifact
2	PASS [   0.011s] (451/461) ken-runtime store::tests::auto_gc_not_present
2	PASS [   0.012s] (452/461) ken-runtime store::tests::escape_survives_sender_reset
2	PASS [   0.006s] (453/461) ken-runtime target_abi::tests::native_identity_accepts_match_and_rejects_mismatch
2	PASS [   0.005s] (454/461) ken-runtime unknown::tests::unknown_and_unknown_is_unknown
2	PASS [   0.046s] (455/461) ken-runtime::value_depth_totality ac_v9_a_closure_at_depth_d_minus_one_is_refused_transitively
2	PASS [   2.283s] (456/461) ken-runtime object_linker_packaging::tests::packages_and_smokes_scalar_starter_executable
2	PASS [   0.006s] (457/461) ken-runtime::value_depth_totality scenario_worker
2	PASS [   0.007s] (458/461) ken-verify canonical::tests::wrong_capability_and_denial_are_proven_before_host_action
2	PASS [   0.160s] (459/461) ken-runtime::value_depth_totality ac_v9_projection_completes_at_depth_d_with_exact_closed_form_bytes
2	PASS [  10.384s] (460/461) ken-runtime object_linker_packaging::tests::process_artifact_maps_exitcode_and_reports_terminal_traps
2	PASS [  29.621s] (461/461) ken-elaborator::px7f_resource_lifetime_export independent_event_lookalike_is_rejected_before_t_or_hash_emission
3	PASS [   0.006s] (  1/461) ken-cli entrypoint_tests::exit_code_mapping_is_total_and_failure_zero_fails_closed
3	PASS [   0.463s] (  2/461) ken-cli entrypoint_tests::apartial_cannot_apply_afull_writefile_wrapper
3	PASS [   0.467s] (  3/461) ken-cli entrypoint_tests::apartial_write_returns_named_denial_before_capture_host_syscall
3	PASS [   0.473s] (  4/461) ken-cli::cli_i1_entrypoint_abi named_main_with_wrong_signature_is_rejected_before_execution
3	PASS [   0.517s] (  5/461) ken-cli::cli_i1_entrypoint_abi argv_after_separator_round_trips_non_utf8_and_pre_separator_is_rejected
3	PASS [   0.489s] (  6/461) ken-cli::ken_check_mode check_catalog_entry_resolves_import_through_roots_loader
3	PASS [   0.484s] (  7/461) ken-cli::ken_check_mode check_existing_catalog_entry_through_roots_loader
3	PASS [   0.164s] (  8/461) ken-cli::library_documentation_gates ledger_set_mismatch_when_a_citation_is_added_without_a_ledger_row
3	PASS [   1.834s] (  9/461) ken-cli::library_documentation_gates shallow_clone_self_heals_from_an_independent_full_history_origin
3	PASS [   0.010s] ( 10/461) ken-cli::mrc_d8_manifest_premise mrc_d8_control_defaulting_the_feature_reds_fact_two
3	PASS [   0.005s] ( 11/461) ken-cli::mrc_d8_manifest_premise mrc_d8_control_the_reader_is_not_satisfied_by_a_comment_or_a_neighbouring_table
3	PASS [   0.006s] ( 12/461) ken-cli::mrc_d8_manifest_premise mrc_d9_control_a_featured_normal_edge_on_any_member_reds_fact_four
3	PASS [  38.263s] ( 13/461) ken-cli::ken_fmt strict_frozen_corpus_gate_is_green
3	PASS [  51.913s] ( 14/461) ken-cli::px4b_native_production fs_write_and_read_resume_through_the_native_capability
3	PASS [  73.624s] ( 15/461) ken-cli::abi_s6_mapping_surface_native window_read_then_offset_direct_map_write_executes_in_source_order
3	PASS [   0.008s] ( 16/461) ken-cli::px4b_native_production plain_raw_literal_is_the_unchanged_discriminator
3	PASS [  46.228s] ( 17/461) ken-cli::px4b_native_production native_build_subcommand_reaches_the_same_public_producer
3	PASS [  45.077s] ( 18/461) ken-cli::px4b_native_production one_vis_reaches_the_px5_native_host_dispatch
3	PASS [  46.724s] ( 19/461) ken-cli::px4b_native_production real_source_builds_one_identity_bound_linked_process_artifact
3	PASS [ 149.255s] ( 20/461) ken-cli::abi_s6_mapping_surface_native fixed_accounting_boundary_lengths_reach_both_engines
3	PASS [   0.063s] ( 21/461) ken-cli::rt_native_string_construction native_string_bytes_f3_decode_encode_holds_in_both_native_engines
3	PASS [   0.007s] ( 22/461) ken-cli::rt_native_string_construction native_string_ground_ingress_normalizes
3	PASS [   0.453s] ( 23/461) ken-cli::rt_native_string_construction native_string_single_non_ascii_scalar_is_not_a_utf8_byte
3	PASS [ 101.621s] ( 24/461) ken-cli::px7f_resource_native bounded_epoch_refuses_before_the_checked_program_issues_an_effect
3	PASS [  87.135s] ( 25/461) ken-cli::rt_cold_lowering_path_enumeration rt_write_writable_stage
3	PASS [   0.009s] ( 26/461) ken-elaborator checked_core::tests::body_view_rejects_unsupported_proof_only_match
3	PASS [   0.008s] ( 27/461) ken-elaborator checked_core::tests::emitter_materializes_missing_compiler_metadata_as_unsupported
3	PASS [   0.008s] ( 28/461) ken-elaborator checked_core::tests::lowerability_metadata_is_semantic_and_stably_ordered
3	PASS [   0.008s] ( 29/461) ken-elaborator checked_core::tests::semantic_sections_are_order_independent
3	PASS [   0.012s] ( 30/461) ken-elaborator checked_core::tests::validator_rejects_bad_kind_empty_header_and_incomplete_lowerability
3	PASS [   0.008s] ( 31/461) ken-elaborator compiler_driver::tests::erased_constructor_parameter_and_live_ih_argument_emit_one_call_template
3	PASS [   0.471s] ( 32/461) ken-elaborator compiler_driver::tests::native_literal_metadata_uses_only_live_checked_provenance_after_rollback
3	PASS [   0.518s] ( 33/461) ken-elaborator compiler_driver::tests::unsupported_target_metadata_is_reported_as_named_lane
3	PASS [   0.438s] ( 34/461) ken-elaborator elab::nested_lift_association_tests::anonymous_u_to_r_association_selects_r_and_rejects_when_deleted
3	PASS [   0.430s] ( 35/461) ken-elaborator elab::nested_lift_association_tests::direct_recursive_ih_self_call_discharges_before_ordinary_arguments
3	PASS [   0.431s] ( 36/461) ken-elaborator elab::nested_lift_association_tests::recursive_ih_record_sigma_evidence_is_applied_before_source_arguments
3	PASS [   0.431s] ( 37/461) ken-elaborator elab::omega_index_refinement_tests::branch_goal_classifier_outside_type_or_omega_fails_closed
3	PASS [   0.436s] ( 38/461) ken-elaborator elab::result_transport_control_flow_tests::active_premise_frame_authority_fails_closed
3	PASS [   0.435s] ( 39/461) ken-elaborator elab::result_transport_control_flow_tests::active_premise_frame_order_and_overflow_fail_closed
3	PASS [   0.441s] ( 40/461) ken-elaborator elab::result_transport_control_flow_tests::active_premise_view_relocates_context_entries_and_inferred_outputs
3	PASS [   0.964s] ( 41/461) ken-elaborator elab::result_transport_control_flow_tests::current_inference_preserves_type_and_omega_classifier_kinds
3	PASS [   0.015s] ( 42/461) ken-elaborator erasure::px7l_tests::computational_ih_and_capture_order_have_independent_opposites
3	PASS [   1.840s] ( 43/461) ken-elaborator erasure::px7l_tests::double_counting_the_injected_result_is_refused_by_the_runtime_marker_gate
3	PASS [   0.008s] ( 44/461) ken-elaborator erasure::px7l_tests::erased_constructor_parameter_and_live_ih_argument_emit_one_runtime_marker
3	PASS [   0.007s] ( 45/461) ken-elaborator fo_kripke::tests::quote_fo_accepts_both_controls_and_refuses_outside_the_slice
3	PASS [   0.007s] ( 46/461) ken-elaborator format::tests::token_kind_table_is_exhaustive_for_current_notation_variants
3	PASS [   0.007s] ( 47/461) ken-elaborator layout::tests::display_columns_are_not_utf8_bytes
3	PASS [   0.007s] ( 48/461) ken-elaborator layout::tests::formats_blocks_with_two_space_relative_nesting
3	PASS [   0.568s] ( 49/461) ken-elaborator modules::namespace_effect_tests::facade_selected_equal_canonical_distinct_ids_collide_at_export
3	PASS [   0.576s] ( 50/461) ken-elaborator modules::namespace_effect_tests::forward_local_export_cannot_authorize_unavailable_self_facade
3	PASS [   1.692s] ( 51/461) ken-elaborator modules::namespace_effect_tests::imported_owner_grants_only_its_bound_inline_child_path
3	PASS [   0.873s] ( 52/461) ken-elaborator modules::namespace_effect_tests::inline_grandchild_preserves_transitive_authority_and_privacy
3	PASS [   1.285s] ( 53/461) ken-elaborator modules::namespace_effect_tests::later_same_unit_sibling_rejects_regardless_of_file_import_order
3	PASS [   0.845s] ( 54/461) ken-elaborator modules::namespace_effect_tests::selective_import_does_not_grant_qualified_access
3	PASS [   1.248s] ( 55/461) ken-elaborator modules::namespace_effect_tests::strict_roots_refuses_checked_same_top_proved_forgery_before_load_or_reuse
3	PASS [   0.008s] ( 56/461) ken-elaborator parser::atom_form_closure::three_expression_forms_are_live_at_the_head_and_refused_as_arguments
3	PASS [   0.436s] ( 57/461) ken-elaborator r_layer_tests::acceptance::class_declaration_requires_initialized_class_env_without_mutation
3	PASS [   0.431s] ( 58/461) ken-elaborator r_layer_tests::acceptance::constrained_view_requires_initialized_class_env_without_mutation
3	PASS [  54.765s] ( 59/461) ken-cli::rt_nested_ih_native_realization nested_checked_ih_native_result_is_exactly_interpreter_nat_three
3	PASS [   6.271s] ( 60/461) ken-elaborator r_layer_tests::cat_effectful_classes_import::effectful_classes_local_dictionary_inventory_is_exact
3	PASS [   6.467s] ( 61/461) ken-elaborator r_layer_tests::cat_effectful_classes_pub_export::effectful_classes_publication_preserves_class_and_instance_owners
3	PASS [   2.691s] ( 62/461) ken-elaborator r_layer_tests::cat_ord_nat_canonical_owner::ownership_move_preserves_trust_posture_and_behavior
3	PASS [   1.983s] ( 63/461) ken-elaborator r_layer_tests::cat_order_pub_export::order_facade_does_not_export_the_totality_bridge
3	PASS [   6.907s] ( 64/461) ken-elaborator r_layer_tests::cat_ord_nat_canonical_owner::pair_floor_advances_the_structural_compare_boundary
3	PASS [   4.574s] ( 65/461) ken-elaborator r_layer_tests::cat_tier_d_decoder_import::decoder_preservation_laws_elaborate_for_parsing_source_and_span_client
3	PASS [   4.902s] ( 66/461) ken-elaborator r_layer_tests::cat_tier_d_parsing_group_import::process_arguments_provider_closure_is_exact_and_sibling_disjoint
3	PASS [   0.437s] ( 67/461) ken-elaborator r_layer_tests::cat_tier_d_process_environment_import::process_environment_publication_is_visibility_only
3	PASS [ 109.750s] ( 68/461) ken-cli::rt_mapping_multiop_dispatch repeated_fs_metadata_effects_match_the_interpreter
3	PASS [   8.666s] ( 69/461) ken-elaborator r_layer_tests::cat_tier_d_render_import::diagnostics_render_imports_are_exact_canonical_and_helpers_private
3	PASS [   0.008s] ( 70/461) ken-elaborator r_layer_tests::ds1_empty_dec_acceptance::ac1_dec_admits_and_elim_dec_large_eliminates_into_type0
3	PASS [   1.696s] ( 71/461) ken-elaborator r_layer_tests::ds1_empty_dec_acceptance::real_empty_dec_imports_bind_canonical_class_and_transport_identities
3	PASS [   0.008s] ( 72/461) ken-elaborator r_layer_tests::effects::cap_op_with_token_accepted
3	PASS [   0.007s] ( 73/461) ken-elaborator r_layer_tests::effects::handler_multishot_rejected
3	PASS [   0.008s] ( 74/461) ken-elaborator r_layer_tests::effects::higher_order_guard_coexists_with_first_order_callee
3	PASS [   0.007s] ( 75/461) ken-elaborator r_layer_tests::effects::higher_order_two_params_each_guarded
3	PASS [   0.008s] ( 76/461) ken-elaborator r_layer_tests::effects::lower_elim_itree_ret_kernel_accepts
3	PASS [   0.008s] ( 77/461) ken-elaborator r_layer_tests::kenfmt_b3_layout::ac6_representable_declaration_blocks_break_in_both_orientations
3	PASS [   0.008s] ( 78/461) ken-elaborator r_layer_tests::kenfmt_b4_splicing::ac1_extractor_exposes_all_four_roles_and_marker_spans_additively
3	PASS [   0.015s] ( 79/461) ken-elaborator r_layer_tests::kenfmt_let_layout::let4_comments_stay_owned_and_shadowing_starts_a_new_segment
3	PASS [   0.007s] ( 80/461) ken-elaborator r_layer_tests::lang_mod_catalog_evidence_frontier::global_ledger_collector_reaches_every_decl_variant_and_inductive_field
3	PASS [   0.436s] ( 81/461) ken-elaborator r_layer_tests::n4_program_admits::package_dependency_is_transitive_for_coherence_but_not_parent_direct_use
3	PASS [   0.433s] ( 82/461) ken-elaborator r_layer_tests::n4_program_admits::sole_external_source_provider_self_admits_without_boundary
3	PASS [   0.891s] ( 83/461) ken-elaborator r_layer_tests::n4_program_admits::unadmitted_direct_dispatch_rejects_after_selection_and_one_line_admit_flips
3	PASS [   0.895s] ( 84/461) ken-elaborator seal2_tests::adversary_repros::direct_transfer_count_forgery_routes_all_reject
3	PASS [   0.605s] ( 85/461) ken-elaborator seal2_tests::adversary_repros::transfer_count_has_no_public_producer
3	PASS [   0.470s] ( 86/461) ken-elaborator seal2_tests::producer_closure::a_source_visible_producer_is_rejected_by_the_upstream_inventory
3	PASS [  52.112s] ( 87/461) ken-cli::rt_selected_pending_call_admission selected_pending_write_arm_runs_its_bind_continuation_natively
3	PASS [   0.009s] ( 88/461) ken-elaborator seal2_tests::producer_closure::certificate_ignores_prose_only_carrier_mentions
3	PASS [   0.606s] ( 89/461) ken-elaborator seal2_tests::producer_closure::one_derivation_covers_both_sealed_carriers
3	PASS [   0.469s] ( 90/461) ken-elaborator::ax2_axiom_named_postulates repeated_expression_axioms_share_the_owner_label_but_not_identity
3	PASS [   0.007s] ( 91/461) ken-elaborator::b2_acceptance closedness_metatheorem_typechecks_via_elim
3	PASS [  24.206s] ( 92/461) ken-elaborator r_layer_tests::cat_tier_d_parsing_group_import::parsing_numeric_implementation_siblings_remain_private
3	PASS [   0.007s] ( 93/461) ken-elaborator::bare_proof_selector_atom ac5_bare_selector_in_argument_position_is_refused_and_grouping_is_the_escape_hatch
3	PASS [  14.646s] ( 94/461) ken-elaborator r_layer_tests::cat_tier_e_decoder_import::decoder_checked_provider_and_schema_closure_is_exact
3	PASS [   4.580s] ( 95/461) ken-elaborator::cat5_parsing_package cat5_d1_end_past_source_length_rejected
3	PASS [   5.869s] ( 96/461) ken-elaborator::cat5_parsing_package cat5_d1_valid_half_open_bounds_and_zero_width_offsets_check
3	PASS [   4.442s] ( 97/461) ken-elaborator::cat5_parsing_package cat5_d2_failure_with_invalid_span_rejected_by_law
3	PASS [   1.427s] ( 98/461) ken-elaborator::cat_capability_laws_prelude_move capability_laws_have_checked_local_owners_without_prelude_fallthrough
3	PASS [   2.716s] ( 99/461) ken-elaborator::cat_derived_pub_export derived_loader_publishes_exactly_its_authorized_export_surface
3	PASS [   4.757s] (100/461) ken-elaborator::cat5_parsing_package parsing_reuses_the_canonical_nat_providers
3	PASS [   1.803s] (101/461) ken-elaborator::cat_string_bijection_pub_export string_keys_closure_retains_the_published_injectivity_identity
3	PASS [   2.915s] (102/461) ken-elaborator::cat_sort_insertion_sort_acceptance boolean_vectors_compute_and_both_generic_laws_instantiate
3	PASS [   3.186s] (103/461) ken-elaborator::cc2_text_codec_numeric_acceptance cc2_checked_code_has_zero_axiom_and_zero_trusted_base_delta
3	PASS [  25.957s] (104/461) ken-elaborator seal2_tests::producer_closure::catalog_source_root_confinement_certificate
3	PASS [   3.066s] (105/461) ken-elaborator::cc3_parsing_cursor_decoder_acceptance derived_fixture_retains_lawfulclasses_for_cc3_dependency_closure
3	PASS [   7.669s] (106/461) ken-elaborator::cc1_nonempty_validation_acceptance ordered_dependency_closure_elaborates_both_packages_and_all_laws
3	PASS [   0.494s] (107/461) ken-elaborator::conversions_acceptance ac3_explicit_conversion_accepts_as_option
3	PASS [   0.462s] (108/461) ken-elaborator::conversions_acceptance ac3_no_implicit_cross_type_coercion_rejects
3	PASS [   2.704s] (109/461) ken-elaborator::compare_ord_lexicographic_acceptance list_instance_routes_the_canonical_compare_into_raw_list_compare
3	PASS [   1.667s] (110/461) ken-elaborator::conversions_acceptance neg_uintn_out_of_scope_unregistered
3	PASS [   0.427s] (111/461) ken-elaborator::decimal_char_acceptance char_is_isscalar_refinement
3	PASS [   3.609s] (112/461) ken-elaborator::conversions_acceptance ac4_checked_sub_underflow_every_width
3	PASS [   0.433s] (113/461) ken-elaborator::decimal_char_acceptance decimal_add_same_exponent
3	PASS [   0.466s] (114/461) ken-elaborator::decimal_char_acceptance decimal_eq_distinct_flips_vs_false_true
3	PASS [   0.429s] (115/461) ken-elaborator::decimal_char_acceptance decimal_mul_exact_flips_vs_saturating
3	PASS [   0.478s] (116/461) ken-elaborator::def_path_constraint_binder_unification all_def_keywords_share_named_auto_and_sole_dictionary_bindings
3	PASS [   0.467s] (117/461) ken-elaborator::dependent_match_coherent_frame_acceptance direct_same_context_control_stays_elaborable
3	PASS [   0.486s] (118/461) ken-elaborator::dependent_match_context_telescope_acceptance indirect_dependency_closure_via_predicate_param
3	PASS [   0.467s] (119/461) ken-elaborator::dependent_match_context_telescope_acceptance transitive_closure_follows_index_refinement
3	PASS [   0.481s] (120/461) ken-elaborator::dependent_match_nonnullary_acceptance ac2_mis_narrowed_cons_arm_stays_kernel_rejected
3	PASS [   0.469s] (121/461) ken-elaborator::dependent_match_wstyle_acceptance ac1_wtree_wstyle_match_elaborates_with_pi_shaped_ih_domain
3	PASS [   0.008s] (122/461) ken-elaborator::ds3_sum_combinators_acceptance zero_axiom_in_sums_ken
3	PASS [   0.436s] (123/461) ken-elaborator::dependent_match_wstyle_acceptance ac2_ill_typed_wstyle_arm_stays_kernel_rejected
3	PASS [   2.820s] (124/461) ken-elaborator::ds4_list_combinators_acceptance ac8_off_by_one_range_length_rejected
3	PASS [   3.358s] (125/461) ken-elaborator::ds4_list_combinators_acceptance ac8_zip_length_is_min_not_left_length
3	PASS [   0.430s] (126/461) ken-elaborator::ds5b_dependent_match_refinement_acceptance tail_constructor_injectivity_retypes_peeled_recursive_field
3	PASS [   2.791s] (127/461) ken-elaborator::ds4_list_combinators_acceptance all_five_combinators_and_their_laws_are_real_globals
3	PASS [  13.704s] (128/461) ken-elaborator::cc3_parsing_cursor_decoder_acceptance repetition_progress_and_arg_locations_are_discriminating
3	PASS [   0.436s] (129/461) ken-elaborator::ds8b_pure_into_proc_widening ac6_proc_field_still_classifies_proc_at_projection_after_pure_instance
3	PASS [   3.166s] (130/461) ken-elaborator::ds9_json_codec_acceptance intrinsic_all_lift_admits_public_json_nested_pair_and_direct_list_control
3	PASS [   0.437s] (131/461) ken-elaborator::effect_composition_resp_coproduct_acceptance resp_coproduct_inr_reduces_to_rh_applied_to_payload
3	PASS [   6.034s] (132/461) ken-elaborator::ds8_traversable_acceptance compose_partial_law_set_is_actually_present_and_kernel_checked
3	PASS [   0.629s] (133/461) ken-elaborator::es2_acceptance demoted_predicates_absent_from_trusted_base
3	PASS [   2.941s] (134/461) ken-elaborator::either_catalog_package_acceptance ac8_non_involutive_swap_witness_rejected
3	PASS [   0.463s] (135/461) ken-elaborator::es3_modules_acceptance private_name_access_rejected_at_surface
3	PASS [   8.913s] (136/461) ken-elaborator::ds7_applicative_monad_acceptance derived_concat_map_import_identity_and_concrete_vector_are_pinned
3	PASS [   0.446s] (137/461) ken-elaborator::es3_modules_acceptance retired_use_reports_the_migration_diagnostic
3	PASS [   0.469s] (138/461) ken-elaborator::explicit_data_elaboration concrete_non_empty_vector_index_omits_empty_constructor
3	PASS [   0.007s] (139/461) ken-elaborator::explicit_data_parser explicit_family_rejects_bare_head_parameters
3	PASS [   0.006s] (140/461) ken-elaborator::explicit_data_parser named_constructor_field_sugar_rejects_duplicate_labels
3	PASS [  44.293s] (141/461) ken-elaborator::b2_acceptance value_projects_to_t_delegated_never_q
3	PASS [   0.442s] (142/461) ken-elaborator::explicit_data_elaboration legacy_named_constructor_field_sugar_lowers_to_positional_constructor
3	PASS [   0.438s] (143/461) ken-elaborator::fr1_zero_ctor_data_acceptance explicit_family_zero_ctor_data_elaborates_and_eliminates
3	PASS [   0.482s] (144/461) ken-elaborator::fr1_zero_ctor_data_acceptance non_empty_data_forms_still_parse_and_elaborate
3	PASS [   0.486s] (145/461) ken-elaborator::fr2_absurd_collision_hygiene explicit_data_ctor_named_axiom_is_a_hard_error
3	PASS [   0.007s] (146/461) ken-elaborator::ken_md_literate checked_fence_ranges_are_utf8_safe_with_non_ascii_prose
3	PASS [   0.488s] (147/461) ken-elaborator::generated_index_evidence_closure generated_record_index_reflexivity_closes_top_second_child
3	PASS [   0.006s] (148/461) ken-elaborator::kenfmt_b2_token_kind ac1_dispatches_on_kind_and_never_identifier_bytes
3	PASS [   0.008s] (149/461) ken-elaborator::kenfmt_signature_layout layout_changes_only_whitespace_and_token_spelling_by_existing_token_kind
3	PASS [   0.465s] (150/461) ken-elaborator::ken_md_literate ken_example_with_invalid_body_check_fails
3	PASS [   0.442s] (151/461) ken-elaborator::km_sigma_eq_pair_refl wrong_endpoint_pair_lens_law_still_rejects
3	PASS [   0.459s] (152/461) ken-elaborator::l2_acceptance data_recursive_type_accepts
3	PASS [   0.454s] (153/461) ken-elaborator::l2_acceptance nested_ctor_pattern_selects_the_right_arm_at_succ_zero
3	PASS [   0.469s] (154/461) ken-elaborator::l3_strings_roundtrip_acceptance ac4_l2s_totality_on_nontrivial_list
3	PASS [   2.898s] (155/461) ken-elaborator::es4_classes_acceptance ord_bool_provable_laws_are_real_proofs_not_postulates
3	PASS [   0.471s] (156/461) ken-elaborator::l3a_acceptance sort_emits_issorted_and_perm
3	PASS [   0.457s] (157/461) ken-elaborator::l3b_acceptance user_deceq_keyed_map_canonical_identity
3	PASS [   0.472s] (158/461) ken-elaborator::l3b_acceptance user_ord_sort_emits_both_conjuncts
3	PASS [   0.457s] (159/461) ken-elaborator::l7_acceptance pure_but_effectful_foreign_is_the_named_residual
3	PASS [   0.007s] (160/461) ken-elaborator::lang_application_atom_if_rejection argument_position_predicate_admits_only_the_forbidden_shape
3	PASS [   0.009s] (161/461) ken-elaborator::lang_atom_start_classification_closure ac2_the_enclosed_form_is_withheld_and_at_two_arguments_it_re_associates
3	PASS [   0.007s] (162/461) ken-elaborator::lang_atom_start_classification_closure the_match_equation_binder_is_not_a_scrutinee_argument
3	PASS [   0.006s] (163/461) ken-elaborator::lang_bare_operator_atom_rejection ac_grouped_and_prefix_head_forms_are_preserved
3	PASS [   0.007s] (164/461) ken-elaborator::lang_bare_operator_atom_rejection ac_span_rejection_is_at_the_leading_token_and_raised_by_the_atom_parser
3	PASS [   0.472s] (165/461) ken-elaborator::l_resolver_globals ac2_local_let_binding_shadows_global
3	PASS [   2.930s] (166/461) ken-elaborator::k3_literal_char_view checked_unicode_scalar_nfc_and_non_ascii_witness_refusal
3	PASS [   0.467s] (167/461) ken-elaborator::lang_constructor_namespace_shadowing_guard distinct_constructor_spellings_across_families_compile
3	PASS [   0.013s] (168/461) ken-elaborator::lang_foreign_name_format_chars byte_string_inverse_uses_only_a_representable_byte_escape
3	PASS [   0.008s] (169/461) ken-elaborator::lang_foreign_name_format_chars ignore_recovery_composes_suffix_rewrite_and_document_coordinates
3	PASS [   0.009s] (170/461) ken-elaborator::lang_foreign_name_format_chars unlisted_format_category_members_use_the_same_guard
3	PASS [   0.008s] (171/461) ken-elaborator::lang_infix_application_default ordinary_application_still_binds_tighter_than_default_infix
3	PASS [   0.481s] (172/461) ken-elaborator::lang_instance_registry_identity_key rebound_declaration_entry_refuses_the_old_dictionary_identity
3	PASS [   0.476s] (173/461) ken-elaborator::lang_match_as_pattern top_level_wildcard_alias_remains_fail_closed
3	PASS [   0.481s] (174/461) ken-elaborator::lang_match_guards guard_must_be_bool_and_does_not_refine_its_truth
3	PASS [   1.823s] (175/461) ken-elaborator::lang_facade_export_load_order available_inline_facade_selects_its_checked_id_in_every_entry_order
3	PASS [   1.832s] (176/461) ken-elaborator::lang_facade_export_load_order later_inline_facade_rejects_before_expansion_in_every_entry_order
3	PASS [   0.485s] (177/461) ken-elaborator::lang_match_literal_patterns literals_compose_inside_constructor_columns
3	PASS [   0.474s] (178/461) ken-elaborator::lang_match_or_pattern common_context_includes_prior_dependent_pattern_columns
3	PASS [   0.445s] (179/461) ken-elaborator::lang_match_or_pattern partially_subsumed_union_remains_reachable_and_exhaustive
3	PASS [   0.470s] (180/461) ken-elaborator::lang_match_record_pattern module_rewriting_recurses_through_record_field_patterns
3	PASS [   0.469s] (181/461) ken-elaborator::lang_match_record_pattern open_subset_subsumes_later_fuller_record_with_honest_cause
3	PASS [   0.475s] (182/461) ken-elaborator::lang_match_tuple_pattern top_level_tuple_binds_components_by_projection_without_pair_elimination
3	PASS [   0.008s] (183/461) ken-elaborator::lang_mod_pub_eligibility every_parsed_ineligible_pub_placement_is_a_surface_error
3	PASS [   0.475s] (184/461) ken-elaborator::lang_mod_strict_resolution_d0 closed_floor_and_kernel_vocabulary_are_buildable_from_roots
3	PASS [   0.007s] (185/461) ken-elaborator::lang_old_operand_start_admission bare_head_only_operands_reject_locally_and_grouped_forms_parse
3	PASS [   1.353s] (186/461) ken-elaborator::lang_match_tuple_pattern grouping_is_not_a_tuple_and_top_level_catchalls_remain_refused
3	PASS [   0.473s] (187/461) ken-elaborator::lang_qualified_constructor_privacy forge_mapping_decl
3	PASS [   0.467s] (188/461) ken-elaborator::lang_qualified_constructor_privacy forge_trace_file
3	PASS [   5.917s] (189/461) ken-elaborator::l3_strings_surface_acceptance list_floor_recursion_in_sct_sound_zone
3	PASS [   0.474s] (190/461) ken-elaborator::lang_qualified_constructor_privacy hidden_roster_sweeps_all_kernel_constructor_identities
3	PASS [   0.495s] (191/461) ken-elaborator::lang_reserved_infix_names simultaneous_reserved_names_remain_distinct_without_generic_operator_tokens
3	PASS [   0.485s] (192/461) ken-elaborator::lang_standard_infix_call_completion ac4_completion_applies_operands_in_source_order_for_both_roles
3	PASS [   1.848s] (193/461) ken-elaborator::lang_reserved_infix_names generic_and_fixed_operator_paths_remain_distinct
3	PASS [   0.478s] (194/461) ken-elaborator::lang_standard_infix_call_completion ac9_an_unfilled_role_is_refused_naming_the_role_and_is_a_DISTINCT_refusal
3	PASS [   2.819s] (195/461) ken-elaborator::lang_reserved_infix_names reserved_names_preserve_qualified_selected_and_renamed_global_identity
3	PASS [   0.923s] (196/461) ken-elaborator::lang_surface_block_comments acd0_bool_literals_and_trueish_preserved
3	PASS [   0.014s] (197/461) ken-elaborator::lang_surface_pair projection_chains_and_float_literals_split_at_the_lexer
3	PASS [   2.043s] (198/461) ken-elaborator::lang_standard_infix_call_completion ac7_the_boolean_operators_have_the_complete_expected_truth_tables
3	PASS [   0.755s] (199/461) ken-elaborator::lang_surface_pair lossless_layout_grouping_and_ascription_preserve_pair_surface
3	PASS [   0.560s] (200/461) ken-elaborator::lang_symbolic_operator_names symbolic_fn_elaborates_to_the_ordinary_function_form
3	PASS [   0.017s] (201/461) ken-elaborator::lang_truncation_surface_syntax ac6_unicode_truncbar_source_is_a_canonicalization_fixed_point
3	PASS [   0.626s] (202/461) ken-elaborator::lang_symbolic_operator_names symbolic_name_uses_existing_duplicate_definition_diagnostic
3	PASS [   0.559s] (203/461) ken-elaborator::lang_symbolic_operator_names symbolic_name_uses_existing_export_import_and_resolution_identity
3	PASS [   0.578s] (204/461) ken-elaborator::lang_truncation_surface_syntax d1_annotation_trunc_mixed_precedence_predicate_reassociates_under_truncation
3	PASS [   0.601s] (205/461) ken-elaborator::lang_truncation_surface_syntax d1_ascii_formation_elaborates_and_kernel_checks
3	PASS [   0.007s] (206/461) ken-elaborator::lang_truncation_surface_syntax sentinel_inside_a_truncation_body_two_arguments_reassociate_instead_of_refusing
3	PASS [   0.475s] (207/461) ken-elaborator::lang_truncation_surface_syntax d2_elim_trunc_surface_sugar_refuses_a_type_classified_target
3	PASS [   0.710s] (208/461) ken-elaborator::lang_truncation_surface_syntax d2_elim_trunc_elaborates_and_computes_via_the_i_reduction
3	PASS [   0.006s] (209/461) ken-elaborator::literal_escapes_lexer_unit incomplete_escape_three_leg_matrix
3	PASS [   0.006s] (210/461) ken-elaborator::literal_escapes_lexer_unit unrecognized_discriminator_span_is_exactly_backslash_and_char
3	PASS [   0.599s] (211/461) ken-elaborator::lang_type_projection_surface_form a_non_type_field_in_type_position_is_refused_by_the_kernel_not_located
3	PASS [   0.521s] (212/461) ken-elaborator::let5_checking_mode_let unannotated_let_infers_rhs_before_checking_body
3	PASS [  17.614s] (213/461) ken-elaborator::lang_mod_nat_floor_realization every_executable_top_level_binding_route_is_floor_immutable
3	PASS [  11.901s] (214/461) ken-elaborator::map_build_acceptance cat4_delete_dropkey_filters_all_equivalent_keys
3	PASS [  11.988s] (215/461) ken-elaborator::map_build_acceptance cat4_relations_compose_and_converse_over_adjacency_maps
3	PASS [  12.361s] (216/461) ken-elaborator::map_build_acceptance cat4_new_api_is_derived_and_axiom_free
3	PASS [   0.006s] (217/461) ken-elaborator::match_arm_glyph pipe_grammar_remains_distinct_from_ascii_maps_to
3	PASS [   1.819s] (218/461) ken-elaborator::n3_import_exclusion local_import_clash_is_order_independent_and_latent
3	PASS [   1.952s] (219/461) ken-elaborator::nc14_data_match_lowering liftrose_synthetic_witness_closes_owner_two_required_joins
3	PASS [   1.749s] (220/461) ken-elaborator::nc14_data_match_lowering nested_recursive_bag_join_residual_folds_all_leaves_at_nat_three
3	PASS [   1.744s] (221/461) ken-elaborator::nc14_data_match_lowering nested_recursive_bag_rose_elaborates_checks_erases_and_interprets_at_nat_three
3	PASS [   0.012s] (222/461) ken-elaborator::nc18_effects_foreign_boundary_ir hidden_foreign_fact_rejects_before_runtime_success
3	PASS [   0.011s] (223/461) ken-elaborator::nc18_effects_foreign_boundary_ir stale_capability_identity_rejects_before_runtime_success
3	PASS [   0.010s] (224/461) ken-elaborator::nc5_erasure_runtime_ir foreign_boundary_survives_as_metadata_without_ffi_semantics
3	PASS [   0.010s] (225/461) ken-elaborator::nc5_erasure_runtime_ir proof_erasure_boundary_pair_only_emitter_rejects_ambiguous_record_targets
3	PASS [   0.010s] (226/461) ken-elaborator::nc5_erasure_runtime_ir proof_erasure_boundary_witness_rejects_stale_identity
3	PASS [   0.011s] (227/461) ken-elaborator::nc5_erasure_runtime_ir proof_erasure_boundary_witness_report_rejects_witness_program_mismatch
3	PASS [   0.009s] (228/461) ken-elaborator::nc5_erasure_runtime_ir symbol_without_runtime_metadata_rejects_loudly
3	PASS [   0.459s] (229/461) ken-elaborator::proof_vocabulary structural_and_forward_proof_definitions_elaborate
3	PASS [   0.007s] (230/461) ken-elaborator::purity_keywords legacy_view_at_declaration_head_is_not_a_declaration
3	PASS [   0.453s] (231/461) ken-elaborator::purity_keywords view_is_an_ordinary_free_identifier
3	PASS [   0.455s] (232/461) ken-elaborator::px3_abi_scalars ac2_types_are_distinct_nominal_opaque_primitives
3	PASS [   0.456s] (233/461) ken-elaborator::px3_abi_scalars ac4_trusted_delta_is_the_exact_named_twelve_entries
3	PASS [   1.103s] (234/461) ken-elaborator::r3_c1_source_arrival c1_source_nested_result_reaches_runtime_ir_under_library_selection
3	PASS [  11.709s] (235/461) ken-elaborator::map_build_acceptance cat_rel_reachability_obeys_positive_fuel_and_domain_bound
3	PASS [   0.461s] (236/461) ken-elaborator::record_index_sigma_closure recursive_record_field_uses_projected_evidence_not_whole_record_j
3	PASS [   0.448s] (237/461) ken-elaborator::record_index_sigma_closure second_sigma_component_refines_a_fresh_branch_goal
3	PASS [  11.462s] (238/461) ken-elaborator::map_build_acceptance overwrite_last_writer_wins
3	PASS [   0.687s] (239/461) ken-elaborator::rt_dasm_d1b_role_c1_trusted_base_provenance c1_a_retargeted_assumption_identity_is_refused
3	PASS [  12.174s] (240/461) ken-elaborator::map_build_acceptance cat_rel_size_and_dom_count_only_outer_relation_keys
3	PASS [   0.006s] (241/461) ken-elaborator::sec1ct_acceptance timing_guarantee_delegated_not_claimed
3	PASS [   0.005s] (242/461) ken-elaborator::sec2_acceptance attenuated_cap_at_strong_sink_rejects
3	PASS [   0.005s] (243/461) ken-elaborator::sec2_acceptance capabilities_cross_case_sweep
3	PASS [   0.006s] (244/461) ken-elaborator::sec2_acceptance uses_unpassed_capability_rejected
3	PASS [   1.098s] (245/461) ken-elaborator::rt_dasm_d1b_role_a_runtime_symbols d1b_role_a_the_record_is_covered_by_the_semantic_core_hash
3	PASS [   0.660s] (246/461) ken-elaborator::rt_dasm_d1b_role_c1_trusted_base_provenance c1_the_user_foreign_still_fails_in_admission_before_the_residual_blockers
3	PASS [   0.515s] (247/461) ken-elaborator::sct_reconstruction_descent control_shape_a_near_miss_still_rejected
3	PASS [   0.512s] (248/461) ken-elaborator::surf_space_cells_p1 ac_s3_reads_each_of_three_pairwise_distinct_components
3	PASS [   0.478s] (249/461) ken-elaborator::surface_named_proof_claims standalone_theorem_is_checked_in_ordinary_namespace
3	PASS [   0.473s] (250/461) ken-elaborator::surface_transport_acceptance ill_typed_transport_wrong_witness_type_is_kernel_rejected
3	PASS [   0.007s] (251/461) ken-elaborator::t1_acceptance unknown_goal_unknown_tag_no_forcing_world
3	PASS [   0.946s] (252/461) ken-elaborator::surf_space_cells_p1 generated_initial_state_does_not_claim_the_initial_member
3	PASS [   0.488s] (253/461) ken-elaborator::surface_transport_acceptance stuck_match_transports_via_package_sym
3	PASS [   0.467s] (254/461) ken-elaborator::v1_acceptance non_omega_predicate_surface_error
3	PASS [   0.007s] (255/461) ken-elaborator::v3_acceptance classically_valid_topos_invalid_cert_rejected
3	PASS [   0.473s] (256/461) ken-elaborator::v1_acceptance requires_on_middle_param_of_three
3	PASS [   0.008s] (257/461) ken-elaborator::v3_acceptance verdict_keyed_by_id_no_side_channel
3	PASS [   0.480s] (258/461) ken-elaborator::v1_acceptance unknown_hole_distinct_from_proved
3	PASS [   0.481s] (259/461) ken-elaborator::v3_acceptance disproved_carries_countermodel
3	PASS [   1.879s] (260/461) ken-elaborator::surface_named_proof_claims qualified_prop_intro_rejects_private_unknown_and_unimported_paths
3	PASS [   0.007s] (261/461) ken-elaborator::v3_fo_obligation_signature_discovery_acceptance predicate_applied_to_non_var_argument_is_refused_not_widened
3	PASS [   2.738s] (262/461) ken-elaborator::v3_fo_checker_soundness_d1a_elaborator_divergence_finding minimal_fok_derivation_eliminator_builds_without_trust_growth
3	PASS [   2.745s] (263/461) ken-elaborator::v3_fo_checker_soundness_d3 fragment_witness_excludes_nested_forall_world_right
3	PASS [   2.758s] (264/461) ken-elaborator::v3_fo_ken_level_checker_authoring fok_iform_has_exactly_five_slice_constructors
3	PASS [   0.007s] (265/461) ken-foundation canonical::tests::record_field_order_is_declaration
3	PASS [   0.008s] (266/461) ken-foundation store::tests::equality_is_slot_id_compare
3	PASS [   0.008s] (267/461) ken-foundation store::tests::loud_at_limit
3	PASS [   0.013s] (268/461) ken-host abi_v1::tests::abi_s6_d5a_native_anonymous_mapping_matches_in_process_semantics
3	PASS [   0.007s] (269/461) ken-host abi_v1::tests::clock_wall_now_raw_dispatch_returns_a_plausible_instant_response
3	PASS [   0.008s] (270/461) ken-host abi_v1::tests::directory_entries_reply_is_arena_backed_exact_and_fail_closed
3	PASS [   0.007s] (271/461) ken-host abi_v1::tests::px9_revoked_fold_is_in_place_v1_with_one_manifest_identity
3	PASS [   0.006s] (272/461) ken-host abi_v1::tests::resource_error_reply_decoder_is_canonical_and_fail_closed
3	PASS [   0.009s] (273/461) ken-host effect_v1::tests::abi_s1_partial_keeps_descriptor_operations_represented_unavailable
3	PASS [   0.008s] (274/461) ken-host effect_v1::tests::abi_s6_d1_unmap_failure_is_typed_and_terminal
3	PASS [   0.010s] (275/461) ken-host effect_v1::tests::catalog_is_closed_and_availability_is_exact
3	PASS [   0.007s] (276/461) ken-host effect_v1::tests::revoke_admission_order_preserves_write_and_exactly_once_settlement
3	PASS [   0.007s] (277/461) ken-host effect_wire::tests::abi_s1_inheritance_policy_wire_is_typed_distinct_and_fail_closed
3	PASS [   0.006s] (278/461) ken-host effect_wire::tests::abi_s6_d4_file_acquire_and_mapping_limit_round_trip_typed_wire
3	PASS [   0.007s] (279/461) ken-host effect_wire::tests::linked_trace_decoder_rejects_magic_truncation_trailing_and_count_drift
3	PASS [   0.008s] (280/461) ken-host mapping_v1::tests::mapping_protection_is_read_only_or_read_write_exactly
3	PASS [   0.009s] (281/461) ken-host revocation_v1::tests::attenuation_creates_a_child_with_the_supplied_parent_link
3	PASS [   0.008s] (282/461) ken-host tests::generated_manifest_is_closed_and_probe_comparison_discriminates
3	PASS [   0.012s] (283/461) ken-interp eff_tests::eff2_sequencing_trace_is_spine_order
3	PASS [   0.009s] (284/461) ken-interp eval::f1_bignum_tests::f1_zero_and_sign_canonical
3	PASS [   0.009s] (285/461) ken-interp eval::px5b_effect_observation_tests::abi_s6_d5a_mapping_dispatch_uses_the_in_process_interpreter_backend
3	PASS [   0.010s] (286/461) ken-interp eval::px5b_effect_observation_tests::rt_parity_buffer_allocate_rejects_malformed_capacity_exactly
3	PASS [   0.010s] (287/461) ken-interp eval::px5b_effect_observation_tests::rt_parity_malformed_write_offset_precedes_missing_right
3	PASS [   0.011s] (288/461) ken-interp tests::can_closed_inductive_to_constructor
3	PASS [   0.010s] (289/461) ken-interp tests::det_sharing_dedups_by_slot
3	PASS [   0.011s] (290/461) ken-interp tests::unknown_from_hole_dependent
3	PASS [   0.011s] (291/461) ken-interp::ds6b_intlit_eq_reduction_cross_layer kernel_and_interp_agree_on_negative_and_zero
3	PASS [   0.008s] (292/461) ken-interp::f1_bignum_acceptance f1_mul_int_crosses_i128_ceiling
3	PASS [   2.788s] (293/461) ken-elaborator::v3_fo_route_proved_composition checker_acceptance_without_a_kernel_check_stays_withheld_unknown
3	PASS [   0.462s] (294/461) ken-elaborator::val1_string_literals string_literal_infer_path_elaborates
3	PASS [   0.007s] (295/461) ken-interp::i5_scoped_capability product_attenuation_narrows_and_deviant_widenings_are_unknown
3	PASS [   0.521s] (296/461) ken-interp::i2_console_floor package_helpers_route_exact_bytes_and_one_newline
3	PASS [   0.006s] (297/461) ken-interp::leq_int_acceptance leq_int_bignum_differential_oracle
3	PASS [   0.009s] (298/461) ken-interp::nc12_runtime_ir_evaluator external_runtime_example_rejects_before_evaluation
3	PASS [   0.477s] (299/461) ken-interp::i5_scoped_capability absolute_and_right_pairs_have_exact_pre_operation_denials
3	PASS [   0.469s] (300/461) ken-interp::l1_acceptance sec61_literal_reduces_in_kernel
3	PASS [   0.029s] (301/461) ken-interp::px8i_native_int_differential interpreter_and_native_agree_beyond_i128_and_on_canonical_image
3	PASS [   0.475s] (302/461) ken-interp::nc9_proof_erasure_boundary_checker ken_checker_source_kernel_checks_without_trust_delta
3	PASS [   0.013s] (303/461) ken-kernel check::tests::let_check_preserves_check_mode_for_intro_body
3	PASS [   0.012s] (304/461) ken-kernel conv::tests::control_genuinely_different_recursive_function_is_false_without_refusal
3	PASS [   0.006s] (305/461) ken-kernel conv::tests::pi_eta_convert
3	PASS [   0.006s] (306/461) ken-kernel conv::tests::trunc_proj_congruence_accepts_convertible_interior_and_rejects_distinct_interior
3	PASS [   0.006s] (307/461) ken-kernel inductive::tests::method_ih_usage_treats_an_unexposed_method_as_all_live
3	PASS [   0.006s] (308/461) ken-kernel inductive::tests::positivity_bad3_in_application_rejected
3	PASS [   0.006s] (309/461) ken-kernel sct::tests::declared_telescope_is_maximal_and_not_body_counted
3	PASS [   0.006s] (310/461) ken-kernel subst::tests::subst_tel_length3_dependent_spine
3	PASS [   0.013s] (311/461) ken-kernel::acceptance ac1_type_in_type_rejected
3	PASS [   0.010s] (312/461) ken-kernel::acceptance ac6_subject_reduction_k1_property
3	PASS [   0.500s] (313/461) ken-interp::nc9_proof_erasure_boundary_checker native_trust_report_attachment_recheck_names_concrete_mismatch_lane
3	PASS [   0.014s] (314/461) ken-kernel::acceptance ac6_subject_reduction_sigma_beta
3	PASS [   0.010s] (315/461) ken-kernel::acceptance k2_cast_computes_pi_to_lambda
3	PASS [   0.010s] (316/461) ken-kernel::acceptance k2_eq_inductive_diff_ctor_is_bottom
3	PASS [   0.009s] (317/461) ken-kernel::acceptance k2_omega_pi_convertible
3	PASS [   0.012s] (318/461) ken-kernel::ds6a_int_deceq_certificate trusted_base_delta_is_exactly_the_two_certificate_postulates
3	PASS [   0.011s] (319/461) ken-kernel::k1p5_wstyle ac2_tree_iota_node_fires
3	PASS [   0.013s] (320/461) ken-kernel::k2c_conversion declare_def_non_recursive_admitted
3	PASS [   0.010s] (321/461) ken-kernel::k2c_conversion declare_def_sct_rejects_self_loop
3	PASS [   0.008s] (322/461) ken-kernel::k2c_conversion unit_eta_two_vars_convert
3	PASS [   0.012s] (323/461) ken-kernel::k2c_conversion sct_accept_second_parameter
3	PASS [   0.498s] (324/461) ken-interp::rtp1_elim_reduce_ih_perf_acceptance natgcd_plus_nattodecimal_stays_fast
3	PASS [   0.009s] (325/461) ken-kernel::k2c_series2 quotient_respect_type_target
3	PASS [   0.011s] (326/461) ken-kernel::k2c_series2 cast_inductive_index_rewrite
3	PASS [   0.011s] (327/461) ken-kernel::k4_omega_motive omega_motive_iota_is_the_existing_constructor_selects_method_rule
3	PASS [   0.009s] (328/461) ken-kernel::k5_omega_fragment sct_rejects_self_reference_laundered_through_absurd
3	PASS [   0.012s] (329/461) ken-kernel::k7_eq_at_inductive_whnf eq_at_inductive_collapses_operation_wrapped_distinct_constructors
3	PASS [   0.010s] (330/461) ken-kernel::nested_inductives_all generated_support_failure_rolls_back_the_whole_host_transaction
3	PASS [   0.009s] (331/461) ken-kernel::nested_inductives_all neutral_method_dependent_decoder_cannot_replace_literal_all
3	PASS [   0.009s] (332/461) ken-kernel::nested_inductives_d3_shapes descriptor_equivalence_validates_dependent_telescope_prefixes_in_lockstep
3	PASS [   0.009s] (333/461) ken-kernel::sigma_sort sigma_conjunction_both_omega_stays_omega
3	PASS [   0.007s] (334/461) ken-runtime activation_abi::tests::every_entry_point_refuses_null_rather_than_dereferencing_it
3	PASS [   0.012s] (335/461) ken-kernel::nested_inductives_d3b_d4 convertible_field_spellings_generate_convertible_lifts_and_iota_terms
3	PASS [   0.007s] (336/461) ken-runtime activation_services::tests::the_two_services_are_at_distinct_offsets
3	PASS [   0.006s] (337/461) ken-runtime boundary_resource_profile::tests::the_reserve_argument_order_matches_the_named_fields
3	PASS [   0.009s] (338/461) ken-runtime boundary_activation::tests::two_activations_do_not_share_mutable_arena_state
3	PASS [   0.013s] (339/461) ken-runtime boundary_value::invocation_aggregate_decode_tests::a_cycle_refuses
3	PASS [   0.026s] (340/461) ken-runtime boundary_value_clif::tests::b2v_construction_fails_closed_at_each_ceiling
3	PASS [   0.041s] (341/461) ken-runtime boundary_value_clif::tests::b2v_ac6_adoption_refuses_an_unsealed_region
3	PASS [   0.019s] (342/461) ken-runtime boundary_value_clif::tests::b2v_the_immediate_handle_choice_tracks_magnitude_only
3	PASS [   0.007s] (343/461) ken-runtime boundary_value_clif::tests::b2v_the_rust_mirror_and_the_derived_relation_reconcile_over_the_product
3	PASS [   0.009s] (344/461) ken-runtime canonical::tests::kind_tags_disambiguate
3	PASS [   0.007s] (345/461) ken-runtime cranelift_backend::artifact::api::tests::nc8_certificate_contradictory_claim_rejects
3	PASS [   0.024s] (346/461) ken-runtime boundary_value_clif::tests::d3_an_undecodable_word_is_refused_before_any_node_is_read
3	PASS [   0.060s] (347/461) ken-runtime boundary_value_clif::tests::b2v_helper_population_does_not_grow_with_the_value_population
3	PASS [   0.007s] (348/461) ken-runtime cranelift_backend::artifact::api::tests::nc8_certificate_rejects_project_from_non_record_example
3	PASS [   0.007s] (349/461) ken-runtime cranelift_backend::artifact::api::tests::reachable_declaration_effect_metadata_rejects_before_backend_lowering
3	PASS [   0.008s] (350/461) ken-runtime cranelift_backend::lowering::aggregates::tests::an_aggregate_with_no_producer_certificate_cannot_reach_the_carrier
3	PASS [   0.007s] (351/461) ken-runtime cranelift_backend::lowering::boundary::tests::recut2_every_anchor_is_closed_by_a_witness_or_a_named_control
3	PASS [   0.014s] (352/461) ken-runtime cranelift_backend::lowering::aggregates::tests::a_child_owner_set_outside_the_planned_meet_is_refused_before_any_allocation
3	PASS [   0.008s] (353/461) ken-runtime cranelift_backend::lowering::boundary::tests::recut2_the_plan_is_derived_from_the_partition_not_restated
3	PASS [   0.010s] (354/461) ken-runtime cranelift_backend::lowering::core::tests::constructors::a_capture_contract_claiming_the_wrong_transfer_discipline_rejects
3	PASS [   0.039s] (355/461) ken-runtime cranelift_backend::lowering::calls::tests::d6_a_functionized_recursive_declaration_accepts_a_changing_argument_constructor
3	PASS [   0.026s] (356/461) ken-runtime cranelift_backend::lowering::core::tests::constructors::b2f_d9_a_bytes_literal_crosses_with_its_content
3	PASS [   0.057s] (357/461) ken-runtime cranelift_backend::lowering::boundary::tests::recut2_the_emitted_helper_graph_changes_when_the_authority_changes
3	PASS [   0.028s] (358/461) ken-runtime cranelift_backend::lowering::core::tests::constructors::b2f_d9_a_value_inside_the_field_takes_the_immediate_arm
3	PASS [   0.035s] (359/461) ken-runtime cranelift_backend::lowering::core::tests::constructors::constructor_field_recursive_ih_offset_selects_argument_binder
3	PASS [   0.010s] (360/461) ken-runtime cranelift_backend::lowering::core::tests::constructors::generated_context_pairing_keeps_selected_parameter_before_both_capture_runs
3	PASS [   0.027s] (361/461) ken-runtime cranelift_backend::lowering::core::tests::constructors::d2_a_zero_length_runtime_span_is_a_legal_empty_span
3	PASS [   0.030s] (362/461) ken-runtime cranelift_backend::lowering::core::tests::constructors::nested_computational_payload_kind_rejects_specifically
3	PASS [   0.037s] (363/461) ken-runtime cranelift_backend::lowering::core::tests::constructors::heterogeneous_final_merge_kind_is_deferred_to_the_runtime_discriminator
3	PASS [   0.039s] (364/461) ken-runtime cranelift_backend::lowering::core::tests::constructors::heterogeneous_ordinary_arity_is_guarded_in_the_emitted_consumer
3	PASS [   0.009s] (365/461) ken-runtime cranelift_backend::lowering::core::tests::constructors::static_worker_construction_installs_on_agreeing_descriptor
3	PASS [   0.010s] (366/461) ken-runtime cranelift_backend::lowering::core::tests::control::checked_frame_branch_scope_harness_uses_live_lowering_ledger
3	PASS [   0.031s] (367/461) ken-runtime cranelift_backend::lowering::core::tests::constructors::static_worker_capture_omission_fails_closed
3	PASS [   0.009s] (368/461) ken-runtime cranelift_backend::lowering::core::tests::control::escaping_a_source_borrow_into_the_compiled_artifact_does_not_typecheck
3	PASS [   0.041s] (369/461) ken-runtime cranelift_backend::lowering::core::tests::constructors::unconditionally_separate_checked_successor_lowering_recreates_the_regression
3	PASS [   0.011s] (370/461) ken-runtime cranelift_backend::lowering::core::tests::control::oriented_fresh_ih_semantics_retain_all_inherited_control_obligations
3	PASS [   0.045s] (371/461) ken-runtime cranelift_backend::lowering::core::tests::control::row2_functionized_lane_installs_and_consumes_the_recursive_ih
3	PASS [   0.079s] (372/461) ken-runtime cranelift_backend::lowering::core::tests::control::correspondence_adds_no_emitted_unit_to_the_production_census
3	PASS [   0.013s] (373/461) ken-runtime cranelift_backend::lowering::core::tests::control::the_branch_local_partition_mints_a_declared_body_for_a_capture_free_recursive_position
3	PASS [   0.007s] (374/461) ken-runtime cranelift_backend::lowering::core::tests::control::the_item_head_enumerator_sees_every_ruled_form
3	PASS [   0.106s] (375/461) ken-runtime cranelift_backend::lowering::core::tests::control::px8j_one_two_three_scope_segments_reach_selection_hole_and_unwind
3	PASS [   0.062s] (376/461) ken-runtime cranelift_backend::lowering::core::tests::effects::ac1_a_specialized_constructor_scrutinee_still_selects_and_delivers
3	PASS [   0.078s] (377/461) ken-runtime cranelift_backend::lowering::core::tests::effects::borrowed_ingress_malformed_metadata_fails_closed
3	PASS [   0.171s] (378/461) ken-runtime cranelift_backend::lowering::core::tests::effects::a_capacity_that_is_not_an_exact_int_fails_closed_and_is_never_invalid_bounds
3	PASS [   0.016s] (379/461) ken-runtime cranelift_backend::lowering::core::tests::effects::budget_eff_native_wrote_capped_full_and_short_reify_effective_not_raw_remaining
3	PASS [   0.045s] (380/461) ken-runtime cranelift_backend::lowering::core::tests::effects::call_returned_host_result_keeps_established_dynamic_lane
3	PASS [   0.062s] (381/461) ken-runtime cranelift_backend::lowering::core::tests::effects::carried_constructor_dispatch_is_load_bearing_without_widening_avail
3	PASS [   0.309s] (382/461) ken-runtime cranelift_backend::lowering::core::tests::control::the_backend_production_surface_inventory_is_closed
3	PASS [   0.043s] (383/461) ken-runtime cranelift_backend::lowering::core::tests::effects::repeating_a_complete_visit_is_lawful
3	PASS [   0.131s] (384/461) ken-runtime cranelift_backend::lowering::core::tests::effects::carried_constructor_dispatch_traps_wrong_positional_child_before_fs_open
3	PASS [   0.010s] (385/461) ken-runtime cranelift_backend::lowering::core::tests::host_call_carrier::rtfp_exchanging_the_two_occurrence_identities_rejects
3	PASS [   0.123s] (386/461) ken-runtime cranelift_backend::lowering::core::tests::effects::removing_the_carried_capacity_arm_or_restoring_the_bulk_conversion_refuses_at_the_seat
3	PASS [   0.013s] (387/461) ken-runtime cranelift_backend::lowering::core::tests::perturbing_a_borrowed_address_does_not_move_any_derived_origin
3	PASS [   0.035s] (388/461) ken-runtime cranelift_backend::lowering::core::tests::host_call_carrier::typed_trap_exit_preserves_the_planner_identity_across_two_unit_calls
3	PASS [   0.095s] (389/461) ken-runtime cranelift_backend::lowering::core::tests::host_call_carrier::d6a_a_specialization_binds_two_leading_static_workers_for_the_ih_and_its_recursive_argument
3	PASS [   0.060s] (390/461) ken-runtime cranelift_backend::lowering::core::tests::positional_candidate_settlement::ced_d3_m3_dropping_the_pending_half_settles_inline_at_the_exit_seat_and_collides
3	PASS [   0.085s] (391/461) ken-runtime cranelift_backend::lowering::core::tests::positional_candidate_settlement::ced_d1_d8e_keeps_its_one_binding_and_still_refuses_in_value_position
3	PASS [   0.010s] (392/461) ken-runtime cranelift_backend::lowering::core::tests::recursor_fusion::contkey_wrong_own_occurrence_seed_is_rejected
3	PASS [   0.070s] (393/461) ken-runtime cranelift_backend::lowering::core::tests::positional_candidate_settlement::d3_a_two_parameter_source_declaration_binds_its_positions_in_de_bruijn_order
3	PASS [   0.074s] (394/461) ken-runtime cranelift_backend::lowering::core::tests::recursor_fusion::d0_r3_fusion_gate_resolves_zero_for_the_seed_and_one_for_the_checked_twin
3	PASS [   0.090s] (395/461) ken-runtime cranelift_backend::lowering::core::tests::recursor_fusion::d2f_armed_compile_completes_and_its_populations_are_pinned
3	PASS [   0.063s] (396/461) ken-runtime cranelift_backend::lowering::core::tests::recursor_fusion::d2f_the_two_binder_projections_share_one_source_field_transport
3	PASS [   0.189s] (397/461) ken-runtime cranelift_backend::lowering::core::tests::recursor_fusion::d2f_0_the_applied_root_production_path_gate
3	PASS [   0.296s] (398/461) ken-runtime cranelift_backend::lowering::core::tests::positional_candidate_settlement::ced_d3_the_five_rows_are_five_proofs_and_not_one_shared_terminal
3	PASS [   0.058s] (399/461) ken-runtime cranelift_backend::lowering::core::tests::source_frame_bridge::d8g_the_functionized_population_binds_its_table_and_suffix_at_the_shared_emitter
3	PASS [   0.013s] (400/461) ken-runtime cranelift_backend::lowering::core::tests::specialization_binding::d3b_every_generated_frame_requirement_resolves_to_exactly_one_context
3	PASS [   0.099s] (401/461) ken-runtime cranelift_backend::lowering::core::tests::source_frame_bridge::d8p_binding_is_zero_one_or_declined_per_application_occurrence
3	PASS [   0.018s] (402/461) ken-runtime cranelift_backend::lowering::core::tests::specialization_binding::d7a_the_composed_worker_view_is_the_selecting_units_own_worker_or_a_named_refusal
3	PASS [   0.038s] (403/461) ken-runtime cranelift_backend::lowering::core::tests::specialization_binding::d8e_the_composed_binding_is_installed_consumed_and_clears_its_own_causal_edge
3	PASS [   0.007s] (404/461) ken-runtime cranelift_backend::lowering::seed_material::tests::nesting_is_accepted_below_the_cap_and_rejected_above_it
3	PASS [   0.104s] (405/461) ken-runtime cranelift_backend::lowering::core::tests::specialization_binding::d5a_the_capture_projection_reads_the_immediate_slot_and_bounds_it
3	PASS [   0.009s] (406/461) ken-runtime cranelift_backend::lowering::units::captured_environment_bijection::a_seed_capture_is_refused_rather_than_labelled
3	PASS [   0.008s] (407/461) ken-runtime cranelift_backend::planning::plan_extraction_tests::native_join_plan_round_trips_the_encoded_plan
3	PASS [   0.007s] (408/461) ken-runtime cranelift_backend::planning::plan_extraction_tests::oriented_plan_round_trips_the_encoded_plan
3	PASS [   0.019s] (409/461) ken-runtime cranelift_backend::planning::static_transition::aggregates::checked_ih_captured_env_schema::each_records_ordered_run_matches_the_authoritative_roles
3	PASS [   0.011s] (410/461) ken-runtime cranelift_backend::planning::static_transition::aggregates::tests::a_repeated_role_at_one_seat_gets_distinct_real_records
3	PASS [   0.227s] (411/461) ken-runtime cranelift_backend::lowering::core::tests::source_frame_bridge::d8l2_the_ordinary_envelope_names_source_positions_in_every_orientation
3	PASS [   0.009s] (412/461) ken-runtime cranelift_backend::planning::static_transition::closure::tests::b2o_ac10c_repointing_a_static_body_edge_changes_the_disposition
3	PASS [   0.028s] (413/461) ken-runtime cranelift_backend::planning::static_transition::closure::tests::boundary_b1_negative_controls_fail_at_named_semantic_artifacts
3	PASS [   0.009s] (414/461) ken-runtime cranelift_backend::planning::static_transition::closure::tests::boundary_b1r_atom_content_must_stay_inside_the_closed_name_arena
3	PASS [   0.028s] (415/461) ken-runtime cranelift_backend::planning::static_transition::closure::tests::boundary_c1_validate_rejects_equal_bytes_interned_at_two_spans
3	PASS [   0.032s] (416/461) ken-runtime cranelift_backend::planning::static_transition::closure::tests::d7_1c_the_planning_refusal_is_what_the_whole_lowering_entry_reports
3	PASS [   0.008s] (417/461) ken-runtime cranelift_backend::planning::static_transition::closure::tests::entry_and_reachability_closure_rejects_balancing_invalid_root
3	PASS [   0.007s] (418/461) ken-runtime cranelift_backend::planning::static_transition::continuations::fusion::tests::d2e_binder_role_a_nonrecursive_case_has_no_hypothesis_slot
3	PASS [   0.180s] (419/461) ken-runtime cranelift_backend::lowering::source::tests::d2b_capability_gate_the_two_position_shape_refuses_before_its_case_body
3	PASS [   0.007s] (420/461) ken-runtime cranelift_backend::planning::static_transition::continuations::fusion::tests::d2g_ac2_a_complete_independent_plan_positively_validates_the_twin
3	PASS [   0.021s] (421/461) ken-runtime cranelift_backend::planning::static_transition::continuations::fusion::tests::d2g_ac1_checked_twin_reaches_the_same_producer_to_ih_consumer_relation
3	PASS [   0.018s] (422/461) ken-runtime cranelift_backend::planning::static_transition::continuations::fusion::tests::d2g_ac2_transport_resolves_plan_backed_on_the_twin_and_is_absent_on_the_witness
3	PASS [   0.009s] (423/461) ken-runtime cranelift_backend::planning::static_transition::continuations::fusion::tests::d2g_each_slot_carries_its_own_frames_constructor
3	PASS [   0.015s] (424/461) ken-runtime cranelift_backend::planning::static_transition::continuations::fusion::tests::d2i_the_discovery_ledger_is_richer_than_the_seed_reconstruction
3	PASS [   0.019s] (425/461) ken-runtime cranelift_backend::planning::static_transition::continuations::fusion::tests::d2j_the_witness_projects_a_non_empty_ordered_input_run
3	PASS [   0.011s] (426/461) ken-runtime cranelift_backend::planning::static_transition::continuations::tests::contspec_planner_closes_ordered_keys_units_and_causal_edges_dormantly
3	PASS [   0.012s] (427/461) ken-runtime cranelift_backend::planning::static_transition::continuations::tests::d3_a_same_body_sibling_interns_as_two_units_with_two_edges
3	PASS [   0.011s] (428/461) ken-runtime cranelift_backend::planning::static_transition::continuations::tests::d3b_the_duplicated_entry_source_selects_the_nearest_alias
3	PASS [   0.011s] (429/461) ken-runtime cranelift_backend::planning::static_transition::immediate_bridge::tests::the_accessors_read_the_stored_plane_and_never_re_derive
3	PASS [   0.011s] (430/461) ken-runtime cranelift_backend::planning::static_transition::joins_traps::tests::d8_mixed_join_plan_is_carrier_and_arm_order_independent
3	PASS [   0.007s] (431/461) ken-runtime cranelift_backend::planning::static_transition::occurrences::tests::one_role_at_two_seats_is_two_non_aliasing_occurrences
3	PASS [   0.191s] (432/461) ken-runtime cranelift_backend::planning::static_transition::closure::tests::boundary_b1_nested_resource_brackets_n3_through_n7_are_closed_and_affine
3	PASS [   0.011s] (433/461) ken-runtime cranelift_backend::planning::static_transition::occurrences::tests::swapping_two_declaration_occurrences_is_refused
3	PASS [   0.009s] (434/461) ken-runtime cranelift_backend::planning::static_transition::units::tests::b2o_check_imported_binding_var_capture_has_a_value_word_carrier
3	PASS [   0.013s] (435/461) ken-runtime cranelift_backend::planning::static_transition::occurrences::tests::the_semantic_seed_api_accepts_only_occurrence_origins
3	PASS [   0.009s] (436/461) ken-runtime cranelift_backend::planning::static_transition::units::tests::b2r_ac3_both_capture_provenances_declare_slots_and_select_distinct_carriers
3	PASS [   0.016s] (437/461) ken-runtime cranelift_backend::planning::static_transition::units::tests::b2r_ac10_the_descriptor_population_matches_the_prediction_on_every_fixture
3	PASS [   0.012s] (438/461) ken-runtime cranelift_backend::planning::static_transition::units::tests::b2r_ac4_the_abi_is_invariant_under_payload_and_depth_and_rejects_an_implicit_tail
3	PASS [   0.008s] (439/461) ken-runtime executable_entrypoint_packaging::tests::contract_target_mismatch_rejects_entrypoint_binding
3	PASS [   0.012s] (440/461) ken-runtime cranelift_backend::planning::static_transition::units::tests::contspec_abi_refuses_owner_lifetime_and_affinity_disagreement
3	PASS [   0.007s] (441/461) ken-runtime hash::tests::fnv1a_hello
3	PASS [   0.007s] (442/461) ken-runtime invocation_tickets::tests::slot_reuse_generation_and_cross_activation_epoch_prevent_aba
3	PASS [   0.007s] (443/461) ken-runtime ir::tests::primitive_partiality_is_explicit_in_ir
3	PASS [   0.008s] (444/461) ken-runtime ir::tests::acf2_computational_recursive_position_values_are_load_bearing
3	PASS [   3.040s] (445/461) ken-runtime native_execution_differential::tests::recomputed_hash_with_overclaimed_proof_lane_rejects_before_report
3	PASS [   3.155s] (446/461) ken-runtime native_execution_differential::tests::asserted_available_interpreter_artifact_mismatch_rejects
3	PASS [   0.015s] (447/461) ken-runtime native_int::tests::comparisons_use_every_limb
3	PASS [   0.012s] (448/461) ken-runtime object_linker_packaging::tests::forged_entrypoint_package_kind_version_rejects_before_linking
3	PASS [   3.691s] (449/461) ken-runtime native_execution_differential::tests::non_supported_effect_foreign_lowerability_is_unsupported_not_native_tested
3	PASS [   0.009s] (450/461) ken-runtime platform_runtime_support::tests::declaration_ref_scans_referenced_transparent_body
3	PASS [   0.010s] (451/461) ken-runtime platform_runtime_support::tests::platform_support_binds_entrypoint_and_represents_starter_shapes
3	PASS [   0.010s] (452/461) ken-runtime store::tests::at_limit_repeat_does_not_trip
3	PASS [   0.069s] (453/461) ken-runtime store::tests::oversized_value_no_remaining_underflow
3	PASS [   0.009s] (454/461) ken-verify canonical::tests::every_canonical_mutation_bites_while_same_runner_proxy_stays_green
3	PASS [   0.009s] (455/461) ken-verify filesystem::tests::twin_roots_preserve_raw_paths_files_directories_and_symlinks
3	PASS [   2.979s] (456/461) ken-runtime native_execution_differential::tests::runtime_ir_mismatch_names_package_target_artifact_and_lane
3	PASS [   2.986s] (457/461) ken-runtime object_linker_packaging::tests::generic_object_executes_the_same_exact_big_int_helper_graph
3	PASS [  11.274s] (458/461) ken-elaborator::v3_fo_sorted_eigenparameter_wrong_sort_controls world_eigen_into_object_binder_is_refused_by_the_sort_guard
3	PASS [  53.611s] (459/461) ken-verify scenario::tests::execution_start_cwd_root_reaches_the_same_real_node_in_both_lanes
3	PASS [  51.427s] (460/461) ken-verify scenario::tests::invalid_change_mode_is_a_typed_pre_dispatch_result_in_both_lanes
3	PASS [ 112.062s] (461/461) ken-verify scenario::tests::fs_remove_directory_exercises_every_path_policy_refusal
4	PASS [   0.009s] (  1/460) ken-cli::ken_fmt fmt_check_names_every_offender_and_never_writes
4	PASS [   0.014s] (  2/460) ken-cli::ken_fmt fmt_fails_loudly_for_unsupported_paths_and_must_parse_bodies
4	PASS [   0.013s] (  3/460) ken-cli::ken_fmt fmt_rewrites_plain_and_literate_sources_through_landed_entry_points
4	PASS [   0.353s] (  4/460) ken-cli::ken_md_literate_cli ken_run_accepts_exact_ken_md_fence
4	PASS [   0.434s] (  5/460) ken-cli::fs_read_file_lines_flip_e2e m_suff_apartial_reads_fixture
4	PASS [   0.167s] (  6/460) ken-cli::library_documentation_gates content_currency_gate_rejects_drift_hidden_behind_a_duplicate_out_of_order_kind_field
4	PASS [   0.321s] (  7/460) ken-cli::ken_md_literate_cli ken_run_reports_original_offset_for_fenced_error
4	PASS [   0.113s] (  8/460) ken-cli::library_documentation_gates ledger_rejects_a_dot_slash_alias_row_even_though_the_manifest_matches_it
4	PASS [   0.107s] (  9/460) ken-cli::library_documentation_gates ledger_rejects_a_doubled_slash_row
4	PASS [   0.005s] ( 10/460) ken-cli::mrc_d8_manifest_premise mrc_d8_control_moving_the_featured_edge_reds_fact_three
4	PASS [   0.250s] ( 11/460) ken-cli::library_documentation_gates revision_must_survive_a_simulated_squash_merge_not_just_the_branch
4	PASS [   0.007s] ( 12/460) ken-cli::px4b_native_production string_literal_end_rejects_identifier_tails_at_a_raw_prefix
4	PASS [  42.539s] ( 13/460) ken-cli::px4b_native_production linked_console_broken_pipe_reaches_ken_instead_of_signal_termination
4	PASS [  43.425s] ( 14/460) ken-cli::px7l_checked_host_recursive_bind runtime_selected_non_unit_response_is_consumed_across_real_executors
4	PASS [  61.349s] ( 15/460) ken-cli::abi_s6_mapping_surface_native second_mapping_effect_rechecks_bounds
4	PASS [  41.920s] ( 16/460) ken-cli::px7m_hostresult_computational_match flipped_outer_arm_label_preserves_the_inner_owner_contract
4	PASS [  45.455s] ( 17/460) ken-cli::px7o_heterogeneous_eliminator_frames nested_err_payload_reaches_both_real_executors
4	PASS [   0.668s] ( 18/460) ken-cli::rt_span_prov_native sp_a_foreign_span_write_rejects_before_backend_interp
4	PASS [   0.775s] ( 19/460) ken-cli::rt_span_prov_native sp_c_released_span_not_revived_by_slot_reuse_interp
4	PASS [   0.532s] ( 20/460) ken-cli::t2_acceptance ac2_provable_goal_yields_proved
4	PASS [   0.320s] ( 21/460) ken-cli::t2_acceptance ac3_eval_type_universe
4	PASS [   0.323s] ( 22/460) ken-cli::t2_acceptance ac4_malformed_input_no_panic
4	PASS [   0.316s] ( 23/460) ken-cli::t2_acceptance ac5_session_state_persists
4	PASS [   0.008s] ( 24/460) ken-elaborator checked_core::tests::acceptance_examples_fit_metadata_without_runtime_layout
4	PASS [   0.007s] ( 25/460) ken-elaborator checked_core::tests::body_view_rejects_malformed_declaration_bytes
4	PASS [   0.008s] ( 26/460) ken-elaborator checked_core::tests::body_view_rejects_stale_field_identity_order_mismatch
4	PASS [   0.008s] ( 27/460) ken-elaborator checked_core::tests::body_view_rejects_target_outside_selected_closure
4	PASS [   0.007s] ( 28/460) ken-elaborator checked_core::tests::body_view_rejects_unsupported_dependent_record_sigma_field_shape
4	PASS [   0.006s] ( 29/460) ken-elaborator checked_core::tests::lowering_rejects_reachable_unsupported_symbol
4	PASS [   0.008s] ( 30/460) ken-elaborator checked_core::tests::semantic_and_trust_changes_flip_semantic_fingerprint
4	PASS [   0.010s] ( 31/460) ken-elaborator checked_core::tests::validator_rejects_orphan_metadata_after_emission
4	PASS [   0.007s] ( 32/460) ken-elaborator checked_core::tests::validator_rejects_unsupported_entries_without_blocking_lowerability
4	PASS [   0.402s] ( 33/460) ken-elaborator compiler_driver::tests::target_closure_rejects_dropped_reachable_metadata
4	PASS [   0.446s] ( 34/460) ken-elaborator compiler_driver::tests::target_closure_reports_non_lowerable_reachable_members
4	PASS [   0.321s] ( 35/460) ken-elaborator elab::omega_index_refinement_tests::checked_index_refined_variable_selects_both_expected_views
4	PASS [   0.006s] ( 36/460) ken-elaborator elab::omega_index_refinement_tests::direct_omega_transport_builds_the_ruled_j_motive_exactly
4	PASS [   0.317s] ( 37/460) ken-elaborator elab::omega_index_refinement_tests::hidden_result_prefilter_delegates_a_lawful_omega_outer_binding
4	PASS [   0.008s] ( 38/460) ken-elaborator erasure::px7l_tests::a_real_n_argument_host_vis_continuation_is_n_plus_one_throughout
4	PASS [   0.006s] ( 39/460) ken-elaborator export::resource_lifetime_hash_tests::buffer_use_without_acquire_is_a_named_pre_export_error
4	PASS [   0.006s] ( 40/460) ken-elaborator fo_kripke::tests::mentions_var0_detects_var0_in_a_former_wildcard_constructor
4	PASS [   0.006s] ( 41/460) ken-elaborator fo_kripke::tests::mentions_var0_detects_var0_in_pair_second_component
4	PASS [   0.326s] ( 42/460) ken-elaborator modules::namespace_effect_tests::apply_import_rejects_stale_ambient_identity_above_current_local
4	PASS [   0.319s] ( 43/460) ken-elaborator modules::namespace_effect_tests::checked_class_and_record_owners_survive_same_spelling_occupancy
4	PASS [   0.323s] ( 44/460) ken-elaborator modules::namespace_effect_tests::checked_current_local_and_its_inline_reexport_are_one_identity
4	PASS [   0.320s] ( 45/460) ken-elaborator modules::namespace_effect_tests::file_facade_uses_source_file_exports_not_memory_shadow
4	PASS [   0.319s] ( 46/460) ken-elaborator modules::namespace_effect_tests::file_import_uses_catalog_source_despite_unrelated_inline_name
4	PASS [   0.319s] ( 47/460) ken-elaborator modules::namespace_effect_tests::file_q_after_memory_owner_selects_file_provenance
4	PASS [   0.321s] ( 48/460) ken-elaborator modules::namespace_effect_tests::generated_instance_same_checked_identity_reimport_is_idempotent
4	PASS [   1.250s] ( 49/460) ken-elaborator modules::namespace_effect_tests::imported_classes_and_instances_keep_provider_id_after_same_name_shadow
4	PASS [   0.633s] ( 50/460) ken-elaborator modules::namespace_effect_tests::in_memory_root_import_refuses_later_child_even_when_external_n_is_loaded
4	PASS [   1.253s] ( 51/460) ken-elaborator modules::namespace_effect_tests::inline_child_private_leaf_refuses_in_owner_sibling_and_importer
4	PASS [   0.626s] ( 52/460) ken-elaborator modules::namespace_effect_tests::inline_sibling_does_not_inherit_owner_declaration_access
4	PASS [   0.321s] ( 53/460) ken-elaborator modules::namespace_effect_tests::selected_private_identity_is_unbound_even_with_a_spelling_binding
4	PASS [   0.320s] ( 54/460) ken-elaborator modules::namespace_effect_tests::selective_import_distinguishes_same_spelling_providers_and_same_idempotence
4	PASS [   0.007s] ( 55/460) ken-elaborator parser::atom_form_closure::every_type_form_is_reachable_through_at
4	PASS [   0.006s] ( 56/460) ken-elaborator parser::atom_form_closure::no_two_pattern_forms_admit_the_same_token
4	PASS [   0.006s] ( 57/460) ken-elaborator parser::atom_form_closure::the_derived_roster_admits_exactly_the_historical_twelve
4	PASS [   0.006s] ( 58/460) ken-elaborator r_layer_tests::acceptance::level_equality_decidable
4	PASS [   0.931s] ( 59/460) ken-elaborator r_layer_tests::acceptance::pipeline_errors_at_correct_stage
4	PASS [   1.290s] ( 60/460) ken-elaborator r_layer_tests::cat_bool_pub_export::boolean_provider_selective_imports_retain_provider_identities
4	PASS [   2.442s] ( 61/460) ken-elaborator r_layer_tests::cat_bytes_keys_closeout::bytes_keys_direct_lawfulclasses_provider_is_exact
4	PASS [   4.293s] ( 62/460) ken-elaborator r_layer_tests::cat_effectful_classes_pub_export::effectful_classes_selective_consumer_retains_provider_identities
4	PASS [   1.282s] ( 63/460) ken-elaborator r_layer_tests::cat_order_pub_export::lawful_totality_bridge_remains_a_private_transparent_provider_artifact
4	PASS [   5.328s] ( 64/460) ken-elaborator r_layer_tests::cat_priority_queue_acceptance::public_client_constructs_peeks_merges_and_drains_exact_exports
4	PASS [  37.690s] ( 65/460) ken-cli::rt_selected_pending_call_admission owner_vis_join_consumption_refuses_before_dead_subtree_disposition
4	PASS [   0.033s] ( 66/460) ken-elaborator r_layer_tests::cat_tier_e_argparse_import::argparse_selective_import_ledger_is_exact
4	PASS [ 123.988s] ( 67/460) ken-cli::abi_s6_mapping_surface_native suppressing_bounded_response_owner_drive_restores_the_pending_vis_trap
4	PASS [   2.497s] ( 68/460) ken-elaborator r_layer_tests::cat_tier_e_json_import::json_checked_provider_identity_closure_is_exact
4	PASS [   0.338s] ( 69/460) ken-elaborator r_layer_tests::effects::existing_surface_invariants_still_green
4	PASS [   0.007s] ( 70/460) ken-elaborator r_layer_tests::effects::handler_fold_passes_through_unhandled
4	PASS [   0.008s] ( 71/460) ken-elaborator r_layer_tests::effects::impure_masquerading_as_pure_rejected
4	PASS [   0.008s] ( 72/460) ken-elaborator r_layer_tests::effects::lower_elim_itree_wrong_method_count_rejected
4	PASS [   0.007s] ( 73/460) ken-elaborator r_layer_tests::effects::row_poly_pure_caller_is_pure
4	PASS [   0.007s] ( 74/460) ken-elaborator r_layer_tests::kenfmt_b3_layout::ac6_comma_boundary_break_carries_the_module_surface_wrap
4	PASS [   0.008s] ( 75/460) ken-elaborator r_layer_tests::kenfmt_b4_splicing::ac2_parse_first_role_gate_has_both_fallback_and_hard_error_orientations
4	PASS [   0.008s] ( 76/460) ken-elaborator r_layer_tests::kenfmt_b4_splicing::ac3_descending_splices_prevent_multi_fence_offset_drift
4	PASS [   0.014s] ( 77/460) ken-elaborator r_layer_tests::kenfmt_let_layout::ac6_ac7_worked_six_binding_proof_has_an_exact_readable_fixed_point
4	PASS [   0.351s] ( 78/460) ken-elaborator r_layer_tests::lang_fixity_decl_surface::declared_precedence_compares_with_arithmetic_levels
4	PASS [   0.995s] ( 79/460) ken-elaborator r_layer_tests::lang_mod_catalog_evidence_frontier::successful_empty_facade_has_exact_interface_identity_evidence
4	PASS [   0.346s] ( 80/460) ken-elaborator r_layer_tests::lang_structural_result_elab::d2_mixed_direct_wstyle_and_nested_structural_paths_reach_and_retain_behavior
4	PASS [   0.007s] ( 81/460) ken-elaborator r_layer_tests::lang_structural_result_elab::retired_selector_spelling_is_a_parse_error
4	PASS [  66.871s] ( 82/460) ken-cli::rt_cold_lowering_path_enumeration rt_read_norights_stage
4	PASS [   0.659s] ( 83/460) ken-elaborator r_layer_tests::lc_acceptance::ac2_orphan_check_accept_and_reject
4	PASS [   0.450s] ( 84/460) ken-elaborator seal2_tests::adversary_repros::carrier_closure_holds_deeply_on_the_landed_surface
4	PASS [   0.010s] ( 85/460) ken-elaborator seal2_tests::producer_closure::certificate_flags_an_unannotated_producer_via_its_carrier_parameter
4	PASS [   0.677s] ( 86/460) ken-elaborator r_layer_tests::n4_program_admits::admission_does_not_replace_overlap_or_orphan_gates
4	PASS [   0.344s] ( 87/460) ken-elaborator::ax2_axiom_named_postulates axiom_surface_parses_formats_and_elaborates_as_a_named_postulate
4	PASS [   0.006s] ( 88/460) ken-elaborator::bare_proof_selector_atom a_declaration_beginning_with_proof_terminates_the_previous_declarations_body
4	PASS [   0.006s] ( 89/460) ken-elaborator::bare_proof_selector_atom ac5_a_grouped_selector_argument_does_not_swallow_the_following_argument
4	PASS [   5.148s] ( 90/460) ken-elaborator r_layer_tests::cat_tier_e_schema_import::schema_issue_sequence_law_has_a_two_rejection_client
4	PASS [   0.340s] ( 91/460) ken-elaborator::case_eq_dependent_match_sugar stuck_bool_scrutinee_binds_a_usable_equation_and_kernel_checks
4	PASS [  14.441s] ( 92/460) ken-elaborator r_layer_tests::cat_tier_d_posix_import::filesystem_path_posix_imports_are_exact_canonical_and_internals_private
4	PASS [   2.072s] ( 93/460) ken-elaborator::cat3_collections_package cat3_d1_structural_collections_package_elaborates_zero_delta
4	PASS [   3.351s] ( 94/460) ken-elaborator::cat5_parsing_package cat5_d1_source_span_surface_is_byte_artifact_and_source_explicit
4	PASS [   1.314s] ( 95/460) ken-elaborator::cat_bsearch_acceptance entry_adds_no_trusted_declarations
4	PASS [   3.451s] ( 96/460) ken-elaborator::cat5_parsing_package cat5_d2_legacy_unguarded_repeat_is_not_exported
4	PASS [   0.679s] ( 97/460) ken-elaborator::cat_capex_authority filesystem_program_requires_the_declared_capability_and_accepts_its_twin
4	PASS [   1.334s] ( 98/460) ken-elaborator::cat_bsearch_acceptance entry_loads_through_declared_import_and_uses_canonical_order_provider
4	PASS [   2.354s] ( 99/460) ken-elaborator::cat_concat_map_append_law concat_map_append_has_the_exact_raw_checked_proposition
4	PASS [   7.641s] (100/460) ken-elaborator::cat5_parsing_package parsing_append_occurrence_population_and_migration_shape_are_pinned
4	PASS [   2.145s] (101/460) ken-elaborator::cat_derived_filter_membership_law compatibility_premise_distinguishes_true_and_false_instances
4	PASS [   5.244s] (102/460) ken-elaborator::cat_deque_closeout pop_back_list_view_checks_in_loaded_package_and_on_inhabited_deques
4	PASS [   1.824s] (103/460) ken-elaborator::cat_gcd_acceptance gcd_vectors_compute_and_divisibility_law_artifacts_remain_checked
4	PASS [   1.639s] (104/460) ken-elaborator::cat_gcd_acceptance roots_loader_registers_gcd_artifacts_with_exact_catalog_provider_identities
4	PASS [   0.685s] (105/460) ken-elaborator::cat_idf_trust_free_provider cold_vector_trust_set_equals_separately_fresh_compiler_base
4	PASS [   0.361s] (106/460) ken-elaborator::cat_sums_combinators_closeout sums_owned_inventory_and_compiler_floor_closure_are_exact
4	PASS [   0.005s] (107/460) ken-elaborator::catalog_taxonomy catalog_package_roots_use_only_the_controlled_sections
4	PASS [   1.271s] (108/460) ken-elaborator::cat_string_keys_closeout string_keys_owned_inventory_is_empty_and_standalone
4	PASS [   0.008s] (109/460) ken-elaborator::cc2_text_codec_numeric_acceptance verified_roundtrip_stays_structural_and_key_instances_stay_out_of_numeric
4	PASS [   2.454s] (110/460) ken-elaborator::cc3_parsing_cursor_decoder_acceptance cursor_reuses_canonical_nat_operations_with_zero_trust_delta
4	PASS [   4.775s] (111/460) ken-elaborator::cc1_nonempty_validation_acceptance validation_registry_has_applicative_but_no_monad_instance
4	PASS [   2.115s] (112/460) ken-elaborator::cc4_diagnostic_core_acceptance derived_fixture_retains_lawfulclasses_for_cc4_dependency_closure
4	PASS [   8.461s] (113/460) ken-elaborator::cat_map_dom_member map_dom_membership_law_is_checked_without_direct_trust
4	PASS [   6.478s] (114/460) ken-elaborator::cc4_diagnostic_core_acceptance cc4_clients_use_canonical_diagnostics_without_duplicate_carriers
4	PASS [   2.522s] (115/460) ken-elaborator::cc5_pretty_doc_acceptance ordered_dependency_closure_elaborates_transparent_pretty_doc
4	PASS [   4.840s] (116/460) ken-elaborator::cc4_diagnostic_core_acceptance ordered_dependency_closure_elaborates_all_cc4_clients
4	PASS [   2.730s] (117/460) ken-elaborator::cc6a_process_arguments_exit_acceptance ordered_dependency_closure_elaborates_both_packages
4	PASS [   0.350s] (118/460) ken-elaborator::class_field_purity type_id_projection_view_and_infer_route_are_live
4	PASS [   2.614s] (119/460) ken-elaborator::conversions_acceptance ac4_saturating_sub_clamps_at_lower_boundary_every_width
4	PASS [   0.395s] (120/460) ken-elaborator::dependent_match_coherent_frame_acceptance forced_index_telescope_relation_extension_elaborates
4	PASS [   0.358s] (121/460) ken-elaborator::dependent_match_context_telescope_acceptance elim_carries_convoy_telescope_in_motive_methods_and_application
4	PASS [   0.349s] (122/460) ken-elaborator::dependent_match_nonnullary_acceptance ac1_tree_two_recursive_fields_elaborates_and_narrows_structurally
4	PASS [   0.345s] (123/460) ken-elaborator::dependent_match_nonnullary_acceptance ac2b_tree_dual_recursive_descent_passes_sct
4	PASS [   0.006s] (124/460) ken-elaborator::dotted_module_path_parser import_rejects_a_lowercase_path_component
4	PASS [   0.341s] (125/460) ken-elaborator::ds5b_dependent_match_refinement_acceptance omega_branch_goal_uses_tagged_direct_j_restoration
4	PASS [   7.416s] (126/460) ken-elaborator::cc7_argparse_acceptance ordered_closure_elaborates_the_renderer_specialization_and_multifile_client
4	PASS [   0.345s] (127/460) ken-elaborator::ds5b_dependent_match_refinement_acceptance sibling_convoy_retypes_outer_binder_through_nested_match
4	PASS [   2.034s] (128/460) ken-elaborator::ds5b_dependent_match_refinement_acceptance real_fok_recursive_omega_consumer_uses_all_three_child_paths
4	PASS [   7.672s] (129/460) ken-elaborator::cc8_env_config_decoder_acceptance two_missing_fields_accumulate_exact_environment_origins
4	PASS [   0.010s] (130/460) ken-elaborator::ds8_traversable_acceptance zero_axiom_in_checked_fences
4	PASS [   0.469s] (131/460) ken-elaborator::es2_acceptance issorted_and_perm_applications_reduce_past_their_own_head
4	PASS [   0.318s] (132/460) ken-elaborator::es3_modules_acceptance nullary_abstract_export_is_transparent_to_owner_and_opaque_to_client
4	PASS [   0.318s] (133/460) ken-elaborator::es3_modules_acceptance three_import_forms_resolve_to_one_binding
4	PASS [   0.320s] (134/460) ken-elaborator::es3_modules_acceptance top_level_local_import_clash_is_rejected_latently
4	PASS [  33.923s] (135/460) ken-elaborator::b1_acceptance delegated_obligation_never_promoted_to_proved
4	PASS [   2.143s] (136/460) ken-elaborator::ds7_applicative_monad_acceptance wired_superclass_chain_and_nested_projection
4	PASS [   0.006s] (137/460) ken-elaborator::fr1_zero_ctor_data_acceptance both_spellings_parse_to_zero_constructor_decls
4	PASS [   0.454s] (138/460) ken-elaborator::fr2_absurd_collision_hygiene cast_and_ascript_are_not_reserved_and_elaborate_fine
4	PASS [   0.548s] (139/460) ken-elaborator::fr2_absurd_collision_hygiene declaring_lower_arity_j_or_eq_elaborates_fine_not_a_collision
4	PASS [   4.862s] (140/460) ken-elaborator::ds7_applicative_monad_acceptance entry_elaborates_with_every_checked_fence
4	PASS [   0.006s] (141/460) ken-elaborator::i4d_boundary_header_parser filesystem_root_is_checked_boundary_metadata
4	PASS [   0.425s] (142/460) ken-elaborator::ken_md_literate ken_example_with_valid_body_check_passes_and_is_not_tangled
4	PASS [   0.553s] (143/460) ken-elaborator::fr2_absurd_collision_hygiene reserved_sugar_still_works_when_undeclared
4	PASS [   0.016s] (144/460) ken-elaborator::km_literal_trust_accounting literal_classification_is_the_only_primitive_accounting_exclusion
4	PASS [   2.089s] (145/460) ken-elaborator::es4_classes_acceptance ord_total_law_is_the_bool_or_equation
4	PASS [   2.416s] (146/460) ken-elaborator::es4_classes_acceptance int_ord_instance_is_audited_delta_not_zero_delta
4	PASS [   0.484s] (147/460) ken-elaborator::kernel_conv_congruence_closure cast_congruence_is_reached_by_checked_ken_source
4	PASS [   0.361s] (148/460) ken-elaborator::ktr2_data_lowering_diagnostics legacy_universe_overflow_is_actionable_and_source_attributed
4	PASS [   0.508s] (149/460) ken-elaborator::ktr2_data_lowering_diagnostics failed_localization_preserves_the_unattributed_kernel_error
4	PASS [   0.382s] (150/460) ken-elaborator::ktr2_data_lowering_diagnostics undefined_uppercase_constructor_argument_is_unresolved
4	PASS [   0.355s] (151/460) ken-elaborator::l2_acceptance ac7_plain_carrier_no_obligation
4	PASS [   0.341s] (152/460) ken-elaborator::l2_acceptance ac7_refinement_intro_emits_obligation
4	PASS [   0.349s] (153/460) ken-elaborator::l2_acceptance nested_ctor_pattern_shadowed_by_earlier_flat_arm_is_reachability_error
4	PASS [   0.006s] (154/460) ken-elaborator::l6_acceptance bytes_immutable_concat_allocates_fresh
4	PASS [   0.350s] (155/460) ken-elaborator::l3a_acceptance fuel_bounded_unfold_produces_finite_prefix
4	PASS [   0.352s] (156/460) ken-elaborator::l3a_recursive_view_smoke poly_id_elaborates
4	PASS [   0.354s] (157/460) ken-elaborator::l6_acceptance reverse_roundtrip_is_not_a_law
4	PASS [   0.346s] (158/460) ken-elaborator::l7_acceptance relied_on_foreign_listed_in_trusted_base_delta
4	PASS [   0.346s] (159/460) ken-elaborator::l7_acceptance trusted_base_delta_flips_on_dependency_not_scope
4	PASS [   0.007s] (160/460) ken-elaborator::lang_application_atom_if_rejection predicate_never_misses_a_forbidden_shape
4	PASS [   0.006s] (161/460) ken-elaborator::lang_atom_start_classification_closure ac0_a_proof_selector_head_is_still_admitted
4	PASS [   0.005s] (162/460) ken-elaborator::lang_atom_start_classification_closure ac0_the_bare_proof_selector_is_refused_as_an_argument_at_every_depth
4	PASS [   0.005s] (163/460) ken-elaborator::lang_atom_start_classification_closure ac9_the_effect_row_exclusion_keeps_visits_out_of_the_return_type
4	PASS [   0.358s] (164/460) ken-elaborator::l_match_ih_fix_acceptance ac2_tree_size_uses_both_ihs_and_computes_right_value
4	PASS [   0.346s] (165/460) ken-elaborator::l_resolver_globals ac3_type_position_global_unchanged
4	PASS [   0.354s] (166/460) ken-elaborator::lang_constructor_namespace_shadowing_guard a_single_family_with_distinct_constructors_compiles
4	PASS [   0.007s] (167/460) ken-elaborator::lang_foreign_name_format_chars literate_recovery_preserves_visible_escape_data
4	PASS [   0.008s] (168/460) ken-elaborator::lang_foreign_name_format_chars lossless_and_layout_consumers_account_for_the_leading_bom
4	PASS [   0.006s] (169/460) ken-elaborator::lang_foreign_name_format_chars raw_character_and_byte_literal_bodies_use_the_whole_source_guard
4	PASS [   0.350s] (170/460) ken-elaborator::lang_foreign_name_control_chars ordinary_foreign_names_still_accept
4	PASS [   1.334s] (171/460) ken-elaborator::l4_export_reexport loader_executes_same_identity_carveout_and_distinct_source_flip
4	PASS [   0.357s] (172/460) ken-elaborator::lang_instance_registry_identity_key valid_parameterized_nested_prerequisites_still_check
4	PASS [   0.355s] (173/460) ken-elaborator::lang_match_as_pattern alias_collision_with_sibling_binder_is_rejected_by_name
4	PASS [   0.352s] (174/460) ken-elaborator::lang_match_guards guard_composes_after_whole_pattern_and_module_rewriting_reaches_it
4	PASS [   0.347s] (175/460) ken-elaborator::lang_match_record_pattern component_coverage_respects_open_fields_and_names_the_real_gap
4	PASS [   0.347s] (176/460) ken-elaborator::lang_match_record_pattern omitted_fields_bind_nothing_and_do_not_shift_outer_variables
4	PASS [   1.357s] (177/460) ken-elaborator::lang_facade_export_load_order nested_facade_reaches_the_consumer_through_p_interface
4	PASS [   0.338s] (178/460) ken-elaborator::lang_mod_catalog_realization canonical_or_publishes_constructors_under_legacy_roots_idempotently
4	PASS [   0.668s] (179/460) ken-elaborator::lang_mod_catalog_realization legacy_local_scope_covers_ordinary_data_and_classes
4	PASS [   1.314s] (180/460) ken-elaborator::lang_membership_operator_surface membership_binding_is_defined_once_and_the_facade_reexports_its_identity
4	PASS [   0.687s] (181/460) ken-elaborator::lang_mod_strict_resolution_d0 root_and_legacy_are_distinct_entries_with_ambient_passthrough_still_live
4	PASS [   2.016s] (182/460) ken-elaborator::lang_mod_pair_floor_realization pair_floor_binding_collisions_reject_before_allocation
4	PASS [   0.347s] (183/460) ken-elaborator::lang_prelude_floor_fifteen ill_kinded_source_empty_cannot_redirect_space_desugaring
4	PASS [   0.353s] (184/460) ken-elaborator::lang_qualified_constructor_privacy forge_count_file
4	PASS [   0.348s] (185/460) ken-elaborator::lang_qualified_constructor_privacy mapping_resource_file
4	PASS [   0.346s] (186/460) ken-elaborator::lang_qualified_constructors forged_qualified_global_spelling_cannot_redirect_checked_member
4	PASS [   0.347s] (187/460) ken-elaborator::lang_qualified_constructors module_and_type_constructor_path_conflict_in_both_positions
4	PASS [   0.337s] (188/460) ken-elaborator::lang_qualified_constructors module_and_type_path_conflict_even_when_both_select_one_id
4	PASS [   0.677s] (189/460) ken-elaborator::lang_qualified_constructors strict_roots_type_constructor_selection_keeps_public_and_private_faces
4	PASS [   0.007s] (190/460) ken-elaborator::lang_reserved_infix_names reserved_names_do_not_widen_excluded_identifier_grammars
4	PASS [   4.676s] (191/460) ken-elaborator::lang_mod_strict_resolution_d1 strict_globals_choke_covers_every_d0_globals_representation
4	PASS [   1.686s] (192/460) ken-elaborator::lang_reserved_infix_names reserved_precedence_alias_collision_and_privacy_use_existing_diagnostics
4	PASS [   0.339s] (193/460) ken-elaborator::lang_roots_loader_local_instance_dict_scope duplicate_structure_dictionary_is_rejected_by_exact_class_head
4	PASS [   0.332s] (194/460) ken-elaborator::lang_standard_infix_call_completion ac2b_an_unrelated_local_operator_with_the_same_glyph_is_left_alone
4	PASS [   0.007s] (195/460) ken-elaborator::lang_surface_block_comments ac7_formatter_round_trips_a_block_comment
4	PASS [   0.006s] (196/460) ken-elaborator::lang_symbolic_operator_names retired_match_arm_spellings_remain_lexically_reserved
4	PASS [   0.006s] (197/460) ken-elaborator::lang_trivia_kind_mapping_pin d1_same_line_after_doc_comment_attaches_leading_to_following_declaration
4	PASS [   0.348s] (198/460) ken-elaborator::lang_truncation_surface_syntax ac4_kernel_level_type_target_elimination_of_trunc_remains_refused
4	PASS [   0.344s] (199/460) ken-elaborator::lang_truncation_surface_syntax d2_trunc_intro_checks_against_a_trunc_shaped_goal
4	PASS [   1.310s] (200/460) ken-elaborator::lang_standard_infix_call_completion the_real_catalog_facade_certifies_against_the_shape_contract
4	PASS [   0.358s] (201/460) ken-elaborator::lang_type_projection_surface_form ac3_the_consumer_bindings_resolve_as_ordinary_top_level_bindings_not_builtins
4	PASS [   0.346s] (202/460) ken-elaborator::let5_checking_mode_let old_in_checked_position_fails_closed_without_prestate
4	PASS [   0.007s] (203/460) ken-elaborator::literal_escapes_lexer_unit well_shaped_invalid_scalar_spans_the_complete_escape
4	PASS [   9.065s] (204/460) ken-elaborator::lang_membership_operator_surface three_named_providers_are_carrier_first_and_retain_their_own_comparator
4	PASS [   3.565s] (205/460) ken-elaborator::literal_escapes_conformance byte_string_ascii_and_x_domain
4	PASS [   0.343s] (206/460) ken-elaborator::mutual_recursion_surface_acceptance is_even_is_odd_compute_correct_values
4	PASS [   0.326s] (207/460) ken-elaborator::mutual_recursion_surface_acceptance non_terminating_mutual_group_is_rejected_by_sct
4	PASS [   0.325s] (208/460) ken-elaborator::n1_duplicate_definition lower_arity_eq_j_and_real_sugar_remain_jointly_live
4	PASS [   0.325s] (209/460) ken-elaborator::n2_in_repo_loader cross_file_import_resolves_lazily_through_plural_root_api_and_caches
4	PASS [   0.420s] (210/460) ken-elaborator::nat_arithmetic_laws_acceptance trusted_base_delta_is_empty_across_the_entry
4	PASS [   0.854s] (211/460) ken-elaborator::nc14_data_match_lowering d5_native_scalar_merge_admits_checked_structural_nat
4	PASS [   0.821s] (212/460) ken-elaborator::nc14_data_match_lowering result_match_payload_binding_lowers_and_matches_interpreter
4	PASS [   0.008s] (213/460) ken-elaborator::nc14_data_match_lowering stale_constructor_identity_rejects_before_runtime_program_success
4	PASS [   0.006s] (214/460) ken-elaborator::nc15_record_sigma_lowering erased_law_field_projection_rejects_before_runtime_program_success
4	PASS [   0.007s] (215/460) ken-elaborator::nc15_record_sigma_lowering witness_rejects_runtime_or_checked_core_field_status_drift
4	PASS [   0.007s] (216/460) ken-elaborator::nc16_primitive_value_lowering primitive_bool_string_and_bytes_values_lower_and_evaluate
4	PASS [   0.008s] (217/460) ken-elaborator::nc18_effects_foreign_boundary_ir pure_program_report_keeps_starter_subset_ready
4	PASS [   0.010s] (218/460) ken-elaborator::nc5_erasure_runtime_ir nested_constructor_lowerability_blocker_rejects
4	PASS [   0.018s] (219/460) ken-elaborator::nc5_erasure_runtime_ir proof_erasure_boundary_witness_names_dropped_metadata_lanes
4	PASS [   0.345s] (220/460) ken-elaborator::purity_keywords surf1_d2_const_and_fn_accept_by_value_arity
4	PASS [   0.659s] (221/460) ken-elaborator::px8f_buffer_io_surface checked_source_rejects_private_buffer_span_producers
4	PASS [   8.857s] (222/460) ken-elaborator::map_build_acceptance cat_rel_seed_non_root_successor_path_executes
4	PASS [   0.328s] (223/460) ken-elaborator::px9_system_error_classification sanctioned_retry_surface_consumes_both_classification_axes
4	PASS [   0.350s] (224/460) ken-elaborator::record_index_sigma_closure if_result_classifier_closes_a_substituted_refined_core
4	PASS [   0.320s] (225/460) ken-elaborator::record_index_sigma_closure unsupported_pi_beneath_sigma_rejects_the_entire_plan
4	PASS [   9.650s] (226/460) ken-elaborator::map_build_acceptance lookupassocagree_law5_is_a_real_general_proof_term
4	PASS [   0.328s] (227/460) ken-elaborator::rt_dasm_d1b_role_a_role_authority d1b_role_a_package_cannot_declare_a_runtime_role_constructor_spelling
4	PASS [   0.006s] (228/460) ken-elaborator::sec1_acceptance label_survives_effect_routing
4	PASS [   0.005s] (229/460) ken-elaborator::sec1_acceptance secret_to_public_rejected
4	PASS [   0.005s] (230/460) ken-elaborator::sec1_acceptance unprovable_relational_incomplete_never_false_proved
4	PASS [   0.005s] (231/460) ken-elaborator::sec2_acceptance file_write_needs_capability_and_clearance
4	PASS [   0.449s] (232/460) ken-elaborator::rt_dasm_d1b_role_c1_trusted_base_provenance c1_a_severed_tuple_partner_is_refused
4	PASS [   0.350s] (233/460) ken-elaborator::surf_space_cells_p1 public_block_space_is_a_specific_surface_refusal
4	PASS [   0.349s] (234/460) ken-elaborator::surface_arrow_in_expr_acceptance arrow_is_right_associative
4	PASS [   0.333s] (235/460) ken-elaborator::surface_arrow_in_expr_acceptance dependent_arrow_in_expr_position_is_a_real_pi
4	PASS [   0.344s] (236/460) ken-elaborator::surface_def_refinement type_is_reserved_not_a_free_identifier
4	PASS [   1.998s] (237/460) ken-elaborator::sub1_bytes_structural_view ac1_ac3_structural_fold_terminates_runs_and_adds_no_axiom
4	PASS [   0.385s] (238/460) ken-elaborator::surface_named_proof_claims attached_proof_can_depend_on_same_subject_attached_proof
4	PASS [   0.337s] (239/460) ken-elaborator::surface_named_proof_claims duplicate_attached_proof_name_on_same_subject_is_rejected
4	PASS [   0.330s] (240/460) ken-elaborator::surface_named_proof_claims module_selective_import_exposes_prop_intro_without_bare_intro
4	PASS [   0.348s] (241/460) ken-elaborator::surface_named_proof_claims prop_seed_shape_elaborates_without_trusted_base_growth
4	PASS [   0.006s] (242/460) ken-elaborator::t1_acceptance hole_kind_round_trips_and_lists_in_delta
4	PASS [   0.006s] (243/460) ken-elaborator::t1_acceptance non_discharged_implies_non_null_diagnostic
4	PASS [   0.336s] (244/460) ken-elaborator::surface_transport_acceptance stuck_match_over_abstract_key_transports_via_hand_written_motive
4	PASS [   0.403s] (245/460) ken-elaborator::v1_acceptance requires_on_final_param_unaffected
4	PASS [   0.553s] (246/460) ken-elaborator::v1_acceptance requires_on_first_of_two_params
4	PASS [   0.536s] (247/460) ken-elaborator::v1_acceptance result_out_of_ensures_rejects
4	PASS [   0.495s] (248/460) ken-elaborator::v1_acceptance v0_behavior_unchanged
4	PASS [   0.507s] (249/460) ken-elaborator::v2_acceptance body_requires_assumed_not_reobligated
4	PASS [   0.531s] (250/460) ken-elaborator::v2_acceptance postcondition_emits_substituted_goal
4	PASS [   0.007s] (251/460) ken-elaborator::v3_acceptance pure_pipeline_no_obligations_unaffected
4	PASS [   0.007s] (252/460) ken-elaborator::v3_acceptance unrecognized_shape_to_ho_default_no_skip
4	PASS [   0.381s] (253/460) ken-elaborator::v2_acceptance precondition_at_call_not_in_body_placeholder
4	PASS [   2.056s] (254/460) ken-elaborator::v3_fo_checker_soundness_d0_buildability_probe probe3_bool_true_hypothesis_eliminates_by_cases_restructured
4	PASS [   1.918s] (255/460) ken-elaborator::v3_fo_checker_soundness_d1a_rule_correspondence fok_derivation_kernel_artifact_has_closed_rule_inventory
4	PASS [   1.965s] (256/460) ken-elaborator::v3_fo_checker_soundness_d3 accepted_imp_right_init_tree_instantiates_full_checker_soundness
4	PASS [   2.014s] (257/460) ken-elaborator::v3_fo_checker_soundness_d2_bool_inversion fok_or_elim_right_branch_applies_to_a_concrete_instance
4	PASS [   1.928s] (258/460) ken-elaborator::v3_fo_checker_soundness_d3_unused_ih_reduction fok_check_node_abstract_children_probe_is_convertible_by_refl
4	PASS [   2.144s] (259/460) ken-elaborator::v3_fo_checker_soundness_d4 accepted_forall_object_right_reaches_full_checker_soundness
4	PASS [   1.950s] (260/460) ken-elaborator::v3_fo_embedding_adequacy_d1 scoped_formula_depth_is_an_index_not_a_parameter
4	PASS [   2.201s] (261/460) ken-elaborator::v3_fo_ken_level_checker_authoring certificate_sort_validation_certificate_wide_parameter_pair
4	PASS [   1.999s] (262/460) ken-elaborator::v3_fo_ken_level_checker_authoring fok_check_cert_accepts_genuine_derivations
4	PASS [   0.006s] (263/460) ken-elaborator::v3_fo_kripke_slice_acceptance positive_control_certificate_computes_true
4	PASS [   2.101s] (264/460) ken-elaborator::v3_fo_ken_level_checker_authoring fok_embed_agrees_with_rust_embed_on_quoted_inputs
4	PASS [   7.647s] (265/460) ken-elaborator::v3_fo_route_consumption_apparatus handles_resolve_atomically_then_survive_source_name_removal
4	PASS [   0.006s] (266/460) ken-elaborator::v4_acceptance lem_unknown_no_forcing_world
4	PASS [   0.005s] (267/460) ken-elaborator::v4_acceptance slice_missing_hypothesis_sufficiency_flip
4	PASS [   0.005s] (268/460) ken-elaborator::v4_acceptance unknown_absorption_on_known_operand
4	PASS [   0.349s] (269/460) ken-elaborator::val1_string_literals fibonacci_iterative_elaborates
4	PASS [   0.348s] (270/460) ken-elaborator::val1_string_literals print_line_prim_reduction_builds_itree
4	PASS [   0.010s] (271/460) ken-foundation canonical::tests::set_ordering_deterministic
4	PASS [   0.006s] (272/460) ken-foundation hash::tests::fnv1a_deterministic
4	PASS [   0.018s] (273/460) ken-host abi_v1::tests::abi_a3_raw_dispatch_executes_all_four_directory_operations
4	PASS [   0.007s] (274/460) ken-host abi_v1::tests::every_deferred_operation_has_its_own_named_native_boundary_rejection
4	PASS [   0.006s] (275/460) ken-host account_db_v1::tests::production_lookup_is_owned_and_is_success_or_exact_no_record
4	PASS [   0.009s] (276/460) ken-host effect_v1::tests::abi_s1_duplicate_preserves_policy_rights_and_revocation_lineage
4	PASS [   0.006s] (277/460) ken-host effect_v1::tests::abi_s1_sync_modes_execute_and_share_the_write_right
4	PASS [   0.005s] (278/460) ken-host effect_v1::tests::abi_s6_d5a_leaves_file_acquisition_represented_unavailable
4	PASS [   0.005s] (279/460) ken-host effect_v1::tests::ac5_new_operations_are_unavailable_and_the_promotion_set_is_untouched
4	PASS [   0.005s] (280/460) ken-host effect_v1::tests::buffer_allocation_failure_is_reachable_ordered_and_atomic
4	PASS [   0.006s] (281/460) ken-host effect_v1::tests::foreign_acquisition_span_rejects_on_both_consumers_before_bytes_or_backend
4	PASS [   0.005s] (282/460) ken-host effect_v1::tests::fs_open_attenuates_the_live_handle_to_the_requested_mode
4	PASS [   0.005s] (283/460) ken-host effect_v1::tests::generated_manifest_binds_the_opaque_capability_layout
4	PASS [   0.005s] (284/460) ken-host effect_wire::tests::linked_trace_codec_preserves_allocation_failure_identity
4	PASS [   0.005s] (285/460) ken-host effect_wire::tests::linked_trace_codec_preserves_resource_origin_canonical_revoked_identity
4	PASS [   0.005s] (286/460) ken-host tests::manifest_identity_accepts_match_and_rejects_mismatch
4	PASS [   0.012s] (287/460) ken-interp eff_tests::eff1_perform_rule_uniform_across_classes
4	PASS [   0.007s] (288/460) ken-interp eff_tests::eff4_handled_discharges_unhandled_reaches_driver
4	PASS [   0.007s] (289/460) ken-interp eff_tests::regression_pure_program_never_reaches_driver
4	PASS [   0.007s] (290/460) ken-interp eval::capacity_tests::interp_loud_capacity_error_not_silent
4	PASS [   0.007s] (291/460) ken-interp eval::px5b_effect_observation_tests::mapping_limit_reifies_the_distinct_checked_resource_error
4	PASS [   0.007s] (292/460) ken-interp eval::px5b_effect_observation_tests::rt_parity_buffer_freeze_rejects_malformed_bounds_exactly
4	PASS [   0.008s] (293/460) ken-interp eval::px5b_effect_observation_tests::rt_parity_malformed_freeze_bounds_precede_closed_resource
4	PASS [   0.008s] (294/460) ken-interp tests::can_quotient_elim_computes
4	PASS [   0.008s] (295/460) ken-interp tests::closure_publication_rejected_transitively
4	PASS [  13.335s] (296/460) ken-elaborator::v3_fo_route_consumption_apparatus faithful_and_wrong_encodings_form_a_kernel_guarded_pair
4	PASS [  34.895s] (297/460) ken-interp::b3_acceptance non_host_trace_event_uses_exact_b1_signature_and_rejects_sibling
4	PASS [  69.910s] (298/460) ken-interp::b3_acceptance monitor_changes_when_t_changes
4	PASS [ 112.609s] (299/460) ken-elaborator::px8x_static_export_projection direct_body_and_fixed_descriptor_fail_closed_before_wire_output
4	PASS [   0.006s] (300/460) ken-interp::f2f3_acceptance ac4_bare_add_int8_overflow_degrades_not_wraps
4	PASS [   0.338s] (301/460) ken-interp::l1_acceptance sweep_int8_overflow_emits_obligation
4	PASS [   0.345s] (302/460) ken-interp::l1_acceptance sweep_int_total_no_obligation
4	PASS [   0.009s] (303/460) ken-interp::nc12_runtime_ir_evaluator caller_supplied_interpreter_agreement_binds_identities_without_live_path_claim
4	PASS [   0.006s] (304/460) ken-interp::nc12_runtime_ir_evaluator p2_an_ambiguous_example_key_is_refused_rather_than_resolved_by_order
4	PASS [   0.008s] (305/460) ken-interp::nc12_runtime_ir_evaluator stale_oracle_identity_rejects_before_runtime_ir_evaluation
4	PASS [   0.007s] (306/460) ken-kernel check::tests::k2_omega_formation
4	PASS [   0.010s] (307/460) ken-kernel conv::tests::closed_two_cons_positive_reduces_by_iota_without_refusal
4	PASS [   0.009s] (308/460) ken-kernel conv::tests::k3_closed_iota_to_neutral_argument_does_not_report_iota_progress
4	PASS [   0.005s] (309/460) ken-kernel conv::tests::level_max_zero_absorbed_by_var_at_same_offset
4	PASS [   0.006s] (310/460) ken-kernel inductive::tests::positivity_bad4_in_own_indices_rejected
4	PASS [   0.005s] (311/460) ken-kernel inductive::tests::w_style_pi_bound_admitted_in_k1p5
4	PASS [   0.005s] (312/460) ken-kernel sct::tests::ctor_wrap_compose_rejected
4	PASS [   0.005s] (313/460) ken-kernel sct::tests::is_exact_reconstruction_reorder_rejected
4	PASS [   0.010s] (314/460) ken-kernel::acceptance ac4_elim_nat_iota_suc
4	PASS [   0.008s] (315/460) ken-kernel::acceptance ac4_elim_vec_iota_vcons_var
4	PASS [   0.007s] (316/460) ken-kernel::acceptance ac5_d_in_constructor_target_index_rejected
4	PASS [   0.007s] (317/460) ken-kernel::acceptance ac5_positive_list_admitted
4	PASS [   0.010s] (318/460) ken-kernel::ds6a_int_deceq_certificate wrong_arity_eq_op_is_rejected_at_registration
4	PASS [   0.010s] (319/460) ken-kernel::eq_at_inductive_multifield_binder two_field_reflexive_eq_under_trailing_binder_infers_the_nested_proof
4	PASS [   0.009s] (320/460) ken-kernel::k1p5_wstyle ac2_indexed_wstyle_method_type_agreement
4	PASS [   0.007s] (321/460) ken-kernel::k1p5_wstyle ac3_wstyle_iota_in_conversion
4	PASS [   0.006s] (322/460) ken-kernel::k1p5_wstyle ac5_elim_itree_ret_and_vis_compute
4	PASS [   0.010s] (323/460) ken-kernel::k2c_conversion sct_accept_mutual
4	PASS [   0.005s] (324/460) ken-kernel::k2c_conversion sct_reject_ctor_wrap_compose
4	PASS [   0.012s] (325/460) ken-kernel::k2c_series2 cast_inductive_open_index_stuck
4	PASS [   0.006s] (326/460) ken-kernel::k2c_series2 eq_inductive_dependent_telescope
4	PASS [   0.010s] (327/460) ken-kernel::k4_omega_motive type_motive_regression_still_admitted
4	PASS [   0.009s] (328/460) ken-kernel::k5_omega_fragment absurd_type_motive_can_mention_context_variables
4	PASS [   0.011s] (329/460) ken-kernel::k7_eq_at_inductive_whnf eq_at_inductive_collapses_operation_wrapped_same_constructor
4	PASS [   0.011s] (330/460) ken-kernel::nested_inductives_all generated_all_support_has_the_frozen_first_order_carrier
4	PASS [   0.009s] (331/460) ken-kernel::nested_inductives_d3_shapes primitive_sigma_preserves_topology_and_both_motive_leaves
4	PASS [   0.011s] (332/460) ken-kernel::nested_inductives_remaining seed_fresh_bag_rose_and_deep_paths_admit_structurally
4	PASS [   0.010s] (333/460) ken-kernel::obs_eq_termination_congruence allkeys_distinct_predicate_stays_rejected
4	PASS [   0.009s] (334/460) ken-kernel::sct_completeness_nested_split two_level_nested_split_flat_sibling_recursion_accepts
4	PASS [   0.009s] (335/460) ken-kernel::sigma_eq_pair_refl sigma_eq_component_proof_checks_under_first_proof_binder
4	PASS [   0.009s] (336/460) ken-kernel::sigma_sort pi_into_prop_is_prop_codomain_keyed
4	PASS [   0.008s] (337/460) ken-runtime activation_abi::tests::zero_epoch_profile_child
4	PASS [   0.011s] (338/460) ken-runtime boundary_activation::tests::max_word_grants_do_not_panic_at_open_or_begin
4	PASS [   0.011s] (339/460) ken-runtime boundary_activation::tests::moving_the_activation_does_not_move_what_generated_code_was_given
4	PASS [   0.009s] (340/460) ken-runtime boundary_resource_profile::tests::an_exhaustion_names_its_scope_and_resource_distinguishably
4	PASS [   0.009s] (341/460) ken-runtime boundary_value::invocation_aggregate_decode_tests::a_record_aggregate_decodes_to_its_named_fields
4	PASS [   0.051s] (342/460) ken-runtime boundary_value_clif::tests::b2v_a_constructed_persistent_word_survives_the_invocation_arena
4	PASS [   0.009s] (343/460) ken-runtime boundary_value_clif::tests::b2v_ac10_adoption_fails_closed_before_publication
4	PASS [   0.064s] (344/460) ken-runtime boundary_value_clif::tests::b2v_ac10_the_magnitude_boundary_is_a_real_emitted_partition
4	PASS [   0.056s] (345/460) ken-runtime boundary_value_clif::tests::b2v_emitted_code_constructs_equal_length_bytes_and_strings_by_content
4	PASS [   0.169s] (346/460) ken-runtime boundary_value_clif::tests::b2v_every_emitted_owner_band_test_is_the_plans
4	PASS [   0.009s] (347/460) ken-runtime boundary_value_clif::tests::b2v_the_layout_inventory_is_the_sole_authority
4	PASS [   0.006s] (348/460) ken-runtime canonical::tests::ac_v1b_corpus_is_non_vacuous_and_discriminating
4	PASS [   0.005s] (349/460) ken-runtime canonical::tests::float_minus_zero_distinct_from_plus_zero
4	PASS [   0.006s] (350/460) ken-runtime cranelift_backend::artifact::api::tests::nc8_certificate_rejects_add_int_wrong_arity_in_reachable_transparent_declaration
4	PASS [   0.006s] (351/460) ken-runtime cranelift_backend::artifact::api::tests::nc8_certificate_rejects_let_expression_in_validated_example
4	PASS [   0.006s] (352/460) ken-runtime cranelift_backend::artifact::api::tests::nc8_certificate_rejects_top_level_observable_closure
4	PASS [   0.006s] (353/460) ken-runtime cranelift_backend::artifact::api::tests::nc8_certificate_rejects_unsupported_total_primitive_in_validated_example
4	PASS [   0.025s] (354/460) ken-runtime cranelift_backend::artifact::api::tests::nc8_valid_certificate_records_f2_validation_separate_from_f1
4	PASS [   0.020s] (355/460) ken-runtime cranelift_backend::artifact::tests::b2f_ac8_the_inventory_enumerator_sees_a_second_emitters_declarations
4	PASS [   0.008s] (356/460) ken-runtime cranelift_backend::lowering::aggregates::tests::a_mismatch_below_every_recursive_container_is_refused_before_any_allocation
4	PASS [   0.041s] (357/460) ken-runtime cranelift_backend::lowering::aggregates::tests::a_sibling_records_field_schema_is_refused_before_any_allocation
4	PASS [   0.007s] (358/460) ken-runtime cranelift_backend::lowering::boundary::tests::recut2_identity_is_a_function_of_owner_and_needs_no_second_wiring
4	PASS [   0.007s] (359/460) ken-runtime cranelift_backend::lowering::boundary::tests::recut2_the_tag_admission_is_derived_from_the_partition_not_restated
4	PASS [   0.042s] (360/460) ken-runtime cranelift_backend::lowering::core::primitive::tests::cranelift_reports_bytes_and_string_immediates_as_ground_values
4	PASS [   0.009s] (361/460) ken-runtime cranelift_backend::lowering::core::tests::constructors::a_capture_contract_with_a_duplicated_slot_ordinal_rejects
4	PASS [   0.006s] (362/460) ken-runtime cranelift_backend::lowering::core::tests::constructors::b2f_d9_no_spillable_tag_can_make_the_immediate_producer_answer_shape
4	PASS [   0.024s] (363/460) ken-runtime cranelift_backend::lowering::core::tests::constructors::b2f_d9_one_compiled_body_takes_both_arms_at_runtime
4	PASS [   0.022s] (364/460) ken-runtime cranelift_backend::lowering::core::tests::constructors::carried_bool_dispatch_selects_exact_false_and_true_ordinals
4	PASS [   0.034s] (365/460) ken-runtime cranelift_backend::lowering::core::tests::constructors::carried_bounded_nat_adapter_is_load_bearing
4	PASS [   0.024s] (366/460) ken-runtime cranelift_backend::lowering::core::tests::constructors::constructor_field_bridge_removal_recovers_exact_refusal
4	PASS [   0.028s] (367/460) ken-runtime cranelift_backend::lowering::core::tests::constructors::constructor_field_middle_binder_preserves_trailing_environment_order
4	PASS [   0.026s] (368/460) ken-runtime cranelift_backend::lowering::core::tests::constructors::constructor_field_missing_case_owns_default_before_fields
4	PASS [   0.047s] (369/460) ken-runtime cranelift_backend::lowering::core::tests::constructors::d4_an_observable_span_yields_pointer_length_and_outcome_zero
4	PASS [   0.082s] (370/460) ken-runtime cranelift_backend::lowering::core::tests::constructors::dynamic_constructor_dispatches_producer_continuation_with_all_frames
4	PASS [   0.031s] (371/460) ken-runtime cranelift_backend::lowering::core::tests::constructors::heterogeneous_eliminator_well_formed_control_emits
4	PASS [   0.052s] (372/460) ken-runtime cranelift_backend::lowering::core::tests::constructors::selected_worker_generated_gate_rejects_wrong_target_and_duplicate
4	PASS [   0.009s] (373/460) ken-runtime cranelift_backend::lowering::core::tests::constructors::static_worker_construction_rejects_capture_count_against_definition
4	PASS [   0.007s] (374/460) ken-runtime cranelift_backend::lowering::core::tests::constructors::static_worker_construction_rejects_slot_run_against_header
4	PASS [   0.007s] (375/460) ken-runtime cranelift_backend::lowering::core::tests::constructors::static_worker_construction_rejects_wrong_arity
4	PASS [   0.082s] (376/460) ken-runtime cranelift_backend::lowering::core::tests::constructors::two_same_shape_workers_are_distinguished
4	PASS [   0.009s] (377/460) ken-runtime cranelift_backend::lowering::core::tests::control::nested_computational_outer_missing_selects_exact_outer_default
4	PASS [   0.010s] (378/460) ken-runtime cranelift_backend::lowering::core::tests::control::oriented_dynamic_edge_ledger_is_affine_and_sibling_isolated
4	PASS [   0.022s] (379/460) ken-runtime cranelift_backend::lowering::core::tests::control::process_lowering_without_checked_root_authority_rejects_before_cfg
4	PASS [   0.014s] (380/460) ken-runtime cranelift_backend::lowering::core::tests::control::px8j_release_validator_rejects_repeated_and_broken_scope_lineage
4	PASS [   0.006s] (381/460) ken-runtime cranelift_backend::lowering::core::tests::control::the_identifier_census_survives_the_evasions_that_defeated_the_text_scan
4	PASS [   0.327s] (382/460) ken-runtime cranelift_backend::lowering::core::tests::effects::a_carried_capacity_narrows_exactly_as_a_specialized_one_over_both_representations
4	PASS [   0.074s] (383/460) ken-runtime cranelift_backend::lowering::core::tests::effects::complementary_omissions_across_two_visits_both_reject_though_their_union_is_complete
4	PASS [   0.055s] (384/460) ken-runtime cranelift_backend::lowering::core::tests::effects::px8i_host_narrowing_rejects_negative_and_over_u64_before_dispatch
4	PASS [   0.021s] (385/460) ken-runtime cranelift_backend::lowering::core::tests::effects::px8n_bounded_nat_observes_exact_zero_successor_and_recursive_order
4	PASS [   0.046s] (386/460) ken-runtime cranelift_backend::lowering::core::tests::host_call_carrier::d4_a_lexical_closure_declaration_retains_a_binding_and_still_runs
4	PASS [   0.060s] (387/460) ken-runtime cranelift_backend::lowering::core::tests::host_call_carrier::d4_an_unrecorded_continuation_emission_reds_the_clif_sweep
4	PASS [   0.032s] (388/460) ken-runtime cranelift_backend::lowering::core::tests::host_call_carrier::d5_c2_mutual_same_scc_calls_reconcile_and_emit
4	PASS [   0.117s] (389/460) ken-runtime cranelift_backend::lowering::core::tests::host_call_carrier::d5_the_checked_call_closeout_rejects_omission_duplication_and_a_substituted_callee
4	PASS [   0.032s] (390/460) ken-runtime cranelift_backend::lowering::core::tests::host_call_carrier::d7_the_two_same_shaped_target_population_executes
4	PASS [   0.008s] (391/460) ken-runtime cranelift_backend::lowering::core::tests::host_call_carrier::every_generated_root_and_unit_signature_is_two_pointers_to_one_word
4	PASS [   0.011s] (392/460) ken-runtime cranelift_backend::lowering::core::tests::positional_candidate_settlement::ced_d2_an_unclaimed_planned_token_is_missing_from_the_exact_equality_in_isolation
4	PASS [   0.045s] (393/460) ken-runtime cranelift_backend::lowering::core::tests::positional_candidate_settlement::ced_d3_m4_omitting_the_direct_settlement_preserves_the_call_and_fails_candidate_totality
4	PASS [   0.015s] (394/460) ken-runtime cranelift_backend::lowering::core::tests::positional_candidate_settlement::d2b_the_runtime_envelope_excludes_every_recursive_position
4	PASS [   0.051s] (395/460) ken-runtime cranelift_backend::lowering::core::tests::positional_candidate_settlement::d3_a_two_parameter_body_selects_the_constructor_its_position_named
4	PASS [   0.017s] (396/460) ken-runtime cranelift_backend::lowering::core::tests::positional_candidate_settlement::d3_the_fusion_local_composition_ledger_is_affine_and_total
4	PASS [   0.025s] (397/460) ken-runtime cranelift_backend::lowering::core::tests::recursor_fusion::required_consumer_projection_censuses_each_governed_row
4	PASS [   0.055s] (398/460) ken-runtime cranelift_backend::lowering::core::tests::recursor_fusion::required_consumer_projection_reaches_the_depth_two_funnel
4	PASS [   0.115s] (399/460) ken-runtime cranelift_backend::lowering::core::tests::recursor_fusion::required_consumer_route_manufactures_the_depth_two_plus_closure_crossing
4	PASS [   0.042s] (400/460) ken-runtime cranelift_backend::lowering::core::tests::source_frame_bridge::d6b_every_raw_emission_sits_where_the_tables_agree_and_every_context_emission_where_they_differ
4	PASS [   0.063s] (401/460) ken-runtime cranelift_backend::lowering::core::tests::source_frame_bridge::d8o_every_emitted_body_binds_its_own_planner_issued_authority
4	PASS [   0.050s] (402/460) ken-runtime cranelift_backend::lowering::core::tests::source_frame_bridge::d8p_preserves_the_refusals_the_projection_could_have_weakened
4	PASS [   0.006s] (403/460) ken-runtime cranelift_backend::lowering::core::tests::specialization_binding::continuation_case_binder_run_agrees_with_the_rejected_reading_at_source_position_zero
4	PASS [   0.034s] (404/460) ken-runtime cranelift_backend::lowering::core::tests::specialization_binding::d5a_a_transplanted_generated_context_binding_refuses_at_the_retarget
4	PASS [   0.037s] (405/460) ken-runtime cranelift_backend::lowering::core::tests::specialization_binding::d6a_the_same_checked_frame_with_a_direct_predecessor_stays_direct
4	PASS [   0.027s] (406/460) ken-runtime cranelift_backend::lowering::core::tests::specialization_binding::d8e_off_the_source_machine_path_the_binding_is_refused_in_value_position
4	PASS [   0.043s] (407/460) ken-runtime cranelift_backend::lowering::core::tests::specialization_binding::rt_seed_direct_and_context_gather_use_the_same_entry_words
4	PASS [   0.007s] (408/460) ken-runtime cranelift_backend::lowering::units::admitted_matches_role_sequence::the_planner_issued_association_agrees
4	PASS [   0.006s] (409/460) ken-runtime cranelift_backend::lowering::units::captured_environment_bijection::a_gapped_ordinal_run_is_refused_even_at_the_right_length
4	PASS [   0.006s] (410/460) ken-runtime cranelift_backend::planning::plan_extraction_tests::oriented_plan_absent_when_no_metadata_carries_the_header
4	PASS [   0.008s] (411/460) ken-runtime cranelift_backend::planning::static_transition::aggregates::checked_ih_captured_env_schema::a_unit_boundary_environment_program_receives_no_checked_ih_record
4	PASS [   0.007s] (412/460) ken-runtime cranelift_backend::planning::static_transition::aggregates::tests::a_host_response_referent_has_exactly_persistent_store_owner
4	PASS [   0.008s] (413/460) ken-runtime cranelift_backend::planning::static_transition::aggregates::tests::a_lawful_non_dynamic_root_is_not_a_failed_lookup
4	PASS [   0.009s] (414/460) ken-runtime cranelift_backend::planning::static_transition::aggregates::tests::non_inline_host_effect_records_equal_their_actual_emission_owner_set
4	PASS [   0.009s] (415/460) ken-runtime cranelift_backend::planning::static_transition::aggregates::tests::the_planner_owns_the_ordered_alternative_population
4	PASS [   0.014s] (416/460) ken-runtime cranelift_backend::planning::static_transition::closure::tests::d4b_admission_is_exactly_the_closed_required_vector
4	PASS [   0.009s] (417/460) ken-runtime cranelift_backend::planning::static_transition::closure::tests::declaration_call_validation_positions_out_of_order_sources_once
4	PASS [   0.022s] (418/460) ken-runtime cranelift_backend::planning::static_transition::closure::tests::planner_invariant_failures_have_compiler_bug_attribution
4	PASS [   0.009s] (419/460) ken-runtime cranelift_backend::planning::static_transition::closure::tests::substrate_case_emission_open_ingress_prunes_nothing
4	PASS [   0.008s] (420/460) ken-runtime cranelift_backend::planning::static_transition::construction::tests::a_non_root_computational_declaration_body_differs_from_its_entry
4	PASS [   0.008s] (421/460) ken-runtime cranelift_backend::planning::static_transition::construction::tests::d2_a_transparent_closure_seed_declaration_owns_a_callable_unit
4	PASS [   0.011s] (422/460) ken-runtime cranelift_backend::planning::static_transition::continuations::fusion::tests::d2g_ac2_a_broken_slot_to_frame_relation_resolves_nothing
4	PASS [   0.012s] (423/460) ken-runtime cranelift_backend::planning::static_transition::continuations::fusion::tests::d2g_ac3_the_twins_coordinates_are_fresh_and_some_coincide
4	PASS [   0.010s] (424/460) ken-runtime cranelift_backend::planning::static_transition::continuations::tests::contsrc_the_two_coordinate_domains_never_compare_equal
4	PASS [   0.010s] (425/460) ken-runtime cranelift_backend::planning::static_transition::immediate_bridge::tests::derivation_reads_one_row_with_its_exact_coordinates
4	PASS [   0.007s] (426/460) ken-runtime cranelift_backend::planning::static_transition::immediate_bridge::tests::new_intent_static_host_operation_cause
4	PASS [   0.007s] (427/460) ken-runtime cranelift_backend::planning::static_transition::immediate_bridge::tests::refuses_a_body_that_is_none_of_the_four_spellings
4	PASS [   0.006s] (428/460) ken-runtime cranelift_backend::planning::static_transition::immediate_bridge::tests::refuses_a_scrutinee_that_is_not_a_var
4	PASS [   0.010s] (429/460) ken-runtime cranelift_backend::planning::static_transition::immediate_bridge::tests::validation_accepts_an_empty_plane_when_the_derivation_is_empty
4	PASS [   0.009s] (430/460) ken-runtime cranelift_backend::planning::static_transition::occurrences::tests::content_equal_occurrences_resolve_to_distinct_occurrences
4	PASS [   0.007s] (431/460) ken-runtime cranelift_backend::planning::static_transition::selected_pending_calls::tests::agreeing_unit_preserves_the_existing_l2_nonpending_route
4	PASS [   0.012s] (432/460) ken-runtime cranelift_backend::planning::static_transition::selected_pending_calls::tests::px8tr_gather_and_retarget_nonproducer_transition_sentinel
4	PASS [   0.007s] (433/460) ken-runtime cranelift_backend::surface::surface_diagnostics_tests::backend_errors_are_usable_as_std_error_trait_objects
4	PASS [   0.006s] (434/460) ken-runtime cranelift_backend::surface::surface_diagnostics_tests::validated_run_error_from_impls_select_the_matching_arm
4	PASS [   0.007s] (435/460) ken-runtime executable_artifact_contract::tests::missing_unavailable_marker_rejects
4	PASS [   0.006s] (436/460) ken-runtime executable_artifact_contract::tests::native_artifact_available_without_hash_rejects
4	PASS [   0.006s] (437/460) ken-runtime executable_entrypoint_packaging::tests::process_entrypoint_packaging_binds_raw_argv_environment_and_cwd
4	PASS [   0.005s] (438/460) ken-runtime hash::tests::fnv1a_distinct_inputs
4	PASS [   0.005s] (439/460) ken-runtime ir::tests::acf2_ordinary_case_count_is_load_bearing
4	PASS [   0.005s] (440/460) ken-runtime ir::tests::checked_ih_binder_morphism_refuses_a_stale_source_occurrence
4	PASS [   2.568s] (441/460) ken-runtime native_execution_differential::tests::closeout_rejects_overclaimed_out_of_phase_proof_lane
4	PASS [   2.270s] (442/460) ken-runtime native_execution_differential::tests::trap_observation_still_rejects_stale_executable_artifact
4	PASS [   0.007s] (443/460) ken-runtime native_int::tests::terminal_decoder_requires_a_complete_canonical_export_view
4	PASS [   5.810s] (444/460) ken-runtime object_linker_packaging::tests::linked_transport_classifies_all_terminal_arms
4	PASS [  34.309s] (445/460) ken-interp::b3_acceptance sigma_event_concretizes_sigma_member
4	PASS [   0.006s] (446/460) ken-runtime object_linker_packaging::tests::signed_root_trap_decoder_refuses_every_unbound_identity_class
4	PASS [   0.005s] (447/460) ken-runtime platform_runtime_support::tests::host_effect_execution_target_stays_a_named_unavailable_lane
4	PASS [   0.007s] (448/460) ken-runtime store::tests::dedup_across_two_distinct_constructions
4	PASS [   0.007s] (449/460) ken-runtime store::tests::equality_is_slot_id_compare
4	PASS [   0.009s] (450/460) ken-runtime store::tests::reset_retires_slot_ids
4	PASS [   0.006s] (451/460) ken-runtime unknown::tests::unknown_and_true_is_unknown
4	PASS [   0.006s] (452/460) ken-runtime unknown::tests::unknown_or_false_is_unknown
4	PASS [   0.264s] (453/460) ken-runtime::value_depth_totality ac_v1_host_recursion_dies_at_depth_d_through_all_child_positions
4	PASS [   0.014s] (454/460) ken-verify filesystem::tests::canonical_snapshot_projects_mode_but_never_owner_namespace
4	PASS [   0.008s] (455/460) ken-verify host::tests::scripted_console_is_execution_only
4	PASS [   4.601s] (456/460) ken-runtime object_linker_packaging::tests::nonprocess_starter_preserves_actual_one_past_epoch_fault
4	PASS [  68.220s] (457/460) ken-interp::b3_acceptance q_p_assertion_points_project_from_export
4	PASS [  43.222s] (458/460) ken-verify scenario::tests::real_producers_preserve_raw_requests_across_descriptor_collision
4	PASS [ 105.510s] (459/460) ken-verify scenario::tests::fs_read_directory_exercises_every_path_policy_refusal
4	PASS [ 437.192s] (460/460) ken-elaborator::lang_mod_strict_resolution_d0 catalog_ambient_passthrough_migration_census
5	PASS [   0.657s] (  1/461) ken-cli entrypoint_tests::checked_admission_projects_root_marker_without_changing_program_caps
5	PASS [   1.289s] (  2/461) ken-cli::cli_i1_entrypoint_abi exit_code_mapping_covers_every_contract_arm
5	PASS [   0.628s] (  3/461) ken-cli::cli_i1_entrypoint_abi missing_and_duplicate_main_report_distinct_named_errors
5	PASS [   0.325s] (  4/461) ken-cli::console_exec ken_run_executes_console_program_and_prints_stdout
5	PASS [   0.386s] (  5/461) ken-cli::ken_check_mode check_pure_library_file_exits_zero_no_io
5	PASS [   0.325s] (  6/461) ken-cli::ken_check_mode failing_example_in_catalog_entry_is_still_refused_after_roots_loading
5	PASS [   0.468s] (  7/461) ken-cli::ken_check_mode ken_run_rejects_a_pure_library_without_named_main
5	PASS [   0.322s] (  8/461) ken-cli::ken_check_mode ken_run_still_drives_io_on_an_io_shaped_file_unchanged
5	PASS [   0.011s] (  9/461) ken-cli::library_documentation_gates agent_key_space_detectors_reject_duplicate_pack_and_task_ids
5	PASS [   0.229s] ( 10/461) ken-cli::library_documentation_gates content_currency_gate_rejects_a_symlink_source_even_when_its_target_is_unchanged
5	PASS [   0.010s] ( 11/461) ken-cli::library_documentation_gates invalid_kind_detector_rejects_case_variant
5	PASS [   0.233s] ( 12/461) ken-cli::library_documentation_gates ledger_rejects_a_duplicate_path_row
5	PASS [   0.011s] ( 13/461) ken-cli::mrc_d8_manifest_premise mrc_d8_control_dotted_keys_and_arrays_of_tables_fail_closed
5	PASS [   0.014s] ( 14/461) ken-cli::px4b_native_production string_literal_end_recognizes_every_raw_string_prefix
5	PASS [  44.831s] ( 15/461) ken-cli::px7p_constructor_field_composition selected_ok_field_reaches_both_real_executors
5	PASS [  55.583s] ( 16/461) ken-cli::abi_s6_mapping_surface_native out_of_range_window_is_invalid_bounds_not_clamped
5	PASS [  60.979s] ( 17/461) ken-cli::abi_s6_mapping_surface_native second_mapping_effect_rechecks_read_only_rights
5	PASS [   0.013s] ( 18/461) ken-cli::record_literal_parser_depth record_literal_parser_retains_nested_match_depth
5	PASS [  41.960s] ( 19/461) ken-cli::px8l_recursive_decl_native dynamic_multistep_seed_preserves_updated_parameter_order
5	PASS [  39.735s] ( 20/461) ken-cli::px8ta_oriented_subcontinuation px8ds_retired_flat_order_does_not_gain_m4_representation
5	PASS [  47.498s] ( 21/461) ken-cli::rt_capture_projection_grow the_conditional_join_grows_the_projection_and_records_every_deferral
5	PASS [  41.922s] ( 22/461) ken-cli::rt_escape_second_resource_native escape_one_used_matches_interpreter
5	PASS [  64.313s] ( 23/461) ken-cli::rt_cold_lowering_path_enumeration rt_read_offset_stage
5	PASS [   0.326s] ( 24/461) ken-cli::t2_acceptance ac1_well_typed_def_registers
5	PASS [   0.324s] ( 25/461) ken-cli::t2_acceptance ac2_open_goal_yields_unknown
5	PASS [   0.007s] ( 26/461) ken-elaborator checked_core::tests::body_view_recovers_runtime_record_sigma_projection
5	PASS [   0.008s] ( 27/461) ken-elaborator checked_core::tests::body_view_rejects_non_executable_erased_field_projection
5	PASS [   0.007s] ( 28/461) ken-elaborator checked_core::tests::body_view_rejects_unsupported_declaration_kind
5	PASS [   0.007s] ( 29/461) ken-elaborator checked_core::tests::body_view_rejects_unsupported_dependent_motive
5	PASS [   0.008s] ( 30/461) ken-elaborator checked_core::tests::int_lit_skip_term_consumes_exactly_its_own_bytes
5	PASS [   0.006s] ( 31/461) ken-elaborator checked_core::tests::level_encoding_uses_semilattice_normal_form
5	PASS [   0.007s] ( 32/461) ken-elaborator checked_core::tests::validator_rejects_dependency_hash_lane_mismatch_after_hash_recompute
5	PASS [   0.695s] ( 33/461) ken-elaborator compiler_driver::tests::stale_or_foreign_package_identity_rejects_target_selection
5	PASS [   0.007s] ( 34/461) ken-elaborator conversions::tests::manifested_width_changes_the_generated_bounds
5	PASS [   0.006s] ( 35/461) ken-elaborator elab::nested_lift_association_tests::missing_lift_association_mutation_rejects
5	PASS [   0.379s] ( 36/461) ken-elaborator elab::nested_lift_association_tests::type_resident_support_does_not_override_omega_result_sort
5	PASS [  62.654s] ( 37/461) ken-cli::rt_cold_lowering_path_enumeration rt_read_window_stage
5	PASS [   0.007s] ( 38/461) ken-elaborator erasure::d1b_role_b_decoder_alignment::every_role_decodes_into_the_field_it_was_encoded_from
5	PASS [   0.006s] ( 39/461) ken-elaborator export::exact_inventory_tests::px8_runtime_operations_have_exact_fs_family_and_injective_spellings
5	PASS [   0.006s] ( 40/461) ken-elaborator export::resource_lifetime_hash_tests::abi_s6_d3_mapping_alphabet_projects_exact_lifetime_or_rejects_use_only
5	PASS [   0.006s] ( 41/461) ken-elaborator fo_kripke::tests::mentions_var0_agrees_with_shift_round_trip_oracle
5	PASS [   0.006s] ( 42/461) ken-elaborator fo_kripke::tests::subst_form_at_matches_hand_written_expectations_at_binder_depth
5	PASS [   0.317s] ( 43/461) ken-elaborator modules::namespace_effect_tests::bound_dictionary_purity_uses_selected_class_id
5	PASS [   0.582s] ( 44/461) ken-elaborator elab::omega_index_refinement_tests::reindex_classifier_outside_type_or_omega_fails_closed
5	PASS [   0.450s] ( 45/461) ken-elaborator modules::namespace_effect_tests::class_field_cannot_borrow_the_other_same_name_provider
5	PASS [   0.688s] ( 46/461) ken-elaborator modules::namespace_effect_tests::file_import_retains_checked_leaf_identity_across_same_name_memory_owner
5	PASS [   0.484s] ( 47/461) ken-elaborator modules::namespace_effect_tests::file_unit_root_import_keeps_its_declared_inline_child
5	PASS [   0.550s] ( 48/461) ken-elaborator modules::namespace_effect_tests::private_roster_requires_every_name_and_sweeps_identity_aliases
5	PASS [   0.897s] ( 49/461) ken-elaborator modules::namespace_effect_tests::imported_file_owner_refuses_an_external_same_spelling_grandchild
5	PASS [   0.016s] ( 50/461) ken-elaborator parser::atom_form_closure::every_form_is_reachable_by_some_token
5	PASS [   0.015s] ( 51/461) ken-elaborator parser::atom_form_closure::every_literal_token_carries_its_declared_payload_in_both_positions
5	PASS [   0.017s] ( 52/461) ken-elaborator parser::atom_form_closure::every_pattern_form_is_reachable_through_at
5	PASS [   0.013s] ( 53/461) ken-elaborator parser::atom_form_closure::the_expression_partition_is_the_form_set_minus_the_exclusions
5	PASS [   0.358s] ( 54/461) ken-elaborator modules::namespace_effect_tests::sibling_loaded_module_does_not_grant_qualified_access
5	PASS [   0.486s] ( 55/461) ken-elaborator r_layer_tests::acceptance::let_ascription_roundtrip
5	PASS [   0.416s] ( 56/461) ken-elaborator r_layer_tests::acceptance::two_distinct_levels
5	PASS [   0.340s] ( 57/461) ken-elaborator r_layer_tests::acceptance::wrong_arity_rejected
5	PASS [   2.083s] ( 58/461) ken-elaborator r_layer_tests::cat_lawful_functors_pub_export::lawful_functors_bool_algebra_uses_only_lawfulclasses_canonical_family
5	PASS [   1.378s] ( 59/461) ken-elaborator r_layer_tests::cat_order_pub_export::selective_consumer_preserves_local_and_reexported_provider_identities
5	PASS [   4.526s] ( 60/461) ken-elaborator r_layer_tests::cat_effectful_classes_import::effectful_classes_does_not_reexport_imported_dependencies
5	PASS [   0.676s] ( 61/461) ken-elaborator r_layer_tests::cat_tier_d_process_environment_import::process_environment_loader_visible_surface_is_exact_and_usable
5	PASS [   4.184s] ( 62/461) ken-elaborator r_layer_tests::cat_priority_queue_acceptance::direct_declarations_and_private_names_reach_the_import_boundary
5	PASS [   5.022s] ( 63/461) ken-elaborator r_layer_tests::cat_tier_e_schema_import::schema_checked_provider_identity_closure_is_exact
5	PASS [   8.010s] ( 64/461) ken-elaborator r_layer_tests::cat_tier_e_argparse_import::argparse_help_order_law_is_usable_for_nonempty_specs
5	PASS [   2.938s] ( 65/461) ken-elaborator r_layer_tests::cc6b_path_posix_acceptance::parse_render_and_normalize_are_byte_exact_at_posix_edges
5	PASS [   2.363s] ( 66/461) ken-elaborator r_layer_tests::cc6b_path_posix_acceptance::validity_rejects_the_old_counterexamples_and_accepts_dotdot
5	PASS [   0.473s] ( 67/461) ken-elaborator r_layer_tests::ds1_empty_dec_acceptance::ac2_empty_and_absurd_empty_elaborate
5	PASS [   0.006s] ( 68/461) ken-elaborator r_layer_tests::effects::handler_fold_discharges_effect
5	PASS [   0.006s] ( 69/461) ken-elaborator r_layer_tests::effects::handler_tail_resumptive_folds
5	PASS [   0.006s] ( 70/461) ken-elaborator r_layer_tests::effects::row_poly_mixed_concrete_and_var
5	PASS [   0.009s] ( 71/461) ken-elaborator r_layer_tests::kenfmt_b3_layout::ac3_wide_declaration_signatures_nest_and_keep_fitting_binders_flat
5	PASS [   0.007s] ( 72/461) ken-elaborator r_layer_tests::kenfmt_b3_layout::ac5_comments_are_retained_and_force_breaks
5	PASS [   0.009s] ( 73/461) ken-elaborator r_layer_tests::kenfmt_b3_layout::ac5_interstitial_comment_forces_the_application_group
5	PASS [   0.008s] ( 74/461) ken-elaborator r_layer_tests::kenfmt_b3_layout::terminal_type_parens_in_axiom_survive_formatting
5	PASS [   0.319s] ( 75/461) ken-elaborator r_layer_tests::lang_fixity_decl_surface::distinct_user_operator_identities_use_distinct_precedence_entries
5	PASS [   0.636s] ( 76/461) ken-elaborator r_layer_tests::lang_fixity_decl_surface::imported_fixity_cannot_be_redeclared_at_the_use_site
5	PASS [   0.007s] ( 77/461) ken-elaborator r_layer_tests::lang_fixity_decl_surface::pure_fixed_arithmetic_retains_merge_base_shape_and_skips_reassociation
5	PASS [   0.315s] ( 78/461) ken-elaborator r_layer_tests::lang_mod_catalog_evidence_frontier::compiler_internal_base_support_is_an_exact_allowed_inventory
5	PASS [   0.331s] ( 79/461) ken-elaborator r_layer_tests::lang_structural_result_elab::wildcard_slot_preserves_named_field_recursive_result_alignment
5	PASS [   0.319s] ( 80/461) ken-elaborator r_layer_tests::let4_multi_binding::ac2_separate_nested_body_may_shadow_a_group_name
5	PASS [   1.278s] ( 81/461) ken-elaborator r_layer_tests::let4_multi_binding::ac4_strict_evaluation_and_effectful_lowering_keep_source_order
5	PASS [   9.474s] ( 82/461) ken-elaborator r_layer_tests::cat_tier_e_schema_import::schema_loader_visible_inventory_is_exact
5	PASS [   0.008s] ( 83/461) ken-elaborator seal2_tests::producer_closure::certificate_flags_a_concrete_instance_of_a_generic_class
5	PASS [   0.332s] ( 84/461) ken-elaborator r_layer_tests::n4_program_admits::multi_provider_direct_use_without_a_boundary_fails_closed
5	PASS [   0.310s] ( 85/461) ken-elaborator::ax2_axiom_named_postulates standalone_api_requires_and_preserves_its_caller_owner
5	PASS [  48.708s] ( 86/461) ken-cli::rt_exactint_carried_observe the_positioned_int_seats_decode_carried_and_complete_native_construction
5	PASS [  34.634s] ( 87/461) ken-elaborator::b1_acceptance disproved_claim_never_exported
5	PASS [   0.006s] ( 88/461) ken-elaborator::b2_acceptance temporal_spec_constructor_shape
5	PASS [  35.028s] ( 89/461) ken-elaborator::b1_acceptance open_hole_postcondition_rides_p_as_unknown
5	PASS [   0.006s] ( 90/461) ken-elaborator::bare_proof_selector_atom application_wraps_outside_the_single_path_selector_subject
5	PASS [   0.011s] ( 91/461) ken-elaborator::cat3_collections_package cat3_d1_law_surfaces_are_proof_returning_not_prop_wrappers
5	PASS [   1.348s] ( 92/461) ken-elaborator::cat_bsearch_acceptance generic_decision_and_yes_no_evidence_instantiate
5	PASS [   0.637s] ( 93/461) ken-elaborator::cat_capex_authority full_authority_index_rejects_partial_and_accepts_full
5	PASS [   8.024s] ( 94/461) ken-elaborator::cat_deque_closeout all_deque_provider_imports_are_individually_load_bearing
5	PASS [   2.070s] ( 95/461) ken-elaborator::cat_derived_sort_laws generic_sort_laws_are_attached_to_the_derived_owners
5	PASS [  33.239s] ( 96/461) ken-elaborator::b1_exact_denotation_alphabet recursive_cases_contribute_each_static_perform_identity_as_a_set
5	PASS [   2.345s] ( 97/461) ken-elaborator::cat_idf_trust_free_provider combinators_are_trust_free_canonical_checked_imports
5	PASS [   2.163s] ( 98/461) ken-elaborator::cat_sort_insertion_sort_acceptance entry_adds_no_trusted_declarations
5	PASS [   0.330s] ( 99/461) ken-elaborator::cat_string_bijection_pub_export string_bijection_loader_visible_inventory_is_exact
5	PASS [   1.229s] (100/461) ken-elaborator::cat_string_keys_closeout string_keys_loader_visible_inventory_is_empty
5	PASS [   0.378s] (101/461) ken-elaborator::cat_vec_acceptance roots_loader_registers_the_indexed_public_surface
5	PASS [   7.241s] (102/461) ken-elaborator::cc3_parsing_cursor_decoder_acceptance cursor_length_occurrence_population_and_migration_shape_are_pinned
5	PASS [  11.833s] (103/461) ken-elaborator::cat_map_bool_and_owner map_bool_and_import_withdrawal_and_wrong_name_fail
5	PASS [   2.627s] (104/461) ken-elaborator::cc6a_process_arguments_exit_acceptance process_arguments_round_trips_genuinely_invalid_utf8_byte_identically
5	PASS [   0.323s] (105/461) ken-elaborator::class_field_purity surf2_d1_proc_traverse_parses_elaborates_and_registers_metadata
5	PASS [   2.056s] (106/461) ken-elaborator::compare_ord_lexicographic_acceptance pair_and_list_instances_compute_lexicographically
5	PASS [   1.933s] (107/461) ken-elaborator::compare_ord_lexicographic_acceptance raw_compare_discriminates_all_results_and_strict_negatives
5	PASS [   0.419s] (108/461) ken-elaborator::dependent_match_coherent_frame_acceptance cross_structure_coupled_nested_elaborates
5	PASS [   0.330s] (109/461) ken-elaborator::dependent_match_context_telescope_acceptance three_deep_transitive_closure_follows_index_refinement
5	PASS [   7.633s] (110/461) ken-elaborator::cc8_env_config_decoder_acceptance schema_help_growth_reaches_both_clients_behaviorally
5	PASS [   0.327s] (111/461) ken-elaborator::dependent_match_declared_index_plain_acceptance coupled_successor_motive_elaborates_and_wrong_index_rejects
5	PASS [   0.339s] (112/461) ken-elaborator::dependent_match_eigen_guard_localization nonextending_recursive_sibling_remains_elaborable
5	PASS [   0.345s] (113/461) ken-elaborator::dependent_match_motive_rebase_acceptance control_constant_motive_match_still_elaborates
5	PASS [   0.006s] (114/461) ken-elaborator::dotted_module_path_parser import_as_accepts_a_dotted_module_path
5	PASS [   0.349s] (115/461) ken-elaborator::dependent_match_wstyle_acceptance ac1c_outer_wstyle_inner_direct_cross_slot_elaborates
5	PASS [  35.786s] (116/461) ken-elaborator::b2_acceptance ward_green_keeps_delegated_never_promoted
5	PASS [   1.372s] (117/461) ken-elaborator::ds2_ord_nat_acceptance trusted_base_delta_is_empty_across_the_entry
5	PASS [   0.322s] (118/461) ken-elaborator::ds5b_dependent_match_refinement_acceptance omega_reindexed_evidence_is_consumed_in_the_ruled_direction
5	PASS [   0.327s] (119/461) ken-elaborator::ds5b_dependent_match_refinement_acceptance trusted_base_delta_is_empty_across_all_three_capabilities
5	PASS [   2.146s] (120/461) ken-elaborator::ds3_sum_combinators_acceptance ac8_maperr_does_not_touch_ok_payload
5	PASS [   0.015s] (121/461) ken-elaborator::ds8_traversable_acceptance compose_instance_head_still_genuinely_absent
5	PASS [   2.027s] (122/461) ken-elaborator::ds5b_dependent_match_refinement_acceptance real_fok_derivation_structural_consumers_cover_type_and_omega_motives
5	PASS [   0.316s] (123/461) ken-elaborator::ds8b_pure_into_proc_widening ac8_negative_effectful_witness_still_rejected_for_const_field
5	PASS [   2.005s] (124/461) ken-elaborator::either_catalog_package_acceptance ac8_mapleft_leaves_right_untouched
5	PASS [   0.483s] (125/461) ken-elaborator::es2_acceptance demoted_predicates_are_transparent_not_opaque
5	PASS [   4.936s] (126/461) ken-elaborator::ds8_traversable_acceptance ac6_traverse_field_classifies_proc
5	PASS [   0.502s] (127/461) ken-elaborator::es2_acceptance perm_body_is_a_truncation
5	PASS [   5.034s] (128/461) ken-elaborator::ds8_traversable_acceptance wired_superclass_fields_reused_not_reproved
5	PASS [   0.570s] (129/461) ken-elaborator::es4_classes_acceptance char_ord_laws_reject_missing_law_field
5	PASS [   0.005s] (130/461) ken-elaborator::explicit_data_parser proof_carrying_constructor_signature_parses_as_telescope
5	PASS [   0.316s] (131/461) ken-elaborator::fr2_absurd_collision_hygiene arity_three_eq_and_j_sugar_still_intercept_normally
5	PASS [   0.006s] (132/461) ken-elaborator::i4d_boundary_header_parser boundary_keywords_are_reserved_and_four_program_shapes_are_independent
5	PASS [   0.324s] (133/461) ken-elaborator::k3_literal_rollback fresh_string_and_non_string_literals_after_rollback_keep_own_values
5	PASS [   1.306s] (134/461) ken-elaborator::es3_modules_acceptance module_elaborates_to_identical_flat_sigma
5	PASS [   0.006s] (135/461) ken-elaborator::kenfmt_b1_lossless public_consumer_depends_only_on_the_formattable_source_interface
5	PASS [   0.005s] (136/461) ken-elaborator::kenfmt_b2_token_kind ac5_invalid_fragments_have_no_raw_scanner_fallback
5	PASS [   0.012s] (137/461) ken-elaborator::kenfmt_signature_layout r3_r5_nested_applications_fit_recursively_inside_a_broken_parent
5	PASS [   0.340s] (138/461) ken-elaborator::ken_md_literate declarations_may_not_straddle_compiled_fences
5	PASS [   0.326s] (139/461) ken-elaborator::km_sigma_eq_pair_refl componentwise_proof_is_not_unrelated_full_pair_equality
5	PASS [   0.338s] (140/461) ken-elaborator::l2_acceptance ac1_nil_arm_reduces_to_default
5	PASS [   0.319s] (141/461) ken-elaborator::l2_acceptance ac3_exhaustive_elim_reduces_on_blue
5	PASS [   0.339s] (142/461) ken-elaborator::l2_acceptance ac3_missing_arm_names_blue
5	PASS [   0.314s] (143/461) ken-elaborator::l2_acceptance ac4_duplicate_arm_is_reachability_error
5	PASS [   0.315s] (144/461) ken-elaborator::l2_acceptance foreign_constructor_arm_rejected_before_matrix_path_reachability
5	PASS [   2.072s] (145/461) ken-elaborator::es4_classes_acceptance dec_eq_bool_sound_complete_are_real_proofs_not_postulates
5	PASS [   0.370s] (146/461) ken-elaborator::l2_acceptance ac8_direct_lookup_member_reflection_helper_elaborates
5	PASS [   0.315s] (147/461) ken-elaborator::l2_acceptance redundant_wildcard_arm_shadowed_at_three_leaves_names_every_subsuming_arm
5	PASS [   0.344s] (148/461) ken-elaborator::l3_strings_roundtrip_acceptance ac3_surrogate_guard_across_corpus
5	PASS [   0.344s] (149/461) ken-elaborator::l3_strings_roundtrip_acceptance ac3_utf8_length_boundary_corpus
5	PASS [   0.338s] (150/461) ken-elaborator::l3_strings_roundtrip_acceptance derived_list_char_surface_out_of_scope
5	PASS [   1.928s] (151/461) ken-elaborator::l3_strings_surface_acceptance list_combinator_floor_derived_over_real_elim
5	PASS [   2.063s] (152/461) ken-elaborator::l3_strings_surface_acceptance concat_slice_compose_and_floor_totality
5	PASS [   0.319s] (153/461) ken-elaborator::l3a_recursive_view_smoke recursive_view_self_ref_resolves_and_sct_accepts
5	PASS [   2.046s] (154/461) ken-elaborator::l3_strings_surface_acceptance list_eq_is_codepoint_wise_not_nfc_folding
5	PASS [   0.663s] (155/461) ken-elaborator::l4_export_reexport abstract_reexport_preserves_hidden_constructor_boundary
5	PASS [   0.679s] (156/461) ken-elaborator::l4_export_reexport rename_and_same_identity_paths_preserve_the_defined_at_global_id
5	PASS [   0.345s] (157/461) ken-elaborator::l6_acceptance bytes_index_inbounds_and_oob
5	PASS [   0.007s] (158/461) ken-elaborator::l6_acceptance encode_is_total_named_op
5	PASS [   0.931s] (159/461) ken-elaborator::l4_export_reexport facade_publishes_without_binding_while_in_scope_export_republishes_binding
5	PASS [   0.342s] (160/461) ken-elaborator::l6_acceptance decode_valid_utf8_returns_string
5	PASS [   0.342s] (161/461) ken-elaborator::l7_acceptance not_relied_on_foreign_absent_from_trusted_base_delta
5	PASS [   0.318s] (162/461) ken-elaborator::l_match_ih_fix_acceptance ac4_three_recursive_fields_also_elaborates
5	PASS [   0.006s] (163/461) ken-elaborator::lang_atom_start_classification_closure ac0_a_bare_truncation_is_an_argument_in_both_positions
5	PASS [   0.005s] (164/461) ken-elaborator::lang_atom_start_classification_closure ac9_positive_control_the_excluded_tokens_still_start_atoms_elsewhere
5	PASS [   0.008s] (165/461) ken-elaborator::lang_foreign_name_format_chars formatter_recovery_rejects_later_offset_feff_before_suffix_scanning
5	PASS [   0.005s] (166/461) ken-elaborator::lang_foreign_name_format_chars formatter_recovery_typed_error_uses_whole_fragment_coordinates
5	PASS [   0.006s] (167/461) ken-elaborator::lang_foreign_name_format_chars literate_recovery_auto_fixes_literal_payloads_and_keeps_canonicalization
5	PASS [   0.006s] (168/461) ken-elaborator::lang_foreign_name_format_chars raw_bidi_override_rejects_in_every_required_source_context
5	PASS [   0.285s] (169/461) ken-elaborator::l_resolver_globals ac2_local_param_shadows_global
5	PASS [   0.325s] (170/461) ken-elaborator::lang_instance_search_second_path explicit_constraint_binder_retains_its_projection_row
5	PASS [   0.481s] (171/461) ken-elaborator::lang_application_atom_if_rejection ac_inline_ken_census_reaches_rust_test_sources
5	PASS [   0.006s] (172/461) ken-elaborator::lang_match_guards guarded_arm_round_trips_and_owns_guard_trivia_losslessly
5	PASS [   0.319s] (173/461) ken-elaborator::lang_match_guards guard_and_body_use_the_dependent_constructor_context
5	PASS [   0.340s] (174/461) ken-elaborator::lang_match_record_pattern duplicate_and_unknown_labels_have_distinct_surface_diagnostics
5	PASS [   0.642s] (175/461) ken-elaborator::lang_match_guards fully_guarded_sum_is_incomplete_and_unguarded_fallbacks_close_it
5	PASS [   0.412s] (176/461) ken-elaborator::lang_mod_catalog_realization arithmetic_operations_are_public_by_exact_provider_identity
5	PASS [   0.342s] (177/461) ken-elaborator::lang_mod_pair_floor_realization definitionally_equal_pair_is_a_distinct_identity
5	PASS [   3.234s] (178/461) ken-elaborator::lang_mod_nat_floor_realization strict_roots_accept_original_ten_canonical_families_and_constructors
5	PASS [   3.841s] (179/461) ken-elaborator::lang_mod_pair_floor_realization pair_floor_closure_is_rederived_after_realization
5	PASS [   3.296s] (180/461) ken-elaborator::lang_mod_strict_resolution_d1 strict_class_choke_covers_every_d0_direct_class_representation
5	PASS [   2.075s] (181/461) ken-elaborator::lang_prelude_collections ac5_new_combinators_add_zero_trusted_base_entries
5	PASS [   0.338s] (182/461) ken-elaborator::lang_prelude_collections d5b_trusted_base_full_enumeration_from_bare_env
5	PASS [   0.342s] (183/461) ken-elaborator::lang_prelude_floor_fifteen space_alone_uses_pre_source_empty_residual
5	PASS [   0.343s] (184/461) ken-elaborator::lang_prelude_floor_fifteen space_residual_survives_missing_empty_global_spelling
5	PASS [   0.308s] (185/461) ken-elaborator::lang_qualified_constructor_privacy buffer_resource_decl
5	PASS [   0.550s] (186/461) ken-elaborator::lang_roots_loader_local_instance_dict_scope imported_head_uses_its_qualified_synthesis_identity_and_exports_that_identity
5	PASS [   0.613s] (187/461) ken-elaborator::lang_roots_loader_local_instance_dict_scope earlier_inline_class_import_replay_binds_the_exact_instance_dictionary
5	PASS [   0.309s] (188/461) ken-elaborator::lang_roots_loader_local_instance_dict_scope legacy_roots_same_unit_alias_selects_the_same_synthesis_identity
5	PASS [   8.237s] (189/461) ken-elaborator::lang_membership_operator_surface membership_surface_adds_no_trusted_declaration
5	PASS [   0.327s] (190/461) ken-elaborator::lang_roots_loader_local_instance_dict_scope undeclared_dictionary_import_is_rejected
5	PASS [   0.008s] (191/461) ken-elaborator::lang_surface_block_comments ac6_brace_neighbours_coexist_with_a_block_comment
5	PASS [   0.316s] (192/461) ken-elaborator::lang_standard_infix_call_completion two_parameter_head_preserves_prerequisite_instantiation_order
5	PASS [   0.006s] (193/461) ken-elaborator::lang_surface_pair kenfmt_canonical_projection_output_remains_accepted
5	PASS [   0.337s] (194/461) ken-elaborator::lang_surface_decimal_precision decimal_eq_decides_wide_exactness_through_target
5	PASS [   0.379s] (195/461) ken-elaborator::lang_surface_if true_and_false_select_their_respective_branches
5	PASS [   0.341s] (196/461) ken-elaborator::lang_truncation_surface_syntax d2_trunc_intro_in_infer_position_names_its_remedy
5	PASS [   0.377s] (197/461) ken-elaborator::lang_symbolic_operator_names fixed_eqeq_still_elaborates_as_structural_equality
5	PASS [   0.315s] (198/461) ken-elaborator::lang_truncation_surface_syntax d2_trunc_intro_is_reserved_sugar_declaring_it_is_a_hard_error
5	PASS [   0.315s] (199/461) ken-elaborator::let5_checking_mode_let checking_mode_let_still_rejects_a_wrong_rhs
5	PASS [   0.339s] (200/461) ken-elaborator::lang_type_projection_surface_form a_conid_head_still_parses_as_a_qualified_name_not_a_projection
5	PASS [   0.006s] (201/461) ken-elaborator::literal_escapes_lexer_unit raw_triple_string_performs_no_escape_processing
5	PASS [   0.682s] (202/461) ken-elaborator::lang_type_projection_surface_form ac4_the_projection_form_adds_nothing_to_the_trusted_base
5	PASS [   8.329s] (203/461) ken-elaborator::map_build_acceptance letter_frequency_shape
5	PASS [   8.592s] (204/461) ken-elaborator::map_build_acceptance cat_bool_reuse_d2_resolves_exact_is_some_provider_without_equivalent_local
5	PASS [   0.318s] (205/461) ken-elaborator::mutual_recursion_surface_acceptance is_even_is_odd_mutual_group_elaborates_as_one_group
5	PASS [   0.006s] (206/461) ken-elaborator::n3_import_exclusion parser_distinguishes_item_rename_from_module_alias_and_rejects_hiding
5	PASS [   8.537s] (207/461) ken-elaborator::map_build_acceptance tolist_of_empty_is_nil
5	PASS [   0.007s] (208/461) ken-elaborator::nc13_core_expression_lowering unbound_variable_rejects_before_runtime_program_success
5	PASS [   0.006s] (209/461) ken-elaborator::nc13_core_expression_lowering unresolved_direct_call_rejects_with_body_view_lane
5	PASS [   0.459s] (210/461) ken-elaborator::nc13_core_expression_lowering source_derived_closed_function_target_lowers_to_runtime_ir
5	PASS [   0.654s] (211/461) ken-elaborator::n2_in_repo_loader plural_api_fail_closed_until_multi_root_precedence_is_defined
5	PASS [   0.338s] (212/461) ken-elaborator::nc14_data_match_lowering nested_inductive_elaboration_preserves_trusted_base_set
5	PASS [   0.006s] (213/461) ken-elaborator::nc15_record_sigma_lowering record_construction_lowers_runtime_fields_and_preserves_erased_statuses
5	PASS [   0.006s] (214/461) ken-elaborator::nc17_recursion_dictionaries_modules runtime_evaluator_executes_terminating_recursive_declaration_ref
5	PASS [   0.008s] (215/461) ken-elaborator::nc18_effects_foreign_boundary_ir stale_interpreter_identity_still_rejects_before_unavailable_effect_report
5	PASS [   0.334s] (216/461) ken-elaborator::purity_keywords surf1_d2_fn_calling_proc_reuses_escape_gate
5	PASS [   1.050s] (217/461) ken-elaborator::nc14_data_match_lowering checked_ih_abi_and_match_refusal_site_are_discriminated_before_authority
5	PASS [   0.796s] (218/461) ken-elaborator::nc14_data_match_lowering user_data_two_payload_binders_preserve_de_bruijn_order
5	PASS [   0.340s] (219/461) ken-elaborator::record_decl_form record_keyword_preserves_declaration_neighbours
5	PASS [   0.328s] (220/461) ken-elaborator::record_index_sigma_closure first_sigma_component_retypes_an_existing_field
5	PASS [   0.333s] (221/461) ken-elaborator::record_index_sigma_closure if_condition_validation_closes_an_active_result_premise
5	PASS [   0.325s] (222/461) ken-elaborator::sct_completeness_repro shape_a_accepts_and_evaluates_correctly
5	PASS [   0.322s] (223/461) ken-elaborator::sct_reconstruction_descent control_shape_a_nested_split_still_accepts
5	PASS [   0.313s] (224/461) ken-elaborator::sct_reconstruction_descent shape_b_bad_ack2_still_rejected
5	PASS [   0.005s] (225/461) ken-elaborator::sec1_acceptance declassify_absent_from_delta_is_infidelity
5	PASS [   0.007s] (226/461) ken-elaborator::sec1_acceptance implicit_flow_pc_rejected
5	PASS [   0.007s] (227/461) ken-elaborator::sec1_acceptance n1_n2_stub_gaps_carry_reify_triggers
5	PASS [   0.008s] (228/461) ken-elaborator::sec2_acceptance attenuate_bound_discharge_mirrors_elaborator
5	PASS [   0.317s] (229/461) ken-elaborator::sec4_acceptance discharged_elaborated_hole_empties_trusted_base_delta
5	PASS [   0.477s] (230/461) ken-elaborator::sub1b_uint8_deceq ac5_postulate_is_usable_but_refl_remains_rejected
5	PASS [   0.333s] (231/461) ken-elaborator::surf_space_cells_p1 ac_s2_middle_write_preserves_both_neighbors
5	PASS [   1.266s] (232/461) ken-elaborator::surf_space_cells_p1 ac_s5_space_label_is_emitted_and_required
5	PASS [   0.321s] (233/461) ken-elaborator::surf_space_cells_p1 ac_s6_becomes_outside_space_is_a_specific_error_with_a_span
5	PASS [   0.321s] (234/461) ken-elaborator::surface_arrow_in_expr_acceptance ill_typed_arrow_domain_is_still_kernel_rejected
5	PASS [   0.325s] (235/461) ken-elaborator::surface_named_proof_claims module_selective_import_exposes_canonical_attached_proof_only
5	PASS [   0.324s] (236/461) ken-elaborator::surface_transport_acceptance standalone_j_admits_a_base_through_an_enclosing_let_definition
5	PASS [   0.646s] (237/461) ken-elaborator::surface_transport_acceptance transport_package_adds_zero_trusted_base_delta
5	PASS [   0.006s] (238/461) ken-elaborator::t1_acceptance deterministic_modulo_stats_and_display
5	PASS [   0.005s] (239/461) ken-elaborator::t1_acceptance false_unknown_non_confusable_roundtrip
5	PASS [   0.005s] (240/461) ken-elaborator::t1_acceptance refuted_goal_false_tag_forcing_world
5	PASS [   0.005s] (241/461) ken-elaborator::t1_acceptance three_renderings_agree_one_source
5	PASS [   0.325s] (242/461) ken-elaborator::v1_acceptance prove_goal_obligation_and_postulate_binding
5	PASS [   0.323s] (243/461) ken-elaborator::v1_acceptance proved_status_cert_checks_not_in_trusted_base
5	PASS [   0.345s] (244/461) ken-elaborator::v2_acceptance match_branch_gamma_scrutinee_equation_placeholder
5	PASS [   0.317s] (245/461) ken-elaborator::v2_acceptance partial_primitive_nonzero_placeholder
5	PASS [   0.318s] (246/461) ken-elaborator::v2_acceptance prove_and_law_emit_one_obligation_per_goal
5	PASS [   0.007s] (247/461) ken-elaborator::v3_acceptance corrupted_cert_kernel_rejects_unknown
5	PASS [   0.005s] (248/461) ken-elaborator::v3_acceptance ipc_lem_invalid_not_refuted_unknown
5	PASS [   0.005s] (249/461) ken-elaborator::v3_acceptance kripke_embedding_cert_rechecks_fo_placeholder
5	PASS [   0.315s] (250/461) ken-elaborator::v3_d_open_goal_witness_route pi_bound_int_atoms_route_d_and_preserve_ho_default
5	PASS [   1.919s] (251/461) ken-elaborator::v3_fo_checker_soundness_d1a_elaborator_divergence_finding control_data_ctor_with_nonrecursive_fn_equality_elaborates
5	PASS [   2.771s] (252/461) ken-elaborator::v3_fo_checker_soundness_d2_bool_inversion fok_and_left_applies_to_a_concrete_true_true_instance
5	PASS [   2.617s] (253/461) ken-elaborator::v3_fo_checker_soundness_d2_bool_inversion fok_or_right_false_applies_to_a_concrete_false_false_instance
5	PASS [   2.245s] (254/461) ken-elaborator::v3_fo_checker_soundness_d3 fragment_witness_excludes_nested_forall_object_right
5	PASS [   0.470s] (255/461) ken-elaborator::v3_fo_conversion_load_measured measure_rust_reference_checker_load_on_real_source_programs
5	PASS [   1.905s] (256/461) ken-elaborator::v3_fo_embedding_adequacy_d1 intrinsic_connectives_and_adequacy_statement_are_live
5	PASS [   1.941s] (257/461) ken-elaborator::v3_fo_ken_level_checker_authoring fok_check_cert_serializer_discriminates_qterm_bound_parameter_collision
5	PASS [   1.895s] (258/461) ken-elaborator::v3_fo_ken_level_checker_authoring fok_sequent_and_init_preserve_positional_field_order
5	PASS [   0.006s] (259/461) ken-elaborator::v3_fo_kripke_slice_acceptance quote_fo_accepts_both_controls_refuses_outside_the_slice
5	PASS [   6.007s] (260/461) ken-elaborator::v3_fo_sorted_eigenparameter_freshness_guard_mutation_proof world_stale_eigen_reject_is_caused_by_freshness_alone
5	PASS [   0.006s] (261/461) ken-elaborator::v4_acceptance hole_free_program_never_unknown
5	PASS [   0.010s] (262/461) ken-foundation canonical::tests::kind_tags_disambiguate
5	PASS [   0.004s] (263/461) ken-foundation canonical::tests::map_ordering_deterministic
5	PASS [   0.010s] (264/461) ken-host abi_m1_d0_probe::schema_v2_target_identity_carries_the_bounded_layout_inventory
5	PASS [   0.005s] (265/461) ken-host abi_m1_d0_probe::the_family_inventory_is_derived_and_duplicate_free
5	PASS [   0.007s] (266/461) ken-host abi_v1::tests::caller_control_trap_keeps_terminal_primary_and_appends_cleanup_failure
5	PASS [   0.005s] (267/461) ken-host abi_v1::tests::scripted_effective_uid_discriminates_the_native_startup_posture
5	PASS [   0.006s] (268/461) ken-host abi_v1::tests::scripted_home_failures_use_real_init_and_pre_context_terminal_writer
5	PASS [   0.007s] (269/461) ken-host abi_v1::tests::selected_call_integrity_finishes_the_live_host_observation_with_effect_prefix
5	PASS [   0.017s] (270/461) ken-host effect_v1::tests::abi_s1_descriptor_operation_ids_are_explicit_and_distinct
5	PASS [   0.007s] (271/461) ken-host effect_v1::tests::abi_s6_d3_mapping_dispatch_is_ambient_non_minting_and_view_bounded
5	PASS [   0.005s] (272/461) ken-host effect_v1::tests::abi_s6_d5a_mapping_accounting_is_fixed_4kib_and_buffer_is_byte_granular
5	PASS [   0.006s] (273/461) ken-host effect_v1::tests::abi_s6_d5a_promotes_the_atomic_anonymous_mapping_operation_set
5	PASS [   0.005s] (274/461) ken-host effect_v1::tests::canonical_payloads_and_unknown_identities_preserve_discriminators
5	PASS [   0.008s] (275/461) ken-host effect_v1::tests::distinct_host_roots_have_byte_identical_resource_lifecycle_observations
5	PASS [   0.005s] (276/461) ken-host effect_wire::tests::capacity_terminal_round_trips_and_rejects_forged_wire_tags
5	PASS [   0.006s] (277/461) ken-host revocation_v1::tests::copy_preserves_node_identity_without_minting
5	PASS [   0.007s] (278/461) ken-host tests::rooted_operations_preserve_bytes_and_nofollow_policy
5	PASS [   0.008s] (279/461) ken-interp console_io_tests::val1_c3_unknown_op_is_err
5	PASS [   0.008s] (280/461) ken-interp eff_tests::eff4_runstate_discharges_in_pure_section3
5	PASS [   0.318s] (281/461) ken-interp eval::nfc_construction_tests::normalized_list_ingress_value_preserves_string_retraction
5	PASS [   0.008s] (282/461) ken-interp eval::px5b_effect_observation_tests::malformed_capability_identity_and_error_come_from_reply
5	PASS [   0.008s] (283/461) ken-interp eval::px5b_effect_observation_tests::positioned_invalid_bounds_reifies_before_backend_visit
5	PASS [   0.008s] (284/461) ken-interp eval::px5b_effect_observation_tests::px8_wrote_component_short_write_reifies_effective_remaining
5	PASS [   0.010s] (285/461) ken-interp eval::px5b_effect_observation_tests::route_classifies_all_terminal_arms
5	PASS [   0.008s] (286/461) ken-interp tests::agree_with_kernel_reduction
5	PASS [   0.008s] (287/461) ken-interp tests::det_same_term_same_value
5	PASS [   0.005s] (288/461) ken-interp::ds6b_intlit_eq_reduction_cross_layer kernel_and_interp_agree_across_a_spread_of_values
5	PASS [   0.007s] (289/461) ken-interp::ds6b_intlit_eq_reduction_cross_layer kernel_and_interp_agree_on_equal_bigints
5	PASS [   0.320s] (290/461) ken-interp::elim_bool_dispatch_acceptance computed_bool_false_dispatches_to_second_method
5	PASS [   0.005s] (291/461) ken-interp::f1_bignum_acceptance f1_oracle_eq_int_boundary
5	PASS [   0.005s] (292/461) ken-interp::f2f3_acceptance f3_legacy_add_sub_mul_unregistered_in_elaborator
5	PASS [   0.326s] (293/461) ken-interp::i2_console_floor capture_read_is_bounded_and_eof_is_named_not_empty_chunk
5	PASS [   0.331s] (294/461) ken-interp::i3_fs_floor full_authority_drives_every_fs_arm_with_exact_state_and_trace
5	PASS [   0.318s] (295/461) ken-interp::i3_fs_floor scoped_resource_kinds_keep_runtime_roles_after_user_bare_rebindings
5	PASS [   0.316s] (296/461) ken-interp::l1_acceptance ac2_literal_types_distinct
5	PASS [   0.008s] (297/461) ken-interp::nc12_runtime_ir_evaluator disagreement_report_names_artifact_target_and_both_observations
5	PASS [   0.005s] (298/461) ken-interp::nc12_runtime_ir_evaluator p2_selection_evaluates_the_program_owned_ir_not_the_callers
5	PASS [   0.006s] (299/461) ken-interp::nc12_runtime_ir_evaluator unsupported_effect_metadata_rejects_without_success_observation
5	PASS [   0.761s] (300/461) ken-interp::nc9_proof_erasure_boundary_checker native_trust_report_records_nc9_separately_from_nc8_and_f1
5	PASS [   0.344s] (301/461) ken-interp::px7f_system_resource caller_control_release_failure_preserves_success_and_body_error_ordering
5	PASS [   0.008s] (302/461) ken-kernel conv::tests::level_max_two_distinct_vars_do_not_collapse
5	PASS [   0.007s] (303/461) ken-kernel conv::tests::quotient_congruence_compares_carrier_and_relation_directionally
5	PASS [   0.007s] (304/461) ken-kernel inductive::tests::iota_reduct_wrong_methods_arity_errors_not_panics
5	PASS [   0.006s] (305/461) ken-kernel inductive::tests::method_ih_usage_tracks_each_binder_under_later_lambdas
5	PASS [   0.006s] (306/461) ken-kernel sct::tests::canonical_eta_head_preserves_canonical_body_inner
5	PASS [   0.010s] (307/461) ken-kernel::acceptance ac4_elim_nat_type_checks
5	PASS [   0.007s] (308/461) ken-kernel::acceptance ac4_elim_vec_iota_vcons
5	PASS [   0.006s] (309/461) ken-kernel::acceptance ac5_d_in_own_indices_rejected
5	PASS [   0.009s] (310/461) ken-kernel::ds6a_int_deceq_certificate well_shaped_registration_succeeds_and_types_round_trip
5	PASS [   0.010s] (311/461) ken-kernel::ds6b_intlit_eq_reduction neutral_for_unregistered_primitive
5	PASS [   0.008s] (312/461) ken-kernel::ds6b_intlit_eq_reduction neutral_preserved_for_abstract_operands
5	PASS [   0.006s] (313/461) ken-kernel::ds6b_intlit_eq_reduction over_equate_distinct_literals_rejected
5	PASS [   0.006s] (314/461) ken-kernel::ds6b_intlit_eq_reduction under_equate_same_literal_accepted
5	PASS [   0.009s] (315/461) ken-kernel::k1p5_wstyle ac1_itree_w_style_admitted
5	PASS [   0.007s] (316/461) ken-kernel::k1p5_wstyle qa_wstyle_double_pi_branching_telescope
5	PASS [   0.009s] (317/461) ken-kernel::k2c_conversion sct_accept_lexicographic
5	PASS [   0.005s] (318/461) ken-kernel::k2c_conversion sct_accepts_mutual_arity_isolation_consumer
5	PASS [   0.005s] (319/461) ken-kernel::k2c_conversion sct_reject_self_loop
5	PASS [   0.010s] (320/461) ken-kernel::k5_omega_fragment absurd_discharges_goal_from_impossible_hypothesis
5	PASS [   0.009s] (321/461) ken-kernel::k7_eq_at_inductive_whnf absurd_discharges_operation_wrapped_contradictory_hypothesis
5	PASS [   0.008s] (322/461) ken-kernel::ktr1_constructor_universe_gate symbolic_sublevel_accepts_when_join_proves_it
5	PASS [   0.010s] (323/461) ken-kernel::nested_inductives_all issued_origin_aligns_real_empty_one_join_support_constructors
5	PASS [   0.006s] (324/461) ken-kernel::nested_inductives_all neutral_all_inhabitant_checks_at_the_literal_family_application
5	PASS [   0.009s] (325/461) ken-kernel::nested_inductives_d1a parameter_index_derivation_is_total_for_out_of_scope_variables
5	PASS [   0.008s] (326/461) ken-kernel::sct_completeness_nested_split recursing_on_a_deferred_ih_slot_stays_rejected
5	PASS [   0.009s] (327/461) ken-runtime activation_abi::tests::selected_call_checked_services_gate_rejects_capacity_and_integrity
5	PASS [   0.006s] (328/461) ken-runtime activation_abi::tests::the_abi_statuses_are_distinct
5	PASS [   0.011s] (329/461) ken-runtime activation_abi::tests::zero_epoch_profile_refuses_before_publishing_an_activation_handle
5	PASS [   0.013s] (330/461) ken-runtime boundary_activation::tests::a_first_cap_of_zero_cannot_be_raised_before_any_activation
5	PASS [   0.012s] (331/461) ken-runtime boundary_activation::tests::bounded_epochs_have_exact_at_limit_and_one_past_across_stores
5	PASS [   0.038s] (332/461) ken-runtime boundary_activation::tests::concurrent_begins_issue_unique_epochs_without_overrunning_one_cap
5	PASS [   0.009s] (333/461) ken-runtime boundary_activation::tests::reservable_large_grants_publish_at_open_and_begin
5	PASS [   0.008s] (334/461) ken-runtime boundary_activation::tests::the_eight_authorized_limits_reach_their_own_published_ceilings
5	PASS [   0.008s] (335/461) ken-runtime boundary_value::invocation_aggregate_decode_tests::each_malformed_node_refuses_at_its_own_gate
5	PASS [   0.006s] (336/461) ken-runtime boundary_value_clif::tests::b2v_ac6_equal_ordinals_in_two_artifacts_do_not_collide
5	PASS [   0.020s] (337/461) ken-runtime boundary_value_clif::tests::b2v_acv5_an_already_owned_ground_root_still_takes_the_fast_path
5	PASS [   0.033s] (338/461) ken-runtime boundary_value_clif::tests::b2v_emitted_code_admits_exactly_the_closed_tag_set
5	PASS [   0.062s] (339/461) ken-runtime boundary_value_clif::tests::b2v_emitted_code_constructs_a_nonconstant_constructor_and_a_consumer_reads_it
5	PASS [   0.051s] (340/461) ken-runtime boundary_value_clif::tests::b2v_emitted_code_constructs_a_wide_persistent_int_that_outlives_the_arena
5	PASS [   0.357s] (341/461) ken-runtime boundary_value_clif::tests::b2v_every_emitted_tag_admission_test_is_the_plans
5	PASS [   0.033s] (342/461) ken-runtime boundary_value_clif::tests::b2v_the_frozen_prefix_refuses_emitted_mutation
5	PASS [   0.009s] (343/461) ken-runtime boundary_value_clif::tests::c1_d2_the_store_consumes_identities_and_refuses_to_mint_them
5	PASS [   0.006s] (344/461) ken-runtime canonical::tests::ac_v9_projection_refuses_a_closure_nested_below_the_root
5	PASS [   0.006s] (345/461) ken-runtime canonical::tests::string_nfc_normalization
5	PASS [   0.006s] (346/461) ken-runtime cranelift_backend::artifact::api::tests::missing_lowerability_metadata_rejects_before_backend_lowering
5	PASS [   0.010s] (347/461) ken-runtime cranelift_backend::artifact::api::tests::nc8_certificate_rejects_add_int_non_literal_int_operand_shape
5	PASS [   0.006s] (348/461) ken-runtime cranelift_backend::artifact::api::tests::nc8_certificate_rejects_if_expression_in_reachable_transparent_declaration
5	PASS [   0.006s] (349/461) ken-runtime cranelift_backend::grafted_spine_control_graph::tests::several_real_seed_alternatives_may_converge_on_one_terminal
5	PASS [   0.006s] (350/461) ken-runtime cranelift_backend::grafted_spine_control_graph::tests::unknown_typed_endpoint_fails_closed
5	PASS [   0.007s] (351/461) ken-runtime cranelift_backend::lowering::aggregates::tests::the_aggregate_allocation_relation_holds_its_laws
5	PASS [   0.006s] (352/461) ken-runtime cranelift_backend::lowering::boundary::tests::recut2_derived_witnesses_come_from_the_production_authority
5	PASS [   0.007s] (353/461) ken-runtime cranelift_backend::lowering::core::primitive::tests::ground_string_ingress_normalizes_before_boundary_observation
5	PASS [   0.057s] (354/461) ken-runtime cranelift_backend::lowering::core::primitive::tests::px8i_comparison_observes_high_limbs_and_dynamic_join_preserves_pair
5	PASS [   0.041s] (355/461) ken-runtime cranelift_backend::lowering::core::primitive::tests::px8i_jit_terminal_requires_uncorrupted_local_export_evidence
5	PASS [   0.036s] (356/461) ken-runtime cranelift_backend::lowering::core::primitive::tests::px8i_wrapping_and_trap_mutations_are_causal_at_live_binop_lowering
5	PASS [   0.008s] (357/461) ken-runtime cranelift_backend::lowering::core::tests::constructors::a_carried_capture_meeting_artifact_static_storage_rejects_on_lifetime
5	PASS [   0.045s] (358/461) ken-runtime cranelift_backend::lowering::core::tests::constructors::c2_ac4_runtime_host_result_selects_a_separately_generated_nested_payload
5	PASS [   0.051s] (359/461) ken-runtime cranelift_backend::lowering::core::tests::constructors::c2_ac6_host_result_covers_resource_token_and_response_bytes_payloads
5	PASS [   0.019s] (360/461) ken-runtime cranelift_backend::lowering::core::tests::constructors::carried_bool_family_refuses_a_partial_case_set_pre_arm
5	PASS [   0.018s] (361/461) ken-runtime cranelift_backend::lowering::core::tests::constructors::carried_bool_family_refuses_a_wrong_binder_count_pre_arm
5	PASS [   0.032s] (362/461) ken-runtime cranelift_backend::lowering::core::tests::constructors::carried_bool_hostile_oracle_reddens_when_exact_tag_guard_is_bypassed
5	PASS [   0.025s] (363/461) ken-runtime cranelift_backend::lowering::core::tests::constructors::constructor_field_composes_through_computational_consumer
5	PASS [   0.027s] (364/461) ken-runtime cranelift_backend::lowering::core::tests::constructors::constructor_field_host_result_stays_on_ordinary_dynamic_match
5	PASS [   0.020s] (365/461) ken-runtime cranelift_backend::lowering::core::tests::constructors::d2_a_negative_runtime_length_fails_closed_rather_than_looping
5	PASS [   0.006s] (366/461) ken-runtime cranelift_backend::lowering::core::tests::constructors::generated_context_pairing_refuses_raw_owner_header_mismatch
5	PASS [   0.041s] (367/461) ken-runtime cranelift_backend::lowering::core::tests::constructors::host_result_transfer_materializes_only_the_runtime_selected_payload
5	PASS [   0.009s] (368/461) ken-runtime cranelift_backend::lowering::core::tests::constructors::source_machine_recognized_worker_enters_the_constructor_template
5	PASS [   0.008s] (369/461) ken-runtime cranelift_backend::lowering::core::tests::constructors::static_worker_call_rejects_arity_disagreement
5	PASS [   0.007s] (370/461) ken-runtime cranelift_backend::lowering::core::tests::constructors::static_worker_construction_rejects_slot_offset_disagreement
5	PASS [   0.031s] (371/461) ken-runtime cranelift_backend::lowering::core::tests::constructors::static_worker_twice_called_binding_succeeds
5	PASS [   0.502s] (372/461) ken-runtime cranelift_backend::lowering::core::tests::control::the_entry_carrying_types_are_module_private
5	PASS [   0.006s] (373/461) ken-runtime cranelift_backend::lowering::core::tests::control::the_entry_keyed_collection_detector_catches_the_shape_it_is_looking_for
5	PASS [   0.048s] (374/461) ken-runtime cranelift_backend::lowering::core::tests::d5_c4_a_retargeted_declaration_call_is_refused_before_emission
5	PASS [   0.048s] (375/461) ken-runtime cranelift_backend::lowering::core::tests::effects::ac_2_withdrawing_the_byte_span_availability_restores_the_exact_original_refusal
5	PASS [   0.019s] (376/461) ken-runtime cranelift_backend::lowering::core::tests::effects::budget_eff_native_fails_closed_on_effective_zero_below_count_and_above_raw
5	PASS [   0.165s] (377/461) ken-runtime cranelift_backend::lowering::core::tests::effects::carried_constructor_dispatch_traps_non_matching_roots_before_host_dispatch
5	PASS [   0.022s] (378/461) ken-runtime cranelift_backend::lowering::core::tests::effects::directory_entry_name_is_a_governed_host_response_referent
5	PASS [   0.043s] (379/461) ken-runtime cranelift_backend::lowering::core::tests::effects::px8n_fs_read_at_arm_rejects_over_bound_span_before_observation
5	PASS [   0.039s] (380/461) ken-runtime cranelift_backend::lowering::core::tests::host_call_carrier::a_seed_capture_borrows_from_artifact_static_storage_rather_than_folding
5	PASS [   0.026s] (381/461) ken-runtime cranelift_backend::lowering::core::tests::host_call_carrier::ac1b_the_executable_lowering_witness_closes_its_one_token_population
5	PASS [   0.035s] (382/461) ken-runtime cranelift_backend::lowering::core::tests::host_call_carrier::b2f_mints_one_defined_artifact_static_object_per_seed_environment_entry
5	PASS [   0.007s] (383/461) ken-runtime cranelift_backend::lowering::core::tests::host_call_carrier::d5_the_closeout_planned_set_comes_from_the_plan_not_from_the_emissions
5	PASS [   0.029s] (384/461) ken-runtime cranelift_backend::lowering::core::tests::host_call_carrier::rt_d2_trace_shows_the_marker_propagated_and_never_reaching_the_composed_consumer
5	PASS [   0.046s] (385/461) ken-runtime cranelift_backend::lowering::core::tests::positional_candidate_settlement::ced_d3_m2_settling_inline_on_bridge_entry_collides_at_promotion_from_the_entry_seat
5	PASS [   0.008s] (386/461) ken-runtime cranelift_backend::lowering::core::tests::positional_candidate_settlement::d2k_1c_1_a_transition_and_its_transport_must_name_each_other
5	PASS [   0.027s] (387/461) ken-runtime cranelift_backend::lowering::core::tests::positional_candidate_settlement::d3_the_ported_producer_call_scrutinee_runs_unhooked_on_the_functionized_lane
5	PASS [   0.066s] (388/461) ken-runtime cranelift_backend::lowering::core::tests::positional_candidate_settlement::r3_the_base_uncomposed_slot_population_stays_singleton_and_rehomed_expects_no_inner_frame
5	PASS [   0.088s] (389/461) ken-runtime cranelift_backend::lowering::core::tests::recursor_fusion::r3_fused_late_call_build_refusal_keeps_claim_outstanding
5	PASS [   0.089s] (390/461) ken-runtime cranelift_backend::lowering::core::tests::recursor_fusion::r3_fused_post_field_direct_call_reintroduction_refuses_before_emission
5	PASS [   0.123s] (391/461) ken-runtime cranelift_backend::lowering::core::tests::source_frame_bridge::d8g_each_producer_input_mutation_is_caught_by_the_guard_that_owns_it
5	PASS [   0.136s] (392/461) ken-runtime cranelift_backend::lowering::core::tests::source_frame_bridge::d8m_the_checked_bridge_refuses_every_way_the_transported_identity_can_go_wrong
5	PASS [   0.091s] (393/461) ken-runtime cranelift_backend::lowering::core::tests::source_frame_bridge::d8o_remeasures_the_two_owner_keyed_guards_on_the_descendant
5	PASS [   0.033s] (394/461) ken-runtime cranelift_backend::lowering::core::tests::source_frame_bridge::d8p_a_checked_application_binds_and_emits_in_every_defining_body
5	PASS [   0.079s] (395/461) ken-runtime cranelift_backend::lowering::core::tests::specialization_binding::d3b_the_consumer_refuses_an_index_the_emission_seat_does_not_hold
5	PASS [   0.034s] (396/461) ken-runtime cranelift_backend::lowering::core::tests::specialization_binding::d5a_a_missing_generated_context_binding_refuses_before_any_phantom_is_emitted
5	PASS [   0.041s] (397/461) ken-runtime cranelift_backend::lowering::core::tests::specialization_binding::d6a_a_raw_or_static_worker_call_cannot_mint_the_checked_route
5	PASS [   0.060s] (398/461) ken-runtime cranelift_backend::lowering::source::tests::d2b_the_abandoned_let_body_joins_are_dispositioned_at_the_arm_that_abandons_it
5	PASS [   0.009s] (399/461) ken-runtime cranelift_backend::lowering::source::tests::px8j_source_machine_install_rejects_repeated_scope_identity
5	PASS [   0.006s] (400/461) ken-runtime cranelift_backend::lowering::units::admitted_matches_role_sequence::an_ordinal_disagreement_with_the_roles_is_refused
5	PASS [   0.006s] (401/461) ken-runtime cranelift_backend::lowering::units::captured_environment_bijection::swapping_whole_ordinal_source_pairs_is_refused
5	PASS [   0.009s] (402/461) ken-runtime cranelift_backend::planning::static_transition::aggregates::checked_ih_captured_env_schema::a_program_with_an_envelope_less_captured_unit_still_plans
5	PASS [   0.008s] (403/461) ken-runtime cranelift_backend::planning::static_transition::aggregates::checked_ih_captured_env_schema::bind_continuation_production_rejects_response_lifetime_mismatch
5	PASS [   0.009s] (404/461) ken-runtime cranelift_backend::planning::static_transition::aggregates::checked_ih_captured_env_schema::transport_lookup_is_exact_and_has_no_seat_fallback
5	PASS [   0.009s] (405/461) ken-runtime cranelift_backend::planning::static_transition::aggregates::checked_ih_captured_env_schema::transport_lookup_is_per_producer_inside_a_mixed_plan
5	PASS [   0.007s] (406/461) ken-runtime cranelift_backend::planning::static_transition::aggregates::tests::substrate_same_shape_aggregates_keep_distinct_lifetimes
5	PASS [   0.018s] (407/461) ken-runtime cranelift_backend::planning::static_transition::closure::tests::b2o_ac2_every_non_sentinel_node_has_exactly_one_in_range_function_owner
5	PASS [   0.210s] (408/461) ken-runtime cranelift_backend::planning::static_transition::closure::tests::boundary_a_nested_resource_brackets_n3_through_n7_are_closed_and_affine
5	PASS [   0.006s] (409/461) ken-runtime cranelift_backend::planning::static_transition::closure::tests::boundary_c1_identity_abi_word_round_trips_and_reserves_zero
5	PASS [   0.010s] (410/461) ken-runtime cranelift_backend::planning::static_transition::closure::tests::d2h_ac1_every_one_member_mutation_interns_to_its_own_id
5	PASS [   0.013s] (411/461) ken-runtime cranelift_backend::planning::static_transition::closure::tests::d2h_the_independent_rederivation_catches_a_mutated_primary_derivation
5	PASS [  37.262s] (412/461) ken-elaborator::px7f_resource_lifetime_export checked_resource_producer_emits_exactly_one_correlated_t_body
5	PASS [   0.009s] (413/461) ken-runtime cranelift_backend::planning::static_transition::closure::tests::d7_1c_the_member_population_closes_and_ordinary_closures_are_outside_it
5	PASS [   0.009s] (414/461) ken-runtime cranelift_backend::planning::static_transition::closure::tests::process_ingress_is_role_keyed_and_absent_from_value_roots
5	PASS [   0.007s] (415/461) ken-runtime cranelift_backend::planning::static_transition::construction::tests::d4_the_declaration_call_partition_is_causal_in_both_directions
5	PASS [   0.010s] (416/461) ken-runtime cranelift_backend::planning::static_transition::continuations::fusion::tests::d2f_5_the_redirect_target_is_selected_by_the_complete_key
5	PASS [   0.014s] (417/461) ken-runtime cranelift_backend::planning::static_transition::continuations::fusion::tests::d2f_6_a_spent_ledger_cannot_half_install_into_a_second_plan
5	PASS [   0.030s] (418/461) ken-runtime cranelift_backend::planning::static_transition::continuations::fusion::tests::d2f_2_the_region_claim_is_issued_once_and_each_ruled_rule_refuses
5	PASS [   0.010s] (419/461) ken-runtime cranelift_backend::planning::static_transition::continuations::tests::a_detached_projection_is_in_the_map_and_refused_by_the_direct_outer_accessor
5	PASS [   0.010s] (420/461) ken-runtime cranelift_backend::planning::static_transition::continuations::tests::d3_two_distinct_planned_edges_may_not_name_one_specialization
5	PASS [   0.012s] (421/461) ken-runtime cranelift_backend::planning::static_transition::immediate_bridge::tests::a_duplicate_identity_refuses_rather_than_overwriting
5	PASS [   0.013s] (422/461) ken-runtime cranelift_backend::planning::static_transition::immediate_bridge::tests::a_non_bridge_case_body_is_skipped_rather_than_refused
5	PASS [   0.008s] (423/461) ken-runtime cranelift_backend::planning::static_transition::immediate_bridge::tests::lifted_heterogeneous_producer_selected_by_offset_arithmetic
5	PASS [   0.005s] (424/461) ken-runtime cranelift_backend::planning::static_transition::immediate_bridge::tests::new_intent_the_ordinary_closure_spelling_is_also_heterogeneous
5	PASS [   0.006s] (425/461) ken-runtime cranelift_backend::planning::static_transition::immediate_bridge::tests::refuses_a_checked_subcontinuation_frame_whose_inner_form_is_wrong
5	PASS [   0.008s] (426/461) ken-runtime cranelift_backend::planning::static_transition::joins_traps::tests::d8_trap_predecessors_do_not_create_a_result_edge
5	PASS [   0.007s] (427/461) ken-runtime cranelift_backend::planning::static_transition::occurrences::tests::nested_computational_occurrences_stay_injective_under_a_shared_entry
5	PASS [   0.019s] (428/461) ken-runtime cranelift_backend::planning::static_transition::joins_traps::tests::d8_join_plan_is_a_bijection_with_source_join_occurrences
5	PASS [   0.009s] (429/461) ken-runtime cranelift_backend::planning::static_transition::occurrences::tests::unit_boundary_environment_record_has_a_structural_non_aliasing_occurrence
5	PASS [   0.006s] (430/461) ken-runtime executable_artifact_contract::tests::available_object_or_linker_lane_rejects_in_v0
5	PASS [   0.013s] (431/461) ken-runtime cranelift_backend::planning::static_transition::units::tests::contspec_parameter_affinity_comes_from_its_exact_source_slot
5	PASS [   0.006s] (432/461) ken-runtime executable_artifact_contract::tests::stale_runtime_identity_rejects_before_native_status
5	PASS [   0.008s] (433/461) ken-runtime executable_artifact_contract::tests::blocked_gate_rejects_available_native_artifact_claim
5	PASS [   0.005s] (434/461) ken-runtime hash::tests::fnv1a_deterministic
5	PASS [   0.009s] (435/461) ken-runtime executable_entrypoint_packaging::tests::target_absent_from_supported_report_rejects
5	PASS [   0.005s] (436/461) ken-runtime ir::tests::acf3_ordinary_and_computational_frames_are_domain_separated
5	PASS [   0.006s] (437/461) ken-runtime native_effect_v1::tests::fs_append_dispatch_is_ordered_and_response_arena_is_invocation_lived
5	PASS [  38.382s] (438/461) ken-elaborator::r3_c2_source_mixed_branch c2_gate_4a_preparation_consumes_every_compiler_derived_slot
5	PASS [   2.576s] (439/461) ken-runtime native_execution_differential::tests::closeout_classifies_runtime_ir_mismatch_inventory_as_failed
5	PASS [   2.577s] (440/461) ken-runtime native_execution_differential::tests::stale_effect_metadata_rejects_before_native_execution
5	PASS [   0.006s] (441/461) ken-runtime object_linker_packaging::tests::forged_platform_support_version_rejects_before_linking
5	PASS [   2.533s] (442/461) ken-runtime native_execution_differential::tests::unsupported_capability_facts_remain_unavailable_not_native_tested
5	PASS [   2.005s] (443/461) ken-runtime object_linker_packaging::tests::linked_process_artifact_drives_real_resource_open_use_release
5	PASS [   0.026s] (444/461) ken-runtime object_linker_packaging::tests::shared_helper_wrapping_mutation_turns_generic_object_discriminator_red
5	PASS [   0.006s] (445/461) ken-runtime oriented_subcontinuation_plan::tests::endpoint_or_occurrence_corruption_rejects
5	PASS [   0.006s] (446/461) ken-runtime oriented_subcontinuation_plan::tests::occurrence_exact_but_semantic_order_reversed_rejects
5	PASS [   0.006s] (447/461) ken-runtime platform_runtime_support::tests::stale_entrypoint_metadata_payload_rejects_before_runtime_support
5	PASS [   0.006s] (448/461) ken-runtime platform_runtime_support::tests::trap_observation_stays_runtime_report_comparable
5	PASS [   0.017s] (449/461) ken-runtime store::tests::dedup_aware_accounting
5	PASS [   0.013s] (450/461) ken-runtime store::tests::reclamation_releases_pages
5	PASS [   0.006s] (451/461) ken-runtime unknown::tests::unknown_and_false_is_false
5	PASS [   0.074s] (452/461) ken-runtime::value_depth_totality ac_v1_new_encoder_emits_exact_closed_form_bytes_at_depth_d
5	PASS [   2.292s] (453/461) ken-runtime object_linker_packaging::tests::an_absent_profile_is_refused_before_packaging_not_at_run
5	PASS [   0.007s] (454/461) ken-runtime::value_depth_totality harness_can_observe_a_survivor
5	PASS [   0.006s] (455/461) ken-verify canonical::tests::comparator_reports_enum_trace_delta_and_corrected_payload_identity
5	PASS [   0.144s] (456/461) ken-runtime::value_depth_totality ac_v1_new_encoder_exact_bytes_at_depth_d_through_all_child_positions
5	PASS [   0.360s] (457/461) ken-verify scenario::tests::capture_host_is_explicitly_insufficient_negative_control
5	PASS [   6.286s] (458/461) ken-runtime object_linker_packaging::tests::nonprocess_starter_preserves_in_flight_selected_generation_fault
5	PASS [ 332.805s] (459/461) ken-cli::abi_s6_mapping_surface_native complete_carried_mapping_access_matrix_matches_the_interpreter
5	PASS [  56.178s] (460/461) ken-verify scenario::tests::cwd_root_preserves_scope_escape_and_symlink_denied_identities
5	PASS [ 109.777s] (461/461) ken-verify scenario::tests::fs_create_directory_real_artifact_matches_the_landed_inert_flag_contract
6	PASS [   0.492s] (  1/462) ken-cli::ken_check_mode stale_reject_in_catalog_entry_is_still_refused_after_roots_loading
6	PASS [   0.499s] (  2/462) ken-cli entrypoint_tests::runner_has_no_implicit_fs_authority_default
6	PASS [   0.500s] (  3/462) ken-cli entrypoint_tests::fs_effect_without_declared_family_is_named_static_rejection
6	PASS [   0.009s] (  4/462) ken-cli::library_documentation_gates agent_controlled_paths_fail_loudly_on_escape
6	PASS [   0.242s] (  5/462) ken-cli::library_documentation_gates content_currency_gate_rejects_revision_predating_librarys_own_introduction
6	PASS [   0.006s] (  6/462) ken-cli::mrc_d8_manifest_premise mrc_d8_control_removing_the_resolver_reds_fact_one
6	PASS [   0.006s] (  7/462) ken-cli::mrc_d8_manifest_premise mrc_d8_real_control_fact_two_reds_on_the_shipped_runtime_manifest
6	PASS [   0.006s] (  8/462) ken-cli::mrc_d8_manifest_premise mrc_d9_control_c_the_featured_dev_edge_is_not_an_offender
6	PASS [   0.546s] (  9/462) ken-cli::ken_md_literate_cli ken_run_treats_unrecognized_ken_role_as_a_hard_error
6	PASS [  52.347s] ( 10/462) ken-cli::px4b_native_production public_source_observes_raw_argv_environment_cwd_bytes_in_field_order
6	PASS [  53.163s] ( 11/462) ken-cli::px4b_native_production canonical_fs_identity_exactly_matches_across_real_producers_and_drift_fails
6	PASS [  13.694s] ( 12/462) ken-cli::rosetta rosetta_examples_match_their_oracles
6	PASS [   0.016s] ( 13/462) ken-cli::rt_cold_lowering_path_enumeration every_enumerated_entry_has_a_generated_test
6	PASS [  75.677s] ( 14/462) ken-cli::abi_s6_mapping_surface_native read_only_mapping_refuses_payload_write_with_exact_rights
6	PASS [  58.864s] ( 15/462) ken-cli::rt_branched_scrutinee_unit_body_port two_arm_plain_match_over_runtime_var_reaches_recursive_unit_body_route1
6	PASS [  83.052s] ( 16/462) ken-cli::rt_cold_lowering_path_enumeration rt_cap41_endpoint_stage
6	PASS [   0.519s] ( 17/462) ken-cli::rt_span_prov_native sp_a_own_span_write_succeeds_with_bytes_interp
6	PASS [   0.009s] ( 18/462) ken-elaborator checked_core::tests::body_view_recovers_recursive_imported_and_dictionary_package_seams
6	PASS [   0.008s] ( 19/462) ken-elaborator checked_core::tests::body_view_rejects_host_dependent_primitive_attempt
6	PASS [   0.008s] ( 20/462) ken-elaborator checked_core::tests::body_view_rejects_unsupported_record_projection_shape
6	PASS [   0.008s] ( 21/462) ken-elaborator checked_core::tests::body_view_rejects_unsupported_recursive_shape
6	PASS [   0.007s] ( 22/462) ken-elaborator checked_core::tests::obligation_and_dependency_keys_are_stable_symbols
6	PASS [   0.008s] ( 23/462) ken-elaborator checked_core::tests::validator_rejects_missing_or_unsupported_artifact_versions
6	PASS [   0.012s] ( 24/462) ken-elaborator checked_core::tests::validator_rejects_semantic_and_artifact_hash_mismatches
6	PASS [   0.435s] ( 25/462) ken-elaborator compiler_driver::d1b_role_c1_roster_identity::every_emitted_role_equals_its_canonical_global_id_projection
6	PASS [   0.469s] ( 26/462) ken-elaborator compiler_driver::tests::manifest_metadata_cannot_select_absent_target
6	PASS [   0.009s] ( 27/462) ken-elaborator compiler_driver::tests::root_execution_marker_is_part_of_the_plan_transport_hash
6	PASS [   0.433s] ( 28/462) ken-elaborator elab::nested_lift_association_tests::lifted_dispatch_rejects_a_foreign_constructor_before_reading_lift_evidence
6	PASS [   0.437s] ( 29/462) ken-elaborator elab::nested_lift_association_tests::recursive_ih_multiple_index_evidence_is_applied_once_in_telescope_order
6	PASS [   0.440s] ( 30/462) ken-elaborator elab::surf1_visits_row_production_path::surf1_view_elaboration_consumes_visits_row
6	PASS [   0.008s] ( 31/462) ken-elaborator erasure::px7l_tests::finish_rejects_an_unconsumed_computational_ih_slot_seed
6	PASS [   0.007s] ( 32/462) ken-elaborator erasure::px7l_tests::runtime_selected_dispatch_is_load_bearing_and_static_decode_stays_exact
6	PASS [  85.831s] ( 33/462) ken-cli::rt_cold_lowering_path_enumeration rt_cap41_out_of_range_stage
6	PASS [   0.008s] ( 34/462) ken-elaborator export::resource_lifetime_hash_tests::one_descriptor_field_mutation_changes_the_t_hash
6	PASS [   0.007s] ( 35/462) ken-elaborator layout::tests::group_is_binary_and_hard_lines_never_flatten
6	PASS [   0.008s] ( 36/462) ken-elaborator layout::tests::two_arm_match_is_mandatorily_broken
6	PASS [   0.007s] ( 37/462) ken-elaborator lexer::validated_source_tests::suffix_view_cannot_reacquire_the_root_bom_exception
6	PASS [  48.990s] ( 38/462) ken-cli::rt_selected_pending_call_admission owner_scoped_false_ordinary_answer_restores_join_refusal
6	PASS [   0.453s] ( 39/462) ken-elaborator modules::namespace_effect_tests::file_import_uses_checked_provider_effect_row_under_name_collision
6	PASS [   0.880s] ( 40/462) ken-elaborator modules::namespace_effect_tests::file_import_keeps_descendant_exports_from_selected_file_provider
6	PASS [   0.700s] ( 41/462) ken-elaborator modules::namespace_effect_tests::inline_sibling_import_requires_prior_declaration
6	PASS [   1.259s] ( 42/462) ken-elaborator modules::namespace_effect_tests::file_unit_refuses_external_inline_grandchild_cold_and_preloaded
6	PASS [   0.019s] ( 43/462) ken-elaborator parser::atom_form_closure::the_derived_type_roster_claims_exactly_the_historical_four
6	PASS [   0.015s] ( 44/462) ken-elaborator parser::atom_start_premise::no_operator_token_is_admitted_as_an_atom_start
6	PASS [   0.732s] ( 45/462) ken-elaborator modules::namespace_effect_tests::same_head_class_instances_search_by_selected_provider_identity
6	PASS [   0.562s] ( 46/462) ken-elaborator r_layer_tests::acceptance::apply_elaborates_checks
6	PASS [   0.464s] ( 47/462) ken-elaborator r_layer_tests::acceptance::base_type_app
6	PASS [   0.488s] ( 48/462) ken-elaborator r_layer_tests::acceptance::id_elaborates_checks
6	PASS [   0.500s] ( 49/462) ken-elaborator r_layer_tests::acceptance::id_pi_level_max
6	PASS [   0.478s] ( 50/462) ken-elaborator r_layer_tests::acceptance::nested_app_each_binder
6	PASS [   0.477s] ( 51/462) ken-elaborator r_layer_tests::acceptance::ordinary_let_remains_accepted_by_legacy_entry_point
6	PASS [   0.475s] ( 52/462) ken-elaborator r_layer_tests::acceptance::pipeline_emits_explicit_core
6	PASS [   0.917s] ( 53/462) ken-elaborator r_layer_tests::acceptance::shadow_outer_not_captured
6	PASS [   2.435s] ( 54/462) ken-elaborator r_layer_tests::cat_bool_pub_export::class_owner_provider_loader_visible_inventories_are_exact
6	PASS [   1.794s] ( 55/462) ken-elaborator r_layer_tests::cat_bytes_keys_closeout::bytes_keys_loader_visible_inventory_is_empty
6	PASS [   2.927s] ( 56/462) ken-elaborator r_layer_tests::cat_lawful_functors_pub_export::lawful_functors_loader_visible_inventory_is_exact
6	PASS [   1.807s] ( 57/462) ken-elaborator r_layer_tests::cat_ord_nat_canonical_owner::bool_or_bridge_has_only_the_provider_identity
6	PASS [   6.322s] ( 58/462) ken-elaborator r_layer_tests::cat_effectful_classes_pub_export::effectful_classes_publication_adds_zero_trust
6	PASS [   1.900s] ( 59/462) ken-elaborator r_layer_tests::cat_ord_nat_canonical_owner::order_facade_carries_relation_and_dictionary_identities
6	PASS [   1.881s] ( 60/462) ken-elaborator r_layer_tests::cat_ord_nat_canonical_owner::registry_has_one_lawful_classes_owned_ord_nat_dictionary
6	PASS [   5.768s] ( 61/462) ken-elaborator r_layer_tests::cat_priority_queue_acceptance::empty_singleton_duplicates_and_pop_persistence_match_seed
6	PASS [   6.053s] ( 62/462) ken-elaborator r_layer_tests::cat_tier_d_cursor_import::formatting_doc_loader_visible_inventory_is_exact
6	PASS [   9.990s] ( 63/462) ken-elaborator r_layer_tests::cat_tier_d_cursor_import::parsing_cursor_imports_are_canonical_and_visibility_only
6	PASS [   7.260s] ( 64/462) ken-elaborator r_layer_tests::cat_tier_e_decoder_import::decoder_publication_is_visibility_only
6	PASS [   0.027s] ( 65/462) ken-elaborator r_layer_tests::cat_tier_e_schema_import::schema_selective_import_ledger_is_exact
6	PASS [   0.007s] ( 66/462) ken-elaborator r_layer_tests::effects::classify_telescope_hof_effectful_cannot_be_silently_dropped
6	PASS [   0.007s] ( 67/462) ken-elaborator r_layer_tests::effects::eff_overdeclared_upper_bound_accepted
6	PASS [   0.007s] ( 68/462) ken-elaborator r_layer_tests::effects::eff_row_union_two_effects
6	PASS [   0.007s] ( 69/462) ken-elaborator r_layer_tests::effects::impure_boundary_marker_exposed
6	PASS [   0.009s] ( 70/462) ken-elaborator r_layer_tests::effects::itree_bind_ret_left_unit
6	PASS [   0.009s] ( 71/462) ken-elaborator r_layer_tests::effects::lower_handler_fold_uniform_kernel_checks_and_reduces
6	PASS [   0.858s] ( 72/462) ken-elaborator r_layer_tests::kenfmt_b3_layout::ac4_all_source_parentheses_and_precedence_are_preserved
6	PASS [  16.788s] ( 73/462) ken-elaborator r_layer_tests::cat_tier_e_argparse_import::argparse_checked_provider_and_schema_closure_is_exact
6	PASS [   0.008s] ( 74/462) ken-elaborator r_layer_tests::kenfmt_b3_layout::ac5_trailing_comment_threshold_has_both_orientations
6	PASS [   0.865s] ( 75/462) ken-elaborator r_layer_tests::kenfmt_b3_layout::ac4_old_atom_boundary_parentheses_preserve_meaning
6	PASS [   0.008s] ( 76/462) ken-elaborator r_layer_tests::lang_mod_catalog_evidence_frontier::evidence_status_is_typed_and_independent_from_strict_observation
6	PASS [   0.007s] ( 77/462) ken-elaborator r_layer_tests::lang_structural_result_elab::selector_is_contextual_and_resolves_the_surface_binding_identity
6	PASS [   1.728s] ( 78/462) ken-elaborator r_layer_tests::lc_acceptance::ac3_overlap_check_first_ok_second_errors
6	PASS [   0.865s] ( 79/462) ken-elaborator r_layer_tests::lc_acceptance::ac4_property_vs_structure_sort_discriminant
6	PASS [   0.879s] ( 80/462) ken-elaborator r_layer_tests::lc_acceptance::ac6_sct_wellfounded_accepted_cyclic_rejected
6	PASS [   0.880s] ( 81/462) ken-elaborator r_layer_tests::let4_multi_binding::ac1_ac2_rejections_are_specific
6	PASS [   0.443s] ( 82/462) ken-elaborator r_layer_tests::n4_program_admits::admitted_ambient_resolution_records_distinct_provider_provenance
6	PASS [   1.726s] ( 83/462) ken-elaborator seal2_tests::adversary_repros::direct_buffer_span_forgery_routes_all_reject
6	PASS [ 218.096s] ( 84/462) ken-cli::lang_checked_ih_body_view_cause d5_inorder_compiles_runs_and_its_exit_value_discriminates_every_recursive_position
6	PASS [  85.016s] ( 85/462) ken-elaborator export::exact_inventory_tests::exact_fixture_preserves_hash_and_headroom_changes_only_alphabet
6	PASS [   0.007s] ( 86/462) ken-elaborator::b2_acceptance always_elaborates_to_not_until_not
6	PASS [  45.316s] ( 87/462) ken-elaborator::b1_acceptance generators_carry_support_not_measure
6	PASS [   0.007s] ( 88/462) ken-elaborator::b2_acceptance eventually_elaborates_to_until_true
6	PASS [   4.784s] ( 89/462) ken-elaborator::bytes_primitive_contracts four_late_contracts_and_fresh_ascii_client_check
6	PASS [   2.948s] ( 90/462) ken-elaborator::cat1_lawful_functors_package lawful_functors_package_elaborates_with_parametric_list_monoid
6	PASS [   0.009s] ( 91/462) ken-elaborator::cat1_lawful_functors_package lawful_functors_source_cites_landed_laws_without_axiom
6	PASS [  42.947s] ( 92/462) ken-elaborator::b1_exact_denotation_alphabet declared_headroom_cannot_manufacture_a_metadata_perform_or_plan_point
6	PASS [   5.124s] ( 93/462) ken-elaborator::cat5_parsing_package cat5_d1_concrete_nonempty_source_constructs_and_projects
6	PASS [   5.139s] ( 94/462) ken-elaborator::cat5_parsing_package cat5_d1_start_after_end_rejected
6	PASS [   0.487s] ( 95/462) ken-elaborator::cat_codec_import codec_loader_visible_inventory_is_empty
6	PASS [   4.749s] ( 96/462) ken-elaborator::cat5_parsing_package cat5_d3_bool_expression_surface_is_package_owned
6	PASS [   0.513s] ( 97/462) ken-elaborator::cat_vec_acceptance empty_and_out_of_bounds_calls_are_rejected_by_their_indices
6	PASS [   0.522s] ( 98/462) ken-elaborator::cat_vec_acceptance entry_adds_no_trusted_declarations_beyond_its_providers
6	PASS [   0.999s] ( 99/462) ken-elaborator::cat_vector_closeout vector_loader_visible_inventory_is_empty
6	PASS [   5.929s] (100/462) ken-elaborator::cat_property_acceptance property_length_occurrence_and_selective_import_are_pinned
6	PASS [   6.464s] (101/462) ken-elaborator::cc1_nonempty_validation_acceptance cc1_packages_have_zero_trusted_base_delta
6	PASS [   6.495s] (102/462) ken-elaborator::cc1_nonempty_validation_acceptance validation_loader_visible_inventory_is_exact_and_transparent
6	PASS [   3.032s] (103/462) ken-elaborator::cc2_text_codec_numeric_acceptance located_numeric_discriminators_and_codec_boundary_are_checked
6	PASS [  45.530s] (104/462) ken-elaborator::b2_acceptance block_elaborates_delegated_and_visible
6	PASS [   4.835s] (105/462) ken-elaborator::cc3_parsing_cursor_decoder_acceptance ordered_dependency_closure_elaborates_cursor_then_decoder
6	PASS [   6.078s] (106/462) ken-elaborator::cc5_pretty_doc_acceptance pretty_doc_loader_surface_and_string_boundary_are_behavioral
6	PASS [  13.421s] (107/462) ken-elaborator::cc4_diagnostic_core_acceptance checked_cc4_chain_has_zero_trusted_base_delta
6	PASS [   4.963s] (108/462) ken-elaborator::conversions_acceptance ac1_round_trip_law_at_max_every_width
6	PASS [   1.785s] (109/462) ken-elaborator::conversions_acceptance ac1_round_trip_law_at_min_every_signed_width
6	PASS [  11.324s] (110/462) ken-elaborator::cc8_env_config_decoder_acceptance cc8_adds_no_trust_and_declares_no_second_universe
6	PASS [   0.471s] (111/462) ken-elaborator::coproduct_effect_signature_acceptance coproduct_is_the_live_two_param_effect_signature_type
6	PASS [   0.482s] (112/462) ken-elaborator::def_path_constraint_binder_unification dictionaries_scope_over_contracts_refinement_and_body_but_not_siblings
6	PASS [   0.587s] (113/462) ken-elaborator::dependent_match_coherent_frame_acceptance forced_index_telescope_recursive_step_only_false_stays_kernel_rejected
6	PASS [   0.443s] (114/462) ken-elaborator::ds8b_pure_into_proc_widening ac8_positive_pure_witness_satisfies_traversable_proc_field
6	PASS [   1.834s] (115/462) ken-elaborator::ds2_ord_nat_acceptance refl_trans_antisym_need_no_conversion
6	PASS [   3.443s] (116/462) ken-elaborator::ds9_json_codec_acceptance json_and_all_six_constructors_are_real_globals
6	PASS [   3.454s] (117/462) ken-elaborator::ds9_json_codec_acceptance json_roots_loads_from_only_its_declared_imports
6	PASS [   7.205s] (118/462) ken-elaborator::conversions_acceptance ac4_checked_add_boundary_every_width
6	PASS [   0.451s] (119/462) ken-elaborator::explicit_data_elaboration dependent_index_telescope_lifts_prior_index_in_motive_premise
6	PASS [   0.470s] (120/462) ken-elaborator::explicit_data_elaboration explicit_where_named_constructor_field_sugar_lowers_to_positional_constructor
6	PASS [   0.463s] (121/462) ken-elaborator::explicit_data_elaboration indexed_head_rejects_empty_vector_application
6	PASS [   2.954s] (122/462) ken-elaborator::either_catalog_package_acceptance ac8_either_does_not_swap_branches
6	PASS [   0.587s] (123/462) ken-elaborator::explicit_data_elaboration indexed_impossible_constructor_may_be_omitted_from_non_empty_vector_match
6	PASS [   0.480s] (124/462) ken-elaborator::explicit_data_elaboration non_indexed_explicit_family_elaborates_and_constructor_is_usable
6	PASS [   0.007s] (125/462) ken-elaborator::explicit_data_parser explicit_family_accepts_empty_constructor_block
6	PASS [   0.006s] (126/462) ken-elaborator::explicit_data_parser explicit_where_simple_constructor_accepts_named_field_sugar
6	PASS [   0.535s] (127/462) ken-elaborator::explicit_data_elaboration type_possible_arity_one_constructor_witness_is_the_applied_pattern
6	PASS [   0.470s] (128/462) ken-elaborator::fr2_absurd_collision_hygiene data_ctor_named_eq_or_j_elaborates_fine_not_a_collision
6	PASS [   0.007s] (129/462) ken-elaborator::i4d_boundary_header_parser boundary_header_is_accepted_before_imports_and_rejected_after_them
6	PASS [   0.616s] (130/462) ken-elaborator::generated_index_evidence_closure bare_user_refl_on_top_level_top_remains_rejected
6	PASS [   0.556s] (131/462) ken-elaborator::i7_env_process_projectors_acceptance working_directory_round_trip_preserves_argv_and_environment
6	PASS [   0.012s] (132/462) ken-elaborator::k5_absurd_trusted_base absurd_with_no_postulate_reference_has_empty_delta
6	PASS [   0.006s] (133/462) ken-elaborator::ken_md_literate only_exact_ken_fences_compile
6	PASS [   0.006s] (134/462) ken-elaborator::kenfmt_b2_token_kind ac2_and_ac4_preserve_identifiers_and_layout_while_spelling_notation
6	PASS [   0.622s] (135/462) ken-elaborator::km_literal_trust_accounting foreign_axiom_and_open_obligation_trust_entries_still_count
6	PASS [   1.148s] (136/462) ken-elaborator::k3_literal_char_view deep_checked_literal_view_admits_a_list_on_the_default_sized_stack
6	PASS [   0.823s] (137/462) ken-elaborator::km_sigma_eq_pair_refl pair_refl_and_full_pair_lens_laws_elaborate
6	PASS [   0.605s] (138/462) ken-elaborator::ktr2_data_lowering_diagnostics explicit_type_one_family_accepts_type_payload
6	PASS [   0.559s] (139/462) ken-elaborator::l2_acceptance foreign_constructor_arm_rejected_before_single_column_reachability
6	PASS [   0.717s] (140/462) ken-elaborator::l2_acceptance data_two_arg_ctor_match_accepted
6	PASS [   0.561s] (141/462) ken-elaborator::l2_acceptance foreign_family_ctor_arm_rejected_naming_both_ctor_and_type
6	PASS [   0.691s] (142/462) ken-elaborator::l2_acceptance nested_ctor_pattern_missing_case_is_exhaustiveness_error
6	PASS [   0.600s] (143/462) ken-elaborator::l3_strings_roundtrip_acceptance ac2_source_literals_merge_at_nfc_construction
6	PASS [   0.508s] (144/462) ken-elaborator::l3a_recursive_view_smoke poly_id_list_elaborates
6	PASS [   0.455s] (145/462) ken-elaborator::l3a_recursive_view_smoke recursive_view_reduces_on_constructor
6	PASS [   0.007s] (146/462) ken-elaborator::lang_application_atom_if_rejection extractor_reaches_continuation_lines
6	PASS [   0.006s] (147/462) ken-elaborator::lang_application_atom_if_rejection match_guards_are_an_accepted_false_positive
6	PASS [   0.565s] (148/462) ken-elaborator::lang_application_atom_if_rejection no_false_negative_across_the_test_corpus
6	PASS [   0.918s] (149/462) ken-elaborator::l4_export_reexport imported_identity_clashes_are_latent_fail_closed_but_same_identity_is_idempotent
6	PASS [   0.007s] (150/462) ken-elaborator::lang_atom_start_classification_closure ac2_the_truncation_closes_and_the_loop_continues
6	PASS [   0.010s] (151/462) ken-elaborator::lang_bare_operator_atom_rejection ac_infix_path_untouched
6	PASS [   0.006s] (152/462) ken-elaborator::lang_bytes_hex_list_literal unbracketed_hex_integer_and_float_forms_are_unchanged
6	PASS [   0.007s] (153/462) ken-elaborator::lang_comment_classifier_shared ac3_lexer_and_lossless_comment_end_are_the_same_offset
6	PASS [   0.008s] (154/462) ken-elaborator::lang_foreign_name_format_chars formatter_diagnostics_map_back_across_prior_repairs
6	PASS [   0.007s] (155/462) ken-elaborator::lang_lex_numeric_forms decimal_fraction_separators_do_not_change_exponent
6	PASS [   0.470s] (156/462) ken-elaborator::lang_bytes_hex_list_literal bracketed_and_quoted_bytes_have_the_same_elaborated_type_and_value
6	PASS [   0.473s] (157/462) ken-elaborator::lang_match_guards guard_composes_with_nested_tuple_and_record_patterns
6	PASS [   0.474s] (158/462) ken-elaborator::lang_match_guards guard_uses_pattern_binders_and_false_falls_through
6	PASS [   0.475s] (159/462) ken-elaborator::lang_match_literal_patterns decomposed_string_pattern_compares_at_nfc_value
6	PASS [   0.471s] (160/462) ken-elaborator::lang_match_or_pattern three_alternatives_are_flat_and_map_binders_by_name
6	PASS [   0.923s] (161/462) ken-elaborator::lang_match_or_pattern binder_sets_and_intra_alternative_duplicates_are_rejected
6	PASS [   0.472s] (162/462) ken-elaborator::lang_match_tuple_pattern dependent_sigma_second_component_uses_the_first_projection
6	PASS [   0.478s] (163/462) ken-elaborator::lang_match_tuple_pattern tuple_descent_composes_with_outer_constructors_and_inner_aliases
6	PASS [   1.366s] (164/462) ken-elaborator::lang_match_record_pattern top_level_catchalls_remain_refused_and_empty_record_is_not_inferred
6	PASS [   0.461s] (165/462) ken-elaborator::lang_mod_or_canonical_home core_logic_or_loads_standalone_with_exact_relevant_shape
6	PASS [   0.902s] (166/462) ken-elaborator::lang_mod_pair_floor_realization missing_proof_terms_file_rejects_despite_in_memory_preload
6	PASS [   0.462s] (167/462) ken-elaborator::lang_mod_pair_floor_realization prelude_signature_inventory_is_executable_and_closed
6	PASS [  12.822s] (168/462) ken-elaborator::es2_acceptance map_replacement_is_derived_not_primitive
6	PASS [   0.474s] (169/462) ken-elaborator::lang_mod_strict_resolution_d1 strict_admits_local_counterparts_for_globals_and_class_representations
6	PASS [   0.007s] (170/462) ken-elaborator::lang_old_operand_start_admission existing_old_atom_and_projection_shapes_are_preserved
6	PASS [   0.485s] (171/462) ken-elaborator::lang_prelude_floor_fifteen inhabited_source_empty_cannot_replace_checked_residual_identity
6	PASS [   0.981s] (172/462) ken-elaborator::lang_nested_former_recursion_acceptance ac_executes_at_runtime_and_dropping_nested_ih_changes_the_value
6	PASS [   0.474s] (173/462) ken-elaborator::lang_qualified_constructor_privacy buffer_capacity_file
6	PASS [   0.472s] (174/462) ken-elaborator::lang_qualified_constructor_privacy forge_buffer_decl
6	PASS [   0.471s] (175/462) ken-elaborator::lang_qualified_constructor_privacy mapping_resource_decl
6	PASS [   0.479s] (176/462) ken-elaborator::lang_qualified_constructors empty_module_member_cannot_manufacture_type_path_ambiguity
6	PASS [   0.478s] (177/462) ken-elaborator::lang_standard_infix_call_completion a_facade_glyph_rename_republishes_the_defining_globalid
6	PASS [   0.490s] (178/462) ken-elaborator::lang_standard_infix_call_completion a_fixed_instance_argument_matches_an_alias_by_global_identity
6	PASS [   2.810s] (179/462) ken-elaborator::lang_reserved_infix_names unbound_reserved_names_reach_resolution_without_implicit_meaning
6	PASS [   1.851s] (180/462) ken-elaborator::lang_standard_infix_call_completion a_parameterized_carrier_resolves_from_its_inferred_core_application
6	PASS [   0.473s] (181/462) ken-elaborator::lang_standard_infix_call_completion ac1_a_bare_comparison_completes_its_omitted_prefix
6	PASS [   0.601s] (182/462) ken-elaborator::lang_standard_infix_call_completion two_registered_head_spellings_rebound_to_one_live_name_select_by_id
6	PASS [   0.027s] (183/462) ken-elaborator::lang_surface_block_comments ac1_two_scanners_agree_over_the_corpus
6	PASS [   0.548s] (184/462) ken-elaborator::lang_surface_if non_bool_condition_has_if_specific_diagnostic
6	PASS [   0.476s] (185/462) ken-elaborator::lang_surface_int_precision huge_surface_int_reaches_kernel_and_evaluation_exactly
6	PASS [   0.471s] (186/462) ken-elaborator::lang_surface_int_precision zero_and_succ_constructor_result_indices_still_elaborate
6	PASS [   0.007s] (187/462) ken-elaborator::lang_symbolic_operator_names fixed_ascii_symbolic_token_inventory_is_unchanged
6	PASS [   0.006s] (188/462) ken-elaborator::lang_symbolic_operator_names symbolic_character_run_lexes_to_one_carried_name
6	PASS [   0.462s] (189/462) ken-elaborator::lang_truncation_surface_syntax d1_annotation_trunc_as_let_annotation_elaborates
6	PASS [   0.478s] (190/462) ken-elaborator::lang_truncation_surface_syntax d2_elim_trunc_lower_arity_is_not_a_collision
6	PASS [   3.535s] (191/462) ken-elaborator::lang_standard_infix_call_completion ac7_both_operands_are_checked_even_when_the_first_settles_the_result
6	PASS [   0.507s] (192/462) ken-elaborator::lang_type_projection_surface_form a_chained_projection_folds_left_and_resolves_through_both_fields
6	PASS [   0.007s] (193/462) ken-elaborator::literal_escapes_conformance d0_foreign_names_decode_escapes_uniformly
6	PASS [   1.821s] (194/462) ken-elaborator::lang_type_projection_surface_form ac1_the_three_consumer_bindings_are_writable
6	PASS [   0.007s] (195/462) ken-elaborator::literal_escapes_lexer_unit malformed_unicode_escape_spans_end_at_the_offending_character
6	PASS [   0.006s] (196/462) ken-elaborator::literal_escapes_lexer_unit unicode_escape_decodes_in_string_and_char
6	PASS [   0.006s] (197/462) ken-elaborator::literal_escapes_lexer_unit x41bc_does_not_greedily_consume_a_third_digit
6	PASS [  14.509s] (198/462) ken-elaborator::lang_membership_operator_surface overlap_and_unadmitted_provider_are_ordinary_instance_errors
6	PASS [   7.388s] (199/462) ken-elaborator::literal_escapes_conformance unicode_escape_shape_scalar_and_char_cardinality
6	PASS [  11.993s] (200/462) ken-elaborator::map_build_acceptance cat_rel_public_api_is_usable_while_tree_constructors_stay_private
6	PASS [   0.452s] (201/462) ken-elaborator::n1_duplicate_definition duplicate_ordinary_definition_uses_specific_variant_and_payload
6	PASS [   0.007s] (202/462) ken-elaborator::n2_in_repo_loader catalog_source_path_inverts_to_nearest_root_and_dotted_entry
6	PASS [   0.465s] (203/462) ken-elaborator::n2_in_repo_loader dotted_module_path_maps_to_its_unique_leaf_file
6	PASS [   0.008s] (204/462) ken-elaborator::n2_in_repo_loader non_catalog_or_invalid_component_path_has_no_module_address
6	PASS [   0.747s] (205/462) ken-elaborator::nc14_data_match_lowering nested_dependent_motive_consumes_correlated_child_proofs
6	PASS [   0.011s] (206/462) ken-elaborator::nc5_erasure_runtime_ir proof_erasure_boundary_witness_rejects_checked_core_field_status_drift
6	PASS [   0.010s] (207/462) ken-elaborator::nc5_erasure_runtime_ir proof_erasure_boundary_witness_rejects_field_status_drift
6	PASS [   0.010s] (208/462) ken-elaborator::nc5_erasure_runtime_ir reachable_lowerability_blocker_rejects_before_runtime_ir
6	PASS [   0.464s] (209/462) ken-elaborator::proof_vocabulary public_module_definitions_receive_the_same_forward_admission
6	PASS [   0.013s] (210/462) ken-elaborator::px3_abi_scalars ac3_native_widening_and_private_raw_floors_preserve_boundary_values
6	PASS [  12.017s] (211/462) ken-elaborator::map_build_acceptance fromlist_last_writer_and_ordered
6	PASS [   0.474s] (212/462) ken-elaborator::px8f_buffer_io_surface buffer_span_producer_closure_reduces_transparent_type_aliases
6	PASS [   0.475s] (213/462) ken-elaborator::px8f_buffer_io_surface buffer_span_producer_closure_resolves_public_constructors
6	PASS [   0.462s] (214/462) ken-elaborator::record_decl_form records_are_unavailable_to_instance_constraint_and_derive_paths
6	PASS [   0.481s] (215/462) ken-elaborator::record_decl_form right_nested_third_and_dependent_record_fields_elaborate
6	PASS [   0.492s] (216/462) ken-elaborator::record_index_sigma_closure hidden_result_refinement_handles_a_reducible_record_scrutinee
6	PASS [   0.502s] (217/462) ken-elaborator::record_index_sigma_closure nested_result_transport_composes_two_hidden_refinement_frames
6	PASS [   0.481s] (218/462) ken-elaborator::record_literal refinement_braces_parse_without_expression_record_braces
6	PASS [   0.524s] (219/462) ken-elaborator::rt_dasm_d1b_role_a_runtime_symbols d1b_role_a_generic_package_emission_produces_the_package_qualified_nat_pair
6	PASS [   0.625s] (220/462) ken-elaborator::rt_dasm_d1b_role_c1_trusted_base_provenance c1_a_clean_package_has_roster_equal_to_its_trust_targets
6	PASS [   2.764s] (221/462) ken-elaborator::record_index_refinement_acceptance ac1_constant_motive_match_over_the_record_indexed_derivation_elaborates
6	PASS [   0.467s] (222/462) ken-elaborator::sct_completeness_repro control_flat_single_sibling_recurses
6	PASS [  12.737s] (223/462) ken-elaborator::map_build_acceptance set_is_map_unit
6	PASS [   0.007s] (224/462) ken-elaborator::sec1_acceptance forged_label_or_cert_kernel_rejected
6	PASS [   0.006s] (225/462) ken-elaborator::sec1ct_acceptance ct_value_steers_memory_index_rejected
6	PASS [   0.006s] (226/462) ken-elaborator::sec2_acceptance declassify_every_use_audited_and_in_delta
6	PASS [   0.006s] (227/462) ken-elaborator::sec2_acceptance no_amplifying_operation_exists
6	PASS [   0.006s] (228/462) ken-elaborator::sec2_acceptance world_action_without_capability_rejected
6	PASS [   0.743s] (229/462) ken-elaborator::rt_dasm_d1b_role_c1_trusted_base_provenance c1_a_real_carrier_reaches_lowering_and_its_reports_carry_the_admitted_trust
6	PASS [   0.026s] (230/462) ken-elaborator::state_effect_build_acceptance full_state_prelude_declares_and_typechecks
6	PASS [   0.485s] (231/462) ken-elaborator::sct_completeness_repro shape_a_val2_12_nested_split_flat_sibling_recursion_accepts
6	PASS [   0.477s] (232/462) ken-elaborator::surface_def_refinement def_refinement_parses_and_elaborates_without_trusted_base_growth
6	PASS [   0.985s] (233/462) ken-elaborator::sec4_acceptance kernel_resolved_graph_has_no_ken_generated_workspace_dependency
6	PASS [   0.437s] (234/462) ken-elaborator::surface_def_refinement def_value_position_yields_steering_diagnostic
6	PASS [   0.478s] (235/462) ken-elaborator::surface_named_proof_claims attached_proof_canonical_path_and_selector_both_resolve
6	PASS [   0.470s] (236/462) ken-elaborator::surface_named_proof_claims attached_proof_subject_telescope_must_match
6	PASS [   0.473s] (237/462) ken-elaborator::surface_named_proof_claims local_prop_intro_resolves_through_the_family_name
6	PASS [   0.462s] (238/462) ken-elaborator::surface_named_proof_claims non_proof_theorem_result_is_rejected
6	PASS [   0.007s] (239/462) ken-elaborator::v1_acceptance disproved_distinct_from_unknown
6	PASS [   0.447s] (240/462) ken-elaborator::surface_named_proof_claims qualified_prop_intro_follows_alias_and_reexported_family_identity
6	PASS [   0.007s] (241/462) ken-elaborator::v2_acceptance conditional_branch_boolean_equation_placeholder
6	PASS [   0.006s] (242/462) ken-elaborator::v2_acceptance inductive_postcond_hole_localization_placeholder
6	PASS [   0.007s] (243/462) ken-elaborator::v3_acceptance reflective_decision_computes_cert_d_placeholder
6	PASS [   0.469s] (244/462) ken-elaborator::v1_acceptance old_out_of_scope_rejects
6	PASS [   3.000s] (245/462) ken-elaborator::structural_deceq_acceptance structural_instances_compute_positive_and_negative_bool_examples
6	PASS [   2.771s] (246/462) ken-elaborator::v3_fo_checker_soundness_d0_buildability_probe probe2_propositional_truncation_literal_spec_syntax
6	PASS [   2.755s] (247/462) ken-elaborator::v3_fo_checker_soundness_d1a_elaborator_divergence_finding data_ctor_with_recursive_nth_form_equality_elaborates
6	PASS [   2.751s] (248/462) ken-elaborator::v3_fo_checker_soundness_d2_bool_inversion fok_and_left_naive_prebound_form_is_kernel_rejected
6	PASS [   2.780s] (249/462) ken-elaborator::v3_fo_checker_soundness_d2_bool_inversion fok_or_right_false_naive_prebound_form_is_kernel_rejected
6	PASS [   2.794s] (250/462) ken-elaborator::v3_fo_embedding_adequacy_d1 kernel_checked_adequacy_has_the_exact_d2a_statement_and_structure
6	PASS [   2.732s] (251/462) ken-elaborator::v3_fo_embedding_adequacy_d1 truncation_conversion_preserves_quotation
6	PASS [   0.008s] (252/462) ken-elaborator::v3_fo_kripke_slice_acceptance attempt_fo_with_signature_returns_unknown_never_proved_for_accepted_slice_certificate
6	PASS [   0.007s] (253/462) ken-elaborator::v3_fo_kripke_slice_acceptance embed_places_k_sigma_inside_the_target
6	PASS [   0.007s] (254/462) ken-elaborator::v3_fo_obligation_signature_discovery_acceptance real_positive_obligation_reaches_fo_boundary_through_public_route
6	PASS [   3.106s] (255/462) ken-elaborator::v3_fo_ken_level_checker_authoring certificate_sort_validation_bound_scope_pair
6	PASS [   2.904s] (256/462) ken-elaborator::v3_fo_ken_level_checker_authoring fok_check_cert_kernel_checks_with_no_trusted_base_delta
6	PASS [   0.454s] (257/462) ken-elaborator::val1_string_literals string_literal_elaborates_to_string_type
6	PASS [   0.012s] (258/462) ken-foundation store::tests::reset_releases_memory
6	PASS [   0.011s] (259/462) ken-host abi_m1_d0_probe::the_generated_projections_cover_every_family_exactly_once
6	PASS [   0.006s] (260/462) ken-host abi_v1::tests::posture_failure_prevents_context_publication
6	PASS [   0.016s] (261/462) ken-host abi_v1::tests::resource_errors_use_the_distinct_fully_initialized_reply_projection
6	PASS [   0.016s] (262/462) ken-host abi_v1::tests::resource_settlement_is_recorded_before_observation_is_written
6	PASS [   0.014s] (263/462) ken-host effect_v1::tests::abi_s1_d6_reuses_native_fs_handle_metadata_and_adds_no_operation
6	PASS [   0.014s] (264/462) ken-host effect_v1::tests::abi_s6_d4_file_acquire_enforces_rights_exact_length_lineage_and_capacity
6	PASS [   0.013s] (265/462) ken-host effect_v1::tests::abi_s6_d4_file_acquire_identity_and_unavailable_posture_are_pinned
6	PASS [   0.014s] (266/462) ken-host effect_v1::tests::bounded_positioned_io_reaches_progress_mismatch_and_ordered_bindings
6	PASS [   0.008s] (267/462) ken-host effect_v1::tests::every_represented_unavailable_operation_is_refused_by_the_executor_entry
6	PASS [   0.006s] (268/462) ken-host effect_v1::tests::revoked_path_admission_is_distinct_and_preserves_an_admitted_result
6	PASS [   0.006s] (269/462) ken-host effect_wire::tests::abi_s6_d3_mapping_requests_round_trip_and_protection_fails_closed
6	PASS [   0.006s] (270/462) ken-host effect_wire::tests::home_failure_wire_distinguishes_lookup_from_root_open_and_keeps_identity
6	PASS [   0.015s] (271/462) ken-host effect_wire::tests::wire_decoder_rejects_read_some_effective_request_zero_below_count_and_above_raw
6	PASS [   0.015s] (272/462) ken-host revocation_v1::tests::revoke_closes_the_addressed_subtree_but_not_parent_or_sibling
6	PASS [   0.666s] (273/462) ken-elaborator::val1_string_literals gcd_views_elaborate
6	PASS [   0.012s] (274/462) ken-host tests::cwd_root_is_resolved_once_and_preserves_scope_and_symlink_denials
6	PASS [   0.014s] (275/462) ken-interp eff_tests::eff5_x1_trace_equals_l5_itree_denotation
6	PASS [   0.009s] (276/462) ken-interp eval::px5b_effect_observation_tests::budget_eff_capped_full_read_reifies_effective_not_raw_remaining
6	PASS [   0.026s] (277/462) ken-interp eff_tests::eff6_unknown_strict_through_driver
6	PASS [   0.011s] (278/462) ken-interp eval::px5b_effect_observation_tests::positioned_backend_zero_write_reifies_absolute_no_progress
6	PASS [   0.012s] (279/462) ken-interp tests::can_eq_by_type_computes
6	PASS [   0.013s] (280/462) ken-interp tests::closure_containing_aggregate_has_no_deceq
6	PASS [   0.017s] (281/462) ken-interp tests::can_no_stuck_closed_ground
6	PASS [   0.012s] (282/462) ken-interp::f1_bignum_acceptance f1_oracle_magnitude_boundary_matrix
6	PASS [   0.016s] (283/462) ken-interp tests::empty_capture_closure_is_not_static_reference
6	PASS [   0.009s] (284/462) ken-interp::f1_bignum_acceptance f1_product_chain_exceeds_2_1000
6	PASS [   0.466s] (285/462) ken-interp::i3_fs_floor surface_and_render_package_add_zero_trusted_base_entries
6	PASS [   0.693s] (286/462) ken-interp::fs_driver_build_capability_acceptance r2_insufficient_cap_denied_before_read
6	PASS [   0.472s] (287/462) ken-interp::l1_acceptance ac2_expected_type_overrides_default
6	PASS [   0.016s] (288/462) ken-interp::nc12_runtime_ir_evaluator add_int_overflow_promotes_without_host_panic_or_wrap
6	PASS [   0.458s] (289/462) ken-interp::l1_acceptance ac6_float_not_exact
6	PASS [   0.503s] (290/462) ken-interp::nc9_proof_erasure_boundary_checker ken_checker_rejects_witness_program_mismatch_with_named_lane
6	PASS [   0.998s] (291/462) ken-interp::nc7_differential_trust_report interpreter_backed_f1_report_uses_real_oracle_not_seed_observation
6	PASS [   0.483s] (292/462) ken-interp::px8p_checked_buffer escaped_copy_reaches_exact_closed_after_bracket_settlement
6	PASS [   0.482s] (293/462) ken-interp::px8x_single_schema_observation real_buffer_bracket_exposes_ordered_target_bindings
6	PASS [   0.830s] (294/462) ken-interp::px8p_checked_buffer positive_capacity_settles_normally_and_body_error_still_settles
6	PASS [   0.011s] (295/462) ken-kernel check::tests::universe_no_type_type
6	PASS [   0.015s] (296/462) ken-kernel conv::tests::framed_case3_distinct_convertible_consts_unfold_but_never_refuse
6	PASS [   0.014s] (297/462) ken-kernel conv::tests::quotient_class_congruence_compares_representatives_only
6	PASS [   0.013s] (298/462) ken-kernel inductive::tests::occurs_finds_former
6	PASS [   0.014s] (299/462) ken-kernel sct::tests::compose_table
6	PASS [   0.013s] (300/462) ken-kernel sct::tests::loop_self_loop_rejected
6	PASS [   0.022s] (301/462) ken-kernel::acceptance ac2_dependent_sigma_formation
6	PASS [   0.019s] (302/462) ken-kernel::acceptance ac2_pair_intro_dependent
6	PASS [   0.020s] (303/462) ken-kernel::acceptance ac3_pi_beta
6	PASS [   0.021s] (304/462) ken-kernel::acceptance ac7_checking_terminates_k1
6	PASS [   0.017s] (305/462) ken-kernel::acceptance ac7_iota_reduction_terminates
6	PASS [   0.019s] (306/462) ken-kernel::acceptance k2_cast_computes_quotient_class_preserved
6	PASS [   0.018s] (307/462) ken-kernel::acceptance k2_funext_definitional
6	PASS [   0.021s] (308/462) ken-kernel::acceptance k2_propext_definitional
6	PASS [   0.020s] (309/462) ken-kernel::acceptance k2_quotient_eq_is_relation
6	PASS [   0.018s] (310/462) ken-kernel::acceptance k2_seam1_cast_inductive_index_change_stuck
6	PASS [   0.015s] (311/462) ken-kernel::conv_eq_congruence eq_congruence_both_sides_reconstructed_converts
6	PASS [   0.020s] (312/462) ken-kernel::k2c_conversion sct_reject_combinator_laundered
6	PASS [   0.019s] (313/462) ken-kernel::k2c_series2 quotient_respect_direction_cast
6	PASS [   0.017s] (314/462) ken-kernel::k3_literal_char_registration checked_carriers_reject_wrong_shape_and_char_range_without_partial_admission
6	PASS [   0.020s] (315/462) ken-kernel::k4_omega_motive omega_motive_excluded_middle_shaped_admitted
6	PASS [   0.542s] (316/462) ken-interp::rtp1_elim_reduce_ih_perf_acceptance single_self_reference_stays_linear_at_depth_40
6	PASS [   0.012s] (317/462) ken-kernel::k4_omega_motive omega_pi_shortcut_fires_on_distinct_proofs_not_alpha
6	PASS [   0.009s] (318/462) ken-kernel::k5_omega_fragment trusted_base_unaffected_by_prelude_tt
6	PASS [   0.014s] (319/462) ken-kernel::k5_omega_fragment sct_rejects_self_reference_laundered_through_type_absurd_motive
6	PASS [   0.015s] (320/462) ken-kernel::ktr1_constructor_universe_gate lifted_universe_argument_is_accepted
6	PASS [   0.020s] (321/462) ken-kernel::nested_inductives_all generated_all_sorts_retain_both_independent_symbolic_levels
6	PASS [   0.008s] (322/462) ken-kernel::nested_inductives_d3_shapes direct_and_wstyle_shapes_project_to_the_legacy_api
6	PASS [   0.014s] (323/462) ken-kernel::nested_inductives_d1a recorded_polarity_is_a_causal_admission_input
6	PASS [   0.011s] (324/462) ken-kernel::nested_inductives_d3_shapes transparent_aliases_preserve_former_topology_and_fail_closed_otherwise
6	PASS [   0.014s] (325/462) ken-kernel::nested_inductives_remaining nested_negative_unknown_and_non_positive_paths_reject_separately
6	PASS [   0.011s] (326/462) ken-kernel::sigma_sort sigma_subset_relevant_stays_type
6	PASS [   0.012s] (327/462) ken-runtime activation_abi::tests::two_activations_across_the_c_abi_get_distinct_services
6	PASS [   0.011s] (328/462) ken-runtime activation_services::tests::the_unit_call_envelope_matches_its_closed_field_inventory
6	PASS [   0.007s] (329/462) ken-runtime boundary_activation::tests::one_past_max_epoch_has_an_exact_nonwrapping_request
6	PASS [   0.020s] (330/462) ken-runtime boundary_activation::tests::finishing_withdraws_the_services_pointer_and_seals_the_image
6	PASS [   0.015s] (331/462) ken-runtime boundary_value::invocation_aggregate_decode_tests::a_bare_constructor_aggregate_decodes_to_its_issued_symbol
6	PASS [   0.025s] (332/462) ken-runtime boundary_value_clif::tests::b2v_acv5_the_same_compound_child_alone_does_mint_a_slot
6	PASS [   0.054s] (333/462) ken-runtime boundary_value_clif::tests::b2v_emitted_code_selects_the_host_result_arm_at_runtime
6	PASS [   0.037s] (334/462) ken-runtime boundary_value_clif::tests::b2v_the_magnitude_marker_relation_is_closed_over_owner_and_marker
6	PASS [   0.024s] (335/462) ken-runtime boundary_value_clif::tests::b2v_the_tag_class_relation_is_closed_over_the_whole_product
6	PASS [   0.023s] (336/462) ken-runtime boundary_value_clif::tests::d3_a_wrong_owner_node_is_refused_on_the_owner_axis
6	PASS [   0.007s] (337/462) ken-runtime canonical::tests::ac_v1b_corpus_covers_every_value_variant
6	PASS [   0.007s] (338/462) ken-runtime canonical::tests::record_field_order_is_declaration_order
6	PASS [   0.006s] (339/462) ken-runtime cranelift_backend::artifact::api::tests::nc8_certificate_rejects_var_in_reachable_transparent_declaration
6	PASS [   0.006s] (340/462) ken-runtime cranelift_backend::artifact::api::tests::reachable_effectful_checked_core_metadata_rejects_before_backend_lowering
6	PASS [   0.048s] (341/462) ken-runtime cranelift_backend::artifact::api::tests::the_synthetic_entrypoint_consumes_the_authority_it_is_given
6	PASS [   0.029s] (342/462) ken-runtime cranelift_backend::lowering::aggregates::tests::a_source_record_as_a_call_argument_is_marshalled_at_its_own_occurrence
6	PASS [   0.373s] (343/462) ken-runtime boundary_value_clif::tests::b2v_ac6_every_emitted_writer_is_refused_after_the_sealed_handoff
6	PASS [   0.017s] (344/462) ken-runtime cranelift_backend::lowering::aggregates::tests::the_carrier_allocation_choke_refuses_both_ungoverned_requests
6	PASS [   0.019s] (345/462) ken-runtime cranelift_backend::lowering::boundary::tests::b2v_ac10_every_boundary_input_receives_one_policy_entailed_outcome
6	PASS [   0.016s] (346/462) ken-runtime cranelift_backend::lowering::boundary::tests::refusal_pins_rehomed_computational_match_without_selector_exclusion
6	PASS [   0.053s] (347/462) ken-runtime cranelift_backend::lowering::core::primitive::tests::checked_partial_primitive_still_rejects_unknown_arguments
6	PASS [   0.019s] (348/462) ken-runtime cranelift_backend::lowering::core::tests::constructors::a_capture_contract_declaring_the_seed_lane_for_a_lexical_callable_rejects
6	PASS [   0.021s] (349/462) ken-runtime cranelift_backend::lowering::core::tests::constructors::a_capture_contract_whose_slot_ordinals_are_permuted_rejects
6	PASS [   0.105s] (350/462) ken-runtime cranelift_backend::lowering::core::tests::constructors::ac5_redirecting_the_resolved_worker_target_reds_the_same_shape_witness
6	PASS [   0.026s] (351/462) ken-runtime cranelift_backend::lowering::core::tests::constructors::b2f_d9_a_no_pair_spillable_crosses_on_its_own_tag
6	PASS [   0.381s] (352/462) ken-runtime cranelift_backend::lowering::aggregates::tests::each_governed_site_reaches_the_choke_and_cannot_bypass_it
6	PASS [   0.029s] (353/462) ken-runtime cranelift_backend::lowering::core::tests::constructors::c1_d3_ac_c3_a_constructor_outside_the_case_set_reaches_the_closed_default
6	PASS [   0.025s] (354/462) ken-runtime cranelift_backend::lowering::core::tests::constructors::c1_d3_ac_c4_a_carried_hypothesis_applied_to_arguments_fails_closed
6	PASS [   0.050s] (355/462) ken-runtime cranelift_backend::lowering::core::tests::constructors::c1_d3_ac_c7_computational_match_eliminates_a_carried_value_non_recursively
6	PASS [   0.049s] (356/462) ken-runtime cranelift_backend::lowering::core::tests::constructors::c1_d3_ac_c7_match_eliminates_a_carried_value_and_selects_the_right_case
6	PASS [   0.030s] (357/462) ken-runtime cranelift_backend::lowering::core::tests::constructors::carried_non_bool_match_refuses_int_and_exit_status_immediates
6	PASS [   0.043s] (358/462) ken-runtime cranelift_backend::lowering::core::tests::constructors::carried_structural_nat_adapter_is_load_bearing
6	PASS [   0.033s] (359/462) ken-runtime cranelift_backend::lowering::core::tests::constructors::constructor_field_selected_case_composes_before_field_lowering
6	PASS [   0.020s] (360/462) ken-runtime cranelift_backend::lowering::core::tests::constructors::dynamic_constructor_all_known_omitted_runs_source_default_without_panic
6	PASS [   0.041s] (361/462) ken-runtime cranelift_backend::lowering::core::tests::constructors::dynamic_constructor_dispatches_ordinary_continuation_with_mixed_arities
6	PASS [   0.041s] (362/462) ken-runtime cranelift_backend::lowering::core::tests::constructors::dynamic_constructor_ordinary_continuation_preserves_bool_kind
6	PASS [   0.009s] (363/462) ken-runtime cranelift_backend::lowering::core::tests::constructors::heterogeneous_later_ordinary_missing_selects_exact_default
6	PASS [   0.037s] (364/462) ken-runtime cranelift_backend::lowering::core::tests::constructors::heterogeneous_nested_payload_kind_is_guarded_in_the_emitted_consumer
6	PASS [   0.068s] (365/462) ken-runtime cranelift_backend::lowering::core::tests::constructors::dynamic_host_result_producer_carrier_final_kind_is_runtime_guarded
6	PASS [   0.036s] (366/462) ken-runtime cranelift_backend::lowering::core::tests::constructors::static_worker_unused_binding_succeeds
6	PASS [   0.008s] (367/462) ken-runtime cranelift_backend::lowering::core::tests::control::an_out_of_range_child_position_is_a_loud_planner_invariant
6	PASS [   0.008s] (368/462) ken-runtime cranelift_backend::lowering::core::tests::control::distinguished_root_cannot_discharge_missing_match_site_marker
6	PASS [   0.015s] (369/462) ken-runtime cranelift_backend::lowering::core::tests::control::oriented_phase_misclassification_recovers_endpoint_and_missing_semantic_rejections
6	PASS [   0.010s] (370/462) ken-runtime cranelift_backend::lowering::core::tests::control::oriented_segment_keeps_semantic_and_control_axes_independent
6	PASS [   0.068s] (371/462) ken-runtime cranelift_backend::lowering::core::tests::constructors::static_worker_witness_runs_and_distinguishes_capture_order
6	PASS [   0.028s] (372/462) ken-runtime cranelift_backend::lowering::core::tests::control::unmarked_equal_shape_frame_cannot_consume_retained_join_site
6	PASS [   0.040s] (373/462) ken-runtime cranelift_backend::lowering::core::tests::control::px8j_owned_scope_deletion_fails_closed_before_another_frame_is_emitted
6	PASS [   0.113s] (374/462) ken-runtime cranelift_backend::lowering::core::tests::effects::carried_site_operand_projection_preserves_the_exact_source_witness
6	PASS [   0.317s] (375/462) ken-runtime cranelift_backend::lowering::core::tests::effects::an_incomplete_duplicate_discarded_or_misobserved_visit_rejects
6	PASS [   0.027s] (376/462) ken-runtime cranelift_backend::lowering::core::tests::effects::unsupported_effect_is_distinct_from_backend_failure
6	PASS [   0.079s] (377/462) ken-runtime cranelift_backend::lowering::core::tests::host_call_carrier::d4_claiming_the_same_causal_token_twice_reds_the_ledger
6	PASS [   0.037s] (378/462) ken-runtime cranelift_backend::lowering::core::tests::host_call_carrier::d5_c4_a_duplicated_checked_occurrence_is_refused_after_its_lawful_first
6	PASS [   0.378s] (379/462) ken-runtime cranelift_backend::lowering::core::tests::effects::directory_entries_decoder_is_bounded_and_consumes_the_whole_payload
6	PASS [   0.093s] (380/462) ken-runtime cranelift_backend::lowering::core::tests::host_call_carrier::d6b_the_governed_case_environment_is_the_binder_run_it_was_planned_from
6	PASS [   0.010s] (381/462) ken-runtime cranelift_backend::lowering::core::tests::host_call_carrier::rtfp_a_cleared_transported_identity_rejects_before_cfg
6	PASS [   0.007s] (382/462) ken-runtime cranelift_backend::lowering::core::tests::host_call_carrier::rtfp_the_two_frames_are_header_identical_and_body_distinct
6	PASS [   0.014s] (383/462) ken-runtime cranelift_backend::lowering::core::tests::positional_candidate_settlement::ac_d3_self_the_recursive_edges_call_site_is_separated_from_its_callee_body
6	PASS [   0.102s] (384/462) ken-runtime cranelift_backend::lowering::core::tests::host_call_carrier::d7_binding_a_distinct_same_shaped_body_changes_the_executed_result
6	PASS [   0.009s] (385/462) ken-runtime cranelift_backend::lowering::core::tests::positional_candidate_settlement::d2k_1c_0_conservation_pairs_each_consumption_to_one_minted_transport
6	PASS [   0.037s] (386/462) ken-runtime cranelift_backend::lowering::core::tests::recursor_fusion::d2f_a_production_compile_builds_the_fusion_identity_plane
6	PASS [   0.071s] (387/462) ken-runtime cranelift_backend::lowering::core::tests::positional_candidate_settlement::ccr_d3_the_active_carried_route_is_taken_and_the_continuation_refusal_is_gone
6	PASS [   0.121s] (388/462) ken-runtime cranelift_backend::lowering::core::tests::recursor_fusion::r3_fused_worker_body_refuses_before_claim_consumption
6	PASS [   0.012s] (389/462) ken-runtime cranelift_backend::lowering::core::tests::recursor_fusion::required_consumer_projection_refuses_each_wrong_coordinate
6	PASS [   0.145s] (390/462) ken-runtime cranelift_backend::lowering::core::tests::recursor_fusion::r3_fused_parameter_projection_refuses_before_claim_consumption
6	PASS [   0.034s] (391/462) ken-runtime cranelift_backend::lowering::core::tests::source_frame_bridge::checked_ih_misbinding_refuses_after_mapping_both_authorities_to_runtime
6	PASS [   0.111s] (392/462) ken-runtime cranelift_backend::lowering::core::tests::source_frame_bridge::d8m_the_source_frame_identity_survives_the_bridge
6	PASS [   0.151s] (393/462) ken-runtime cranelift_backend::lowering::core::tests::source_frame_bridge::d8f_the_remaining_checked_marker_refusals
6	PASS [   0.014s] (394/462) ken-runtime cranelift_backend::lowering::core::tests::specialization_binding::d5a_a_generated_context_resolves_only_under_the_identity_that_encloses_it
6	PASS [   0.051s] (395/462) ken-runtime cranelift_backend::lowering::core::tests::specialization_binding::d6a_mixed_route_predecessors_at_one_origin_stay_separate
6	PASS [   0.049s] (396/462) ken-runtime cranelift_backend::lowering::core::tests::specialization_binding::d6a_the_recursor_layer_producer_stays_green_independently
6	PASS [   0.024s] (397/462) ken-runtime cranelift_backend::lowering::core::tests::specialization_binding::d8b_a_composed_call_target_is_its_own_selectors_callee
6	PASS [   0.054s] (398/462) ken-runtime cranelift_backend::lowering::core::tests::specialization_binding::rt_seed_two_entry_parameters_agree_with_emitted_loads_on_both_routes
6	PASS [   0.007s] (399/462) ken-runtime cranelift_backend::lowering::seed_material::tests::a_nested_difference_reaches_the_encoded_bytes
6	PASS [   0.007s] (400/462) ken-runtime cranelift_backend::lowering::seed_material::tests::scalar_payload_sits_at_the_declared_offset
6	PASS [   0.013s] (401/462) ken-runtime cranelift_backend::lowering::source::tests::px8j_source_machine_install_rejects_wrong_control_roles_and_origins
6	PASS [   0.007s] (402/462) ken-runtime cranelift_backend::lowering::units::captured_environment_bijection::the_admitted_run_measured_on_the_checked_family_validates
6	PASS [   0.007s] (403/462) ken-runtime cranelift_backend::planning::plan_extraction_tests::oriented_plan_rejects_two_plans_in_one_package
6	PASS [   0.007s] (404/462) ken-runtime cranelift_backend::planning::static_transition::aggregates::checked_ih_captured_env_schema::an_arity_above_the_positional_run_refuses_rather_than_truncating
6	PASS [   0.009s] (405/462) ken-runtime cranelift_backend::planning::static_transition::aggregates::tests::a_scalar_nodes_owner_set_comes_from_its_exact_spill_disposition
6	PASS [   0.012s] (406/462) ken-runtime cranelift_backend::planning::static_transition::closure::tests::b2o_ac4_each_seed_class_adds_exactly_one_function_unit
6	PASS [   0.273s] (407/462) ken-runtime cranelift_backend::lowering::core::tests::specialization_binding::erasing_a_seat_key_axis_or_collapsing_the_contract_rejects
6	PASS [   0.010s] (408/462) ken-runtime cranelift_backend::planning::static_transition::closure::tests::boundary_b1r_primitive_partiality_is_occurrence_exact_material
6	PASS [   0.025s] (409/462) ken-runtime cranelift_backend::planning::static_transition::closure::tests::closed_identity_terminal_and_store_guards_reject_exact_mutations
6	PASS [   0.029s] (410/462) ken-runtime cranelift_backend::planning::static_transition::closure::tests::quartet_edge_sets_and_completed_successor_reject_alternate_calls
6	PASS [   0.009s] (411/462) ken-runtime cranelift_backend::planning::static_transition::closure::tests::substrate_preallocation_closure_rejects_an_admitted_unreachable_case
6	PASS [   0.007s] (412/462) ken-runtime cranelift_backend::planning::static_transition::continuations::fusion::tests::d2g_ac2_relocating_the_runtime_marker_against_a_fixed_plan_is_refused
6	PASS [   0.012s] (413/462) ken-runtime cranelift_backend::planning::static_transition::continuations::fusion::tests::d2i_ac2_suppressing_only_the_descent_takes_the_candidate_to_zero
6	PASS [   0.011s] (414/462) ken-runtime cranelift_backend::planning::static_transition::continuations::fusion::tests::d2i_the_future_enumerators_root_source_is_richer_than_the_seed_frontier
6	PASS [   0.017s] (415/462) ken-runtime cranelift_backend::planning::static_transition::continuations::fusion::tests::d3_the_fusion_mints_exactly_two_composed_edges_one_per_checked_binding
6	PASS [   0.007s] (416/462) ken-runtime cranelift_backend::planning::static_transition::continuations::fusion::tests::governed_nested_bracket_uses_canonical_four_seat_binder_roles
6	PASS [   0.011s] (417/462) ken-runtime cranelift_backend::planning::static_transition::continuations::tests::contspec_assigned_key_mutation_plans_an_edge_to_the_wrong_alternative
6	PASS [   0.011s] (418/462) ken-runtime cranelift_backend::planning::static_transition::continuations::tests::contspec_planned_edge_closure_rejects_omission_and_redirection
6	PASS [   0.013s] (419/462) ken-runtime cranelift_backend::planning::static_transition::continuations::tests::contsrc_d4a_a_producer_local_environment_is_admitted_and_r_still_declines
6	PASS [   0.009s] (420/462) ken-runtime cranelift_backend::planning::static_transition::continuations::tests::d3b_alias_eligibility_not_position_decides
6	PASS [   0.010s] (421/462) ken-runtime cranelift_backend::planning::static_transition::immediate_bridge::tests::the_built_relation_is_keyed_by_the_complete_call_identity
6	PASS [   0.010s] (422/462) ken-runtime cranelift_backend::planning::static_transition::immediate_bridge::tests::the_installed_plane_is_a_re_derivation_from_final_inputs
6	PASS [   0.009s] (423/462) ken-runtime cranelift_backend::planning::static_transition::occurrences::tests::a_source_tree_at_a_different_address_yields_identical_origins
6	PASS [   0.008s] (424/462) ken-runtime cranelift_backend::planning::static_transition::selected_pending_calls::tests::generated_call_crossing_refuses_at_the_production_walker
6	PASS [   0.006s] (425/462) ken-runtime cranelift_backend::planning::static_transition::selected_pending_calls::tests::one_emission_owner_refuses_mixed_response_and_ordinary_returns
6	PASS [   0.009s] (426/462) ken-runtime cranelift_backend::planning::static_transition::selected_pending_calls::tests::wrong_template_slot_refuses_at_the_production_walker
6	PASS [   0.009s] (427/462) ken-runtime cranelift_backend::planning::static_transition::units::tests::b2r_ac2_an_irrelevant_caller_binding_does_not_change_the_callee_descriptor
6	PASS [   0.010s] (428/462) ken-runtime cranelift_backend::planning::static_transition::units::tests::contspec_abi_added_capture_moves_slot_count_by_exactly_one
6	PASS [   0.012s] (429/462) ken-runtime cranelift_backend::planning::static_transition::units::tests::contspec_abi_preflight_makes_boundary_construction_allocation_free
6	PASS [   0.006s] (430/462) ken-runtime cranelift_backend::surface::surface_diagnostics_tests::cranelift_backend_error_prefixes_both_arms
6	PASS [   0.007s] (431/462) ken-runtime executable_entrypoint_packaging::tests::mismatched_report_contract_closure_identity_rejects_after_hash_refresh
6	PASS [   0.006s] (432/462) ken-runtime invocation_tickets::tests::generation_counter_overflow_is_refused_without_wrapping
6	PASS [   0.006s] (433/462) ken-runtime ir::tests::acf1_computational_frames_differing_only_in_a_closure_body_share_a_fingerprint
6	PASS [   0.006s] (434/462) ken-runtime ir::tests::acf2_ordinary_case_order_is_load_bearing
6	PASS [   0.006s] (435/462) ken-runtime native_effect_v1::tests::denial_precedes_host_action
6	PASS [   2.408s] (436/462) ken-runtime cranelift_backend::planning::static_transition::closure::tests::b2r_ac6_the_abi_plane_declares_no_emission_construct
6	PASS [   2.742s] (437/462) ken-runtime native_execution_differential::tests::asserted_available_interpreter_target_mismatch_rejects
6	PASS [   2.856s] (438/462) ken-runtime native_execution_differential::tests::closeout_frames_prerequisite_when_interpreter_lane_is_unavailable
6	PASS [   2.846s] (439/462) ken-runtime native_execution_differential::tests::closeout_report_recommends_nc28_for_full_chain_starter_corpus
6	PASS [   2.519s] (440/462) ken-runtime native_execution_differential::tests::recomputed_hash_with_mismatched_host_toolchain_rejects_before_report
6	PASS [   0.007s] (441/462) ken-runtime native_process_entrypoint::tests::argv_environment_and_cwd_are_byte_accurate_and_field_ordered
6	PASS [   0.028s] (442/462) ken-runtime native_process_entrypoint::tests::host_effect_execution_remains_a_named_unavailable_lane
6	PASS [   0.008s] (443/462) ken-runtime object_linker_packaging::tests::forged_platform_support_kind_version_rejects_before_linking
6	PASS [   2.520s] (444/462) ken-runtime native_execution_differential::tests::stale_executable_bytes_reject_before_native_execution
6	PASS [   0.008s] (445/462) ken-runtime object_linker_packaging::tests::signed_root_trap_decoder_returns_exact_catalog_provenance
6	PASS [   0.010s] (446/462) ken-runtime platform_runtime_support::tests::imported_declaration_ref_rejects_even_under_closed_entrypoint_claim
6	PASS [   0.008s] (447/462) ken-runtime platform_runtime_support::tests::process_entrypoint_lifecycle_records_staged_process_input
6	PASS [   0.010s] (448/462) ken-runtime store::tests::int_small_to_bignum_promotion
6	PASS [   0.411s] (449/462) ken-runtime::value_depth_totality ac_p3a_host_recursive_debug_dies_at_depth_d_through_all_child_positions
6	PASS [   0.090s] (450/462) ken-runtime::value_depth_totality ac_p3b_debug_returns_and_renders_at_depth_d
6	PASS [   0.204s] (451/462) ken-runtime::value_depth_totality ac_v12_witness_equality_is_total_at_depth_d
6	PASS [   0.201s] (452/462) ken-runtime::value_depth_totality ac_v12_witness_ordering_is_total_at_depth_d
6	PASS [   0.204s] (453/462) ken-runtime::value_depth_totality ac_v1_a_host_recursive_traversal_dies_on_this_population_at_depth_d
6	PASS [   0.435s] (454/462) ken-runtime::value_depth_totality ac_v3b_clone_then_drop_both_at_depth_d_through_all_child_positions
6	PASS [   0.008s] (455/462) ken-verify host::tests::unscripted_clock_read_fails_loudly
6	PASS [   4.559s] (456/462) ken-runtime object_linker_packaging::tests::nested_post_effect_checked_recursor_reaches_success_and_retains_exact_trap_provenance
6	PASS [  31.912s] (457/462) ken-elaborator::v3_fo_route_consumption_apparatus encoder_covers_every_slice_source_constructor_and_route_consumes_composite
6	PASS [  55.715s] (458/462) ken-verify scenario::tests::console_read_normalized_real_artifact_differential_discriminates
6	PASS [  55.467s] (459/462) ken-verify scenario::tests::real_captured_evidence_mutations_bite_while_return_proxy_stays_green
6	PASS [ 325.255s] (460/462) ken-elaborator r_layer_tests::lang_mod_catalog_evidence_frontier::catalog_evidence_frontier_is_closed_and_honest
6	PASS [ 156.594s] (461/462) ken-verify scenario::tests::fs_metadata_real_artifact_exercises_the_honest_policy_contract
6	PASS [ 183.157s] (462/462) ken-verify scenario::tests::fs_remove_directory_real_artifact_honors_the_nontransactional_carve_out
7	PASS [   0.538s] (  1/462) ken-cli::i8_clock_effect clock_package_is_structural_zero_trust_and_declares_no_ordering_law
7	PASS [   0.013s] (  2/462) ken-cli::i8_clock_effect fixed_clock_repeats_one_value_and_traces_each_read
7	PASS [   0.563s] (  3/462) ken-cli::effect_composition_state_console_e2e state_console_pairing_runs_through_run_state_then_run_io
7	PASS [   0.537s] (  4/462) ken-cli::ken_check_mode stale_reject_in_imported_dependency_is_not_run
7	PASS [   0.583s] (  5/462) ken-cli::ken_check_mode non_catalog_lowercase_path_keeps_isolated_fallback
7	PASS [   1.170s] (  6/462) ken-cli::deterministic_app injected_application_run_is_byte_identical_and_drives_capture_host
7	PASS [   0.142s] (  7/462) ken-cli::library_documentation_gates generator_only_ever_writes_the_proposed_sibling_never_the_real_ledger
7	PASS [   0.007s] (  8/462) ken-cli::mrc_d8_manifest_premise mrc_d8_real_control_fact_one_reds_on_the_shipped_workspace_manifest
7	PASS [   0.006s] (  9/462) ken-cli::mrc_d8_manifest_premise mrc_d8_real_control_fact_three_reds_on_the_shipped_cli_manifest
7	PASS [   0.006s] ( 10/462) ken-cli::mrc_d8_manifest_premise mrc_d9_control_b_a_synthetic_ninth_member_is_found_without_editing_the_test
7	PASS [   0.485s] ( 11/462) ken-cli::ken_md_literate_cli ken_ignore_fence_is_prose_only_for_cli
7	PASS [   0.517s] ( 12/462) ken-cli::ken_md_literate_cli ken_run_accepts_a_correctly_failing_reject_block
7	PASS [  52.816s] ( 13/462) ken-cli::px8ta_oriented_subcontinuation public_one_level_bracket_finishes_and_releases
7	PASS [   0.010s] ( 14/462) ken-cli::rt_cold_lowering_path_enumeration cold_lowering_population_coverage_header
7	PASS [  55.138s] ( 15/462) ken-cli::px4b_native_production fs_scope_denial_reaches_ken_as_the_named_error
7	PASS [   0.613s] ( 16/462) ken-cli::rt_native_string_construction native_string_scalar_above_u8_is_not_refused
7	PASS [  58.421s] ( 17/462) ken-cli::px8h_heterogeneous_continuation multiple_steps_preserve_the_recursive_payload_direction
7	PASS [   0.422s] ( 18/462) ken-cli::t2_acceptance ac1_ill_typed_def_rejected_not_registered
7	PASS [   1.624s] ( 19/462) ken-cli::t2_acceptance ac2_verdict_flip_provable_vs_open
7	PASS [   0.633s] ( 20/462) ken-cli::t2_acceptance ac3_eval_goes_through_real_interpreter
7	PASS [   0.014s] ( 21/462) ken-elaborator checked_core::tests::body_view_rejects_references_outside_selected_closure
7	PASS [   0.016s] ( 22/462) ken-elaborator checked_core::tests::body_view_rejects_stale_primitive_metadata
7	PASS [   0.016s] ( 23/462) ken-elaborator checked_core::tests::body_view_rejects_unsupported_primitive_name
7	PASS [   0.018s] ( 24/462) ken-elaborator checked_core::tests::body_view_rejects_unsupported_transparent_body_shape
7	PASS [   0.016s] ( 25/462) ken-elaborator checked_core::tests::missing_stable_symbol_rejects_instead_of_serializing_local_id
7	PASS [   0.017s] ( 26/462) ken-elaborator checked_core::tests::primitive_identity_is_registry_symbol_not_primitive_global_id
7	PASS [   1.990s] ( 27/462) ken-elaborator compiler_driver::tests::executable_entrypoint_metadata_identity_is_deterministic_and_content_addressed
7	PASS [   0.992s] ( 28/462) ken-elaborator compiler_driver::tests::executable_entrypoint_reports_imported_dependency_as_non_closed
7	PASS [   0.770s] ( 29/462) ken-elaborator compiler_driver::tests::executable_entrypoint_reports_unresolved_dependency_lane
7	PASS [   0.522s] ( 30/462) ken-elaborator compiler_driver::tests::executable_entrypoint_reports_unsupported_lowerability_before_native_work
7	PASS [   0.585s] ( 31/462) ken-elaborator compiler_driver::tests::target_closure_reports_unresolved_references_without_runtime_success
7	PASS [   1.018s] ( 32/462) ken-elaborator compiler_driver::tests::target_selection_report_identity_is_deterministic
7	PASS [   0.450s] ( 33/462) ken-elaborator elab::nested_lift_association_tests::completed_lifted_eliminator_validation_closes_outer_result_premise
7	PASS [   0.449s] ( 34/462) ken-elaborator elab::nested_lift_association_tests::recursive_ih_neutral_or_unequal_index_evidence_is_preserved
7	PASS [   0.443s] ( 35/462) ken-elaborator elab::nested_lift_association_tests::recursive_ih_reflexive_index_evidence_is_applied_before_source_arguments
7	PASS [   0.451s] ( 36/462) ken-elaborator elab::omega_index_refinement_tests::sibling_convoy_index_type_classifier_remains_type_only
7	PASS [   0.008s] ( 37/462) ken-elaborator erasure::px7l_tests::a_real_ordinary_application_injects_nothing_and_keeps_its_own_arity
7	PASS [   0.008s] ( 38/462) ken-elaborator erasure::px7l_tests::checked_producer_emits_inner_to_outer_semantic_chain_before_erasure
7	PASS [   0.009s] ( 39/462) ken-elaborator fo_kripke::tests::embed_places_k_sigma_inside_the_target
7	PASS [   0.008s] ( 40/462) ken-elaborator fo_kripke::tests::positive_control_certificate_computes_true
7	PASS [   0.010s] ( 41/462) ken-elaborator fo_kripke::tests::quote_iform_refuses_top_id_enforcing_the_collector_criterion
7	PASS [   0.444s] ( 42/462) ken-elaborator modules::namespace_effect_tests::apply_import_accepts_the_same_identity_during_instance_replay
7	PASS [   1.762s] ( 43/462) ken-elaborator modules::namespace_effect_tests::external_inline_edge_cannot_predeclare_later_same_unit_sibling
7	PASS [   0.458s] ( 44/462) ken-elaborator modules::namespace_effect_tests::facade_inside_self_module_cannot_borrow_ambient_file_id
7	PASS [   0.467s] ( 45/462) ken-elaborator modules::namespace_effect_tests::file_attached_proof_selector_retains_checked_provider_id
7	PASS [   0.904s] ( 46/462) ken-elaborator modules::namespace_effect_tests::file_unit_import_cannot_capture_external_inline_ancestor
7	PASS [   0.451s] ( 47/462) ken-elaborator modules::namespace_effect_tests::strict_proved_name_requires_exact_kernel_intro_identity
7	PASS [   0.008s] ( 48/462) ken-elaborator parser::as_pattern_precedence_tests::as_binds_tighter_than_flat_or
7	PASS [   0.007s] ( 49/462) ken-elaborator parser::atom_form_closure::the_shared_literal_map_refuses_every_non_literal_token
7	PASS [   0.007s] ( 50/462) ken-elaborator parser::atom_start_premise::all_three_atom_entry_points_refuse_every_exclusion_trigger
7	PASS [   0.462s] ( 51/462) ken-elaborator r_layer_tests::acceptance::under_applied_lambda_rejected
7	PASS [  75.998s] ( 52/462) ken-cli::abi_s6_mapping_surface_native offset_direct_map_write_then_window_read_preserves_process_local_bytes
7	PASS [   7.401s] ( 53/462) ken-elaborator r_layer_tests::cat_priority_queue_acceptance::recursive_leftist_validity_and_isolated_malformed_fixtures
7	PASS [   9.034s] ( 54/462) ken-elaborator r_layer_tests::cat_effectful_classes_pub_export::effectful_classes_loader_visible_inventory_is_exact
7	PASS [   3.749s] ( 55/462) ken-elaborator r_layer_tests::cat_tier_d_cursor_import::diagnostics_core_loader_visible_inventory_is_exact
7	PASS [   4.021s] ( 56/462) ken-elaborator r_layer_tests::cat_tier_d_decoder_import::decoder_alt_zero_progress_keeps_failure_instead_of_fallback
7	PASS [   5.147s] ( 57/462) ken-elaborator r_layer_tests::cat_tier_d_parsing_group_import::parsing_module_provider_closure_is_exact_and_sibling_disjoint
7	PASS [   8.091s] ( 58/462) ken-elaborator r_layer_tests::cat_tier_d_decoder_import::parsing_decoder_loader_visible_inventory_is_exact
7	PASS [   5.041s] ( 59/462) ken-elaborator r_layer_tests::cat_tier_d_parsing_group_import::process_arguments_implementation_helper_remains_private
7	PASS [   0.009s] ( 60/462) ken-elaborator r_layer_tests::cat_tier_d_process_environment_import::process_environment_import_ledger_is_empty
7	PASS [   6.800s] ( 61/462) ken-elaborator r_layer_tests::cat_tier_d_parsing_group_import::parsing_numeric_provider_closure_is_exact_and_sibling_disjoint
7	PASS [   9.390s] ( 62/462) ken-elaborator r_layer_tests::cat_tier_e_argparse_import::argparse_publication_is_visibility_only
7	PASS [   3.254s] ( 63/462) ken-elaborator r_layer_tests::cc6b_path_posix_acceptance::package_roots_loads_and_adds_zero_trust
7	PASS [   0.456s] ( 64/462) ken-elaborator r_layer_tests::constrained_instance_elaboration::swapped_constraint_names_fail_closed
7	PASS [   0.008s] ( 65/462) ken-elaborator r_layer_tests::effects::classify_telescope_identifies_hof_effectful_params
7	PASS [   0.007s] ( 66/462) ken-elaborator r_layer_tests::effects::higher_order_param_undeclared_rejected
7	PASS [   0.008s] ( 67/462) ken-elaborator r_layer_tests::effects::lower_bind_vis_kernel_checks_vis_reduct
7	PASS [   0.007s] ( 68/462) ken-elaborator r_layer_tests::effects::row_poly_undeclared_row_var_rejected
7	PASS [   0.007s] ( 69/462) ken-elaborator r_layer_tests::effects::synthetic_state_row_union_and_discharge
7	PASS [   0.016s] ( 70/462) ken-elaborator r_layer_tests::kenfmt_b3_layout::ac6_reachable_fmt9_fences_remain_parse_preserved_after_horizontal_supersession
7	PASS [  61.085s] ( 71/462) ken-cli::rt_resource_release_carried_observe the_carried_resource_route_observes_resource_scalar_and_completes_native_construction
7	PASS [   0.012s] ( 72/462) ken-elaborator r_layer_tests::kenfmt_let_layout::ac5_nested_bindings_in_a_match_arm_are_structurally_indented
7	PASS [   0.954s] ( 73/462) ken-elaborator r_layer_tests::lang_fixity_decl_surface::declared_associativity_changes_structure_with_late_declaration
7	PASS [   0.009s] ( 74/462) ken-elaborator r_layer_tests::lang_fixity_decl_surface::operator_run_stays_flat_through_resolution
7	PASS [   0.009s] ( 75/462) ken-elaborator r_layer_tests::lang_mod_catalog_evidence_frontier::parsed_provider_interfaces_and_loader_edges_have_known_answer
7	PASS [  19.353s] ( 76/462) ken-elaborator r_layer_tests::cat_tier_e_argparse_import::argparse_loader_visible_inventory_is_exact
7	PASS [   0.476s] ( 77/462) ken-elaborator r_layer_tests::lang_structural_result_elab::d2_deep_nested_associations_elaborate_and_kernel_check
7	PASS [   0.474s] ( 78/462) ken-elaborator r_layer_tests::lang_structural_result_elab::d2_nested_join_method_selects_each_exact_trailing_result_binder
7	PASS [   0.458s] ( 79/462) ken-elaborator r_layer_tests::lc_acceptance::ac8_law_field_is_real_proof_not_stub
7	PASS [   0.008s] ( 80/462) ken-elaborator seal2_tests::producer_closure::certificate_flags_an_ex_falso_bottom_path_producer
7	PASS [   0.477s] ( 81/462) ken-elaborator seal2_tests::producer_closure::closed_oracle_reaches_the_class_field_namespace
7	PASS [   0.563s] ( 82/462) ken-elaborator seal2_tests::producer_closure::position_closure_holds_under_every_structural_former
7	PASS [   0.008s] ( 83/462) ken-elaborator seal2_tests::producer_closure::unclassifiable_source_root_fails_loudly
7	PASS [   0.453s] ( 84/462) ken-elaborator::abi_s3_deadline_shape abi_s3_the_deadline_type_carries_exactly_its_reading_and_no_cancellation_field
7	PASS [  74.993s] ( 85/462) ken-cli::rt_cold_lowering_path_enumeration rt_allocate_stage
7	PASS [   0.692s] ( 86/462) ken-elaborator::b1_exact_denotation_alphabet dynamic_operation_input_fails_closed_without_family_widening
7	PASS [  85.635s] ( 87/462) ken-elaborator::b1_acceptance removing_assume_shrinks_p_and_changes_hash
7	PASS [   0.011s] ( 88/462) ken-elaborator::b2_acceptance no_modal_construct_in_kernel
7	PASS [   0.020s] ( 89/462) ken-elaborator::b2_acceptance ordinary_inductive_admitted_by_k1
7	PASS [   0.479s] ( 90/462) ken-elaborator::bare_proof_selector_atom declaration_head_and_bare_selector_body_are_parsed_and_elaborated_separately
7	PASS [   0.482s] ( 91/462) ken-elaborator::bare_proof_selector_atom recursive_attached_proof_can_use_its_bare_selector
7	PASS [   2.991s] ( 92/462) ken-elaborator::cat3_collections_package cat3_d1_positive_surfaces_check_against_real_package_defs
7	PASS [   2.915s] ( 93/462) ken-elaborator::cat3_collections_package cat3_d1_wrong_take_drop_witness_rejected
7	PASS [   2.940s] ( 94/462) ken-elaborator::cat3_collections_package cat3_d2_bad_sorted_and_bad_perm_witnesses_rejected
7	PASS [   2.957s] ( 95/462) ken-elaborator::cat3_collections_package cat3_d3_view_lens_records_and_flavors_check_against_real_package_defs
7	PASS [   2.902s] ( 96/462) ken-elaborator::cat3_collections_package derived_reuses_canonical_nat_order_operations_with_zero_trust_delta
7	PASS [   4.806s] ( 97/462) ken-elaborator::cat5_parsing_package cat5_d1_source_span_package_elaborates_zero_delta
7	PASS [   0.472s] ( 98/462) ken-elaborator::cat_capex_authority capability_filesystem_authority_fragment_elaborates
7	PASS [   0.439s] ( 99/462) ken-elaborator::cat_codec_import codec_transport_import_withdrawal_restores_unresolved_cong
7	PASS [   2.826s] (100/462) ken-elaborator::cat_concat_map_append_law concat_map_append_stays_private_and_adds_no_provider_closure_trust
7	PASS [   3.000s] (101/462) ken-elaborator::cat_deque_acceptance entry_adds_no_consumer_local_trusted_declarations
7	PASS [   3.063s] (102/462) ken-elaborator::cat_deque_acceptance entry_elaborates_and_registers_operations_and_laws
7	PASS [   3.018s] (103/462) ken-elaborator::cat_deque_acceptance front_back_and_rebalancing_paths_preserve_sequence_order
7	PASS [   8.083s] (104/462) ken-elaborator::cat_deque_acceptance transparent_deque_bodies_have_exact_derived_head_occurrence_populations
7	PASS [   2.912s] (105/462) ken-elaborator::cat_deque_closeout deque_loader_visible_inventory_is_empty
7	PASS [   3.173s] (106/462) ken-elaborator::cat_derived_sort_laws a_non_total_comparator_sorts_the_fixture_but_not_its_proof
7	PASS [  12.114s] (107/462) ken-elaborator::cat_map_dom_member map_dom_member_public_surface_transition_sentinel
7	PASS [   0.444s] (108/462) ken-elaborator::cat_string_bijection_pub_export string_bijection_standalone_imports_retain_provider_identities
7	PASS [   0.537s] (109/462) ken-elaborator::cat_vec_acceptance generic_operations_preserve_length_and_concrete_computations_hold
7	PASS [   6.084s] (110/462) ken-elaborator::cc1_nonempty_validation_acceptance nonempty_owner_keeps_raw_constructor_while_clients_cannot_name_it
7	PASS [   1.717s] (111/462) ken-elaborator::cc2_text_codec_numeric_acceptance bijection_prerequisite_is_the_single_separately_homed_assumption
7	PASS [   2.875s] (112/462) ken-elaborator::cc2_text_codec_numeric_acceptance ordered_dependency_closure_elaborates_codec_then_numeric
7	PASS [   2.966s] (113/462) ken-elaborator::cc5_pretty_doc_acceptance cc5_reuses_canonical_nat_operations_with_zero_trust_delta
7	PASS [   3.412s] (114/462) ken-elaborator::cc6a_process_arguments_exit_acceptance arguments_reuses_the_canonical_lawful_classes_relation
7	PASS [   0.439s] (115/462) ken-elaborator::conversions_acceptance ac4_saturating_add_no_overflow_still_exact
7	PASS [   0.434s] (116/462) ken-elaborator::decimal_char_acceptance char_deceq_pin1_value_consequence
7	PASS [   0.445s] (117/462) ken-elaborator::def_path_constraint_binder_unification semicolon_compatibility_and_fail_closed_naming_and_type_boundaries
7	PASS [   0.507s] (118/462) ken-elaborator::dependent_match_coherent_frame_acceptance single_elimination_cross_structure_elaborates
7	PASS [   0.493s] (119/462) ken-elaborator::dependent_match_declared_index_plain_acceptance universe_polymorphic_declared_index_pair_preserves_levels
7	PASS [   0.519s] (120/462) ken-elaborator::dependent_match_eigen_guard_localization context_extension_without_dependent_guard_remains_elaborable
7	PASS [   0.457s] (121/462) ken-elaborator::dependent_match_motive_rebase_acceptance regression_index_and_value_dependent_omega_motive_over_a_recursive_family
7	PASS [   0.498s] (122/462) ken-elaborator::dependent_match_nonnullary_acceptance ac1_list_hypothesis_threading_elaborates_and_narrows_structurally
7	PASS [   0.010s] (123/462) ken-elaborator::dotted_module_path_parser import_accepts_a_dotted_module_path
7	PASS [   2.973s] (124/462) ken-elaborator::ds3_sum_combinators_acceptance ac8_andthen_short_circuits_on_err
7	PASS [   0.492s] (125/462) ken-elaborator::ds5b_dependent_match_refinement_acceptance base_case_construction_retypes_the_checking_goal
7	PASS [   0.541s] (126/462) ken-elaborator::ds6c_intlit_elaborator_emission int_literal_mints_no_postulate_and_no_num_values_entry
7	PASS [   0.490s] (127/462) ken-elaborator::ds6c_intlit_elaborator_emission real_int_literal_elaborates_to_intlit_and_tt_checks_end_to_end
7	PASS [   6.707s] (128/462) ken-elaborator::ds7_applicative_monad_acceptance ac8_axiom_masking_a_law_is_rejected_by_the_zero_delta_check
7	PASS [ 172.697s] (129/462) ken-elaborator::b2_acceptance cross_case_verdict_mapping_is_constant
7	PASS [   6.502s] (130/462) ken-elaborator::ds7_applicative_monad_acceptance trusted_base_delta_is_empty_across_the_entry
7	PASS [   6.061s] (131/462) ken-elaborator::ds8_traversable_acceptance trusted_base_delta_is_empty_across_the_entry
7	PASS [   4.552s] (132/462) ken-elaborator::ds9_json_codec_acceptance decoder_recursive_reaches_array_and_object_many_branches
7	PASS [   3.166s] (133/462) ken-elaborator::either_catalog_package_acceptance either_and_combinators_are_real_globals
7	PASS [   0.451s] (134/462) ken-elaborator::explicit_data_elaboration indexed_vector_family_records_indices_and_constructor_targets
7	PASS [   0.441s] (135/462) ken-elaborator::explicit_data_elaboration proof_carrying_constructor_telescope_elaborates_with_prior_binders_in_scope
7	PASS [   0.453s] (136/462) ken-elaborator::explicit_data_elaboration same_family_occurrence_in_result_index_rejects_before_install
7	PASS [   0.007s] (137/462) ken-elaborator::explicit_data_parser constructor_result_indices_use_expression_surface
7	PASS [   0.006s] (138/462) ken-elaborator::explicit_data_parser explicit_signature_constructor_rejects_record_style_field_list
7	PASS [   0.432s] (139/462) ken-elaborator::fr1_zero_ctor_data_acceptance legacy_zero_ctor_data_elaborates_and_eliminates
7	PASS [   0.008s] (140/462) ken-elaborator::k5_absurd_trusted_base absurd_motive_position_counted_in_trusted_base_delta
7	PASS [   2.373s] (141/462) ken-elaborator::explicit_data_elaboration bad_constructor_result_targets_are_surface_errors
7	PASS [   0.007s] (142/462) ken-elaborator::ken_md_literate extraction_preserves_length_newlines_and_utf8
7	PASS [   0.007s] (143/462) ken-elaborator::ken_md_literate token_spans_keep_original_markdown_offsets
7	PASS [   0.448s] (144/462) ken-elaborator::ken_md_literate elaboration_errors_report_original_markdown_offsets
7	PASS [   0.478s] (145/462) ken-elaborator::kernel_conv_congruence_closure quotient_congruence_is_reached_by_checked_ken_source
7	PASS [   0.436s] (146/462) ken-elaborator::l2_acceptance ac2_elim_computes_on_circle
7	PASS [   0.501s] (147/462) ken-elaborator::l3a_recursive_view_smoke non_terminating_recursive_view_rejected_by_sct
7	PASS [   0.937s] (148/462) ken-elaborator::l4_export_reexport distinct_identities_collide_at_reexport_in_both_source_orders
7	PASS [   1.434s] (149/462) ken-elaborator::l4_export_reexport admitted_reexport_carries_only_the_named_instance_surface
7	PASS [   0.480s] (150/462) ken-elaborator::l6_acceptance bytes_slice_inbounds_and_oob
7	PASS [   0.482s] (151/462) ken-elaborator::l6_acceptance decode_invalid_utf8_returns_error
7	PASS [   0.494s] (152/462) ken-elaborator::l6_acceptance read_bytes_untracked_is_type_error
7	PASS [   0.491s] (153/462) ken-elaborator::l_resolver_globals ac1_two_decl_chain
7	PASS [   0.007s] (154/462) ken-elaborator::lang_application_atom_if_rejection ac_guard_unbroken_guarded_match_arms_still_parse
7	PASS [   0.006s] (155/462) ken-elaborator::lang_application_atom_if_rejection ac_if_rejects_affirmatively_from_the_argument_loop
7	PASS [   0.007s] (156/462) ken-elaborator::lang_atom_start_classification_closure invariant_2_an_empty_brace_is_not_a_legal_record_literal
7	PASS [   0.007s] (157/462) ken-elaborator::lang_atom_start_classification_closure the_declaration_sequence_survives_and_this_is_the_row_that_caught_it
7	PASS [   0.006s] (158/462) ken-elaborator::lang_atom_start_classification_closure the_effect_row_veto_governs_the_expression_position_too
7	PASS [   0.007s] (159/462) ken-elaborator::lang_bare_operator_atom_rejection ac_bare_operator_rejects_affirmatively
7	PASS [   0.008s] (160/462) ken-elaborator::lang_bytes_hex_list_literal malformed_hex_byte_lists_name_the_bytes_form_specifically
7	PASS [   0.007s] (161/462) ken-elaborator::lang_comment_classifier_shared ac7_ordinary_string_positive_control_asserts_the_decoded_value
7	PASS [   1.456s] (162/462) ken-elaborator::l_match_ih_fix_acceptance ac4_no_regression_0_and_1_recursive_field_types
7	PASS [   0.482s] (163/462) ken-elaborator::lang_foreign_name_control_chars ordinary_string_literal_with_nul_still_elaborates
7	PASS [   0.009s] (164/462) ken-elaborator::lang_foreign_name_format_chars reports_the_first_raw_format_character
7	PASS [   0.007s] (165/462) ken-elaborator::lang_infix_application_default default_symbolic_infix_is_structurally_left_associative
7	PASS [   0.009s] (166/462) ken-elaborator::lang_lex_numeric_forms separators_and_radix_integers_have_boundaries
7	PASS [   0.477s] (167/462) ken-elaborator::lang_foreign_name_control_chars symbol_name_containing_escaped_nul_rejects
7	PASS [   0.489s] (168/462) ken-elaborator::lang_match_as_pattern qualified_module_patterns_preserve_alias_bindings
7	PASS [   0.481s] (169/462) ken-elaborator::lang_match_guards guard_composes_with_or_pattern_occurrence_slots
7	PASS [   0.951s] (170/462) ken-elaborator::lang_match_guards guard_presence_flips_later_arm_reachability
7	PASS [   1.431s] (171/462) ken-elaborator::lang_match_guards guarded_top_wildcard_and_variable_remain_refused
7	PASS [   0.523s] (172/462) ken-elaborator::lang_match_literal_patterns literals_compose_with_as_or_tuple_record_and_guard_slices
7	PASS [   0.530s] (173/462) ken-elaborator::lang_match_or_pattern alternatives_feed_one_body_slot_over_the_same_occurrence
7	PASS [   2.121s] (174/462) ken-elaborator::lang_match_literal_patterns comparator_semantic_duplicates_are_subsumed_and_finite_sets_stay_open
7	PASS [   0.534s] (175/462) ken-elaborator::lang_match_or_pattern fully_subsumed_union_is_subsumed_never_no_inhabitants
7	PASS [   0.612s] (176/462) ken-elaborator::lang_match_or_pattern unequal_common_context_binder_types_require_separate_arms
7	PASS [   0.560s] (177/462) ken-elaborator::lang_match_record_pattern record_fields_compose_with_tuple_constructor_and_as_patterns
7	PASS [   0.642s] (178/462) ken-elaborator::lang_match_tuple_pattern empty_and_trailing_comma_tuple_patterns_have_surface_diagnostics
7	PASS [   0.593s] (179/462) ken-elaborator::lang_match_tuple_pattern one_tuple_arm_is_exhaustive_but_an_inner_constructor_gap_is_named
7	PASS [   0.470s] (180/462) ken-elaborator::lang_membership_operator_surface removing_the_catalog_role_fails_required_certification_naming_member
7	PASS [   0.456s] (181/462) ken-elaborator::lang_mod_nat_floor_realization public_wrapper_rejects_floor_constructor_before_allocation
7	PASS [   2.732s] (182/462) ken-elaborator::lang_mod_pair_floor_realization pair_floor_beta_eta_are_definitional
7	PASS [   2.868s] (183/462) ken-elaborator::lang_prelude_collections ac2_filter_computes_and_rejects_at_least_one_element
7	PASS [   0.473s] (184/462) ken-elaborator::lang_qualified_constructors imported_type_qualified_pattern_preserves_provider_id
7	PASS [   0.474s] (185/462) ken-elaborator::lang_qualified_constructors scoped_resource_kind_qualifies_every_arm_and_checks_coverage
7	PASS [   0.947s] (186/462) ken-elaborator::lang_reserved_infix_names formatter_canonicalizes_alias_tokens_and_protects_comments_and_literals
7	PASS [   2.165s] (187/462) ken-elaborator::lang_reserved_infix_names reserved_fixities_keep_left_right_and_nonassociative_behavior
7	PASS [   0.835s] (188/462) ken-elaborator::lang_roots_loader_local_instance_dict_scope selective_import_supports_explicit_argument_and_superclass_wiring
7	PASS [   0.425s] (189/462) ken-elaborator::lang_standard_infix_call_completion ac9_positive_control_the_same_home_with_the_right_shape_is_accepted
7	PASS [   0.008s] (190/462) ken-elaborator::lang_surface_if lossless_and_layout_keep_if_surface_syntax
7	PASS [   0.450s] (191/462) ken-elaborator::lang_surface_pair triples_lower_once_to_right_nested_core_pairs
7	PASS [   0.445s] (192/462) ken-elaborator::lang_symbolic_operator_names fixed_minus_still_elaborates_as_subtraction
7	PASS [   0.007s] (193/462) ken-elaborator::lang_truncation_surface_syntax ac5_truncation_head_bare_argument_and_grouped_argument_all_parse
7	PASS [   0.006s] (194/462) ken-elaborator::lang_truncation_surface_syntax ac6_ascii_truncbar_canonicalizes_to_the_unicode_glyph
7	PASS [   0.435s] (195/462) ken-elaborator::lang_truncation_surface_syntax d1_annotation_trunc_as_ascription_elaborates
7	PASS [   0.854s] (196/462) ken-elaborator::lang_truncation_surface_syntax d1_annotation_trunc_as_declaration_return_type_elaborates
7	PASS [   0.432s] (197/462) ken-elaborator::lang_type_projection_surface_form a_chained_projection_with_an_absent_outer_field_is_refused_at_the_chain
7	PASS [   0.462s] (198/462) ken-elaborator::lang_type_projection_surface_form ac2_positive_control_the_same_shape_accepts_a_valid_projection
7	PASS [   0.484s] (199/462) ken-elaborator::lang_type_projection_surface_form positional_projection_in_type_position_names_the_unsupported_form
7	PASS [  15.379s] (200/462) ken-elaborator::lang_mod_nat_floor_realization floor_parent_and_constructor_clash_matrix_is_fail_closed
7	PASS [ 225.037s] (201/462) ken-elaborator r_layer_tests::kenfmt_b3_layout::ac7_whole_catalog_is_parse_preserved_idempotent_and_width_bounded
7	PASS [   0.489s] (202/462) ken-elaborator::literal_escapes_conformance raw_triple_backslashes_are_data
7	PASS [   1.389s] (203/462) ken-elaborator::literal_escapes_lexer_unit char_and_bytes_elaborate_end_to_end
7	PASS [  12.178s] (204/462) ken-elaborator::map_build_acceptance cat_rel_reachable_plus_has_exact_public_predicate
7	PASS [  12.516s] (205/462) ken-elaborator::map_build_acceptance cat_map_dependency_closure_roots_loads_declared_imports
7	PASS [  12.500s] (206/462) ken-elaborator::map_build_acceptance cat_rel_seed_positive_two_edge_cycle_executes
7	PASS [   0.007s] (207/462) ken-elaborator::match_arm_glyph match_arm_spellings_parse_and_retired_spellings_reject
7	PASS [   0.475s] (208/462) ken-elaborator::n2_in_repo_loader import_cycle_rejects_with_entry_rooted_closed_payload_before_admission
7	PASS [   0.813s] (209/462) ken-elaborator::nc14_data_match_lowering peano_shaped_user_data_remains_an_exact_constructor
7	PASS [   0.010s] (210/462) ken-elaborator::nc16_primitive_value_lowering primitive_integer_application_lowers_evaluates_and_reports_agreement
7	PASS [   0.006s] (211/462) ken-elaborator::nc16_primitive_value_lowering unsupported_runtime_primitive_name_stays_loud_and_package_facing
7	PASS [   0.008s] (212/462) ken-elaborator::nc17_recursion_dictionaries_modules dictionary_construction_lowers_only_runtime_fields_to_record_values
7	PASS [   0.010s] (213/462) ken-elaborator::nc18_effects_foreign_boundary_ir transparent_effect_body_blocks_supported_runtime_and_native_ready_report
7	PASS [   0.010s] (214/462) ken-elaborator::nc5_erasure_runtime_ir checked_partial_primitive_lowers_to_explicit_trap_face
7	PASS [   0.011s] (215/462) ken-elaborator::nc5_erasure_runtime_ir erasure_consumes_package_only_and_preserves_metadata
7	PASS [   0.010s] (216/462) ken-elaborator::nc5_erasure_runtime_ir proof_erasure_boundary_witness_rejects_missing_runtime_record_declaration
7	PASS [   0.510s] (217/462) ken-elaborator::purity_keywords surf1_d2_recursive_proc_group_with_visits_reaches_checker
7	PASS [   0.436s] (218/462) ken-elaborator::px3_abi_scalars ac3_raw_narrowing_is_private_and_ac5_refl_stays_rejected
7	PASS [  12.174s] (219/462) ken-elaborator::map_build_acceptance pair_roundtrip
7	PASS [  12.306s] (220/462) ken-elaborator::map_build_acceptance tree_carrier_and_ops_are_not_primitive
7	PASS [   0.477s] (221/462) ken-elaborator::px8f_buffer_io_surface buffer_span_producer_closure_rejects_unknown_public_ids
7	PASS [   1.307s] (222/462) ken-elaborator::px8f_buffer_io_surface checked_source_cannot_forge_or_project_mapping_handles
7	PASS [  47.121s] (223/462) ken-elaborator::px7f_resource_lifetime_export checked_no_acquire_producer_preserves_the_pre_px7f_t_hash_route
7	PASS [   1.769s] (224/462) ken-elaborator::r3_c2_source_mixed_branch c2_source_mixed_branch_walk_gates_one_to_three
7	PASS [   0.444s] (225/462) ken-elaborator::record_decl_form unknown_field_refuses_at_exact_span_and_positional_projection_survives
7	PASS [   1.199s] (226/462) ken-elaborator::rt_dasm_d1b_role_c1_trusted_base_provenance c1_one_user_foreign_is_roster_plus_one_and_is_refused_on_the_roster_mismatch
7	PASS [   0.436s] (227/462) ken-elaborator::sct_completeness_repro control_flat_both_siblings_recurse
7	PASS [   0.491s] (228/462) ken-elaborator::sct_reconstruction_descent shape_b_ackermann_accepts
7	PASS [   0.447s] (229/462) ken-elaborator::sct_reconstruction_descent shape_b_second_lexicographic_shape_accepts
7	PASS [   0.459s] (230/462) ken-elaborator::sct_reconstruction_descent shape_b_second_lexicographic_shape_evaluates_correctly
7	PASS [   0.006s] (231/462) ken-elaborator::sec1_acceptance declassify_without_capability_rejected
7	PASS [   0.006s] (232/462) ken-elaborator::sec1_acceptance related_pair_proved
7	PASS [   0.009s] (233/462) ken-elaborator::sec1ct_acceptance ct_guarded_branch_implicit_leak_rejected
7	PASS [   0.006s] (234/462) ken-elaborator::sec1ct_acceptance ct_value_into_var_time_primitive_rejected
7	PASS [   0.010s] (235/462) ken-elaborator::sec2_acceptance attenuated_cap_at_weak_sink_accepts
7	PASS [   0.437s] (236/462) ken-elaborator::sub1b_uint8_deceq ac1_trusted_base_delta_is_exactly_uint8_int_retract
7	PASS [   0.441s] (237/462) ken-elaborator::surf_space_cells_p1 ac_s6_mut_outside_space_is_a_specific_error_with_a_span
7	PASS [   0.449s] (238/462) ken-elaborator::surf_space_cells_p1 ac_s7_old_in_pure_code_remains_unbound
7	PASS [   0.948s] (239/462) ken-elaborator::surf_space_cells_p1 ac_s7_old_in_space_uses_the_bound_pre_state
7	PASS [   0.434s] (240/462) ken-elaborator::surface_arrow_in_expr_acceptance plain_parenthesized_ascription_is_unaffected
7	PASS [  46.421s] (241/462) ken-elaborator::px8p_checked_buffer_producer real_checked_buffer_bracket_emits_exact_allocate_and_release_sigma
7	PASS [   0.489s] (242/462) ken-elaborator::surface_def_refinement type_keyword_no_longer_parses_as_a_declaration
7	PASS [   0.478s] (243/462) ken-elaborator::surface_named_proof_claims bare_attached_proof_name_is_not_in_ordinary_namespace
7	PASS [   0.007s] (244/462) ken-elaborator::t1_acceptance additive_unknown_field_accepted
7	PASS [   0.008s] (245/462) ken-elaborator::t1_acceptance proved_result_empty_diagnostics_and_delta
7	PASS [   0.489s] (246/462) ken-elaborator::surface_transport_acceptance standalone_malformed_j_is_rejected_by_the_final_kernel_check
7	PASS [   0.447s] (247/462) ken-elaborator::v1_acceptance law_all_omega_fields_is_proposition
7	PASS [   0.461s] (248/462) ken-elaborator::v2_acceptance exhaustive_traversal_no_silent_skip
7	PASS [   0.439s] (249/462) ken-elaborator::v2_acceptance non_spec_program_empty_obligation_set
7	PASS [   0.460s] (250/462) ken-elaborator::v2_acceptance provenance_and_stable_ids
7	PASS [   0.433s] (251/462) ken-elaborator::v2_acceptance refined_param_is_hypothesis_not_obligation
7	PASS [   0.006s] (252/462) ken-elaborator::v3_acceptance induction_descent_with_ih_and_localized_partiality_placeholder
7	PASS [   0.468s] (253/462) ken-elaborator::v2_acceptance v2_enriches_v1_obligations_with_context
7	PASS [   2.659s] (254/462) ken-elaborator::v3_fo_checker_soundness_d0_buildability_probe probe1_fokderivation_indexed_by_foksequent_elaborates_and_kernel_checks
7	PASS [   2.811s] (255/462) ken-elaborator::v3_fo_checker_soundness_d1a_rule_correspondence imp_right_constructor_and_checker_reject_a_missing_recursive_premise
7	PASS [   3.244s] (256/462) ken-elaborator::v3_fo_checker_soundness_d1b_reflection fok_derives_is_exact_truncation_of_the_indexed_rule_tree
7	PASS [   0.007s] (257/462) ken-elaborator::v3_fo_obligation_signature_discovery_acceptance accepted_certificate_through_public_route_yields_unknown_never_proved
7	PASS [   2.942s] (258/462) ken-elaborator::v3_fo_checker_soundness_d2_bool_inversion fok_or_elim_naive_prebound_form_is_kernel_rejected
7	PASS [   0.016s] (259/462) ken-elaborator::v3_fo_sorted_eigenparameter_refuting_cert corrected_search_finds_no_certificate_for_the_refuting_embed_image
7	PASS [   0.014s] (260/462) ken-elaborator::v4_acceptance disproved_verdict_projects_false_tag
7	PASS [   0.012s] (261/462) ken-elaborator::v4_acceptance unknown_verdict_not_relabeled_false
7	PASS [   0.012s] (262/462) ken-foundation hash::tests::fnv1a_known_value
7	PASS [   0.020s] (263/462) ken-host abi_m1_d0_probe::canonical_family_names_are_distinct
7	PASS [   0.017s] (264/462) ken-host abi_m1_d0_probe::family_projection_hashes_compose_and_one_family_mutation_is_local
7	PASS [   0.014s] (265/462) ken-host abi_v1::tests::abi_s6_d3_mapping_raw_request_layout_is_exact
7	PASS [   0.014s] (266/462) ken-host abi_v1::tests::change_mode_rejects_file_type_bits_before_dispatch
7	PASS [   0.017s] (267/462) ken-host abi_v1::tests::fs_metadata_raw_dispatch_returns_exact_file_and_directory_fields
7	PASS [   0.011s] (268/462) ken-host abi_v1::tests::native_resource_open_metadata_release_and_stale_use_share_one_real_context
7	PASS [   0.013s] (269/462) ken-host account_db_v1::tests::scripted_backend_covers_growth_cap_and_record_validation
7	PASS [   0.013s] (270/462) ken-host effect_v1::tests::abi_s1_descriptor_failures_preserve_px9_file_error_identity
7	PASS [   0.012s] (271/462) ken-host effect_v1::tests::abi_s1_seek_and_set_length_preserve_cursor_extent_and_rights
7	PASS [   0.015s] (272/462) ken-host effect_v1::tests::explicit_finalizer_settles_every_live_owner_once_and_records_failure
7	PASS [   0.014s] (273/462) ken-host effect_v1::tests::released_acquisition_span_is_not_revived_by_slot_reuse
7	PASS [   0.012s] (274/462) ken-host effect_v1::tests::resource_tokens_admit_through_acquiring_lineage_without_error_collapse
7	PASS [   0.014s] (275/462) ken-host effect_v1::tests::stale_slot_reuse_wrap_retirement_and_real_consumer_are_distinct
7	PASS [   0.014s] (276/462) ken-host effect_wire::tests::linked_trace_codec_roundtrips_identity_bytes_and_outcomes
7	PASS [   0.012s] (277/462) ken-host effect_wire::tests::selected_call_integrity_tag_round_trips_and_fails_closed
7	PASS [   0.014s] (278/462) ken-host mapping_v1::tests::anonymous_mapping_flags_are_private_not_shared
7	PASS [   0.016s] (279/462) ken-host tests::scripted_home_lookup_binds_isolated_roots_once_and_preserves_denials
7	PASS [   0.020s] (280/462) ken-interp eval::px0_target_classification_tests::px1_named_unavailable_lane_maps_to_ken_unsupported
7	PASS [   0.018s] (281/462) ken-interp eval::px5b_effect_observation_tests::abi_s6_d2_mapping_view_results_use_existing_interp_values_and_refusals
7	PASS [   0.021s] (282/462) ken-interp eval::px5b_effect_observation_tests::ambient_dispatches_append_canonical_events_in_order
7	PASS [   0.019s] (283/462) ken-interp eval::px5b_effect_observation_tests::budget_eff_capped_full_write_reifies_effective_not_raw_remaining
7	PASS [   0.018s] (284/462) ken-interp eval::px5b_effect_observation_tests::revoked_path_dispatch_reifies_exact_revoked_file_error
7	PASS [   0.023s] (285/462) ken-interp eval::px5b_effect_observation_tests::rt_parity_fs_write_at_rejects_malformed_offset_exactly
7	PASS [   0.025s] (286/462) ken-interp tests::can_cast_refl_to_value
7	PASS [   0.021s] (287/462) ken-interp tests::det_closures_get_no_slot_while_closure_free_values_still_do
7	PASS [   0.023s] (288/462) ken-interp tests::existing_anchors_still_green
7	PASS [   8.247s] (289/462) ken-elaborator::v3_fo_sorted_eigenparameter_freshness_guard_mutation_proof object_stale_eigen_reject_is_caused_by_freshness_alone
7	PASS [   0.011s] (290/462) ken-interp::f1_bignum_acceptance f1_add_int_crosses_i128_ceiling
7	PASS [   0.007s] (291/462) ken-interp::f2f3_acceptance f3_legacy_add_sub_mul_unreduced
7	PASS [   0.493s] (292/462) ken-interp::i2_console_floor flush_and_is_terminal_are_total_and_traced
7	PASS [   0.007s] (293/462) ken-interp::i5_scoped_capability posix_resolution_is_descriptor_relative_and_nofollow
7	PASS [   0.466s] (294/462) ken-interp::i5_scoped_capability resolved_virtual_handle_stays_pinned_across_parent_replacement
7	PASS [   0.484s] (295/462) ken-interp::i5_scoped_capability traversal_denies_while_sibling_accepts_through_real_dispatch
7	PASS [   0.475s] (296/462) ken-interp::l1_acceptance ac4_explicit_wrapping_is_modular
7	PASS [   0.491s] (297/462) ken-interp::l1_acceptance ac5_no_implicit_cross_type_coercion
7	PASS [   0.788s] (298/462) ken-interp::nc7_differential_trust_report mismatch_report_names_compare_stage_after_both_sides_run
7	PASS [   0.459s] (299/462) ken-interp::nc9_proof_erasure_boundary_checker ken_checker_rejects_stale_identity_with_named_lane
7	PASS [   0.011s] (300/462) ken-kernel check::tests::let_check_accepts_valid_body_at_outer_expected_type
7	PASS [   0.014s] (301/462) ken-kernel conv::tests::level_semilattice_eq
7	PASS [   0.011s] (302/462) ken-kernel conv::tests::sigma_beta_whnf
7	PASS [   0.014s] (303/462) ken-kernel env::literal_rollback_tests::checked_payload_requires_live_literal_and_exact_string_carrier
7	PASS [   0.008s] (304/462) ken-kernel inductive::tests::positivity_nat_accepted
7	PASS [   0.013s] (305/462) ken-kernel sct::tests::canonical_eta_head_realigns_wrapped_body
7	PASS [   0.013s] (306/462) ken-kernel sct::tests::is_exact_reconstruction_wrong_field_rejected
7	PASS [   0.026s] (307/462) ken-kernel::acceptance ac1_hierarchy_well_founded
7	PASS [   0.021s] (308/462) ken-kernel::acceptance ac2_dependent_second_projection
7	PASS [   0.018s] (309/462) ken-kernel::acceptance ac4_elim_vec_iota_open_telescope_index_correct
7	PASS [   0.015s] (310/462) ken-kernel::acceptance ac5_nested_double_positive_admitted
7	PASS [   0.020s] (311/462) ken-kernel::acceptance ac5_vec_style_constructor_target_indices_admitted
7	PASS [   0.018s] (312/462) ken-kernel::acceptance ac6_subject_reduction_pi_beta
7	PASS [   0.018s] (313/462) ken-kernel::acceptance ac7_delta_unfolding_terminates
7	PASS [   0.017s] (314/462) ken-kernel::k1p5_wstyle ac1_branching_domain_not_d_free_rejected
7	PASS [   0.016s] (315/462) ken-kernel::k1p5_wstyle ac3_inner_elim_fires_through_ctor_producing_k
7	PASS [   0.017s] (316/462) ken-kernel::k1p5_wstyle ac4_k1_suite_regression
7	PASS [   0.021s] (317/462) ken-kernel::k2c_conversion sct_accept_permuted
7	PASS [   0.014s] (318/462) ken-kernel::k2c_conversion sct_accept_plus
7	PASS [   0.016s] (319/462) ken-kernel::k2c_conversion sct_reject_union_masking
7	PASS [   0.017s] (320/462) ken-kernel::k2c_conversion sct_rejects_nonterminating_hidden_return_pi_group
7	PASS [   0.015s] (321/462) ken-kernel::ktr1_constructor_universe_gate parameters_are_context_not_constructor_fields
7	PASS [   0.012s] (322/462) ken-kernel::ktr1_constructor_universe_gate same_level_universe_argument_is_rejected_with_specific_error
7	PASS [   0.012s] (323/462) ken-kernel::ktr1_constructor_universe_gate w_style_recursive_argument_at_family_level_is_accepted
7	PASS [   0.023s] (324/462) ken-kernel::nested_inductives_d1a admission_records_positive_and_non_positive_parameters
7	PASS [   0.020s] (325/462) ken-kernel::positivity_demand_driven negative_occurrence_hidden_in_a_transparent_argument_stays_rejected
7	PASS [   0.017s] (326/462) ken-kernel::sigma_sort k1_sigma_nat_nat_regression
7	PASS [   0.015s] (327/462) ken-runtime activation_abi::export_rendering_tests::the_rendered_export_matches_the_c_stubs_bytes_for_every_shape
7	PASS [   0.015s] (328/462) ken-runtime activation_services::tests::the_record_fields_sit_at_the_offsets_emitted_code_loads
7	PASS [   0.020s] (329/462) ken-runtime boundary_activation::tests::impossible_live_slot_grant_refuses_before_publication
7	PASS [   0.020s] (330/462) ken-runtime boundary_activation::tests::the_generated_root_ingress_excludes_the_native_arena
7	PASS [   0.014s] (331/462) ken-runtime boundary_resource_profile::tests::a_zero_limit_is_explicit_and_is_not_an_absent_profile
7	PASS [   0.015s] (332/462) ken-runtime boundary_resource_profile::tests::the_eight_limits_are_eight_and_each_is_separately_addressable
7	PASS [   0.019s] (333/462) ken-runtime boundary_value::invocation_aggregate_decode_tests::the_six_remaining_tags_and_an_unknown_byte_all_refuse
7	PASS [   0.042s] (334/462) ken-runtime boundary_value_clif::tests::ac4_invocation_data_and_limbs_are_unreachable_by_the_admitted_relation
7	PASS [   0.081s] (335/462) ken-runtime boundary_value_clif::tests::b2v_a_persistent_node_refuses_an_invocation_owned_child
7	PASS [   0.078s] (336/462) ken-runtime boundary_value_clif::tests::b2v_ac6_a_refused_graph_installs_no_identity_at_all
7	PASS [   0.057s] (337/462) ken-runtime boundary_value_clif::tests::b2v_d5_the_durable_closure_lane_is_refused_at_allocation_by_name
7	PASS [   0.110s] (338/462) ken-runtime boundary_value_clif::tests::b2v_emitted_code_constructs_a_record_readable_by_name
7	PASS [   0.080s] (339/462) ken-runtime boundary_value_clif::tests::b2v_referent_owner_distinguishes_persistent_from_borrowed
7	PASS [   0.575s] (340/462) ken-runtime boundary_value_clif::tests::b2v_the_emitted_relation_is_the_plans_per_cell
7	PASS [   0.026s] (341/462) ken-runtime boundary_value_clif::tests::b2v_the_helper_inventory_is_closed_and_named
7	PASS [   0.072s] (342/462) ken-runtime boundary_value_clif::tests::b2v_the_two_string_producers_agree_byte_for_byte
7	PASS [   0.024s] (343/462) ken-runtime boundary_value_clif::tests::d3_a_wrong_class_word_is_refused_on_the_class_axis
7	PASS [   0.007s] (344/462) ken-runtime canonical::tests::ac_v9_a_refusal_carries_no_projectable_image
7	PASS [   0.059s] (345/462) ken-runtime cranelift_backend::artifact::api::tests::jit_epoch_policy_is_explicit_and_prelaunch_refusal_is_typed
7	PASS [   0.008s] (346/462) ken-runtime cranelift_backend::artifact::api::tests::nc8_certificate_missing_fields_rejects_loudly
7	PASS [   0.007s] (347/462) ken-runtime cranelift_backend::artifact::api::tests::nc8_certificate_wrong_identity_rejects_before_native_run
7	PASS [   0.007s] (348/462) ken-runtime cranelift_backend::artifact::api::tests::reachable_package_effect_metadata_rejects_before_backend_lowering
7	PASS [   0.007s] (349/462) ken-runtime cranelift_backend::grafted_spine_control_graph::tests::query_inputs_do_not_mutate_a_finished_synthetic_graph
7	PASS [   0.008s] (350/462) ken-runtime cranelift_backend::grafted_spine_control_graph::tests::shared_terminal_requires_injective_existing_control_words
7	PASS [   0.038s] (351/462) ken-runtime cranelift_backend::lowering::aggregates::tests::a_constructor_store_loop_child_reports_a_direct_boundary_transfer
7	PASS [   0.009s] (352/462) ken-runtime cranelift_backend::lowering::boundary::tests::c1_d5_a_closure_is_inadmissible_at_the_root_and_at_every_depth
7	PASS [   0.007s] (353/462) ken-runtime cranelift_backend::lowering::boundary::tests::recut2_the_phase_inventory_is_bound_to_the_type
7	PASS [   0.025s] (354/462) ken-runtime cranelift_backend::lowering::core::tests::constructors::ac1_the_current_carried_route_fixture_does_not_reach_the_inherited_join_arm
7	PASS [   0.057s] (355/462) ken-runtime cranelift_backend::lowering::core::tests::constructors::ac1_the_seat_dispatches_a_classified_carried_operand_before_join_acquisition
7	PASS [   0.028s] (356/462) ken-runtime cranelift_backend::lowering::core::tests::constructors::b2f_d9_a_real_native_big_crosses_as_an_owned_region_limbed_copy
7	PASS [   0.027s] (357/462) ken-runtime cranelift_backend::lowering::core::tests::constructors::b2f_d9_the_same_body_takes_the_small_arm_on_a_trimmed_pair
7	PASS [   0.046s] (358/462) ken-runtime cranelift_backend::lowering::core::tests::constructors::c1_d3_ac_c4_each_case_binder_reads_its_own_constructor_field
7	PASS [   0.012s] (359/462) ken-runtime cranelift_backend::lowering::core::tests::constructors::c2_ac3_missing_dynamic_role_refuses_at_some_zero_unit_epoch
7	PASS [   0.034s] (360/462) ken-runtime cranelift_backend::lowering::core::tests::constructors::carried_nat_match_selects_zero_and_suc_immediates
7	PASS [   0.073s] (361/462) ken-runtime cranelift_backend::lowering::core::tests::constructors::carried_non_bool_match_refuses_structural_and_bounded_nat_spills
7	PASS [   0.027s] (362/462) ken-runtime cranelift_backend::lowering::core::tests::constructors::d2_a_runtime_byte_span_crosses_by_copy_into_a_persistent_bytes_node
7	PASS [   0.044s] (363/462) ken-runtime cranelift_backend::lowering::core::tests::constructors::d4_a_non_span_is_a_distinct_outcome_from_an_observable_span
7	PASS [   0.037s] (364/462) ken-runtime cranelift_backend::lowering::core::tests::constructors::heterogeneous_bridge_removal_uses_the_runtime_constructor_route
7	PASS [   0.042s] (365/462) ken-runtime cranelift_backend::lowering::core::tests::constructors::heterogeneous_frame_environment_and_binder_order_are_preserved
7	PASS [   0.037s] (366/462) ken-runtime cranelift_backend::lowering::core::tests::constructors::invocation_return_transport_selection_is_per_producer_in_production
7	PASS [   0.044s] (367/462) ken-runtime cranelift_backend::lowering::core::tests::constructors::selected_worker_generated_gate_rejects_reused_slot_generation
7	PASS [   0.010s] (368/462) ken-runtime cranelift_backend::lowering::core::tests::constructors::static_worker_fails_closed_in_value_position
7	PASS [   0.007s] (369/462) ken-runtime cranelift_backend::lowering::core::tests::constructors::static_worker_witness_contains_no_continuation_machinery
7	PASS [   0.088s] (370/462) ken-runtime cranelift_backend::lowering::core::tests::constructors::successive_selected_workers_refuse_one_past_generation_before_third_call
7	PASS [   0.055s] (371/462) ken-runtime cranelift_backend::lowering::core::tests::control::a_closure_stored_as_constructor_data_cannot_cross_a_unit_boundary
7	PASS [   0.008s] (372/462) ken-runtime cranelift_backend::lowering::core::tests::control::checked_marker_census_rejects_duplicate_call_and_slot_occurrences_before_cfg
7	PASS [   0.033s] (373/462) ken-runtime cranelift_backend::lowering::core::tests::control::computational_match_declaration_ref_emits_and_runs_the_declaration_owned_unit
7	PASS [   0.010s] (374/462) ken-runtime cranelift_backend::lowering::core::tests::control::distinguished_root_authority_is_checked_affine_and_cursor_bound
7	PASS [   0.014s] (375/462) ken-runtime cranelift_backend::lowering::core::tests::control::oriented_dynamic_edge_mutations_reject_through_named_lanes
7	PASS [   0.014s] (376/462) ken-runtime cranelift_backend::lowering::core::tests::control::oriented_open_control_obligations_are_affine_and_mint_exact
7	PASS [   0.011s] (377/462) ken-runtime cranelift_backend::lowering::core::tests::control::the_partition_still_refuses_a_capture_bearing_recursive_position
7	PASS [   0.153s] (378/462) ken-runtime cranelift_backend::lowering::core::tests::d5_c4_abi_domain_mutations_each_refuse_before_any_call_is_emitted
7	PASS [   0.053s] (379/462) ken-runtime cranelift_backend::lowering::core::tests::effects::abi_s6_d5a_all_anonymous_mapping_operations_lower_as_one_native_set
7	PASS [   0.053s] (380/462) ken-runtime cranelift_backend::lowering::core::tests::effects::console_read_rejects_a_response_referent_misclassified_as_a_scalar
7	PASS [   0.045s] (381/462) ken-runtime cranelift_backend::lowering::core::tests::effects::match_selected_call_returned_host_result_keeps_established_dynamic_lane
7	PASS [   0.103s] (382/462) ken-runtime cranelift_backend::lowering::core::tests::effects::px8n_fs_read_at_arm_distinguishes_eof_and_short_read_some
7	PASS [   0.108s] (383/462) ken-runtime cranelift_backend::lowering::core::tests::effects::px8n_fs_write_at_arm_constructs_short_wrote_and_exact_no_progress
7	PASS [   0.007s] (384/462) ken-runtime cranelift_backend::lowering::core::tests::effects::seats_of_equal_structural_kind_stay_distinct_on_operation_ordinal_and_need
7	PASS [   0.026s] (385/462) ken-runtime cranelift_backend::lowering::core::tests::every_expression_typed_field_is_a_reachable_positional_child_origin
7	PASS [   0.046s] (386/462) ken-runtime cranelift_backend::lowering::core::tests::host_call_carrier::d2_ac6_3_the_ported_unit_receives_parameters_before_captures
7	PASS [   0.205s] (387/462) ken-runtime cranelift_backend::lowering::core::tests::host_call_carrier::d5_c4_checked_plan_mutations_each_reach_their_own_authority
7	PASS [   0.009s] (388/462) ken-runtime cranelift_backend::lowering::core::tests::host_call_carrier::rtfp_header_drift_after_identity_selection_rejects_by_fingerprint
7	PASS [   0.024s] (389/462) ken-runtime cranelift_backend::lowering::core::tests::recursor_fusion::planned_closure_preexistence_routes_recursors_to_the_durable_lane
7	PASS [   0.067s] (390/462) ken-runtime cranelift_backend::lowering::core::tests::recursor_fusion::r3_4b_input_observation_is_artifact_identical_when_disabled
7	PASS [   0.169s] (391/462) ken-runtime cranelift_backend::lowering::core::tests::recursor_fusion::r3_fused_capture_projection_refuses_before_emission
7	PASS [   0.116s] (392/462) ken-runtime cranelift_backend::lowering::core::tests::recursor_fusion::r3_fused_wrong_consuming_call_refuses_before_claim_consumption
7	PASS [   0.048s] (393/462) ken-runtime cranelift_backend::lowering::core::tests::source_frame_bridge::d8m_two_distinct_occurrences_each_keep_their_own_frame
7	PASS [   0.007s] (394/462) ken-runtime cranelift_backend::lowering::core::tests::specialization_binding::continuation_case_binder_run_puts_the_ih_prefix_first_at_a_nonzero_recursive_position
7	PASS [   0.039s] (395/462) ken-runtime cranelift_backend::lowering::core::tests::specialization_binding::d5a_perturbing_the_retained_source_coordinates_fails_closed_rather_than_calling_raw
7	PASS [   0.012s] (396/462) ken-runtime cranelift_backend::lowering::core::tests::specialization_binding::d5a_the_final_executable_population_is_the_emittable_set_minus_the_superseded_bodies
7	PASS [   0.042s] (397/462) ken-runtime cranelift_backend::lowering::core::tests::specialization_binding::d5a_two_generated_contexts_claiming_one_key_is_a_hard_stop
7	PASS [   0.047s] (398/462) ken-runtime cranelift_backend::lowering::core::tests::specialization_binding::d6a_dropping_only_the_call_result_route_emits_direct_header_control
7	PASS [   0.035s] (399/462) ken-runtime cranelift_backend::lowering::core::tests::specialization_binding::d8e_a_neighbouring_callee_installs_the_binding_and_consumes_nothing
7	PASS [   0.201s] (400/462) ken-runtime cranelift_backend::lowering::core::tests::specialization_binding::d8j_the_composed_authority_is_discharged_once_after_the_call
7	PASS [   0.022s] (401/462) ken-runtime cranelift_backend::lowering::source::tests::oriented_edge_mutations_reject_in_the_source_machine_consumer
7	PASS [   0.007s] (402/462) ken-runtime cranelift_backend::lowering::units::captured_environment_bijection::a_duplicated_source_occurrence_is_refused
7	PASS [   0.009s] (403/462) ken-runtime cranelift_backend::planning::plan_extraction_tests::native_join_plan_absent_when_no_metadata_carries_the_header
7	PASS [   0.007s] (404/462) ken-runtime cranelift_backend::planning::plan_extraction_tests::native_join_plan_surfaces_a_decode_failure_rather_than_dropping_it
7	PASS [   0.013s] (405/462) ken-runtime cranelift_backend::planning::static_transition::aggregates::tests::a_dynamic_childs_owners_are_the_union_of_its_alternatives
7	PASS [   0.011s] (406/462) ken-runtime cranelift_backend::planning::static_transition::aggregates::tests::an_absent_node_is_never_a_child
7	PASS [   0.010s] (407/462) ken-runtime cranelift_backend::planning::static_transition::aggregates::tests::unit_boundary_environment_uses_the_same_inline_emission_authority
7	PASS [   2.004s] (408/462) ken-runtime cranelift_backend::planning::static_transition::closure::tests::b2r_ac7_the_abi_plane_adds_no_parser_and_no_dependency_edge
7	PASS [   0.010s] (409/462) ken-runtime cranelift_backend::planning::static_transition::closure::tests::boundary_c1_producer_and_eliminator_share_one_constructor_identity
7	PASS [   0.024s] (410/462) ken-runtime cranelift_backend::planning::static_transition::closure::tests::distinct_activations_share_one_helper_key_and_source_return_is_not_terminal
7	PASS [   0.009s] (411/462) ken-runtime cranelift_backend::planning::static_transition::construction::tests::a_static_body_target_whose_body_is_computational_takes_its_issued_pair
7	PASS [   0.012s] (412/462) ken-runtime cranelift_backend::planning::static_transition::construction::tests::d2_the_owner_split_is_causal_in_both_directions
7	PASS [   0.009s] (413/462) ken-runtime cranelift_backend::planning::static_transition::construction::tests::keying_selection_by_the_scheduling_entry_does_not_resolve_the_body
7	PASS [   0.009s] (414/462) ken-runtime cranelift_backend::planning::static_transition::construction::tests::nested_registration_issues_the_outer_pair_and_excludes_the_inner_resume
7	PASS [   0.007s] (415/462) ken-runtime cranelift_backend::planning::static_transition::continuations::fusion::tests::d2e_binder_role_separates_a_hypothesis_from_an_ordinary_child
7	PASS [   0.041s] (416/462) ken-runtime cranelift_backend::planning::static_transition::continuations::fusion::tests::d2f_1_the_fused_frame_is_the_producers_run_and_refuses_an_activation_input
7	PASS [   0.018s] (417/462) ken-runtime cranelift_backend::planning::static_transition::continuations::fusion::tests::d2f_7_the_zero_region_install_is_exact_once_on_both_flags
7	PASS [   0.034s] (418/462) ken-runtime cranelift_backend::planning::static_transition::continuations::fusion::tests::d3_the_consuming_binder_must_resolve_to_the_redirected_producer_body
7	PASS [   0.019s] (419/462) ken-runtime cranelift_backend::planning::static_transition::continuations::fusion::tests::d3_the_two_composed_edges_are_named_by_the_keys_checked_bindings
7	PASS [   0.015s] (420/462) ken-runtime cranelift_backend::planning::static_transition::continuations::tests::contspec_open_and_ambiguous_sources_refuse_only_the_candidate
7	PASS [   0.011s] (421/462) ken-runtime cranelift_backend::planning::static_transition::continuations::tests::contspec_prefix_only_interning_would_select_the_wrong_target
7	PASS [   0.011s] (422/462) ken-runtime cranelift_backend::planning::static_transition::continuations::tests::contsrc_d2_a_computational_case_run_separates_its_ih_prefix_from_its_arguments
7	PASS [   0.014s] (423/462) ken-runtime cranelift_backend::planning::static_transition::immediate_bridge::tests::publishing_without_a_mutation_is_the_build_and_applies_nothing
7	PASS [   0.007s] (424/462) ken-runtime cranelift_backend::planning::static_transition::immediate_bridge::tests::refuses_when_the_binder_offset_underflows_the_scrutinee_index
7	PASS [   0.011s] (425/462) ken-runtime cranelift_backend::planning::static_transition::immediate_bridge::tests::the_plan_accessors_return_the_installed_row
7	PASS [   0.012s] (426/462) ken-runtime cranelift_backend::planning::static_transition::joins_traps::tests::d8_abi_parameter_provenance_reaches_the_exact_nested_join
7	PASS [   0.009s] (427/462) ken-runtime cranelift_backend::planning::static_transition::occurrences::tests::occurrence_table_negative_controls_fail_at_named_artifacts
7	PASS [   0.010s] (428/462) ken-runtime cranelift_backend::planning::static_transition::occurrences::tests::root_and_declaration_computational_bodies_take_the_resume_occurrence
7	PASS [   0.009s] (429/462) ken-runtime cranelift_backend::planning::static_transition::units::tests::b2r_ac1_every_function_unit_has_exactly_one_descriptor_and_conversely
7	PASS [   0.011s] (430/462) ken-runtime cranelift_backend::planning::static_transition::units::tests::b2r_ac3_the_closed_ground_value_family_yields_one_fixed_carrier
7	PASS [   0.018s] (431/462) ken-runtime cranelift_backend::planning::static_transition::units::tests::b2r_ac5_an_imported_capture_edge_is_refused_and_intra_module_recursion_is_not
7	PASS [   0.007s] (432/462) ken-runtime executable_artifact_contract::tests::stale_report_identity_rejects
7	PASS [   0.007s] (433/462) ken-runtime executable_entrypoint_packaging::tests::stale_entrypoint_package_identity_rejects
7	PASS [   0.007s] (434/462) ken-runtime invocation_tickets::tests::selected_call_is_one_use_and_wrong_target_cannot_invoke
7	PASS [   0.007s] (435/462) ken-runtime ir::tests::acf1_ordinary_frames_differing_only_in_a_closure_body_share_a_fingerprint
7	PASS [   0.006s] (436/462) ken-runtime ir::tests::checked_ih_binder_morphism_shifts_only_beneath_inserted_runtime_binders
7	PASS [   0.010s] (437/462) ken-runtime native_effect_v1::tests::checked_plan_identity_fails_before_host_construction
7	PASS [   2.650s] (438/462) ken-runtime native_execution_differential::tests::recomputed_hash_with_contradictory_backend_verifier_rejects_before_report
7	PASS [   2.746s] (439/462) ken-runtime native_execution_differential::tests::stale_object_linker_package_hash_rejects_before_execution
7	PASS [   0.008s] (440/462) ken-runtime native_int::tests::arena_header_matches_the_generated_local_helper_layout
7	PASS [   0.008s] (441/462) ken-runtime native_join_plan::tests::occurrence_transplants_reject_with_unchanged_frame
7	PASS [   0.037s] (442/462) ken-runtime native_process_entrypoint::tests::byte_environment_reaches_the_native_entry
7	PASS [   2.706s] (443/462) ken-runtime object_linker_packaging::tests::each_authorized_deployment_limit_is_part_of_the_package_identity
7	PASS [   0.008s] (444/462) ken-runtime object_linker_packaging::tests::stale_root_execution_marker_fails_the_bound_entrypoint_check
7	PASS [   0.008s] (445/462) ken-runtime oriented_subcontinuation_plan::tests::computational_ih_parent_edges_roundtrip_and_bind_exact_occurrences
7	PASS [   0.008s] (446/462) ken-runtime platform_runtime_support::tests::stable_abi_target_rejects_before_native_execution
7	PASS [   0.010s] (447/462) ken-runtime store::tests::immediate_vs_interned_boundary
7	PASS [   1.585s] (448/462) ken-runtime::value_depth_totality ac_p3a_host_recursive_debug_dies_at_depth_d_for_every_same_variant_chain
7	PASS [   0.689s] (449/462) ken-runtime::value_depth_totality ac_p3b_debug_returns_and_renders_at_depth_d_for_every_same_variant_chain
7	PASS [   0.202s] (450/462) ken-runtime::value_depth_totality ac_p3b_debug_returns_and_renders_at_depth_d_through_all_child_positions
7	PASS [   0.050s] (451/462) ken-runtime::value_depth_totality ac_v3d_drop_alone_is_total_at_depth_d
7	PASS [   0.007s] (452/462) ken-runtime::value_depth_totality every_chain_variant_builds_a_chain_of_that_variant
7	PASS [   0.266s] (453/462) ken-runtime::value_depth_totality the_operational_carriers_drop_glue_dies_on_this_population_at_depth_d
7	PASS [   0.012s] (454/462) ken-verify catalog::tests::confirmation_requires_real_artifact_equality_and_observed_operation
7	PASS [   1.194s] (455/462) ken-verify scenario::tests::cwd_and_absolute_root_spellings_emit_byte_identical_observations
7	PASS [ 329.774s] (456/462) ken-elaborator r_layer_tests::lang_mod_catalog_evidence_frontier::population_pin_rejects_omission_replacement_and_duplicate
7	PASS [  97.450s] (457/462) ken-elaborator::px8x_static_export_projection real_body_rejects_missing_plan_and_unreachable_operation_by_named_error
7	PASS [  45.451s] (458/462) ken-interp::b3_acceptance monitor_verdict_never_promoted_to_proved
7	PASS [  53.922s] (459/462) ken-verify scenario::tests::fs_append_file_real_artifact_content_count_differential_discriminates
7	PASS [  57.018s] (460/462) ken-verify scenario::tests::fs_metadata_real_artifact_fields_are_exact_and_discriminating
7	PASS [  49.296s] (461/462) ken-verify scenario::tests::real_scope_denial_is_typed_and_precedes_any_host_action
7	PASS [ 122.631s] (462/462) ken-verify scenario::tests::fs_remove_file_exercises_every_path_policy_refusal
8	PASS [   0.009s] (  1/462) ken-cli::dasm_c2_observation_artifact_identity dasm_c2_artifact_identity_worker
8	PASS [   1.121s] (  2/462) ken-cli::cli_i1_entrypoint_abi named_main_runs_when_it_is_not_the_last_declaration
8	PASS [   0.023s] (  3/462) ken-cli::library_documentation_gates agent_pack_integrity_rejects_missing_modules_and_cycles
8	PASS [   0.436s] (  4/462) ken-cli::library_documentation_gates ledger_set_mismatch_when_a_citation_is_removed_but_its_ledger_row_stays
8	PASS [   2.412s] (  5/462) ken-cli entrypoint_tests::root_admission_precedes_host_leaves_and_marker_flips_the_same_program
8	PASS [   0.020s] (  6/462) ken-cli::px4b_native_production non_raw_byte_and_c_strings_do_not_leak_a_comment_scan
8	PASS [  78.656s] (  7/462) ken-cli::px4b_native_production linked_home_root_uses_only_production_account_database_boundary
8	PASS [  87.446s] (  8/462) ken-cli::px7l_checked_host_recursive_bind delayed_capturing_generic_bind_agrees_across_real_executors
8	PASS [  52.922s] (  9/462) ken-cli::px7m_hostresult_computational_match dynamic_ok_payload_selects_a_multistep_tree_across_real_executors
8	PASS [ 158.189s] ( 10/462) ken-cli::lang_nested_former_recursion_native nested_former_fold_executes_natively_in_agreement_with_the_interpreter
8	PASS [  68.490s] ( 11/462) ken-cli::px7o_heterogeneous_eliminator_frames nested_ok_payload_reaches_both_real_executors
8	PASS [  58.053s] ( 12/462) ken-cli::px7p_constructor_field_composition ignored_field_twin_remains_green
8	PASS [   0.443s] ( 13/462) ken-cli::px8l_recursive_decl_native nondecreasing_cycle_is_rejected_before_native_lowering
8	PASS [  68.845s] ( 14/462) ken-cli::px8l_recursive_decl_native dynamic_zero_seed_takes_the_base_case
8	PASS [   1.851s] ( 15/462) ken-cli::rt_cold_lowering_path_enumeration rt_write_pair_source
8	PASS [   0.025s] ( 16/462) ken-cli::rt_cold_lowering_path_enumeration the_expectation_table_covers_exactly_the_population
8	PASS [   1.225s] ( 17/462) ken-cli::rt_native_string_construction native_string_decomposed_char_list_normalizes
8	PASS [   1.755s] ( 18/462) ken-cli::string_op_exec ken_run_executes_string_op_program_and_prints_stdout
8	PASS [   1.622s] ( 19/462) ken-cli::t2_acceptance ac4_unbound_name_no_panic
8	PASS [   0.016s] ( 20/462) ken-elaborator checked_core::tests::annotations_do_not_change_semantic_fingerprint_but_do_change_artifact
8	PASS [   0.017s] ( 21/462) ken-elaborator checked_core::tests::body_view_rejects_missing_match_branch_data
8	PASS [   0.019s] ( 22/462) ken-elaborator checked_core::tests::body_view_rejects_stale_or_missing_dependency_identity
8	PASS [   0.029s] ( 23/462) ken-elaborator checked_core::tests::emitter_adds_v0_schema_hashes_and_validates_representative_fixtures
8	PASS [   0.030s] ( 24/462) ken-elaborator checked_core::tests::runtime_meaning_metadata_changes_semantic_fingerprint
8	PASS [   2.064s] ( 25/462) ken-elaborator compiler_driver::tests::compiler_produced_entrypoint_materializes_runtime_packaging
8	PASS [   0.031s] ( 26/462) ken-elaborator compiler_driver::tests::erased_type_only_ih_reference_does_not_claim_the_following_runtime_ordinal
8	PASS [   1.484s] ( 27/462) ken-elaborator compiler_driver::tests::executable_entrypoint_rejects_stale_package_identity
8	PASS [   0.019s] ( 28/462) ken-elaborator elab::fixity_reassociation_skip_tests::spine_free_declaration_returns_the_zero_work_sentinel
8	PASS [  80.171s] ( 29/462) ken-cli::px7p_constructor_field_composition selected_err_field_reaches_both_real_executors
8	PASS [   0.014s] ( 30/462) ken-elaborator elab::nested_lift_association_tests::anonymous_association_requires_a_distinct_result_and_rejects_when_deleted
8	PASS [   1.396s] ( 31/462) ken-elaborator elab::match_matrix_occurrence_tests::production_two_level_recursive_split_rebases_binding_under_both_ihs
8	PASS [   0.763s] ( 32/462) ken-elaborator elab::nested_lift_association_tests::nested_all_leaf_self_call_uses_the_same_specialized_contract
8	PASS [   1.217s] ( 33/462) ken-elaborator elab::nested_lift_association_tests::proof_relevant_type_result_uses_recursive_result_spelling
8	PASS [   1.212s] ( 34/462) ken-elaborator elab::nested_lift_association_tests::selected_result_sort_accepts_type_spelling_and_rejects_inverse
8	PASS [   0.834s] ( 35/462) ken-elaborator elab::omega_index_refinement_tests::hidden_result_matched_type_classifier_remains_type_only
8	PASS [   0.018s] ( 36/462) ken-elaborator erasure::px7l_tests::runtime_selected_response_binder_is_not_shifted_with_its_free_environment
8	PASS [   0.016s] ( 37/462) ken-elaborator export::exact_inventory_tests::abi_s6_d3_mapping_operations_have_exact_fs_family_and_spellings
8	PASS [   0.011s] ( 38/462) ken-elaborator format::tests::recovery_cursor_rounds_an_interior_byte_to_the_next_utf8_boundary
8	PASS [   0.008s] ( 39/462) ken-elaborator lossless::tests::partition_rejects_gap_and_overlap
8	PASS [   0.560s] ( 40/462) ken-elaborator modules::namespace_effect_tests::actual_export_table_includes_renamed_reexports
8	PASS [   0.010s] ( 41/462) ken-elaborator modules::namespace_effect_tests::ambient_local_import_of_same_identity_is_a_binding_noop
8	PASS [   0.427s] ( 42/462) ken-elaborator modules::namespace_effect_tests::constrained_instance_field_purity_tracks_imported_class_id
8	PASS [   1.748s] ( 43/462) ken-elaborator erasure::px7l_tests::omitting_the_injected_result_is_refused_by_the_runtime_marker_gate
8	PASS [   0.467s] ( 44/462) ken-elaborator modules::namespace_effect_tests::file_import_retains_checked_type_identity_across_same_name_memory_owner
8	PASS [   0.451s] ( 45/462) ken-elaborator modules::namespace_effect_tests::file_reexports_preserve_provider_id_through_facade_and_in_scope
8	PASS [   1.819s] ( 46/462) ken-elaborator modules::namespace_effect_tests::current_local_refuses_stale_same_spelling_import_in_either_order
8	PASS [   0.861s] ( 47/462) ken-elaborator modules::namespace_effect_tests::file_unit_root_import_requires_its_own_inline_declaration
8	PASS [   0.482s] ( 48/462) ken-elaborator modules::namespace_effect_tests::forward_local_export_waits_for_its_checked_id
8	PASS [   0.438s] ( 49/462) ken-elaborator modules::namespace_effect_tests::in_memory_import_preserves_its_own_inline_grandchild
8	PASS [   0.500s] ( 50/462) ken-elaborator modules::namespace_effect_tests::in_memory_q_after_file_selects_its_own_checked_identity
8	PASS [   0.009s] ( 51/462) ken-elaborator parser::as_pattern_precedence_tests::constructor_argument_or_requires_parentheses
8	PASS [   0.008s] ( 52/462) ken-elaborator parser::atom_form_closure::every_expression_form_is_reachable_through_at
8	PASS [   0.008s] ( 53/462) ken-elaborator parser::atom_start_premise::the_operator_roster_matches_canonical_operator_name
8	PASS [   0.009s] ( 54/462) ken-elaborator r_layer_tests::acceptance::shadow_resolver_emits_outer_index
8	PASS [   3.026s] ( 55/462) ken-elaborator r_layer_tests::cat_lawful_functors_pub_export::lawful_functors_list_instance_selects_derived_map_and_both_laws
8	PASS [   5.544s] ( 56/462) ken-elaborator modules::namespace_effect_tests::priority_queue_actual_export_table_is_exactly_the_six_name_api
8	PASS [   3.729s] ( 57/462) ken-elaborator r_layer_tests::cat_ord_nat_canonical_owner::compatibility_roots_still_build_lawful_classes_and_order
8	PASS [   9.245s] ( 58/462) ken-elaborator r_layer_tests::cat_tier_d_cursor_import::diagnostics_core_publication_is_visibility_only
8	PASS [  13.823s] ( 59/462) ken-elaborator r_layer_tests::cat_tier_d_render_import::diagnostics_render_loader_visible_inventory_is_exact_and_usable
8	PASS [  22.022s] ( 60/462) ken-elaborator r_layer_tests::cat_tier_d_parsing_group_import::parsing_module_loader_visible_inventory_is_exact_and_coherent
8	PASS [   0.016s] ( 61/462) ken-elaborator r_layer_tests::effects::cap_op_without_token_rejected
8	PASS [   0.017s] ( 62/462) ken-elaborator r_layer_tests::effects::classify_telescope_unknown_is_conservative
8	PASS [   0.019s] ( 63/462) ken-elaborator r_layer_tests::effects::eff_row_inferred_transitively
8	PASS [   0.016s] ( 64/462) ken-elaborator r_layer_tests::effects::itree_bind_vis_distributes
8	PASS [   0.020s] ( 65/462) ken-elaborator r_layer_tests::effects::itree_perform_creates_vis_node
8	PASS [   0.018s] ( 66/462) ken-elaborator r_layer_tests::effects::lower_bind_ret_kernel_checks_and_reduces
8	PASS [   0.016s] ( 67/462) ken-elaborator r_layer_tests::effects::row_poly_two_params_each_tracked
8	PASS [   0.025s] ( 68/462) ken-elaborator r_layer_tests::kenfmt_b3_layout::match_arms_break_after_mapsto_only_when_the_whole_arm_wraps
8	PASS [   1.115s] ( 69/462) ken-elaborator r_layer_tests::constrained_instance_elaboration::independently_named_ill_typed_field_is_kernel_rejected
8	PASS [   0.846s] ( 70/462) ken-elaborator r_layer_tests::lang_fixity_decl_surface::fixity_declarations_survive_layout_formatting
8	PASS [   0.013s] ( 71/462) ken-elaborator r_layer_tests::lang_structural_result_elab::unbound_operand_remains_unbound_name
8	PASS [   0.807s] ( 72/462) ken-elaborator r_layer_tests::lc_acceptance::ac5_explicit_bypasses_implicit_canonical
8	PASS [   1.643s] ( 73/462) ken-elaborator r_layer_tests::lang_fixity_decl_surface::fixity_precedence_range_is_zero_through_nine
8	PASS [   0.009s] ( 74/462) ken-elaborator r_layer_tests::let4_multi_binding::ac1_binding_separators_are_context_local
8	PASS [   0.526s] ( 75/462) ken-elaborator seal2_tests::adversary_repros::class_field_producer_is_seen_by_the_closed_oracle
8	PASS [   1.329s] ( 76/462) ken-elaborator r_layer_tests::lc_acceptance::ac7_derive_kernel_rechecks_candidate
8	PASS [   0.502s] ( 77/462) ken-elaborator::abi_s3_entropy_effect_row abi_s3_entropy_is_visible_in_the_effect_row_and_absent_where_it_should_be
8	PASS [ 126.186s] ( 78/462) ken-cli::rt_cold_lowering_path_enumeration rt_cap41_offset_out_of_range_stage
8	PASS [  94.387s] ( 79/462) ken-elaborator::b1_exact_denotation_alphabet non_host_l5_perform_uses_its_typed_inductive_identity
8	PASS [   0.007s] ( 80/462) ken-elaborator::b2_acceptance hoas_foil_reaches_positivity_violation_not_universe_gate
8	PASS [   2.720s] ( 81/462) ken-elaborator::bytes_primitive_contracts byte_primitives_satisfy_each_contract_on_independent_inputs
8	PASS [  97.260s] ( 82/462) ken-elaborator::b1_acceptance same_program_same_export_hash
8	PASS [   0.479s] ( 83/462) ken-elaborator::case_eq_dependent_match_sugar non_nullary_constructors_are_rejected_at_the_modifier_boundary
8	PASS [   2.877s] ( 84/462) ken-elaborator::cat3_collections_package cat3_d3_wrong_lens_endpoint_rejected
8	PASS [   2.877s] ( 85/462) ken-elaborator::cat3_collections_package derived_has_no_definitionally_equivalent_local_bool_reimplementation
8	PASS [   4.620s] ( 86/462) ken-elaborator::cat5_parsing_package cat5_d1_reflexive_utf8_proof_rejected
8	PASS [   5.490s] ( 87/462) ken-elaborator::cat5_parsing_package cat5_d2_failure_with_wrong_source_rejected_by_law
8	PASS [ 386.138s] ( 88/462) ken-cli::dasm_c2_observation_artifact_identity dasm_c2_observation_is_native_artifact_identical
8	PASS [   5.871s] ( 89/462) ken-elaborator::cat_deque_closeout pop_front_list_view_checks_in_loaded_package_and_on_inhabited_deques
8	PASS [   9.006s] ( 90/462) ken-elaborator::cat_logic_prelude_move decision_family_imports_select_one_catalog_identity
8	PASS [   0.751s] ( 91/462) ken-elaborator::cat_vector_closeout vec_map_identity_raw_checked_proposition_is_not_reflexive_filler
8	PASS [   1.322s] ( 92/462) ken-elaborator::cat_vector_closeout vector_owned_inventory_transition_sentinel_and_zero_local_trust
8	PASS [  10.153s] ( 93/462) ken-elaborator::cat_logic_prelude_move ordered_search_import_removals_are_attributable
8	PASS [  13.013s] ( 94/462) ken-elaborator::cat_map_bool_and_owner map_resolves_exact_lawfulclasses_bool_and_family_without_local_identity
8	PASS [   6.702s] ( 95/462) ken-elaborator::cc1_nonempty_validation_acceptance validation_clients_can_construct_and_match_only_the_public_transparent_surface
8	PASS [   4.694s] ( 96/462) ken-elaborator::cc4_diagnostic_core_acceptance exact_non_degenerate_injections_preserve_every_location_field
8	PASS [   3.633s] ( 97/462) ken-elaborator::cc6a_process_arguments_exit_acceptance cc6a_has_zero_trust_delta_and_no_new_carrier_or_string_hop
8	PASS [   0.430s] ( 98/462) ken-elaborator::class_field_purity surf2_d1_const_fn_and_malformed_markers_follow_field_signature
8	PASS [   1.999s] ( 99/462) ken-elaborator::conversions_acceptance ac5_neg_intn_computes_in_range_every_signed_width
8	PASS [  90.129s] (100/462) ken-elaborator::b1_exact_denotation_alphabet target_closure_follows_callback_and_excludes_unused_sibling
8	PASS [   0.007s] (101/462) ken-elaborator::decimal_char_acceptance char_deceq_pin1_structural_encoding
8	PASS [   0.650s] (102/462) ken-elaborator::dependent_match_coherent_frame_acceptance nontrivial_direct_fin_index_elaborates
8	PASS [   2.418s] (103/462) ken-elaborator::conversions_acceptance ac5_neg_intn_degrades_on_min_every_signed_width
8	PASS [   0.494s] (104/462) ken-elaborator::dependent_match_context_telescope_acceptance captured_env_follows_fin_index_refinement_under_match
8	PASS [   0.797s] (105/462) ken-elaborator::dependent_match_eigen_guard_localization dependent_guard_with_context_extension_uses_constructor_local_view
8	PASS [   0.583s] (106/462) ken-elaborator::dependent_match_motive_rebase_acceptance control_uncoupled_result_index_goal_is_left_unchanged
8	PASS [   1.980s] (107/462) ken-elaborator::ds2_ord_nat_acceptance totality_source_and_public_relation_behavior_survive_the_move
8	PASS [  11.176s] (108/462) ken-elaborator::cc8_env_config_decoder_acceptance config_failures_keep_config_key_origins_distinct_from_environment
8	PASS [  11.843s] (109/462) ken-elaborator::cc7_argparse_acceptance adding_one_option_to_the_spec_changes_help_without_a_second_help_edit
8	PASS [   0.480s] (110/462) ken-elaborator::ds5b_dependent_match_refinement_acceptance interleaved_let_alias_of_enclosing_field_rejects_after_convoy_closes_type_gap
8	PASS [   0.482s] (111/462) ken-elaborator::ds5b_dependent_match_refinement_acceptance production_source_preserves_reachable_non_sort_prefilter_skip
8	PASS [   3.239s] (112/462) ken-elaborator::ds3_sum_combinators_acceptance ac8_getorelse_returns_contained_value_not_default
8	PASS [   0.510s] (113/462) ken-elaborator::ds6c_intlit_elaborator_emission real_distinct_int_literals_reduce_to_bottom_and_reject_tt_and_refl
8	PASS [   0.475s] (114/462) ken-elaborator::ds8b_pure_into_proc_widening zero_sort_delta_class_record_kind_unchanged_by_pure_instance_registration
8	PASS [   0.506s] (115/462) ken-elaborator::ds9_json_codec_acceptance intrinsic_all_lift_direct_pi_domain_remains_rejected
8	PASS [   0.461s] (116/462) ken-elaborator::effect_composition_resp_coproduct_acceptance resp_coproduct_inl_reduces_to_rg_applied_to_payload
8	PASS [   0.735s] (117/462) ken-elaborator::es2_acceptance map_set_retired_not_prelude_primitives
8	PASS [   0.474s] (118/462) ken-elaborator::es3_modules_acceptance selective_import_ambiguity_rejected_naming_both
8	PASS [   0.694s] (119/462) ken-elaborator::es2_acceptance sort_refinement_unfolds_issorted_and_perm
8	PASS [   0.007s] (120/462) ken-elaborator::explicit_data_parser explicit_family_vec_preserves_constructor_signature_shape
8	PASS [   0.007s] (121/462) ken-elaborator::explicit_data_parser explicit_where_block_accepts_simple_default_result_constructors
8	PASS [   0.008s] (122/462) ken-elaborator::explicit_data_parser implicit_constructor_binder_is_preserved
8	PASS [   0.476s] (123/462) ken-elaborator::explicit_data_elaboration legacy_simple_data_still_elaborates
8	PASS [   3.042s] (124/462) ken-elaborator::ds3_sum_combinators_acceptance all_combinators_and_laws_are_real_globals
8	PASS [   0.471s] (125/462) ken-elaborator::ken_md_literate ken_ignore_with_elaboration_breaking_body_is_never_checked
8	PASS [   0.008s] (126/462) ken-elaborator::ken_md_literate token_stream_matches_supported_fence_contents
8	PASS [   0.007s] (127/462) ken-elaborator::kenfmt_b2_token_kind ac6_function_and_match_arrows_are_distinct_wp_s_roles
8	PASS [   0.470s] (128/462) ken-elaborator::ken_md_literate ordinary_ken_elaboration_is_unchanged
8	PASS [   0.469s] (129/462) ken-elaborator::kernel_conv_congruence_closure quotient_class_congruence_is_reached_by_checked_ken_source
8	PASS [   0.474s] (130/462) ken-elaborator::l2_acceptance ac8_option_table_branch_motive_elaborates
8	PASS [   0.932s] (131/462) ken-elaborator::ktr2_data_lowering_diagnostics data_type_references_follow_declaration_order
8	PASS [   0.471s] (132/462) ken-elaborator::l2_acceptance ac8_proof_returning_match_through_transparent_scrutinee_elaborates
8	PASS [   0.474s] (133/462) ken-elaborator::l2_acceptance ac8_wrong_specialized_branch_still_rejects
8	PASS [   0.469s] (134/462) ken-elaborator::l2_acceptance unknown_ctor_in_pattern_is_error
8	PASS [   0.468s] (135/462) ken-elaborator::l2_acceptance well_typed_match_unaffected_by_foreign_ctor_family_check
8	PASS [   2.954s] (136/462) ken-elaborator::es4_classes_acceptance char_ord_laws_carried_not_stubbed_transport_accepts
8	PASS [   3.071s] (137/462) ken-elaborator::k3_literal_char_view fresh_ascii_literal_closes_generic_checked_finite_code_witness
8	PASS [   0.473s] (138/462) ken-elaborator::l4_export_reexport facade_loader_edge_participates_in_cycle_detection
8	PASS [   0.007s] (139/462) ken-elaborator::l4_export_reexport parser_distinguishes_facade_and_in_scope_forms_with_renames
8	PASS [   0.477s] (140/462) ken-elaborator::l4_export_reexport formatter_is_fixed_point_and_export_adds_no_trust
8	PASS [   0.488s] (141/462) ken-elaborator::l6_acceptance read_bytes_tracked_accepts
8	PASS [   0.878s] (142/462) ken-elaborator::l4_export_reexport unresolved_sources_fail_closed_at_the_export_site
8	PASS [   0.510s] (143/462) ken-elaborator::l7_acceptance wrong_pure_confined_and_listed
8	PASS [   0.007s] (144/462) ken-elaborator::lang_application_atom_if_rejection every_file_fixture_passes_the_one_directional_check
8	PASS [   0.007s] (145/462) ken-elaborator::lang_atom_start_classification_closure ac0_the_grouped_spelling_is_the_sanctioned_one_and_parses
8	PASS [   0.007s] (146/462) ken-elaborator::lang_atom_start_classification_closure invariant_1_no_depth_zero_comma_precedes_the_first_arrow_in_an_arm_block
8	PASS [   0.006s] (147/462) ken-elaborator::lang_bytes_hex_list_literal bracketed_hex_pairs_lex_to_existing_byte_string_token
8	PASS [   0.475s] (148/462) ken-elaborator::l_resolver_globals ac1_cross_decl_lowercase_global_resolves
8	PASS [   0.007s] (149/462) ken-elaborator::lang_foreign_name_format_chars escaped_format_character_round_trips_as_literal_data
8	PASS [   0.007s] (150/462) ken-elaborator::lang_foreign_name_format_chars formatter_recovery_advances_on_multibyte_boundaries
8	PASS [   0.007s] (151/462) ken-elaborator::lang_foreign_name_format_chars reject_recovery_composes_suffix_rewrite_and_document_coordinates
8	PASS [   1.870s] (152/462) ken-elaborator::l4_export_reexport loader_executes_facade_and_in_scope_body_scope_discriminator
8	PASS [   0.480s] (153/462) ken-elaborator::lang_match_as_pattern nested_constructor_alias_uses_its_depth_rebased_occurrence
8	PASS [   0.552s] (154/462) ken-elaborator::lang_match_literal_patterns every_supported_carrier_selects_and_falls_through_by_value
8	PASS [   2.995s] (155/462) ken-elaborator::l3a_acceptance functor_law_emits_obligation_cross_decl_resolves
8	PASS [   0.983s] (156/462) ken-elaborator::lang_match_guards guard_presence_flips_constructor_coverage
8	PASS [   0.558s] (157/462) ken-elaborator::lang_match_or_pattern anonymous_alternatives_do_not_shift_outer_variables
8	PASS [   0.490s] (158/462) ken-elaborator::lang_match_or_pattern module_rewriting_recurses_through_or_alternatives
8	PASS [   2.044s] (159/462) ken-elaborator::lang_facade_export_load_order absolute_facade_selects_source_file_provider_cold_and_in_every_order
8	PASS [   0.501s] (160/462) ken-elaborator::lang_match_record_pattern dependent_later_field_checks_in_declaration_order_not_source_order
8	PASS [   0.493s] (161/462) ken-elaborator::lang_match_tuple_pattern module_rewriting_recurses_through_tuple_components
8	PASS [   0.023s] (162/462) ken-elaborator::lang_mod_pub_eligibility per_item_pub_import_and_export_are_surface_errors
8	PASS [   0.585s] (163/462) ken-elaborator::lang_match_record_pattern top_record_uses_labels_punning_and_omission_without_elimination
8	PASS [   0.585s] (164/462) ken-elaborator::lang_mod_nat_floor_realization public_wrapper_rejects_floor_parent_before_allocation
8	PASS [   0.500s] (165/462) ken-elaborator::lang_nested_former_recursion_acceptance ac_nested_fold_lowers_to_a_checked_elimination
8	PASS [   0.744s] (166/462) ken-elaborator::lang_mod_pub_eligibility public_attached_proof_still_rejects_a_private_subject
8	PASS [   0.743s] (167/462) ken-elaborator::lang_nested_former_recursion_acceptance ac_totality_preserved_negative_position_is_rejected
8	PASS [   0.444s] (168/462) ken-elaborator::lang_qualified_constructor_privacy buffer_capacity_decl
8	PASS [   1.814s] (169/462) ken-elaborator::lang_mod_catalog_realization distinct_import_identities_with_one_spelling_still_collide
8	PASS [   0.595s] (170/462) ken-elaborator::lang_qualified_constructor_privacy forge_count_decl
8	PASS [   0.452s] (171/462) ken-elaborator::lang_qualified_constructor_privacy forge_mapping_file
8	PASS [   0.472s] (172/462) ken-elaborator::lang_qualified_constructor_privacy forge_span_decl
8	PASS [   0.486s] (173/462) ken-elaborator::lang_qualified_constructor_privacy public_qualified_constructors_preserve_checked_identity
8	PASS [   0.495s] (174/462) ken-elaborator::lang_qualified_constructors abstract_export_keeps_qualified_constructor_private
8	PASS [   0.486s] (175/462) ken-elaborator::lang_qualified_constructors prelude_qualified_constructor_expression_keeps_true_id
8	PASS [   0.482s] (176/462) ken-elaborator::lang_qualified_constructors scoped_resource_kind_bare_member_neither_resolves_nor_binds
8	PASS [   0.008s] (177/462) ken-elaborator::lang_surface_block_comments ac3_doc_comment_attaches_to_following_declaration_discriminatingly
8	PASS [   0.484s] (178/462) ken-elaborator::lang_standard_infix_call_completion ac2a_a_renaming_hop_to_the_same_identity_completes_identically
8	PASS [   0.943s] (179/462) ken-elaborator::lang_roots_loader_local_instance_dict_scope both_cross_module_shapes_require_the_dictionary_import
8	PASS [   2.695s] (180/462) ken-elaborator::lang_prelude_floor_fifteen five_floor_name_redeclarations_fail_before_allocation
8	PASS [   0.482s] (181/462) ken-elaborator::lang_surface_if floor_constructor_names_cannot_retarget_if
8	PASS [   0.488s] (182/462) ken-elaborator::lang_symbolic_operator_names fixed_plus_percent_still_elaborates_as_wrapping_addition
8	PASS [   0.962s] (183/462) ken-elaborator::lang_surface_decimal_precision wide_decimal_reaches_kernel_carrier_and_evaluation_exactly
8	PASS [   0.490s] (184/462) ken-elaborator::lang_symbolic_operator_names fixed_star_still_elaborates_as_multiplication
8	PASS [   0.482s] (185/462) ken-elaborator::lang_truncation_surface_syntax ac3_surface_formation_matches_direct_rust_construction
8	PASS [   0.484s] (186/462) ken-elaborator::lang_truncation_surface_syntax d1_truncation_headed_constrained_instance_resolves_by_a_consistent_head
8	PASS [   1.920s] (187/462) ken-elaborator::lang_surface_decimal_precision narrow_decimal_pairs_and_i32_exponents_remain_exact
8	PASS [   0.013s] (188/462) ken-elaborator::literal_escapes_lexer_unit char_cardinality_rejects_empty_and_multi_scalar
8	PASS [   0.011s] (189/462) ken-elaborator::literal_escapes_lexer_unit common_escapes_decode_in_every_kind
8	PASS [   0.007s] (190/462) ken-elaborator::literal_escapes_lexer_unit no_pending_escape_twins_stay_ordinary_unterminated
8	PASS [   0.477s] (191/462) ken-elaborator::lang_truncation_surface_syntax d1_unicode_formation_elaborates_and_kernel_checks
8	PASS [   0.474s] (192/462) ken-elaborator::let5_checking_mode_let grouped_let_preserves_checked_body_goal
8	PASS [   0.493s] (193/462) ken-elaborator::let5_checking_mode_let singleton_let_preserves_checked_introduction_goal
8	PASS [  11.702s] (194/462) ken-elaborator::map_build_acceptance cat4_keys_values_are_aligned_tolist_projections
8	PASS [  11.932s] (195/462) ken-elaborator::map_build_acceptance lookup_order_distinct_key_is_none
8	PASS [   0.007s] (196/462) ken-elaborator::match_arm_glyph formatter_canonicalizes_ascii_maps_to_before_arrow
8	PASS [   0.007s] (197/462) ken-elaborator::nc13_core_expression_lowering generated_closure_arity_mismatch_stays_runtime_ir_error
8	PASS [   0.007s] (198/462) ken-elaborator::nc13_core_expression_lowering mutual_direct_call_cycle_rejects_loudly
8	PASS [   0.455s] (199/462) ken-elaborator::nc14_data_match_lowering duplicate_nested_lift_arm_is_reachability_error
8	PASS [   0.009s] (200/462) ken-elaborator::nc14_data_match_lowering unsupported_proof_only_match_rejects_before_runtime_program_success
8	PASS [   0.007s] (201/462) ken-elaborator::nc15_record_sigma_lowering unsupported_dependent_record_field_shape_rejects_before_runtime_ir
8	PASS [   0.011s] (202/462) ken-elaborator::nc5_erasure_runtime_ir proof_erasure_boundary_witness_rejects_missing_record_declaration_and_target_metadata
8	PASS [  12.550s] (203/462) ken-elaborator::map_build_acceptance local_prebinding_preserves_legacy_map_union_stack_budget
8	PASS [   1.286s] (204/462) ken-elaborator::proof_vocabulary attached_proof_uses_occurs_applied_and_mixed_cycles_fail_closed
8	PASS [   0.469s] (205/462) ken-elaborator::px7f_system_resource_acceptance resource_host_io_preserves_the_existing_host_io_identity
8	PASS [   0.459s] (206/462) ken-elaborator::px8f_buffer_io_surface abi_s6_mapping_surface_is_direct_and_the_handle_stays_opaque
8	PASS [   0.472s] (207/462) ken-elaborator::px8p_checked_buffer_producer with_buffer_has_the_ruled_surface_and_keeps_raw_allocation_private
8	PASS [   0.008s] (208/462) ken-elaborator::r3_c2_source_mixed_branch r3_4b_feature_artifact_worker
8	PASS [  19.533s] (209/462) ken-elaborator::map_build_acceptance cat_bool_reuse_d2_import_withdrawal_and_wrong_name_fail_at_is_some
8	PASS [   1.482s] (210/462) ken-elaborator::record_index_sigma_closure hidden_result_transport_refines_whole_record_and_component_indices
8	PASS [   1.188s] (211/462) ken-elaborator::record_literal brace_neighbours_and_declaration_regressions_remain_live
8	PASS [   1.396s] (212/462) ken-elaborator::record_literal missing_duplicate_and_foreign_fields_refuse_at_source_spans
8	PASS [   1.095s] (213/462) ken-elaborator::record_literal update_rebuilds_from_projections_and_is_eta_respecting
8	PASS [   1.231s] (214/462) ken-elaborator::rt_dasm_d1b_role_a_role_authority d1b_role_a_every_canonical_role_is_covered_by_shadowing_or_floor_immutability
8	PASS [   2.280s] (215/462) ken-elaborator::rt_dasm_d1b_role_b_role_decode d1b_role_b_every_decoded_role_resolves_in_the_packages_own_checked_facts
8	PASS [   1.282s] (216/462) ken-elaborator::rt_dasm_d1b_role_c1_trusted_base_provenance c1_the_object_artifact_carries_the_admitted_trust
8	PASS [   1.378s] (217/462) ken-elaborator::rt_dasm_d1b_role_c1_trusted_base_provenance c1_the_roster_is_closed_before_source_and_one_foreign_adds_exactly_one_live_entry
8	PASS [   0.011s] (218/462) ken-elaborator::sec1_acceptance by_typing_meta_theorem_is_trusted_scope
8	PASS [   0.012s] (219/462) ken-elaborator::sec1_acceptance ct_label_parses_carries_and_defers_timing
8	PASS [   0.013s] (220/462) ken-elaborator::sec1ct_acceptance ct_in_parameter_promise_checked_emits_q
8	PASS [   0.012s] (221/462) ken-elaborator::sec1ct_acceptance declassified_ct_value_steers_sink_accepted_and_listed
8	PASS [   0.013s] (222/462) ken-elaborator::sec2_acceptance revoke_is_transitive_static_contract
8	PASS [   0.013s] (223/462) ken-elaborator::sec2_acceptance unaudited_boundary_effect_is_impossible
8	PASS [   1.425s] (224/462) ken-elaborator::state_effect_build_eff6_integration ac2_runstate_next_post_increment_through_real_interp
8	PASS [  21.910s] (225/462) ken-elaborator::map_build_acceptance lookupfoundafterinsert_law2_is_a_real_general_proof_term
8	PASS [   1.668s] (226/462) ken-elaborator::sub1_bytes_structural_view ac4_roundtrip_propositions_are_usable_but_not_refl_reductions
8	PASS [   2.378s] (227/462) ken-elaborator::surface_arrow_and_infix_acceptance star_binds_tighter_than_plus_and_minus
8	PASS [   3.649s] (228/462) ken-elaborator::sub1b_uint8_deceq ac4_deceq_bytes_decides_raw_bytes_non_vacuously
8	PASS [   1.581s] (229/462) ken-elaborator::surface_def_refinement def_refinement_and_def_alias_elaborate_to_the_same_core_decl_as_type_used_to
8	PASS [   1.580s] (230/462) ken-elaborator::surface_named_proof_claims prop_constructor_shape_outside_seed_subset_rejects
8	PASS [   0.018s] (231/462) ken-elaborator::t1_acceptance agent_pivots_on_status_no_text_scraping
8	PASS [   0.018s] (232/462) ken-elaborator::t1_acceptance decomposition_and_slice_kinds_round_trip
8	PASS [   1.446s] (233/462) ken-elaborator::surface_transport_acceptance ill_typed_transport_wrong_equation_is_kernel_rejected
8	PASS [   1.342s] (234/462) ken-elaborator::v1_acceptance bogus_cert_not_proved
8	PASS [   0.014s] (235/462) ken-elaborator::v2_acceptance nonrecursive_degenerate_no_ih_placeholder
8	PASS [   1.516s] (236/462) ken-elaborator::v1_acceptance result_in_ensures_resolves
8	PASS [   1.370s] (237/462) ken-elaborator::v2_acceptance refinement_return_type_emits_phi
8	PASS [   0.028s] (238/462) ken-elaborator::v3_acceptance unknown_hole_trusted_base_distinct_from_proved
8	PASS [   1.141s] (239/462) ken-elaborator::v2_acceptance trivial_clause_still_emits_obligation
8	PASS [   6.728s] (240/462) ken-elaborator::v3_fo_checker_soundness_d0_buildability_probe probe3b_bool_true_hypothesis_eliminates_by_cases_naive_prebound
8	PASS [   7.289s] (241/462) ken-elaborator::v3_fo_checker_soundness_d0_buildability_probe probe2b_propositional_truncation_ascii_spelling_probe
8	PASS [   7.677s] (242/462) ken-elaborator::v3_fo_checker_soundness_d1a_elaborator_divergence_finding minimal_data_ctor_with_recursive_nat_eq_equality_elaborates
8	PASS [   8.150s] (243/462) ken-elaborator::v3_fo_checker_soundness_d2_bool_inversion fok_or_elim_left_branch_applies_to_a_concrete_instance
8	PASS [   4.780s] (244/462) ken-elaborator::v3_fo_ken_level_checker_authoring certificate_sort_validation_world_in_object_pair
8	PASS [   5.362s] (245/462) ken-elaborator::v3_fo_ken_level_checker_authoring certificate_sort_validation_object_in_world_pair
8	PASS [   3.182s] (246/462) ken-elaborator::v3_fo_ken_level_checker_authoring fok_check_cert_agrees_with_rust_on_near_miss_pairs
8	PASS [   3.523s] (247/462) ken-elaborator::v3_fo_ken_level_checker_authoring fok_check_cert_serializer_discriminates_init_left_right_swap
8	PASS [   0.016s] (248/462) ken-elaborator::v3_fo_kripke_slice_acceptance negative_control_obtains_no_certificate
8	PASS [   0.013s] (249/462) ken-elaborator::v3_fo_obligation_signature_discovery_acceptance conjunct_3_convert_distinguishes_structurally_different_iforms
8	PASS [  20.308s] (250/462) ken-elaborator::v3_fo_route_proved_composition public_catalog_route_returns_a_kernel_backed_proved_verdict
8	PASS [  77.200s] (251/462) ken-elaborator::px7f_resource_lifetime_export correlated_body_is_one_member_of_the_same_t_sequence
8	PASS [   8.974s] (252/462) ken-elaborator::v3_fo_sorted_eigenparameter_wrong_sort_controls collapsing_the_sort_check_reddens_the_wrong_sort_controls
8	PASS [  10.650s] (253/462) ken-elaborator::v3_fo_sorted_eigenparameter_wrong_sort_controls out_of_scope_bound_reference_is_refused
8	PASS [  16.724s] (254/462) ken-elaborator::v3_fo_sorted_eigenparameter_wrong_sort_controls object_eigen_into_world_binder_is_refused_by_the_sort_guard
8	PASS [   0.007s] (255/462) ken-elaborator::v4_acceptance classically_valid_never_in_refuted_region
8	PASS [   0.008s] (256/462) ken-elaborator::v4_acceptance fully_proved_program_zero_diagnostics
8	PASS [   0.470s] (257/462) ken-elaborator::v4_acceptance refuted_goal_false_with_forcing_world
8	PASS [   0.468s] (258/462) ken-elaborator::val1_string_literals string_literal_evaluates_to_str_val
8	PASS [   0.007s] (259/462) ken-foundation hash::tests::fnv1a_different_inputs_different_hashes
8	PASS [   0.034s] (260/462) ken-foundation::acceptance dedup_rate_matches_expected
8	PASS [   0.010s] (261/462) ken-foundation::acceptance loud_at_limit_test
8	PASS [   0.011s] (262/462) ken-host abi_v1::tests::full_native_init_uses_only_the_scripted_observer_seam
8	PASS [   0.008s] (263/462) ken-host abi_v1::tests::root_denial_writer_needs_no_live_process_context
8	PASS [   0.010s] (264/462) ken-host abi_v1::tests::wrong_generation_is_capability_denied_before_filesystem_access
8	PASS [   0.006s] (265/462) ken-host abi_v1::tests::zero_plan_binding_clears_the_complete_init_result
8	PASS [   0.007s] (266/462) ken-host effect_v1::tests::abi_s6_d1_default_backend_unmap_is_unavailable_not_a_silent_drop
8	PASS [   0.007s] (267/462) ken-host effect_v1::tests::abi_s6_d5a_mapping_limits_share_page_charges_and_release_restores_capacity
8	PASS [   0.007s] (268/462) ken-host effect_v1::tests::fs_open_denial_remains_a_capability_error_before_resource_mint
8	PASS [   0.007s] (269/462) ken-host effect_v1::tests::resource_close_waits_for_the_last_of_multiple_admitted_leases
8	PASS [   0.007s] (270/462) ken-host effect_wire::tests::abi_s1_duplicate_wire_is_typed_distinct_and_fail_closed
8	PASS [   0.008s] (271/462) ken-host effect_wire::tests::ac3b_the_sleep_request_carries_a_deadline_and_no_cancellation_surface
8	PASS [   0.007s] (272/462) ken-host effect_wire::tests::wire_decoder_rejects_wrote_effective_request_above_raw_request
8	PASS [   0.007s] (273/462) ken-host tests::public_components_reject_unrooted_or_ambiguous_inputs
8	PASS [   0.009s] (274/462) ken-host tests::public_surface_contains_only_ken_owned_semantic_types
8	PASS [   0.015s] (275/462) ken-interp eff_tests::eff7_exhaustive_driver_dispatch_no_silent_skip
8	PASS [   0.009s] (276/462) ken-interp eval::px5b_effect_observation_tests::ac2_monotonic_is_refused_while_the_wall_clock_still_reads_and_steps_back
8	PASS [   0.009s] (277/462) ken-interp eval::px5b_effect_observation_tests::budget_eff_capped_short_read_reifies_effective_not_raw_remaining
8	PASS [   0.007s] (278/462) ken-interp eval::px5b_effect_observation_tests::d1_a_wall_instant_is_not_decodable_as_a_monotonic_deadline
8	PASS [   0.012s] (279/462) ken-interp eval::px5b_effect_observation_tests::recording_is_behaviorally_inert
8	PASS [   0.011s] (280/462) ken-interp eval::px5b_effect_observation_tests::resource_origin_revoked_reifies_as_resource_host_io_revoked
8	PASS [   0.014s] (281/462) ken-interp tests::lazy_if_taken_arm_only
8	PASS [   0.011s] (282/462) ken-interp tests::lazy_match_taken_branch_only
8	PASS [   0.011s] (283/462) ken-interp tests::shortcircuit_and_or
8	PASS [   2.788s] (284/462) ken-elaborator::v3_fo_soundness_sct_expressibility real_fok_checker_soundness_passes_full_admission_without_new_trust
8	PASS [   0.453s] (285/462) ken-interp::effect_composition_synthetic_peel_probe single_wrap_peels_to_the_synthetic_base_tag
8	PASS [   0.007s] (286/462) ken-interp::f1_bignum_acceptance f1_oracle_sign_boundary
8	PASS [   0.534s] (287/462) ken-interp::fs_driver_build_capability_acceptance r1_sufficient_cap_reads_fixture
8	PASS [   0.010s] (288/462) ken-interp::k1p5_ih_wstyle_vis_fold_acceptance mixed_direct_and_wstyle_positions_fold_together
8	PASS [   0.511s] (289/462) ken-interp::l1_acceptance ac4_bare_overflow_never_wraps_silently
8	PASS [   0.008s] (290/462) ken-interp::nc12_runtime_ir_evaluator explicit_runtime_trap_is_an_observation_not_host_behavior
8	PASS [   0.008s] (291/462) ken-interp::nc12_runtime_ir_evaluator runtime_ir_evaluator_runs_nc5_seed_subset_without_native_claims
8	PASS [   1.813s] (292/462) ken-interp::elim_bool_dispatch_acceptance computed_bool_agrees_with_literal_bool_dispatch
8	PASS [   0.653s] (293/462) ken-interp::nc7_differential_trust_report oracle_identity_mismatch_emits_no_f1_and_does_not_run_native
8	PASS [   0.009s] (294/462) ken-kernel conv::tests::level_equiv_reproduction_max_suc_u_v
8	PASS [   0.007s] (295/462) ken-kernel conv::tests::omega_congruence_accepts_level_equivalence_and_rejects_distinct_levels
8	PASS [   0.007s] (296/462) ken-kernel conv::tests::sigma_eta_convert
8	PASS [   0.007s] (297/462) ken-kernel env::literal_rollback_tests::popped_literal_is_absent_from_raw_table_before_id_reuse
8	PASS [   0.007s] (298/462) ken-kernel inductive::tests::positivity_bad_rejected
8	PASS [   0.008s] (299/462) ken-kernel subst::tests::shift_negative_does_not_underflow
8	PASS [   0.009s] (300/462) ken-kernel subst::tests::subst_tel_empty_is_identity
8	PASS [   0.013s] (301/462) ken-kernel::acceptance ac4_elim_nat_iota_zero
8	PASS [   0.010s] (302/462) ken-kernel::acceptance ac7_beta_reduction_terminates
8	PASS [   0.010s] (303/462) ken-kernel::acceptance k2_cast_computes_sigma_to_pair
8	PASS [   0.009s] (304/462) ken-kernel::acceptance k2_cast_refl_regularity
8	PASS [   0.010s] (305/462) ken-kernel::acceptance k2_j_nonrefl_reduces_not_stuck
8	PASS [   0.008s] (306/462) ken-kernel::acceptance k2_j_on_refl_is_base
8	PASS [   0.013s] (307/462) ken-kernel::acceptance k2_seam1b_eq_inductive_dependent_stuck
8	PASS [   0.011s] (308/462) ken-kernel::acceptance k2_seam3_omega_quot_elim_accepted
8	PASS [   0.011s] (309/462) ken-kernel::ds6a_int_deceq_certificate mistyped_eq_op_domain_is_rejected_at_registration
8	PASS [   0.012s] (310/462) ken-kernel::ds6b_intlit_eq_reduction intlit_converts_by_value_not_by_identity
8	PASS [   0.010s] (311/462) ken-kernel::eliminator_shape_demand_driven transparent_recursive_argument_keeps_its_induction_hypothesis
8	PASS [   0.011s] (312/462) ken-kernel::eq_at_inductive_multifield_binder one_field_reflexive_eq_stays_well_typed_either_way
8	PASS [   0.014s] (313/462) ken-kernel::k2c_series2 j_constant_motive_still_reduces
8	PASS [   0.010s] (314/462) ken-kernel::k3_literal_char_registration checked_string_literal_normalizes_immutable_payload_and_refuses_absent_carrier
8	PASS [   0.010s] (315/462) ken-kernel::k4_omega_motive non_omega_foil_distinct_reducts_do_not_convert
8	PASS [   0.011s] (316/462) ken-kernel::k5_omega_fragment absurd_motive_must_still_classify_as_a_sort
8	PASS [   0.010s] (317/462) ken-kernel::k5_omega_fragment refl_does_not_inhabit_constructor_disjoint_equality
8	PASS [   0.013s] (318/462) ken-kernel::nested_inductives_all generated_all_type_and_omega_cross_at_the_exact_public_level
8	PASS [   0.011s] (319/462) ken-kernel::nested_inductives_d1a d1b_retires_the_nested_occurrence_rejection
8	PASS [   0.013s] (320/462) ken-kernel::nested_inductives_d3b_d4 polymorphic_former_transport_preserves_guest_levels
8	PASS [   0.013s] (321/462) ken-kernel::nested_inductives_remaining checked_transparent_sigma_aliases_admit_renamed_nested_paths
8	PASS [   0.013s] (322/462) ken-kernel::nested_inductives_remaining declared_positive_paths_admit_list_pair_and_fresh_container_nesting
8	PASS [   0.010s] (323/462) ken-kernel::positivity_demand_driven negative_occurrence_exposed_at_the_head_stays_rejected
8	PASS [   0.034s] (324/462) ken-runtime activation_abi::tests::c_open_and_begin_return_owned_typed_region_refusals
8	PASS [   0.009s] (325/462) ken-runtime boundary_activation::tests::bounded_epoch_child
8	PASS [   0.008s] (326/462) ken-runtime boundary_activation::tests::cap_one_cannot_be_raised_child
8	PASS [   0.010s] (327/462) ken-runtime boundary_activation::tests::concurrent_epoch_child
8	PASS [   0.015s] (328/462) ken-runtime boundary_activation::tests::unrepresentable_node_grants_do_not_panic_at_open_or_begin
8	PASS [   0.008s] (329/462) ken-runtime boundary_resource_profile::tests::the_lookup_agrees_with_the_named_field_a_deployment_wrote
8	PASS [   0.506s] (330/462) ken-interp::px7f_system_resource read_only_handle_metadata_surfaces_exact_right_not_held_masks
8	PASS [   0.025s] (331/462) ken-runtime boundary_value::invocation_aggregate_decode_tests::a_malformed_node_local_span_refuses
8	PASS [   0.015s] (332/462) ken-runtime boundary_value::invocation_aggregate_decode_tests::a_nested_aggregate_carries_an_adopted_persistent_child
8	PASS [   0.058s] (333/462) ken-runtime boundary_value_clif::tests::b2v_ac10_a_constructible_node_cycle_is_refused_not_recursed
8	PASS [   0.128s] (334/462) ken-runtime boundary_value_clif::tests::ac4_each_reachable_limit_refuses_at_limit_plus_one_naming_its_own_resource
8	PASS [   0.028s] (335/462) ken-runtime boundary_value_clif::tests::b2v_ac6_a_ground_node_still_adopts_through_the_same_harness
8	PASS [   0.098s] (336/462) ken-runtime boundary_value_clif::tests::b2v_emitted_code_cannot_assign_store_identity
8	PASS [   0.059s] (337/462) ken-runtime boundary_value_clif::tests::b2v_emitted_code_projects_a_non_constant_constructor_field
8	PASS [   0.030s] (338/462) ken-runtime boundary_value_clif::tests::d3_a_span_past_the_live_data_is_refused_on_the_bounds_axis
8	PASS [   0.016s] (339/462) ken-runtime canonical::tests::ac_v1b_iterative_encoding_is_byte_identical_to_the_recursive_reference
8	PASS [   0.014s] (340/462) ken-runtime cranelift_backend::artifact::api::tests::nc22_ambiguous_runtime_ir_report_target_rejects_before_native_lowering
8	PASS [   0.067s] (341/462) ken-runtime cranelift_backend::artifact::api::tests::nc22_cranelift_agrees_with_runtime_ir_report_for_broad_starter_shapes
8	PASS [   0.008s] (342/462) ken-runtime cranelift_backend::artifact::api::tests::reachable_foreign_checked_core_metadata_rejects_before_backend_lowering
8	PASS [   0.008s] (343/462) ken-runtime cranelift_backend::artifact::api::tests::reachable_unsupported_metadata_rejects_before_backend_lowering
8	PASS [   0.021s] (344/462) ken-runtime cranelift_backend::artifact::tests::px8i_jit_and_object_construct_identical_local_helper_clif
8	PASS [   0.189s] (345/462) ken-runtime cranelift_backend::lowering::aggregates::tests::a_sibling_aggregates_producer_certificate_is_refused_before_any_allocation
8	PASS [   0.158s] (346/462) ken-runtime cranelift_backend::lowering::aggregates::tests::a_sibling_effect_seats_coordinate_is_rejected_at_construction
8	PASS [   0.010s] (347/462) ken-runtime cranelift_backend::lowering::boundary::tests::c1_d5_a_closure_free_constructor_is_admissible
8	PASS [   0.007s] (348/462) ken-runtime cranelift_backend::lowering::core::branched_scrutinee_unit_body_observer_tests::noncarrying_match_arm_missing_recursive_position_returns_none
8	PASS [   0.057s] (349/462) ken-runtime cranelift_backend::lowering::core::primitive::tests::cranelift_runs_closure_seed_with_explicit_runtime_capture_environment
8	PASS [   0.034s] (350/462) ken-runtime cranelift_backend::lowering::core::primitive::tests::int_to_uint64_raw_preserves_the_exact_big_native_int
8	PASS [   0.017s] (351/462) ken-runtime cranelift_backend::lowering::core::tests::constructors::a_capture_operand_reconciles_only_against_its_own_ruled_position
8	PASS [   0.012s] (352/462) ken-runtime cranelift_backend::lowering::core::tests::constructors::a_mixed_phase_capture_run_installs_and_keeps_each_capture_at_its_own_phase
8	PASS [   0.027s] (353/462) ken-runtime cranelift_backend::lowering::core::tests::constructors::ac1_source_machine_match_classifies_a_carried_scrutinee_by_phase
8	PASS [   0.085s] (354/462) ken-runtime cranelift_backend::lowering::core::tests::constructors::ac5_restoring_carried_capture_narrowing_reds_the_ordinary_witness
8	PASS [   0.011s] (355/462) ken-runtime cranelift_backend::lowering::core::tests::constructors::c1_d3_a_carried_operand_survives_case_env_and_nested_lowering
8	PASS [   0.051s] (356/462) ken-runtime cranelift_backend::lowering::core::tests::constructors::c1_d4_ac_c7_project_eliminates_a_carried_record_by_static_field_identity
8	PASS [   0.029s] (357/462) ken-runtime cranelift_backend::lowering::core::tests::constructors::carried_bool_dispatch_refuses_payload_two
8	PASS [   0.046s] (358/462) ken-runtime cranelift_backend::lowering::core::tests::constructors::carried_bool_dispatch_refuses_real_tag_seven_nodes_with_bool_shaped_scalars
8	PASS [   0.031s] (359/462) ken-runtime cranelift_backend::lowering::core::tests::constructors::carried_bool_mapping_oracle_reddens_on_reversed_role_mapping
8	PASS [   0.047s] (360/462) ken-runtime cranelift_backend::lowering::core::tests::constructors::d2_an_unselected_reply_arm_copies_no_bytes
8	PASS [   0.064s] (361/462) ken-runtime cranelift_backend::lowering::core::tests::constructors::nested_computational_carrier_final_kind_is_runtime_guarded
8	PASS [   0.032s] (362/462) ken-runtime cranelift_backend::lowering::core::tests::constructors::nested_computational_malformed_recursive_position_rejects_specifically
8	PASS [   0.034s] (363/462) ken-runtime cranelift_backend::lowering::core::tests::constructors::pattern_default_trap_is_observation_not_backend_error
8	PASS [   0.043s] (364/462) ken-runtime cranelift_backend::lowering::core::tests::constructors::recursive_computational_aggregate_traverses_ordinary_frame
8	PASS [   0.042s] (365/462) ken-runtime cranelift_backend::lowering::core::tests::constructors::selected_worker_generated_gate_rejects_copied_ticket_after_activation_reuse
8	PASS [   0.012s] (366/462) ken-runtime cranelift_backend::lowering::core::tests::constructors::static_worker_call_rejects_undeclared_target
8	PASS [   0.013s] (367/462) ken-runtime cranelift_backend::lowering::core::tests::control::nested_computational_inner_missing_selects_exact_inner_default
8	PASS [   0.067s] (368/462) ken-runtime cranelift_backend::lowering::core::tests::control::oriented_edge_mutations_reject_in_all_three_direct_consumers
8	PASS [   0.013s] (369/462) ken-runtime cranelift_backend::lowering::core::tests::control::oriented_source_open_occurrence_cross_checks_the_closure_selected_parent
8	PASS [   0.008s] (370/462) ken-runtime cranelift_backend::lowering::core::tests::control::the_field_inventory_extractor_sees_an_added_term_field
8	PASS [   0.080s] (371/462) ken-runtime cranelift_backend::lowering::core::tests::effects::abi_s6_d5a_mapping_limit_and_mapping_kind_reify_without_trapping
8	PASS [   0.017s] (372/462) ken-runtime cranelift_backend::lowering::core::tests::effects::budget_eff_native_read_some_capped_full_and_short_reify_effective_not_raw_remaining
8	PASS [   0.043s] (373/462) ken-runtime cranelift_backend::lowering::core::tests::effects::dynamic_host_result_producer_missing_case_routes_to_default
8	PASS [   0.112s] (374/462) ken-runtime cranelift_backend::lowering::core::tests::host_call_carrier::d5_c2_the_witness_reaches_the_seam_and_emits_the_exact_planner_target
8	PASS [   0.034s] (375/462) ken-runtime cranelift_backend::lowering::core::tests::host_call_carrier::d8_dynamic_host_result_merge_enters_materialized_dead_cfg_population
8	PASS [   0.672s] (376/462) ken-runtime cranelift_backend::lowering::core::tests::host_call_carrier::d8_every_required_join_plan_is_consumed_exactly_once
8	PASS [   0.034s] (377/462) ken-runtime cranelift_backend::lowering::core::tests::host_call_carrier::d8_unsupported_carrier_production_publishes_no_unit_function
8	PASS [   0.032s] (378/462) ken-runtime cranelift_backend::lowering::core::tests::host_call_carrier::minted_seed_material_is_present_in_the_finalized_artifact
8	PASS [   2.954s] (379/462) ken-runtime boundary_value_clif::tests::b2v_ac10_a_deep_acyclic_chain_adopts_without_walk_recursion
8	PASS [   0.054s] (380/462) ken-runtime cranelift_backend::lowering::core::tests::host_call_carrier::the_resolved_call_edge_population_moves_with_the_program
8	PASS [   0.052s] (381/462) ken-runtime cranelift_backend::lowering::core::tests::host_call_carrier::typed_trap_exit_rejects_a_deleted_or_root_misclassified_unit_lane
8	PASS [   0.072s] (382/462) ken-runtime cranelift_backend::lowering::core::tests::positional_candidate_settlement::ced_d3_m1_suppressing_the_binding_installation_is_refused_at_the_ih_marker_guard
8	PASS [   0.010s] (383/462) ken-runtime cranelift_backend::lowering::core::tests::positional_candidate_settlement::dp_composition_time_membership_is_validated_and_changes_the_binding_fingerprint
8	PASS [   0.031s] (384/462) ken-runtime cranelift_backend::lowering::core::tests::recursor_fusion::contkey_row_four_discovery_carries_the_outer_boundary_then_previous_consumers
8	PASS [   0.012s] (385/462) ken-runtime cranelift_backend::lowering::core::tests::recursor_fusion::contkey_wrong_inner_match_eliminator_seed_is_rejected
8	PASS [   0.124s] (386/462) ken-runtime cranelift_backend::lowering::core::tests::recursor_fusion::r3_fused_outer_selector_refuses_an_escaped_selected_claim
8	PASS [   0.010s] (387/462) ken-runtime cranelift_backend::lowering::core::tests::retained_closures_carry_a_static_origin_and_no_body_term
8	PASS [   0.066s] (388/462) ken-runtime cranelift_backend::lowering::core::tests::source_frame_bridge::d8m_the_transported_tuple_is_what_carries_the_source_frame
8	PASS [   0.015s] (389/462) ken-runtime cranelift_backend::lowering::core::tests::specialization_binding::d5a_a_specialization_is_interned_before_the_descent_that_produced_it
8	PASS [   0.823s] (390/462) ken-runtime cranelift_backend::lowering::core::tests::host_call_carrier::rt_scale_b_governed_n3_through_n7_collect_every_d2_metric
8	PASS [   0.049s] (391/462) ken-runtime cranelift_backend::lowering::core::tests::specialization_binding::d5a_suppressing_the_marker_consumption_restores_the_pending_closeout_refusal
8	PASS [   0.050s] (392/462) ken-runtime cranelift_backend::lowering::core::tests::specialization_binding::d6a_the_frame_field_must_not_overwrite_an_incoming_checked_route
8	PASS [   0.008s] (393/462) ken-runtime cranelift_backend::lowering::seed_material::tests::seed_material_alignment_matches_the_declared_carrier
8	PASS [   0.010s] (394/462) ken-runtime cranelift_backend::lowering::seed_material::tests::size_is_accepted_below_the_cap_and_rejected_above_it
8	PASS [   0.196s] (395/462) ken-runtime cranelift_backend::lowering::core::tests::specialization_binding::d5a_the_detached_result_seats_five_guards_are_each_reached_by_a_real_mutation
8	PASS [   0.158s] (396/462) ken-runtime cranelift_backend::lowering::source::tests::d2b_row_b_a_live_nonbackedge_let_runs_its_body_and_consumes_its_join
8	PASS [   0.010s] (397/462) ken-runtime cranelift_backend::planning::plan_extraction_tests::native_join_plan_rejects_two_plans_in_one_package
8	PASS [   0.010s] (398/462) ken-runtime cranelift_backend::planning::plan_extraction_tests::oriented_plan_surfaces_a_decode_failure_rather_than_dropping_it
8	PASS [   0.012s] (399/462) ken-runtime cranelift_backend::planning::static_transition::aggregates::checked_ih_captured_env_schema::bind_continuation_authorization_is_reaching_and_not_generic
8	PASS [   0.012s] (400/462) ken-runtime cranelift_backend::planning::static_transition::aggregates::checked_ih_captured_env_schema::bind_continuation_production_rejects_multiple_static_targets
8	PASS [   0.007s] (401/462) ken-runtime cranelift_backend::planning::static_transition::aggregates::checked_ih_captured_env_schema::bind_target_exactness_rejects_multi_target_and_unpaired
8	PASS [   0.019s] (402/462) ken-runtime cranelift_backend::planning::static_transition::aggregates::checked_ih_captured_env_schema::the_issued_seats_are_exactly_the_seats_with_a_coordinate_run
8	PASS [   0.015s] (403/462) ken-runtime cranelift_backend::planning::static_transition::aggregates::checked_ih_captured_env_schema::transport_edges_reference_one_force_record_and_issue_no_destination_record
8	PASS [   0.012s] (404/462) ken-runtime cranelift_backend::planning::static_transition::aggregates::tests::an_abandoned_eager_template_contributes_neither_records_nor_allocation
8	PASS [   0.012s] (405/462) ken-runtime cranelift_backend::planning::static_transition::closure::tests::b2o_ac5_each_ownership_law_reddens_on_its_own
8	PASS [   0.014s] (406/462) ken-runtime cranelift_backend::planning::static_transition::closure::tests::d2h_the_key_id_descriptor_bijection_round_trips
8	PASS [   0.052s] (407/462) ken-runtime cranelift_backend::planning::static_transition::construction::tests::collapsing_only_the_static_body_target_class_is_refused
8	PASS [   0.091s] (408/462) ken-runtime cranelift_backend::planning::static_transition::construction::tests::collapsing_the_body_to_its_scheduling_entry_recreates_the_closeout_failure
8	PASS [   0.008s] (409/462) ken-runtime cranelift_backend::planning::static_transition::continuations::fusion::tests::d2e_binder_role_hypothesis_prefix_is_reverse_declaration_order
8	PASS [   0.008s] (410/462) ken-runtime cranelift_backend::planning::static_transition::continuations::fusion::tests::d2g_ac4_transport_validator_refuses_markers_without_a_plan
8	PASS [   0.014s] (411/462) ken-runtime cranelift_backend::planning::static_transition::continuations::fusion::tests::d2i_the_enumerator_is_reached_and_yields_one_candidate_from_a_descent_root
8	PASS [   0.021s] (412/462) ken-runtime cranelift_backend::planning::static_transition::continuations::fusion::tests::d3_the_ordinary_and_fusion_local_populations_partition_the_planned_ones
8	PASS [   0.388s] (413/462) ken-runtime cranelift_backend::lowering::source::tests::lrc_d2a_forwards_each_arrival_and_excludes_projection_owned_early_refusals
8	PASS [   0.010s] (414/462) ken-runtime cranelift_backend::planning::static_transition::continuations::tests::checked_binder_resolution_rederives_an_intervening_binder_shift
8	PASS [   0.016s] (415/462) ken-runtime cranelift_backend::planning::static_transition::continuations::tests::contspec_each_projection_field_prevents_one_compile_valid_collision
8	PASS [   0.019s] (416/462) ken-runtime cranelift_backend::planning::static_transition::continuations::tests::contspec_nested_fixed_point_requires_interning_before_discovery
8	PASS [   0.013s] (417/462) ken-runtime cranelift_backend::planning::static_transition::continuations::tests::contsrc_d2_populates_both_producer_local_binding_kinds
8	PASS [   0.009s] (418/462) ken-runtime cranelift_backend::planning::static_transition::immediate_bridge::tests::checked_ih_slots_wrapper_suppresses_the_heterogeneous_test
8	PASS [   0.012s] (419/462) ken-runtime cranelift_backend::planning::static_transition::joins_traps::tests::d8_bound_lexical_callable_provenance_reaches_the_exact_nested_join
8	PASS [   0.012s] (420/462) ken-runtime cranelift_backend::planning::static_transition::joins_traps::tests::d8_let_environment_provenance_reaches_the_exact_nested_join
8	PASS [   0.010s] (421/462) ken-runtime cranelift_backend::planning::static_transition::occurrences::tests::substrate_equal_case_lists_keep_distinct_occurrence_partitions
8	PASS [   0.010s] (422/462) ken-runtime cranelift_backend::planning::static_transition::units::tests::b2r_ac11_every_advertised_d5_rejection_class_names_the_arm_that_actually_fires
8	PASS [   0.007s] (423/462) ken-runtime cranelift_backend::surface::surface_diagnostics_tests::backend_failure_renders_every_variant_distinctly
8	PASS [   0.025s] (424/462) ken-runtime cranelift_backend::planning::static_transition::occurrences::tests::the_occurrence_table_is_total_over_every_planned_expression
8	PASS [   0.008s] (425/462) ken-runtime cranelift_backend::surface::surface_diagnostics_tests::unsupported_lowering_renders_construct_then_reason
8	PASS [   0.009s] (426/462) ken-runtime executable_artifact_contract::tests::available_native_artifact_accepts_only_with_exact_ready_bindings
8	PASS [   0.010s] (427/462) ken-runtime executable_artifact_contract::tests::available_toolchain_fact_rejects_unavailable_or_unsupported_lanes
8	PASS [   0.009s] (428/462) ken-runtime executable_artifact_contract::tests::report_and_contract_hashes_use_canonical_field_encoding
8	PASS [   0.007s] (429/462) ken-runtime ir::tests::acf2_computational_argument_binders_is_load_bearing
8	PASS [   0.011s] (430/462) ken-runtime executable_entrypoint_packaging::tests::non_closed_or_imported_entrypoint_rejects_before_native_work
8	PASS [   0.007s] (431/462) ken-runtime ir::tests::acf2_ordinary_constructor_is_load_bearing
8	PASS [   0.008s] (432/462) ken-runtime ir::tests::acf2_computational_constructor_is_load_bearing
8	PASS [   2.866s] (433/462) ken-runtime native_execution_differential::tests::detached_runtime_ir_report_rejects_before_execution
8	PASS [   3.093s] (434/462) ken-runtime native_execution_differential::tests::closeout_classifies_interpreter_mismatch_as_failed
8	PASS [   0.008s] (435/462) ken-runtime native_execution_differential::tests::pinned_effect_body_is_native_tested_by_exact_operation_identity
8	PASS [   2.992s] (436/462) ken-runtime native_execution_differential::tests::foreign_boundary_target_reports_policy_unavailable_before_native_execution
8	PASS [   3.106s] (437/462) ken-runtime native_execution_differential::tests::trap_observation_is_first_class_unavailable_native_lane
8	PASS [   0.008s] (438/462) ken-runtime native_int::tests::exact_arithmetic_promotes_and_canonicalizes
8	PASS [   0.058s] (439/462) ken-runtime native_process_entrypoint::tests::trap_reports_to_runtime_stderr_and_clean_run_does_not
8	PASS [   0.061s] (440/462) ken-runtime native_process_entrypoint::tests::two_distinct_argv_vectors_reach_the_native_entry
8	PASS [   0.010s] (441/462) ken-runtime object_linker_packaging::tests::forged_support_for_non_executable_payload_rejects_before_linking
8	PASS [   3.314s] (442/462) ken-runtime native_execution_differential::tests::unavailable_interpreter_lane_stays_first_class_not_passed
8	PASS [   3.311s] (443/462) ken-runtime object_linker_packaging::tests::nonprocess_starter_preserves_named_persistent_reservation_fault
8	PASS [   0.017s] (444/462) ken-runtime object_linker_packaging::tests::stale_filesystem_root_fails_the_bound_entrypoint_check
8	PASS [   0.019s] (445/462) ken-runtime object_linker_packaging::tests::stale_mutated_entrypoint_payload_rejects_before_linking
8	PASS [   0.091s] (446/462) ken-runtime object_linker_packaging::tests::trap_observation_rejects_without_promoting_runtime_error_to_build_success
8	PASS [   0.023s] (447/462) ken-runtime platform_runtime_support::tests::refreshed_non_executable_entrypoint_payload_rejects
8	PASS [   0.030s] (448/462) ken-runtime store::tests::ac_v2c_interning_a_nested_compound_mints_exactly_one_slot
8	PASS [   2.562s] (449/462) ken-runtime store::tests::arena_page_chaining
8	PASS [   0.990s] (450/462) ken-runtime store::tests::index_resize_preserves_slots
8	PASS [   0.022s] (451/462) ken-runtime store::tests::loud_refusal_not_silent
8	PASS [   0.016s] (452/462) ken-runtime store::tests::scalars_are_immediate
8	PASS [   0.269s] (453/462) ken-runtime::value_depth_totality ac_p3a_host_recursive_debug_dies_at_depth_d
8	PASS [   0.325s] (454/462) ken-runtime::value_depth_totality ac_v3b_clone_then_drop_both_copies_at_depth_d
8	PASS [   0.209s] (455/462) ken-runtime::value_depth_totality ac_v3c_derived_drop_glue_dies_on_the_analogue_at_depth_d
8	PASS [   0.277s] (456/462) ken-runtime::value_depth_totality ac_v3d_drop_alone_is_total_at_depth_d_through_all_child_positions
8	PASS [   0.045s] (457/462) ken-verify filesystem::tests::traversal_and_absolute_seed_paths_fail_closed
8	PASS [   5.662s] (458/462) ken-runtime object_linker_packaging::tests::same_process_artifact_observes_fresh_byte_exact_os_input
8	PASS [  57.670s] (459/462) ken-verify scenario::tests::clock_wall_now_normalized_real_artifact_differential_discriminates
8	PASS [  58.902s] (460/462) ken-verify scenario::tests::fs_rename_real_artifact_state_transition_discriminates
8	PASS [ 316.023s] (461/462) ken-elaborator::r3_c2_source_mixed_branch r3_4b_observation_feature_is_native_artifact_identical
8	PASS [ 284.070s] (462/462) ken-elaborator::v3_fo_ken_level_checker_authoring_d4_d5_conversion_measured measure_kernel_conversion_load_on_real_source_programs
9	PASS [   0.297s] (  1/461) ken-cli entrypoint_tests::declared_afull_mints_runner_caps_and_writes_through_capture_host
9	PASS [   0.376s] (  2/461) ken-cli::console_exec closed_stdout_is_an_io_failure_not_sigpipe_termination
9	PASS [   0.559s] (  3/461) ken-cli entrypoint_tests::missing_and_duplicate_main_have_distinct_specific_errors
9	PASS [   0.276s] (  4/461) ken-cli::ken_check_mode check_file_with_failing_fence_exits_one_same_error_path
9	PASS [   0.004s] (  5/461) ken-cli::library_documentation_gates status_record_population_detector_rejects_second_status_record
9	PASS [   0.004s] (  6/461) ken-cli::library_documentation_gates symlink_escape_is_rejected_by_confinement_and_by_the_walk
9	PASS [   0.669s] (  7/461) ken-cli::library_documentation_gates missing_origin_main_anchor_is_rejected_not_silently_skipped
9	PASS [  52.886s] (  8/461) ken-cli::k3_literal_char_native checked_literal_view_codes_match_interpreter_and_native
9	PASS [   0.019s] (  9/461) ken-cli::mrc_d8_manifest_premise mrc_d8_control_the_reader_survives_a_value_spanning_lines
9	PASS [   0.017s] ( 10/461) ken-cli::px4b_native_production string_literal_end_leaves_non_raw_and_plain_strings_intact
9	PASS [  58.978s] ( 11/461) ken-cli::abi_s6_mapping_surface_native negative_window_skips_mapping_read_dispatch_in_both_engines
9	PASS [  28.461s] ( 12/461) ken-cli::px7m_hostresult_computational_match dynamic_err_pending_route_refuses_missing_effect_binding_before_join_accounting
9	PASS [  32.307s] ( 13/461) ken-cli::px7m_hostresult_computational_match owner_ret_check_bypass_reaches_the_inner_vis_trap_natively
9	PASS [  49.526s] ( 14/461) ken-cli::px8x_single_schema_observation linked_route_exposes_real_ordered_role_labelled_bindings
9	PASS [  56.476s] ( 15/461) ken-cli::rt_cold_lowering_checked_family_enumeration every_checked_family_program_reaches_its_expected_terminal_state
9	PASS [  39.360s] ( 16/461) ken-cli::rt_escape_second_resource_native escape_resource_plus_plain_matches_interpreter
9	PASS [   1.407s] ( 17/461) ken-cli::rt_native_string_construction native_string_bytes_decode_normalizes_like_the_interpreter
9	PASS [  62.316s] ( 18/461) ken-cli::rt_cold_lowering_path_enumeration rt_cap41_offset_endpoint_stage
9	PASS [   0.343s] ( 19/461) ken-cli::rt_span_prov_native sp_b_host_width_offset_precedes_provenance_interp
9	PASS [   0.272s] ( 20/461) ken-cli::t2_acceptance ac6_eval_path_is_real_interpreter
9	PASS [   0.025s] ( 21/461) ken-cli::bin/ken capacity_profile_tests::native_profile_requires_all_eleven_explicit_numbers_and_admits_zero
9	PASS [   0.008s] ( 22/461) ken-cli::bin/ken run_argument_tests::program_arguments_after_separator_preserve_non_utf8_bytes
9	PASS [   0.006s] ( 23/461) ken-cli::bin/ken run_argument_tests::unknown_argument_before_separator_is_a_specific_error
9	PASS [   0.008s] ( 24/461) ken-elaborator checked_core::tests::body_view_recovers_package_bound_constructor_and_match_view
9	PASS [   0.012s] ( 25/461) ken-elaborator checked_core::tests::body_view_recovers_package_bound_record_sigma_construction
9	PASS [   0.005s] ( 26/461) ken-elaborator checked_core::tests::body_view_rejects_body_outside_selected_closure
9	PASS [   0.005s] ( 27/461) ken-elaborator checked_core::tests::body_view_rejects_unsupported_eliminator_shape
9	PASS [   0.006s] ( 28/461) ken-elaborator checked_core::tests::package_consumer_uses_artifact_without_surface_source
9	PASS [   0.268s] ( 29/461) ken-elaborator compiler_driver::d1b_role_c1_roster_projection_is_fail_closed::a_captured_id_absent_from_the_symbol_table_refuses_instead_of_shrinking_the_roster
9	PASS [   0.337s] ( 30/461) ken-elaborator compiler_driver::tests::target_closure_preserves_obligations_trust_and_dependencies
9	PASS [   0.615s] ( 31/461) ken-elaborator compiler_driver::tests::target_closure_reaches_declaration_dependencies_and_changes_with_content
9	PASS [   0.005s] ( 32/461) ken-elaborator elab::nested_lift_association_tests::duplicate_lift_association_reverse_injectivity_rejects
9	PASS [   0.258s] ( 33/461) ken-elaborator elab::nested_lift_association_tests::selector_distinguishes_nonuniverse_classifier_from_kernel_failure
9	PASS [   0.006s] ( 34/461) ken-elaborator elab::nested_lift_association_tests::validator_failures_map_to_named_structural_diagnostics_with_field_spans
9	PASS [   0.259s] ( 35/461) ken-elaborator elab::result_transport_control_flow_tests::active_premise_embedding_rejects_forward_unknown_and_noninvertible_terms
9	PASS [   1.162s] ( 36/461) ken-elaborator erasure::px7l_tests::the_unmutated_host_vis_marker_passes_the_runtime_marker_gate
9	PASS [   0.006s] ( 37/461) ken-elaborator erasure::selected_host_binder_depth_tests::selected_host_leaf_free_var_resolves_through_actual_match_and_let_environments
9	PASS [   0.004s] ( 38/461) ken-elaborator export::exact_inventory_tests::abi_s6_d4_file_acquire_has_exact_fs_family_and_spelling
9	PASS [   0.005s] ( 39/461) ken-elaborator export::resource_lifetime_hash_tests::projection_covers_none_file_buffer_and_full_positioned_cases
9	PASS [   0.004s] ( 40/461) ken-elaborator lossless::comment_kind_mapping_tests::from_comment_kind_maps_each_arm_directly
9	PASS [   0.339s] ( 41/461) ken-elaborator modules::namespace_effect_tests::derive_keeps_selected_class_and_data_ids_after_shadow
9	PASS [   0.329s] ( 42/461) ken-elaborator modules::namespace_effect_tests::file_prop_intro_reexports_retain_checked_helper_identity
9	PASS [   0.279s] ( 43/461) ken-elaborator modules::namespace_effect_tests::fixed_instance_pattern_rejects_same_spelling_other_head_identity
9	PASS [   1.286s] ( 44/461) ken-elaborator modules::namespace_effect_tests::generated_derive_import_refuses_stale_provider_in_either_order
9	PASS [   0.260s] ( 45/461) ken-elaborator modules::namespace_effect_tests::in_memory_import_uses_current_owner_not_stale_file_provenance
9	PASS [   0.006s] ( 46/461) ken-elaborator parser::as_pattern_precedence_tests::record_pattern_retains_source_order_and_pun_distinction
9	PASS [   0.005s] ( 47/461) ken-elaborator parser::atom_form_closure::a_truncation_bar_starts_an_atom_only_outside_a_truncation_body
9	PASS [   0.006s] ( 48/461) ken-elaborator parser::atom_form_closure::all_lists_each_variant_once
9	PASS [   0.260s] ( 49/461) ken-elaborator r_layer_tests::acceptance::const_elaborates_checks
9	PASS [   0.261s] ( 50/461) ken-elaborator r_layer_tests::acceptance::unbound_name_rejected_at_resolution
9	PASS [   0.267s] ( 51/461) ken-elaborator r_layer_tests::acceptance::wrong_return_app_rejected
9	PASS [ 204.590s] ( 52/461) ken-cli::mrc_4a1_child_transport mrc_4a1_child_transport_and_its_controls
9	PASS [ 205.854s] ( 53/461) ken-cli::mrc_4a1_feature_gate_artifact mrc_4a1_feature_gate_holds_at_the_artifact
9	PASS [   6.725s] ( 54/461) ken-elaborator r_layer_tests::cat_effectful_classes_import::effectful_classes_imports_erase_to_identical_kernel_trees_and_zero_trust
9	PASS [   3.706s] ( 55/461) ken-elaborator r_layer_tests::cat_lawful_functors_pub_export::lawful_functors_selective_consumer_retains_provider_identity_and_trust
9	PASS [   2.538s] ( 56/461) ken-elaborator r_layer_tests::cat_tier_d_decoder_import::parsing_decoder_imports_exact_canonical_cursor_surface
9	PASS [   5.042s] ( 57/461) ken-elaborator r_layer_tests::cat_tier_d_cursor_import::parsing_cursor_loader_visible_inventory_is_exact
9	PASS [   5.655s] ( 58/461) ken-elaborator r_layer_tests::cat_tier_d_cursor_import::formatting_doc_imports_are_canonical_and_visibility_only
9	PASS [   0.281s] ( 59/461) ken-elaborator r_layer_tests::constrained_instance_elaboration::constrained_pair_instance_binds_two_dicts_and_resolves_at_use_site
9	PASS [   2.175s] ( 60/461) ken-elaborator r_layer_tests::ds1_empty_dec_acceptance::landed_lawful_classes_package_still_elaborates_with_dependencies
9	PASS [   0.006s] ( 61/461) ken-elaborator r_layer_tests::effects::eff_undeclared_escapes_rejected
9	PASS [   0.005s] ( 62/461) ken-elaborator r_layer_tests::effects::handler_fold_tail_resumptive_chains
9	PASS [   0.005s] ( 63/461) ken-elaborator r_layer_tests::effects::row_poly_apply_twice_infers_row_var
9	PASS [   0.005s] ( 64/461) ken-elaborator r_layer_tests::effects::space_shared_nothing_no_cross_space_alias
9	PASS [   0.005s] ( 65/461) ken-elaborator r_layer_tests::effects::surf1_surface_visits_bare_row_var_reaches_row_type
9	PASS [   0.005s] ( 66/461) ken-elaborator r_layer_tests::effects::surf1_surface_visits_open_row_reaches_join_and_stays_conservative
9	PASS [   0.005s] ( 67/461) ken-elaborator r_layer_tests::kenfmt_b3_layout::ac2_ac3_mandatory_breaks_separators_and_no_alignment
9	PASS [   0.005s] ( 68/461) ken-elaborator r_layer_tests::kenfmt_b3_layout::terminal_type_parens_in_alias_survive_formatting
9	PASS [   0.004s] ( 69/461) ken-elaborator r_layer_tests::kenfmt_b4_splicing::ac4_prose_markers_and_non_ken_fences_are_byte_identical
9	PASS [   0.760s] ( 70/461) ken-elaborator r_layer_tests::lang_fixity_decl_surface::non_associative_chain_requires_parentheses
9	PASS [   0.275s] ( 71/461) ken-elaborator r_layer_tests::lang_fixity_decl_surface::recursive_symbolic_definition_reassociates_after_self_preadmission
9	PASS [   0.295s] ( 72/461) ken-elaborator r_layer_tests::lang_fixity_decl_surface::use_and_fixity_may_precede_the_operator_definition
9	PASS [   0.329s] ( 73/461) ken-elaborator r_layer_tests::lang_structural_result_elab::multiple_wildcard_slots_never_publish_a_latest_surface_binding
9	PASS [   0.007s] ( 74/461) ken-elaborator seal2_tests::producer_closure::certificate_fails_closed_on_an_unresolvable_module_form
9	PASS [   0.006s] ( 75/461) ken-elaborator seal2_tests::producer_closure::certificate_resolves_selective_import_name_edges
9	PASS [  28.516s] ( 76/461) ken-cli::rt_selected_pending_call_admission checked_double_bind_is_refused_upstream_not_admitted
9	PASS [   0.334s] ( 77/461) ken-elaborator seal2_tests::producer_closure::closed_oracle_unfolds_a_transparent_alias_in_a_nonhead_position
9	PASS [   0.310s] ( 78/461) ken-elaborator seal2_tests::producer_closure::unclassifiable_global_member_fails_loudly
9	PASS [   0.292s] ( 79/461) ken-elaborator::ax2_axiom_named_postulates module_qualification_is_the_axiom_owner
9	PASS [   6.042s] ( 80/461) ken-elaborator r_layer_tests::cat_tier_e_argparse_import::argparse_checked_laws_retain_real_parser_and_distinct_endpoints
9	PASS [   0.005s] ( 81/461) ken-elaborator::b2_acceptance leadsto_elaborates_to_box_of_or_diamond
9	PASS [   0.275s] ( 82/461) ken-elaborator::case_eq_dependent_match_sugar mismatched_equation_branch_is_kernel_rejected
9	PASS [   0.546s] ( 83/461) ken-elaborator::case_eq_dependent_match_sugar modifier_has_zero_trusted_base_delta
9	PASS [   0.904s] ( 84/461) ken-elaborator::cat1_constructor_classes parametric_instance_head_generalizes_free_type_variable
9	PASS [   1.180s] ( 85/461) ken-elaborator::cat1_constructor_classes explicit_class_param_kind_accepts_bare_indformer_instance_head
9	PASS [   1.673s] ( 86/461) ken-elaborator::cat3_collections_package derived_owns_checked_map_and_filter_identities
9	PASS [   1.688s] ( 87/461) ken-elaborator::cat3_collections_package cat3_d2_bool_sort_surfaces_check_against_real_package_defs
9	PASS [   2.960s] ( 88/461) ken-elaborator::cat5_parsing_package cat5_d2_success_parser_carries_valid_consumed_span_from_start
9	PASS [  12.044s] ( 89/461) ken-elaborator r_layer_tests::cat_tier_e_json_import::json_publication_is_visibility_only
9	PASS [   3.690s] ( 90/461) ken-elaborator::cat5_parsing_package cat5_d3_bool_parser_printer_formatter_roundtrip_on_source_bytes
9	PASS [   1.330s] ( 91/461) ken-elaborator::cat_gcd_acceptance entry_adds_no_trust_beyond_the_preexisting_provider_closure
9	PASS [   1.757s] ( 92/461) ken-elaborator::cat_property_acceptance property_finite_sample_witnesses_retain_behavior
9	PASS [   4.117s] ( 93/461) ken-elaborator::cat_deque_closeout deque_owned_inventory_is_exact_and_standalone_with_zero_local_trust
9	PASS [   1.880s] ( 94/461) ken-elaborator::cat_sort_insertion_sort_acceptance entry_elaborates_with_exact_inventory_and_canonical_providers
9	PASS [   1.971s] ( 95/461) ken-elaborator::cc1_nonempty_validation_acceptance nonempty_loader_visible_inventory_is_exact
9	PASS [   4.703s] ( 96/461) ken-elaborator::cat_property_acceptance property_uses_derived_map_identity_for_gen_map
9	PASS [   1.070s] ( 97/461) ken-elaborator::cc4_diagnostic_core_acceptance diagnostics_reuses_the_canonical_lawful_classes_relation
9	PASS [   3.790s] ( 98/461) ken-elaborator::cc1_nonempty_validation_acceptance validation_ap_distinct_nonempty_nat_errors_keep_both_heads_in_order
9	PASS [   1.819s] ( 99/461) ken-elaborator::cc5_pretty_doc_acceptance group_and_alt_flip_at_the_exact_fitting_boundary
9	PASS [   1.967s] (100/461) ken-elaborator::cc6a_process_arguments_exit_acceptance derived_fixture_retains_lawfulclasses_for_cc6a_dependency_closure
9	PASS [   2.056s] (101/461) ken-elaborator::cc6a_process_arguments_exit_acceptance exit_policy_is_total_explicit_and_keeps_uint8_payloads
9	PASS [   0.268s] (102/461) ken-elaborator::class_field_purity surf2_d1_marked_instance_fields_and_projection_are_checked
9	PASS [   1.272s] (103/461) ken-elaborator::decimal_char_acceptance char_eq_and_ord_on_projection
9	PASS [   0.283s] (104/461) ken-elaborator::decimal_char_acceptance decimal_eq_same_value_both_alignments_true
9	PASS [   0.768s] (105/461) ken-elaborator::decimal_char_acceptance int_to_char_rejects_surrogate_and_oor
9	PASS [   0.450s] (106/461) ken-elaborator::dependent_match_context_telescope_acceptance captured_env_index_couples_goal_type_argument
9	PASS [   0.265s] (107/461) ken-elaborator::dependent_match_context_telescope_acceptance dependent_let_convoy_member_positive
9	PASS [   0.258s] (108/461) ken-elaborator::dependent_match_declared_index_plain_acceptance constant_motive_stays_green
9	PASS [   0.721s] (109/461) ken-elaborator::dependent_match_eigen_guard_localization dependent_guard_without_context_extension_uses_constructor_local_view
9	PASS [   0.007s] (110/461) ken-elaborator::dotted_module_path_parser use_is_retired_before_dotted_module_path_parsing
9	PASS [   6.152s] (111/461) ken-elaborator::cc8_env_config_decoder_acceptance invalid_utf8_environment_value_survives_the_full_pipeline
9	PASS [  21.236s] (112/461) ken-elaborator::b1_exact_denotation_alphabet real_resource_performs_derive_the_exact_lifecycle_alphabet
9	PASS [   0.501s] (113/461) ken-elaborator::ds5b_dependent_match_refinement_acceptance intervening_let_fresh_binder_inherits_branch_index_refinement
9	PASS [   6.122s] (114/461) ken-elaborator::cc8_env_config_decoder_acceptance ordered_closure_elaborates_schema_before_both_clients
9	PASS [   0.369s] (115/461) ken-elaborator::ds5b_dependent_match_refinement_acceptance let_interleaved_outer_binder_not_skipped_by_convoy
9	PASS [   0.009s] (116/461) ken-elaborator::ds7_applicative_monad_acceptance ac5_no_second_itree_bind_minted
9	PASS [   0.383s] (117/461) ken-elaborator::ds6c_intlit_elaborator_emission refl_still_accepted_on_a_genuinely_abstract_eq_shaped_goal
9	PASS [   0.463s] (118/461) ken-elaborator::ds8b_pure_into_proc_widening ac8_negative_effectful_witness_still_rejected_for_fn_field
9	PASS [   0.695s] (119/461) ken-elaborator::ds9_json_codec_acceptance intrinsic_all_lift_former_nested_pi_domain_remains_rejected
9	PASS [   2.284s] (120/461) ken-elaborator::ds4_list_combinators_acceptance zip_truncates_at_shorter_list_concrete_example
9	PASS [   2.220s] (121/461) ken-elaborator::ds6a_int_deceq_acceptance deceq_char_transports_from_deceq_int_not_a_fresh_postulate
9	PASS [   0.006s] (122/461) ken-elaborator::explicit_data_parser legacy_data_form_stays_simple_and_rejects_explicit_signatures
9	PASS [   0.695s] (123/461) ken-elaborator::explicit_data_elaboration same_level_universe_constructor_rejects_before_decoder_can_form
9	PASS [   0.723s] (124/461) ken-elaborator::es3_modules_acceptance strict_roots_parameterized_abstract_export_keeps_two_faces
9	PASS [   0.323s] (125/461) ken-elaborator::k3_literal_rollback reused_foreign_id_cannot_inherit_a_checked_string_view
9	PASS [   0.324s] (126/461) ken-elaborator::k3_literal_rollback reused_int_id_observes_its_own_value_not_an_old_string
9	PASS [   0.006s] (127/461) ken-elaborator::kenfmt_b1_lossless block_and_doc_comments_are_counted_for_attachment
9	PASS [   0.004s] (128/461) ken-elaborator::kenfmt_b1_lossless leading_trailing_and_interstitial_comments_have_stable_unique_homes
9	PASS [   0.005s] (129/461) ken-elaborator::kenfmt_b2_token_kind ac3_protected_payloads_are_byte_identical
9	PASS [   0.924s] (130/461) ken-elaborator::i4d_boundary_header_parser loader_projects_both_readers_and_admits_clause_changes_real_dispatch
9	PASS [   0.045s] (131/461) ken-elaborator::kenfmt_signature_layout batch3_stage1_breaks_high_and_keeps_each_fitting_child_horizontal
9	PASS [   0.005s] (132/461) ken-elaborator::kenfmt_signature_layout r2_r3_r4_r5_prefer_horizontal_when_the_construct_fits
9	PASS [   0.613s] (133/461) ken-elaborator::ken_md_literate ken_reject_with_invalid_body_check_passes
9	PASS [   0.265s] (134/461) ken-elaborator::l2_acceptance ac1_construct_then_eliminate_reduces
9	PASS [   0.263s] (135/461) ken-elaborator::l2_acceptance ac4_all_distinct_arms_accept
9	PASS [   0.634s] (136/461) ken-elaborator::ktr2_data_lowering_diagnostics unbound_lowercase_constructor_argument_is_unresolved
9	PASS [   3.860s] (137/461) ken-elaborator::ds7_applicative_monad_acceptance ac8_noncartesian_applicative_cannot_wire_into_monad
9	PASS [   0.268s] (138/461) ken-elaborator::l2_acceptance ac8_option_table_wrong_constructor_argument_still_rejects
9	PASS [   0.274s] (139/461) ken-elaborator::l2_acceptance duplicate_flat_arm_is_subsumed_by_exactly_one_earlier_arm
9	PASS [   0.281s] (140/461) ken-elaborator::l2_acceptance nested_ctor_pattern_accepted_and_reduces
9	PASS [   0.271s] (141/461) ken-elaborator::l3_strings_roundtrip_acceptance ac1_s2l_witness_is_always_a_valid_scalar
9	PASS [   0.288s] (142/461) ken-elaborator::l3_strings_roundtrip_acceptance ac2_round_trip_l2s_s2l_identity
9	PASS [   1.648s] (143/461) ken-elaborator::l3_strings_surface_acceptance derived_string_ops_reduce_over_real_roundtrip
9	PASS [   1.663s] (144/461) ken-elaborator::l3_strings_surface_acceptance list_append_and_bytes_concat_are_distinct_pure_operations
9	PASS [   1.679s] (145/461) ken-elaborator::l3_strings_surface_acceptance string_eq_codepoint_wise_accept_reject_pair
9	PASS [   0.278s] (146/461) ken-elaborator::l3a_acceptance list_pattern_matches_via_real_elim
9	PASS [   0.315s] (147/461) ken-elaborator::l6_acceptance fs_and_console_real_producer_rows_are_distinct
9	PASS [   0.608s] (148/461) ken-elaborator::l3b_acceptance user_deceq_instance_keys_map_via_real_search
9	PASS [   0.623s] (149/461) ken-elaborator::l3b_acceptance user_ord_instance_drives_verified_sort
9	PASS [   0.319s] (150/461) ken-elaborator::l_resolver_globals ac1_absent_name_still_errors
9	PASS [   0.589s] (151/461) ken-elaborator::l6_acceptance retired_placeholder_primitives_are_absent_and_trusted_base_shrinks
9	PASS [   0.005s] (152/461) ken-elaborator::lang_atom_start_classification_closure ac3_if_is_still_refused_as_an_argument_and_still_admitted_as_a_head
9	PASS [   0.112s] (153/461) ken-elaborator::lang_application_atom_if_rejection the_affirmative_rejection_is_located_at_the_if
9	PASS [   0.559s] (154/461) ken-elaborator::l_match_ih_fix_acceptance ac3_discriminating_pair_accepts_valid_rejects_ill_typed_sibling
9	PASS [   0.260s] (155/461) ken-elaborator::lang_constructor_namespace_shadowing_guard same_constructor_spelling_across_two_sum_families_is_rejected_with_both_sites
9	PASS [   0.005s] (156/461) ken-elaborator::lang_foreign_name_format_chars category_data_version_matches_the_pinned_workspace_unicode_data
9	PASS [   0.004s] (157/461) ken-elaborator::lang_foreign_name_format_chars hard_error_after_prior_repair_maps_to_document_coordinates
9	PASS [   0.006s] (158/461) ken-elaborator::lang_foreign_name_format_chars literate_hard_errors_rebase_to_document_spans_in_every_role
9	PASS [   0.283s] (159/461) ken-elaborator::lang_atom_start_classification_closure ac6_the_as_alias_exclusion_governs_the_pattern_position
9	PASS [   0.004s] (160/461) ken-elaborator::lang_lex_numeric_forms exponent_values_are_not_zeroed
9	PASS [   0.281s] (161/461) ken-elaborator::lang_foreign_name_control_chars span_points_at_the_offending_literal_not_the_foreign_keyword
9	PASS [   0.263s] (162/461) ken-elaborator::lang_match_as_pattern alias_collision_with_inner_binder_is_rejected_by_name
9	PASS [   0.443s] (163/461) ken-elaborator::lang_match_as_pattern alias_delegates_to_the_inner_patterns_subsumption_cause
9	PASS [   0.537s] (164/461) ken-elaborator::lang_instance_registry_identity_key the_same_nested_program_checks_without_rebinding
9	PASS [   0.266s] (165/461) ken-elaborator::lang_match_as_pattern top_level_constructor_alias_binds_the_whole_scrutinee
9	PASS [   0.319s] (166/461) ken-elaborator::lang_match_as_pattern top_level_variable_alias_remains_fail_closed
9	PASS [   0.319s] (167/461) ken-elaborator::lang_match_or_pattern definitionally_equal_common_context_binder_types_are_accepted
9	PASS [   0.633s] (168/461) ken-elaborator::lang_match_literal_patterns boolean_constructor_patterns_and_general_top_catchall_refusal_are_unchanged
9	PASS [   0.212s] (169/461) ken-elaborator::lang_match_or_pattern or_patterns_compose_inside_tuple_record_constructor_and_as_patterns
9	PASS [   0.189s] (170/461) ken-elaborator::lang_mod_catalog_completeness canonical_ord_result_is_strict_standalone_and_exports_one_identity
9	PASS [   0.656s] (171/461) ken-elaborator::lang_match_tuple_pattern arity_three_right_nests_and_supplies_every_body_binding
9	PASS [   1.395s] (172/461) ken-elaborator::lang_match_literal_patterns unsupported_carriers_fail_closed_with_the_named_row_and_carrier
9	PASS [   0.340s] (173/461) ken-elaborator::lang_mod_or_omega_param_elab multi_constructor_omega_result_remains_rejected
9	PASS [   0.271s] (174/461) ken-elaborator::lang_mod_pair_floor_realization pair_floor_remains_available_after_unrelated_loads
9	PASS [   0.272s] (175/461) ken-elaborator::lang_mod_pair_floor_realization strict_file_backed_proof_terminal_facade_keeps_kernel_intro_identity
9	PASS [   1.179s] (176/461) ken-elaborator::lang_mod_nat_floor_realization selective_import_floor_collision_rejects_but_renamed_and_qualified_access_accept
9	PASS [   0.282s] (177/461) ken-elaborator::lang_mod_strict_resolution_d1 one_roots_run_cannot_mix_legacy_and_strict_cache_entries
9	PASS [   0.550s] (178/461) ken-elaborator::lang_nested_former_recursion_acceptance ac_nested_former_fold_admitted_direct_stays_green
9	PASS [   2.641s] (179/461) ken-elaborator::lang_mod_catalog_completeness real_derived_consumer_reuses_canonical_logic_providers
9	PASS [   1.371s] (180/461) ken-elaborator::lang_mod_strict_resolution_d0 every_ambient_name_representation_reaches_its_current_route
9	PASS [   0.394s] (181/461) ken-elaborator::lang_qualified_constructor_privacy forge_trace_decl
9	PASS [   0.530s] (182/461) ken-elaborator::lang_qualified_constructors local_qualified_constructor_expression_preserves_bare_id
9	PASS [   0.502s] (183/461) ken-elaborator::lang_qualified_constructors local_qualified_constructor_pattern_uses_identity_for_coverage
9	PASS [   0.284s] (184/461) ken-elaborator::lang_qualified_constructors other_parent_buffer_cannot_index_resource_type
9	PASS [   0.299s] (185/461) ken-elaborator::lang_qualified_constructors scoped_constructor_leaf_can_be_selectively_imported_from_user
9	PASS [   0.274s] (186/461) ken-elaborator::lang_qualified_constructors scoped_member_spellings_are_available_to_user_declarations
9	PASS [   0.291s] (187/461) ken-elaborator::lang_roots_loader_local_instance_dict_scope distinct_local_collision_rejects_before_allocating_or_trusting_either_name
9	PASS [   0.577s] (188/461) ken-elaborator::lang_reserved_infix_names refused_aliases_keep_live_reserved_and_let_controls
9	PASS [   0.373s] (189/461) ken-elaborator::lang_standard_infix_call_completion ac9_a_role_bound_to_a_wrong_shaped_binding_is_refused_naming_the_role
9	PASS [   0.488s] (190/461) ken-elaborator::lang_standard_infix_call_completion a_rebound_fixed_argument_is_refused_before_builder_selection
9	PASS [   0.010s] (191/461) ken-elaborator::lang_surface_block_comments ac5_prefix_relations_enumerated
9	PASS [   0.012s] (192/461) ken-elaborator::lang_surface_block_comments ac8_doc_block_opener_closer_edge_cases
9	PASS [   0.013s] (193/461) ken-elaborator::lang_surface_pair comments_do_not_reset_projection_token_context
9	PASS [   0.342s] (194/461) ken-elaborator::lang_standard_infix_call_completion the_standard_fixities_govern_parsing_and_and_binds_tighter_than_or
9	PASS [   0.377s] (195/461) ken-elaborator::lang_surface_pair non_pair_projection_has_pair_specific_diagnostic
9	PASS [   0.280s] (196/461) ken-elaborator::lang_symbolic_operator_names symbolic_prefix_reference_remains_ordinary_application
9	PASS [   0.005s] (197/461) ken-elaborator::lang_truncation_surface_syntax ac6_lexed_token_fallback_canonicalizes_truncbar_in_an_unparseable_fragment
9	PASS [   0.329s] (198/461) ken-elaborator::lang_truncation_surface_syntax d2_trunc_intro_argument_is_checked_against_the_recovered_carrier
9	PASS [   0.763s] (199/461) ken-elaborator::let5_checking_mode_let singleton_let_preserves_checked_match_goal
9	PASS [   3.929s] (200/461) ken-elaborator::lang_qualified_constructor_privacy hidden_and_nonexistent_leaves_have_the_same_failure_class
9	PASS [   0.020s] (201/461) ken-elaborator::literal_escapes_lexer_unit ordinary_unterminated_literal_is_unaffected
9	PASS [   0.432s] (202/461) ken-elaborator::literal_escapes_conformance invalid_escape_span_precedes_unterminated
9	PASS [   1.985s] (203/461) ken-elaborator::lang_truncation_surface_syntax ac5_derives_exact_shape_elaborates_and_kernel_checks
9	PASS [   7.349s] (204/461) ken-elaborator::map_build_acceptance lookup_empty_law_is_a_real_reducing_proof
9	PASS [   7.325s] (205/461) ken-elaborator::map_build_acceptance map_total_leq_nat_preserves_proof_relevant_or_tags
9	PASS [   7.208s] (206/461) ken-elaborator::map_build_acceptance preservesordered_law1_is_a_real_general_proof_term
9	PASS [   0.307s] (207/461) ken-elaborator::mutual_recursion_surface_acceptance single_recursion_still_works_unaffected_by_the_grouping_pass
9	PASS [   0.366s] (208/461) ken-elaborator::nat_arithmetic_laws_acceptance all_laws_kernel_check_before_literate_examples
9	PASS [   0.005s] (209/461) ken-elaborator::nat_arithmetic_laws_acceptance tangled_source_stays_free_of_numeric_classes_and_trusted_declarations
9	PASS [   0.005s] (210/461) ken-elaborator::nc13_core_expression_lowering transparent_declaration_body_lowers_and_evaluates_through_runtime_ir
9	PASS [   1.255s] (211/461) ken-elaborator::nc14_data_match_lowering nested_recursive_bag_dropped_join_fold_reaches_nat_one
9	PASS [  22.591s] (212/461) ken-elaborator::kenfmt_c_capstone canonical_live_corpus_is_a_fixed_point
9	PASS [   0.011s] (213/461) ken-elaborator::nc14_data_match_lowering unsupported_dependent_motive_rejects_before_runtime_program_success
9	PASS [   0.266s] (214/461) ken-elaborator::nc14_data_match_lowering nested_recursive_bag_type_result_rejects_induction_hypothesis_spelling
9	PASS [   0.088s] (215/461) ken-elaborator::nc18_effects_foreign_boundary_ir missing_runtime_check_fact_rejects_before_runtime_success
9	PASS [   0.110s] (216/461) ken-elaborator::nc17_recursion_dictionaries_modules imported_declaration_ref_requires_exact_dependency_seed_identity
9	PASS [   0.256s] (217/461) ken-elaborator::proof_vocabulary mutual_scc_orders_dependencies_from_non_entry_members
9	PASS [   0.258s] (218/461) ken-elaborator::purity_keywords surf1_d2_proc_empty_row_must_earn_impurity
9	PASS [   1.113s] (219/461) ken-elaborator::px8f_buffer_io_surface checked_source_cannot_forge_or_project_buffer_handles
9	PASS [   1.137s] (220/461) ken-elaborator::px3_abi_scalars ac3_manifest_max_is_ok_and_max_plus_one_is_err_for_every_scalar
9	PASS [   0.004s] (221/461) ken-elaborator::px8f_buffer_io_surface positioned_operations_keep_the_landed_wire_identities
9	PASS [   0.616s] (222/461) ken-elaborator::px8f_buffer_io_surface checked_surface_is_public_but_proof_carrying_constructors_stay_private
9	PASS [   0.452s] (223/461) ken-elaborator::px9_revoked_unification resource_lifecycle_keeps_exact_non_revoked_arms_and_zero_new_trust
9	PASS [   0.529s] (224/461) ken-elaborator::px9_system_error_classification system_error_shape_wraps_filesystem_slots_and_preserves_ioerror_identity
9	PASS [   0.279s] (225/461) ken-elaborator::record_decl_form class_instance_projection_is_unchanged_in_a_record_program
9	PASS [   0.272s] (226/461) ken-elaborator::record_decl_form shared_field_labels_keep_class_and_record_owners_distinct
9	PASS [   0.586s] (227/461) ken-elaborator::rt_dasm_d1b_role_b_role_decode d1b_role_b_erasure_carries_the_exact_nat_role_identity_without_widening_the_closure
9	PASS [   6.885s] (228/461) ken-elaborator::map_build_acceptance tolist_ascending_by_key_on_hand_built_tree
9	PASS [   7.011s] (229/461) ken-elaborator::map_build_acceptance tolist_ascending_via_real_insert
9	PASS [   0.225s] (230/461) ken-elaborator::sct_completeness_repro shape_a_near_miss_recurses_on_unchanged_scrutinee_stays_rejected
9	PASS [   0.003s] (231/461) ken-elaborator::sec1_acceptance deferred_machinery_carries_reify_trigger
9	PASS [   0.003s] (232/461) ken-elaborator::sec1_acceptance distinguishing_pair_disproved_with_witness
9	PASS [   0.003s] (233/461) ken-elaborator::sec1_acceptance integrity_taint_rejected
9	PASS [   0.003s] (234/461) ken-elaborator::sec1ct_acceptance ct_value_steers_branch_guard_rejected
9	PASS [   0.267s] (235/461) ken-elaborator::sct_reconstruction_descent shape_b_bad_ack_still_rejected
9	PASS [   0.992s] (236/461) ken-elaborator::rt_dasm_d1b_role_c1_trusted_base_provenance c1_a_package_without_a_roster_is_refused
9	PASS [   0.408s] (237/461) ken-elaborator::sub1_bytes_structural_view ac4_both_runtime_roundtrip_directions_are_real_and_total
9	PASS [   0.372s] (238/461) ken-elaborator::surface_arrow_and_infix_acceptance minus_and_plus_are_left_associative
9	PASS [   0.126s] (239/461) ken-elaborator::surface_unicode surf1_d3_formatter_emits_canonical_unicode
9	PASS [   0.746s] (240/461) ken-elaborator::surface_arrow_and_infix_acceptance infix_star_matches_prefix_mul_int
9	PASS [   1.405s] (241/461) ken-elaborator::structural_deceq_acceptance structural_instances_are_checked_transparent_and_zero_delta
9	PASS [   0.323s] (242/461) ken-elaborator::surface_unicode surf1_d3_membership_glyph_is_not_let_delimiter
9	PASS [   0.006s] (243/461) ken-elaborator::surface_unicode surf1_d3_unicode_and_ascii_lex_to_same_tokens
9	PASS [   0.004s] (244/461) ken-elaborator::t1_acceptance mixed_rollup_refuted_dominates
9	PASS [   0.005s] (245/461) ken-elaborator::t1_acceptance countermodel_kind_round_trips_lossless
9	PASS [   0.004s] (246/461) ken-elaborator::t1_acceptance stable_field_drop_or_rename_rejected
9	PASS [   0.004s] (247/461) ken-elaborator::v3_acceptance bare_unsat_no_cert_is_unknown_not_proved
9	PASS [   0.004s] (248/461) ken-elaborator::v3_acceptance ipc_valid_propositional_proved
9	PASS [   0.262s] (249/461) ken-elaborator::v2_acceptance let_binding_adds_equation_to_gamma_placeholder
9	PASS [   0.617s] (250/461) ken-elaborator::surface_unicode surf1_d3_unicode_and_ascii_elaborate_identically
9	PASS [   1.722s] (251/461) ken-elaborator::v3_fo_checker_soundness_d1a_elaborator_divergence_finding control_fn_parameter_with_recursive_fn_equality_elaborates
9	PASS [   1.670s] (252/461) ken-elaborator::v3_fo_checker_soundness_d2_bool_inversion fok_and_right_naive_prebound_form_is_kernel_rejected
9	PASS [   1.877s] (253/461) ken-elaborator::v3_fo_checker_soundness_d2_bool_inversion fok_and_right_applies_to_a_concrete_true_true_instance
9	PASS [   1.609s] (254/461) ken-elaborator::v3_fo_checker_soundness_d2_bool_inversion fok_or_left_false_applies_to_a_concrete_false_false_instance
9	PASS [   1.574s] (255/461) ken-elaborator::v3_fo_checker_soundness_d2_bool_inversion fok_or_left_false_naive_prebound_form_is_kernel_rejected
9	PASS [   1.632s] (256/461) ken-elaborator::v3_fo_embedding_adequacy_d1 empty_carrier_and_total_scoped_atom_environment_are_writable
9	PASS [   0.006s] (257/461) ken-elaborator::v3_fo_obligation_signature_discovery_acceptance ambiguous_two_sort_obligation_is_refused_by_discovery_not_guessed
9	PASS [   0.006s] (258/461) ken-elaborator::v3_fo_obligation_signature_discovery_acceptance bottom_in_antecedent_does_not_overcollect_as_a_spurious_sort
9	PASS [   1.644s] (259/461) ken-elaborator::v3_fo_embedding_adequacy_d1 intrinsic_apparatus_passes_full_admission_with_zero_trust_delta
9	PASS [   0.109s] (260/461) ken-elaborator::v4_acceptance open_hole_typechecks_runs_in_trusted_base
9	PASS [   0.009s] (261/461) ken-elaborator::v4_acceptance three_regions_partition_keyed_to_verdict
9	PASS [   0.513s] (262/461) ken-elaborator::val1_string_literals is_even_nested_pattern_elaborates_and_reduces
9	PASS [   0.006s] (263/461) ken-foundation canonical::tests::bignum_minimal_limb
9	PASS [   0.005s] (264/461) ken-host abi_v1::tests::abi_s6_d4_file_acquire_raw_request_layout_is_exact
9	PASS [   0.030s] (265/461) ken-host abi_v1::tests::fs_rename_raw_dispatch_performs_the_exact_state_transition
9	PASS [   0.004s] (266/461) ken-host abi_v1::tests::native_dispatch_projects_revoked_path_as_the_distinct_ioerror_tag
9	PASS [   0.004s] (267/461) ken-host abi_v1::tests::positioned_future_generation_reifies_malformed_resource
9	PASS [   0.004s] (268/461) ken-host abi_v1::tests::whole_file_create_or_keep_preserves_a_concurrently_appearing_file
9	PASS [   0.023s] (269/461) ken-host effect_v1::tests::abi_s6_d2_mapping_views_share_bounds_and_enforce_origin_rights_and_lifetime
9	PASS [   0.004s] (270/461) ken-host effect_v1::tests::abi_s6_d4_file_acquire_reads_real_source_from_offset_zero
9	PASS [   0.004s] (271/461) ken-host effect_v1::tests::all_pre_resource_operations_share_one_semantic_dispatch
9	PASS [   0.005s] (272/461) ken-host effect_v1::tests::caller_control_release_invalidates_before_close_and_never_retries
9	PASS [   0.005s] (273/461) ken-host effect_wire::tests::ac1_every_new_request_survives_an_encode_decode_round_trip
9	PASS [   0.006s] (274/461) ken-host revocation_v1::tests::admissibility_rechecks_ancestors_after_leaf_was_observed_live
9	PASS [   2.071s] (275/461) ken-elaborator::v3_fo_ken_level_checker_authoring fok_check_cert_totally_rejects_malformed_certificates
9	PASS [   0.007s] (276/461) ken-interp console_io_tests::val1_c1_ret_returns_result
9	PASS [   0.051s] (277/461) ken-host tests::producer_inventory_is_bidirectional_and_sync_drift_is_discriminating
9	PASS [   0.008s] (278/461) ken-interp eff_tests::eff2_bind_graft_threads_response
9	PASS [   0.007s] (279/461) ken-interp eval::capacity_tests::interp_at_limit_repeat_does_not_trip
9	PASS [   0.006s] (280/461) ken-interp eval::px5b_effect_observation_tests::ac3b_the_deadline_decoder_refuses_a_second_argument
9	PASS [   0.009s] (281/461) ken-interp eval::px5b_effect_observation_tests::actual_raw_requests_survive_descriptor_collision
9	PASS [   0.005s] (282/461) ken-interp eval::px5b_effect_observation_tests::buffer_reservation_failure_reifies_the_checked_allocation_error
9	PASS [   0.004s] (283/461) ken-interp eval::px8r_create_or_keep_race_tests::posix_whole_file_create_or_keep_preserves_an_already_appeared_leaf
9	PASS [   0.006s] (284/461) ken-interp eval::px5b_effect_observation_tests::positioned_backend_unsupported_reifies_as_named_error
9	PASS [   0.006s] (285/461) ken-interp tests::agree_observational_corpus
9	PASS [   0.006s] (286/461) ken-interp tests::unknown_absent_when_hole_free
9	PASS [   0.018s] (287/461) ken-interp::b3_acceptance no_event_outside_perform_point
9	PASS [   0.021s] (288/461) ken-interp::b3_acceptance correlated_events_link_uncorrelated_dont
9	PASS [   0.280s] (289/461) ken-interp::elim_bool_dispatch_acceptance computed_bool_true_dispatches_to_first_method
9	PASS [   0.005s] (290/461) ken-interp::f2f3_acceptance bare_add_int8_no_overflow_still_computes
9	PASS [   0.281s] (291/461) ken-interp::i3_fs_floor named_errors_and_write_gate_are_total_and_discriminating
9	PASS [   0.007s] (292/461) ken-interp::k1p5_ih_wstyle_vis_fold_acceptance wstyle_pair_valued_fold_threads_state_through_vis
9	PASS [   0.006s] (293/461) ken-interp::k1p5_ih_wstyle_vis_fold_acceptance wstyle_unused_ih_is_dead_code_skipped
9	PASS [   0.276s] (294/461) ken-interp::l1_acceptance ac3_overflow_obligation_dischargeable_structure
9	PASS [   0.286s] (295/461) ken-interp::l1_acceptance ac3_overflow_obligation_emitted_int32
9	PASS [   0.427s] (296/461) ken-interp::l1_acceptance sec62_abstract_add_is_neutral
9	PASS [   0.012s] (297/461) ken-interp::leq_int_acceptance derived_lt_composes_leq_and_not
9	PASS [   0.832s] (298/461) ken-interp::nc12_runtime_ir_evaluator source_derived_package_identity_survives_into_runtime_ir_report
9	PASS [   0.670s] (299/461) ken-interp::nc7_differential_trust_report unsupported_preflight_report_emits_no_differential_claim
9	PASS [   5.215s] (300/461) ken-elaborator::v3_fo_sorted_eigenparameter_refuting_cert bound_object_eigen_step_has_no_constructor_encoding_on_the_ken_surface
9	PASS [   0.290s] (301/461) ken-interp::px8p_checked_buffer malformed_and_policy_invalid_capacities_have_exact_distinct_errors
9	PASS [   0.043s] (302/461) ken-kernel check::tests::let_check_rejects_wrong_outer_expected_type
9	PASS [   0.006s] (303/461) ken-kernel conv::tests::control_delegating_map_g_flips_open_comparison_to_true
9	PASS [   0.005s] (304/461) ken-kernel conv::tests::framed_case2_same_const_spine_does_zero_delta_unfold
9	PASS [   0.005s] (305/461) ken-kernel conv::tests::trunc_congruence_accepts_convertible_interior_and_rejects_distinct_interior
9	PASS [   0.005s] (306/461) ken-kernel inductive::tests::iota_reduct_wrong_level_arity_errors_not_panics
9	PASS [   0.003s] (307/461) ken-kernel sct::tests::is_exact_reconstruction_wrong_ctor_rejected
9	PASS [   0.214s] (308/461) ken-kernel::acceptance ac3_sigma_projection_beta
9	PASS [   0.014s] (309/461) ken-kernel::acceptance ac4_elim_nat_iota_suc_var
9	PASS [   0.009s] (310/461) ken-kernel::acceptance ac5_negative_under_pi_rejected
9	PASS [   0.011s] (311/461) ken-kernel::acceptance ac7_eta_expansion_terminates
9	PASS [   0.012s] (312/461) ken-kernel::acceptance k2_omega_skip_prop_args
9	PASS [   0.011s] (313/461) ken-kernel::acceptance k2_uip_definitional
9	PASS [   0.048s] (314/461) ken-kernel::ax2_named_postulate_inertness trusted_base_stays_id_shaped_and_resolves_shared_labels
9	PASS [   0.119s] (315/461) ken-kernel::conv_eq_congruence eq_congruence_reconstructed_lhs_converts
9	PASS [   0.893s] (316/461) ken-interp::nc9_proof_erasure_boundary_checker ken_checker_rejects_dropped_metadata_with_named_lane
9	PASS [   0.059s] (317/461) ken-kernel::ds6b_intlit_eq_reduction large_literal_does_not_diverge
9	PASS [   0.058s] (318/461) ken-kernel::eq_at_inductive_multifield_binder two_field_unequal_later_field_witness_discriminates
9	PASS [   0.188s] (319/461) ken-kernel::k1p5_wstyle ac1_negative_bad_rejected
9	PASS [   0.185s] (320/461) ken-kernel::k1p5_wstyle ac1_w_type_admitted
9	PASS [   0.005s] (321/461) ken-kernel::k1p5_wstyle ac2_elim_uses_ih_flips
9	PASS [   0.031s] (322/461) ken-kernel::k2c_conversion unit_eta_tt_and_var
9	PASS [   0.035s] (323/461) ken-kernel::k2c_conversion sct_reject_bare_self_reference
9	PASS [   0.172s] (324/461) ken-kernel::k5_omega_fragment absurd_discharges_type_motive_from_constructor_disjoint_hypothesis
9	PASS [   0.173s] (325/461) ken-kernel::k5_omega_fragment antisym_shaped_case_split_both_branches
9	PASS [   0.006s] (326/461) ken-kernel::k5_omega_fragment neutral_index_equality_cannot_feed_type_absurd
9	PASS [   0.009s] (327/461) ken-kernel::k7_eq_at_inductive_whnf bool_leq_fixture_reduces_as_designed
9	PASS [   0.006s] (328/461) ken-kernel::k7_eq_at_inductive_whnf eq_at_inductive_already_constructor_headed_operand_unaffected
9	PASS [   0.008s] (329/461) ken-kernel::ktr1_constructor_universe_gate incomparable_symbolic_level_is_rejected_closed
9	PASS [   0.008s] (330/461) ken-kernel::nested_inductives_remaining polarity_producer_covers_all_four_positions_with_independent_mutations
9	PASS [   0.007s] (331/461) ken-kernel::nested_inductives_remaining production_nested_lift_is_consumed_and_iota_computes
9	PASS [   0.006s] (332/461) ken-kernel::nested_inductives_remaining seed_bound_head_is_unknown_and_rejected
9	PASS [   0.010s] (333/461) ken-kernel::obs_eq_termination_congruence allkeys_two_predicate_spellings_converts
9	PASS [   0.016s] (334/461) ken-kernel::recursive_head_totality_d0 d0_distinct_recursive_map_requires_normal_child_exit
9	PASS [   0.138s] (335/461) ken-runtime activation_abi::tests::a_profile_from_a_layout_this_runtime_does_not_implement_is_refused
9	PASS [   0.220s] (336/461) ken-runtime boundary_resource_profile::tests::a_missing_profile_is_distinguishable_from_exhaustion_and_names_its_stage
9	PASS [   0.005s] (337/461) ken-runtime boundary_value::reservation_units_tests::reservation_failure_reports_nodes_in_logical_nodes_not_backing_cells
9	PASS [   0.553s] (338/461) ken-runtime activation_abi::tests::the_c_abi_drives_the_whole_lifecycle_with_handles_and_statuses_only
9	PASS [   0.982s] (339/461) ken-runtime boundary_value_clif::tests::b2v_emitted_code_constructs_one_selected_host_result_payload
9	PASS [   0.121s] (340/461) ken-runtime boundary_value_clif::tests::b2v_equal_values_share_one_persistent_referent
9	PASS [   0.905s] (341/461) ken-runtime boundary_value_clif::tests::b2v_emitted_code_projects_a_nested_aggregate
9	PASS [   0.027s] (342/461) ken-runtime boundary_value_clif::tests::d3_a_lawful_byte_span_yields_a_usable_pointer_and_length
9	PASS [   0.004s] (343/461) ken-runtime canonical::tests::ac_v8_bigint_trailing_zero_limbs_agree_with_canonical_identity
9	PASS [   0.078s] (344/461) ken-runtime boundary_value_clif::tests::b2v_every_emitted_class_guard_is_the_plans
9	PASS [   0.079s] (345/461) ken-runtime canonical::tests::map_ordering_deterministic
9	PASS [   0.205s] (346/461) ken-runtime cranelift_backend::artifact::api::tests::nc22_imported_dependency_lowers_as_stable_unsupported_native_lane
9	PASS [   0.006s] (347/461) ken-runtime cranelift_backend::artifact::api::tests::nc22_runtime_ir_report_identity_mismatch_rejects_before_native_lowering
9	PASS [   0.005s] (348/461) ken-runtime cranelift_backend::artifact::api::tests::nc8_certificate_rejects_add_int_var_bound_to_bool_payload
9	PASS [   0.007s] (349/461) ken-runtime cranelift_backend::artifact::tests::px8i_local_helpers_reject_invalid_zero_stale_and_wrong_arena_slots
9	PASS [   0.175s] (350/461) ken-runtime cranelift_backend::grafted_spine_control_graph::tests::branch_and_reconvergence_allows_two_realizable_paths_to_one_terminal
9	PASS [   0.005s] (351/461) ken-runtime cranelift_backend::grafted_spine_control_graph::tests::terminal_moved_to_body_rejects_at_terminal_kind_layer
9	PASS [   0.452s] (352/461) ken-runtime cranelift_backend::artifact::api::tests::a_package_backed_program_without_a_role_record_refuses_before_lowering
9	PASS [   0.011s] (353/461) ken-runtime cranelift_backend::lowering::boundary::tests::b2v_ac3_every_variant_carries_exactly_one_of_the_five_static_policies
9	PASS [   0.035s] (354/461) ken-runtime cranelift_backend::lowering::boundary::tests::recut2_the_emitted_helper_graph_changes_when_the_tag_sets_change
9	PASS [   0.005s] (355/461) ken-runtime cranelift_backend::lowering::core::branched_scrutinee_unit_body_port_tests::plain_match_declared_body_units_refuse_disagreement_and_the_mutation_discriminates
9	PASS [   0.117s] (356/461) ken-runtime cranelift_backend::lowering::core::tests::constructors::a_missing_diagnostic_child_that_was_already_absent_is_not_a_mutation_hit
9	PASS [   0.192s] (357/461) ken-runtime cranelift_backend::lowering::aggregates::tests::a_call_use_coordinate_substitution_is_inert_for_a_self_authorizing_aggregate
9	PASS [   0.010s] (358/461) ken-runtime cranelift_backend::lowering::core::tests::constructors::a_mixed_phase_capture_run_without_a_planner_issued_contract_rejects
9	PASS [   0.031s] (359/461) ken-runtime cranelift_backend::lowering::core::tests::constructors::b2f_d9_a_value_past_the_field_takes_the_spill_arm
9	PASS [   0.007s] (360/461) ken-runtime cranelift_backend::lowering::core::tests::constructors::c1_d3_producer_screens_admissibility_before_it_touches_the_carrier
9	PASS [   0.025s] (361/461) ken-runtime cranelift_backend::lowering::core::tests::constructors::c1_d4_ac_c5_a_reordered_record_projects_the_same_field
9	PASS [   0.060s] (362/461) ken-runtime cranelift_backend::lowering::core::tests::constructors::c1_d3_ac_c4_a_carried_recursive_position_builds_its_hypothesis_and_eliminates
9	PASS [   0.005s] (363/461) ken-runtime cranelift_backend::lowering::core::tests::constructors::dynamic_constructor_duplicate_tag_and_identity_reject_exactly
9	PASS [   0.015s] (364/461) ken-runtime cranelift_backend::lowering::core::tests::constructors::carried_bool_family_refuses_a_mixed_extra_case_pre_arm
9	PASS [   0.006s] (365/461) ken-runtime cranelift_backend::lowering::core::tests::constructors::heterogeneous_first_ordinary_missing_selects_exact_default
9	PASS [   0.144s] (366/461) ken-runtime cranelift_backend::lowering::core::tests::constructors::dynamic_host_result_producer_well_formed_control_emits
9	PASS [   0.007s] (367/461) ken-runtime cranelift_backend::lowering::core::tests::constructors::static_worker_as_aggregate_field_is_transported_and_non_materializable
9	PASS [   0.138s] (368/461) ken-runtime cranelift_backend::lowering::core::tests::constructors::nested_computational_producer_well_formed_control_emits
9	PASS [   0.016s] (369/461) ken-runtime cranelift_backend::lowering::core::tests::control::checked_join_marker_without_exact_plan_site_rejects_before_emission
9	PASS [   0.028s] (370/461) ken-runtime cranelift_backend::lowering::core::tests::control::a_retained_body_is_defined_once_even_when_called_twice
9	PASS [   0.004s] (371/461) ken-runtime cranelift_backend::lowering::core::tests::control::the_bare_source_term_detector_catches_the_shape_it_is_looking_for
9	PASS [   0.051s] (372/461) ken-runtime cranelift_backend::lowering::core::tests::control::the_retained_body_helper_is_visible_only_inside_lowering
9	PASS [   0.066s] (373/461) ken-runtime cranelift_backend::lowering::core::tests::control::px8j_selected_scope_partitions_differ_across_the_real_return_hole
9	PASS [   0.024s] (374/461) ken-runtime cranelift_backend::lowering::core::tests::effects::borrowed_ingress_bytes_at_preserves_safe_none_bounds
9	PASS [   0.004s] (375/461) ken-runtime cranelift_backend::lowering::core::tests::effects::mapping_window_seats_are_either_phase_without_widening_buffer_freeze
9	PASS [   0.048s] (376/461) ken-runtime cranelift_backend::lowering::core::tests::effects::d7_non_unit_fixed_role_reaches_ordinary_aggregate_allocation
9	PASS [   0.027s] (377/461) ken-runtime cranelift_backend::lowering::core::tests::effects::px8n_bounded_nat_rejects_zero_over_bound_misaligned_and_wrapping_progress
9	PASS [   0.016s] (378/461) ken-runtime cranelift_backend::lowering::core::tests::effects::px8n_decrement_and_raw_scalar_mutations_fail_the_structural_oracle
9	PASS [   0.113s] (379/461) ken-runtime cranelift_backend::lowering::core::tests::every_origin_to_expression_resolution_goes_through_the_single_route
9	PASS [   0.019s] (380/461) ken-runtime cranelift_backend::lowering::core::tests::every_source_term_carrier_holds_an_occurrence_and_never_a_bare_expression
9	PASS [   0.271s] (381/461) ken-runtime cranelift_backend::lowering::core::tests::effects::px8i_positioned_start_and_metadata_promote_u64_above_i64_max
9	PASS [   0.084s] (382/461) ken-runtime cranelift_backend::lowering::core::tests::host_call_carrier::an_unrepresentable_transfer_is_refused_before_any_unit_is_declared
9	PASS [   0.028s] (383/461) ken-runtime cranelift_backend::lowering::core::tests::host_call_carrier::b2f_emits_one_defined_target_unit_per_planned_function_unit
9	PASS [   0.025s] (384/461) ken-runtime cranelift_backend::lowering::core::tests::host_call_carrier::d2_ac6_1_the_canonical_seed_runs_through_the_ported_callee_unit
9	PASS [   0.039s] (385/461) ken-runtime cranelift_backend::lowering::core::tests::host_call_carrier::d5_the_recursion_group_axis_is_inert_on_a_self_call_and_causal_on_the_mutual_pair
9	PASS [   0.041s] (386/461) ken-runtime cranelift_backend::lowering::core::tests::host_call_carrier::d8_mixed_host_result_uses_one_uniform_carrier_conversion_per_predecessor
9	PASS [   0.030s] (387/461) ken-runtime cranelift_backend::lowering::core::tests::positional_candidate_settlement::ced_d2_the_inline_candidate_settles_after_the_bridge_and_is_not_a_call_obligation
9	PASS [   0.068s] (388/461) ken-runtime cranelift_backend::lowering::core::tests::host_call_carrier::typed_trap_exit_identity_and_caller_protocol_mutations_are_discriminating
9	PASS [   0.031s] (389/461) ken-runtime cranelift_backend::lowering::core::tests::positional_candidate_settlement::d3_both_binding_seats_obey_one_conversion_law
9	PASS [   0.055s] (390/461) ken-runtime cranelift_backend::lowering::core::tests::recursor_fusion::r3_fused_nonempty_producer_captures_refuse_before_emission
9	PASS [   0.097s] (391/461) ken-runtime cranelift_backend::lowering::core::tests::source_frame_bridge::d8g_the_composed_selected_argument_reaches_its_target_at_the_shared_emitter
9	PASS [   0.160s] (392/461) ken-runtime cranelift_backend::lowering::core::tests::source_frame_bridge::d6c_each_moved_selection_input_is_refused_by_the_guard_that_owns_it_before_emission
9	PASS [   0.038s] (393/461) ken-runtime cranelift_backend::lowering::core::tests::source_frame_bridge::d8n_checked_frame_consumption_is_per_function_not_per_compile
9	PASS [   0.025s] (394/461) ken-runtime cranelift_backend::lowering::core::tests::specialization_binding::d5a_a_superseded_worker_body_keeps_its_raw_descriptor_authority
9	PASS [   0.032s] (395/461) ken-runtime cranelift_backend::lowering::core::tests::specialization_binding::d5a_the_landed_object_fixture_consumes_its_ih_marker_before_emitting_the_worker_call
9	PASS [   0.004s] (396/461) ken-runtime cranelift_backend::lowering::seed_material::tests::every_ground_value_variant_encodes_to_a_distinct_tag
9	PASS [   0.045s] (397/461) ken-runtime cranelift_backend::lowering::source::tests::d6b_calling_the_selected_recursive_argument_in_the_ordinary_unit_copy_fails_closed_at_the_carrier
9	PASS [   0.146s] (398/461) ken-runtime cranelift_backend::lowering::core::tests::specialization_binding::d3c_an_entry_abi_root_position_is_not_the_immediate_position_under_a_binder
9	PASS [   0.007s] (399/461) ken-runtime cranelift_backend::lowering::source::tests::ordinary_match_backedge_forward_preserves_both_routing_axes
9	PASS [   0.006s] (400/461) ken-runtime cranelift_backend::lowering::units::admitted_matches_role_sequence::a_source_only_permutation_is_refused
9	PASS [   0.009s] (401/461) ken-runtime cranelift_backend::planning::static_transition::aggregates::checked_ih_captured_env_schema::a_capture_free_continuation_unit_receives_no_checked_ih_record
9	PASS [   0.006s] (402/461) ken-runtime cranelift_backend::planning::static_transition::aggregates::checked_ih_captured_env_schema::a_seed_sourced_capture_is_refused_rather_than_admitted
9	PASS [   0.008s] (403/461) ken-runtime cranelift_backend::planning::static_transition::aggregates::checked_ih_captured_env_schema::an_integrity_defect_in_the_envelope_refuses_rather_than_dropping_the_unit
9	PASS [   0.007s] (404/461) ken-runtime cranelift_backend::planning::static_transition::aggregates::checked_ih_captured_env_schema::the_record_declares_a_positional_child_model_for_its_arity
9	PASS [   0.063s] (405/461) ken-runtime cranelift_backend::lowering::source::tests::d8f_the_declined_call_does_not_answer_for_the_checked_identity
9	PASS [   0.011s] (406/461) ken-runtime cranelift_backend::planning::static_transition::aggregates::checked_ih_captured_env_schema::transport_field_order_and_input_morphism_are_fail_closed
9	PASS [   0.006s] (407/461) ken-runtime cranelift_backend::planning::static_transition::aggregates::tests::checked_ih_purity_follows_static_callee_body_and_rejects_suspended_vis
9	PASS [   0.010s] (408/461) ken-runtime cranelift_backend::planning::static_transition::closure::tests::b2o_check_every_function_unit_error_site_has_an_exact_disposition
9	PASS [   0.006s] (409/461) ken-runtime cranelift_backend::planning::static_transition::closure::tests::boundary_b1r_control_1_swapping_equal_shaped_occurrence_material_is_rejected
9	PASS [   0.018s] (410/461) ken-runtime cranelift_backend::planning::static_transition::closure::tests::boundary_b1_semantics_are_discovery_order_and_dynamic_state_independent
9	PASS [   0.016s] (411/461) ken-runtime cranelift_backend::planning::static_transition::closure::tests::boundary_b1r_control_3_duplicating_a_material_record_origin_is_rejected
9	PASS [   0.018s] (412/461) ken-runtime cranelift_backend::planning::static_transition::closure::tests::boundary_c1_equal_name_bytes_have_one_canonical_span
9	PASS [   0.009s] (413/461) ken-runtime cranelift_backend::planning::static_transition::closure::tests::boundary_c1_identity_capability_refuses_wrong_kind_and_cardinality
9	PASS [   0.013s] (414/461) ken-runtime cranelift_backend::planning::static_transition::closure::tests::d7_1c_an_omitted_or_misclassified_member_reds_in_planning
9	PASS [   0.009s] (415/461) ken-runtime cranelift_backend::planning::static_transition::construction::tests::boundary_a_topology_is_identical_to_the_pre_d9_planner
9	PASS [   0.026s] (416/461) ken-runtime cranelift_backend::planning::static_transition::closure::tests::source_return_ownership_guards_fail_closed_on_exact_cross_wires
9	PASS [   0.007s] (417/461) ken-runtime cranelift_backend::planning::static_transition::construction::tests::d4_the_declaration_call_partition_follows_the_seed_class
9	PASS [   0.028s] (418/461) ken-runtime cranelift_backend::planning::static_transition::continuations::fusion::tests::d2e_ih_binding_survives_let_and_nested_match_indirection
9	PASS [   0.010s] (419/461) ken-runtime cranelift_backend::planning::static_transition::continuations::tests::contsrc_d3a_validator_rederives_a_producer_local_source
9	PASS [   0.043s] (420/461) ken-runtime cranelift_backend::planning::static_transition::continuations::fusion::tests::d2f_3_one_region_is_taken_over_exactly_once_or_the_closeout_fails
9	PASS [   0.009s] (421/461) ken-runtime cranelift_backend::planning::static_transition::continuations::tests::contsrc_producer_local_coordinate_is_refused_by_both_planner_consumers
9	PASS [   0.005s] (422/461) ken-runtime cranelift_backend::planning::static_transition::continuations::tests::d3_an_imported_capture_on_a_declaration_owned_unit_is_refused
9	PASS [   0.006s] (423/461) ken-runtime cranelift_backend::planning::static_transition::continuations::tests::d3_the_callable_declaration_boundary_carries_typed_transport
9	PASS [   0.006s] (424/461) ken-runtime cranelift_backend::planning::static_transition::immediate_bridge::tests::a_plan_mutation_does_not_leak_past_its_scope
9	PASS [   0.005s] (425/461) ken-runtime cranelift_backend::planning::static_transition::immediate_bridge::tests::lifted_compile_time_constructor_match_producer_is_heterogeneous
9	PASS [   0.005s] (426/461) ken-runtime cranelift_backend::planning::static_transition::immediate_bridge::tests::lifted_differential_same_expr_opposite_verdicts_across_one_binder
9	PASS [   0.006s] (427/461) ken-runtime cranelift_backend::planning::static_transition::immediate_bridge::tests::new_intent_a_var_producer_is_not_heterogeneous
9	PASS [   0.120s] (428/461) ken-runtime cranelift_backend::planning::static_transition::joins_traps::tests::d8_callable_summary_removal_reds_at_the_plan_boundary
9	PASS [   0.117s] (429/461) ken-runtime cranelift_backend::planning::static_transition::joins_traps::tests::d8_variable_seed_mutation_reds_at_the_plan_boundary
9	PASS [   0.007s] (430/461) ken-runtime cranelift_backend::planning::static_transition::occurrences::tests::substrate_occurrence_owner_and_lifetime_are_exact
9	PASS [   0.008s] (431/461) ken-runtime cranelift_backend::planning::static_transition::selected_pending_calls::tests::second_raw_ih_read_refuses_before_the_checked_route_gate
9	PASS [   0.004s] (432/461) ken-runtime cranelift_backend::surface::surface_diagnostics_tests::validated_run_error_prefixes_validation_but_delegates_backend_verbatim
9	PASS [   0.051s] (433/461) ken-runtime executable_artifact_contract::tests::native_and_toolchain_facts_cannot_be_semantic_authority
9	PASS [   0.055s] (434/461) ken-runtime executable_artifact_contract::tests::available_toolchain_fact_rejects_blank_value_or_evidence_source
9	PASS [   0.005s] (435/461) ken-runtime executable_entrypoint_packaging::tests::stale_entrypoint_metadata_identity_rejects_after_hash_refresh_attack
9	PASS [   0.006s] (436/461) ken-runtime executable_entrypoint_packaging::tests::blocked_runtime_lowerability_rejects_even_with_closed_entrypoint_claim
9	PASS [   0.004s] (437/461) ken-runtime ir::tests::acf2_default_trap_message_is_load_bearing
9	PASS [   0.006s] (438/461) ken-runtime ir::tests::frame_header_encoding_is_unambiguous_at_field_boundaries
9	PASS [   1.513s] (439/461) ken-runtime native_execution_differential::tests::forged_object_linker_hash_rejects_unsupported_package_kind
9	PASS [   1.590s] (440/461) ken-runtime native_execution_differential::tests::closeout_classifies_deferred_effect_policy_as_unavailable
9	PASS [   1.610s] (441/461) ken-runtime native_execution_differential::tests::reports_tested_native_runtime_and_interpreter_agreement
9	PASS [   0.005s] (442/461) ken-runtime native_int::tests::multiplication_has_no_i128_ceiling
9	PASS [   1.695s] (443/461) ken-runtime native_execution_differential::tests::missing_effect_authority_reports_represented_unavailable
9	PASS [   0.022s] (444/461) ken-runtime object_linker_packaging::tests::aggregate_observation_rejects_as_non_scalar_smoke_lane
9	PASS [   0.006s] (445/461) ken-runtime object_linker_packaging::tests::forged_entrypoint_package_version_rejects_before_linking
9	PASS [   0.035s] (446/461) ken-runtime object_linker_packaging::tests::carried_loop_header_edges_keep_their_distinct_control_words
9	PASS [   0.005s] (447/461) ken-runtime oriented_subcontinuation_plan::tests::control_parent_cannot_cross_prompt_regions
9	PASS [   0.006s] (448/461) ken-runtime platform_runtime_support::tests::runtime_ir_run_report_must_evaluate_packaged_entrypoint
9	PASS [   0.005s] (449/461) ken-runtime platform_runtime_support::tests::stale_entrypoint_package_hash_rejects_before_runtime_support
9	PASS [   0.008s] (450/461) ken-runtime store::tests::dedup_shares_slot
9	PASS [   0.004s] (451/461) ken-runtime unknown::tests::standard_boolean_cases_hold
9	PASS [   0.005s] (452/461) ken-runtime unknown::tests::unknown_or_unknown_is_unknown
9	PASS [   0.185s] (453/461) ken-runtime::value_depth_totality ac_v3c_recursive_clone_dies_on_the_real_carrier_at_depth_d
9	PASS [   0.015s] (454/461) ken-runtime::value_depth_totality all_chain_variants_covers_every_arm_the_mixed_fixture_nests
9	PASS [   0.046s] (455/461) ken-verify catalog::tests::imported_catalog_partition_is_exact_and_closed
9	PASS [   2.478s] (456/461) ken-runtime object_linker_packaging::tests::nonprocess_starter_preserves_selected_call_integrity_from_real_gate
9	PASS [  22.240s] (457/461) ken-interp::b3_acceptance trace_events_are_checked_against_the_one_b1_alphabet
9	PASS [  49.924s] (458/461) ken-elaborator::px8x_static_export_projection real_checked_buffer_denotation_emits_direct_delegated_body
9	PASS [  30.337s] (459/461) ken-verify scenario::tests::directory_change_mode_matches_across_real_twin_roots
9	PASS [  65.193s] (460/461) ken-verify scenario::tests::fs_append_file_real_artifact_exercises_all_path_policy_refusals
9	PASS [  98.782s] (461/461) ken-verify scenario::tests::fs_rename_real_artifact_exercises_both_path_policy_operands
