2	0.474	ken-cli::i8_clock_effect	undeclared_clock_row_is_a_named_effect_escape	PASS
2	0.484	ken-cli::ken_check_mode	check_io_shaped_file_also_exits_zero_without_running_io	PASS
2	0.014	ken-cli::ken_check_mode	check_missing_argument_uses_own_subcommand_name	PASS
2	0.493	ken-cli	entrypoint_tests::anone_readfile_reaches_named_denial_before_capture_host_syscall	PASS
2	0.335	ken-cli::library_documentation_gates	check_and_write_modes_never_mutate_the_ledger	PASS
2	0.014	ken-cli::library_documentation_gates	field_lines_inside_open_arrays_detects_the_reported_shape	PASS
2	0.012	ken-cli::library_documentation_gates	slugify_matches_the_proposals_own_worked_anchor	PASS
2	0.496	ken-cli::ken_md_literate_cli	ken_run_rejects_a_stale_reject_block	PASS
2	0.491	ken-cli::library_documentation_gates	content_currency_gate_rejects_a_drifted_cited_source_and_recovers	PASS
2	1.101	ken-cli::deterministic_app	checked_application_exposes_the_real_dispatch_observation	PASS
2	0.966	ken-cli::px4b_native_production	naked_process_ir_helpers_are_not_public_production_api	PASS
2	51.941	ken-cli::px4b_native_production	host_reply_selects_the_continuation_outcome	PASS
2	51.908	ken-cli::px7l_checked_host_recursive_bind	static_direct_vis_retains_the_existing_lowering_path	PASS
2	59.182	ken-cli::px8h_heterogeneous_continuation	zero_step_preserves_the_direct_payload_direction	PASS
2	102.502	ken-cli::mrc_4a_cross_crate_census	mrc_4a_cross_crate_census_and_its_controls	PASS
2	47.126	ken-cli::rt_planner_seed_binding_order	two_different_type_parameters_read_after_a_bind_keep_their_values	PASS
2	60.602	ken-cli::rt_branched_scrutinee_unit_body_port	suppressing_match_branch_entry_is_a_recorder_positive_control	PASS
2	0.458	ken-cli::t2_acceptance	ac5_definition_usable_in_check	PASS
2	0.009	ken-elaborator	checked_core::tests::body_view_preserves_arbitrary_precision_integer_literals	PASS
2	0.008	ken-elaborator	checked_core::tests::body_view_recovers_package_bound_primitive_literal_and_application	PASS
2	0.007	ken-elaborator	checked_core::tests::body_view_recovers_target_and_reachable_declaration_bodies	PASS
2	0.008	ken-elaborator	checked_core::tests::body_view_rejects_unjustified_impossible_branch	PASS
2	0.007	ken-elaborator	checked_core::tests::body_view_rejects_unjustified_partial_primitive_contract	PASS
2	0.577	ken-elaborator	compiler_driver::tests::executable_entrypoint_packages_but_rejects_runtime_arguments	PASS
2	0.510	ken-elaborator	compiler_driver::tests::real_source_reaches_checked_core_and_selects_stable_target	PASS
2	0.570	ken-elaborator	compiler_driver::tests::target_closure_reports_imported_refs_and_dictionary_runtime_fields	PASS
2	0.008	ken-elaborator	elab::match_matrix_occurrence_tests::pending_sibling_is_not_weakened_before_its_binder_exists	PASS
2	0.007	ken-elaborator	elab::match_matrix_occurrence_tests::two_level_split_rebases_top_nested_child_and_tail_occurrences	PASS
2	0.430	ken-elaborator	elab::missing_pattern_witness_diagnostic_strictness_tests::globals_pruned_kernel_resolvable_id_degrades_instead_of_panicking	PASS
2	0.008	ken-elaborator	elab::nested_lift_association_tests::swapped_lift_association_mutation_rejects	PASS
2	0.431	ken-elaborator	elab::omega_index_refinement_tests::omega_branch_goal_plan_reuses_the_pinned_direct_j_constructor	PASS
2	0.434	ken-elaborator	elab::result_transport_control_flow_tests::non_family_result_shape_still_uses_whole_index_fallback	PASS
2	0.007	ken-elaborator	erasure::px7l_tests::checked_ih_morphism_preserves_the_plan_ordinal_and_maps_it_to_runtime_four	PASS
2	0.007	ken-elaborator	erasure::px7l_tests::finish_rejects_an_unconsumed_computational_ih_call_seed	PASS
2	0.007	ken-elaborator	erasure::px7l_tests::static_and_runtime_selected_capability_policies_are_exhaustively_identical	PASS
2	0.008	ken-elaborator	export::resource_lifetime_hash_tests::descriptor_participates_in_hash_and_specializes_in_canonical_order	PASS
2	0.007	ken-elaborator	modules::namespace_effect_tests::ambient_local_import_of_distinct_identity_refuses_with_honest_sources	PASS
2	0.428	ken-elaborator	modules::namespace_effect_tests::file_import_constructor_pattern_keeps_provider_checked_identity	PASS
2	1.699	ken-elaborator	modules::namespace_effect_tests::generated_instance_import_refuses_stale_provider_in_either_order	PASS
2	1.701	ken-elaborator	modules::namespace_effect_tests::in_memory_root_import_keeps_earlier_declared_child	PASS
2	0.436	ken-elaborator	modules::namespace_effect_tests::inline_child_owner_and_sibling_import_use_declaration_provenance	PASS
2	3.337	ken-elaborator	modules::namespace_effect_tests::proved_source_redeclarations_fail_at_prebind_without_global_allocation	PASS
2	0.009	ken-elaborator	modules::namespace_effect_tests::pub_wrapper_preserves_complete_owned_leaf_effects	PASS
2	1.703	ken-elaborator	modules::namespace_effect_tests::qualified_alias_and_selective_imports_bind_their_distinct_access_paths	PASS
2	0.008	ken-elaborator	parser::as_pattern_precedence_tests::constructor_application_binds_tighter_than_as	PASS
2	0.007	ken-elaborator	parser::as_pattern_precedence_tests::tuple_pattern_retains_surface_arity_while_parentheses_group	PASS
2	0.432	ken-elaborator	r_layer_tests::acceptance::existing_invariants_still_green	PASS
2	7.175	ken-elaborator	r_layer_tests::cat_bool_pub_export::primitive_class_owner_instances_are_canonical_across_isolated_consumers	PASS
2	87.930	ken-cli::rt_cold_lowering_path_enumeration	rt_write_readonly_stage	PASS
2	5.420	ken-elaborator	r_layer_tests::cat_priority_queue_acceptance::kernel_checked_program_structure_derives_right_spine_costs	PASS
2	49.057	ken-cli::rt_selected_pending_call_admission	selected_pending_call_admits_validated_owner_without_a_package	PASS
2	43.735	ken-elaborator	r_layer_tests::cat_tier_d_decoder_import::parsing_decoder_unconsumed_siblings_remain_private	PASS
2	8.674	ken-elaborator	r_layer_tests::cat_tier_d_parsing_group_import::process_arguments_loader_visible_inventory_is_exact_and_coherent	PASS
2	97.645	ken-cli::rt_selected_pending_call_admission	selected_pending_write_arm_controls_agree_across_executors	PASS
2	8.567	ken-elaborator	r_layer_tests::cat_tier_d_posix_import::filesystem_path_posix_loader_visible_inventory_is_exact_and_usable	PASS
2	0.011	ken-elaborator	r_layer_tests::cat_tier_e_json_import::json_selective_import_ledger_is_exact	PASS
2	3.379	ken-elaborator	r_layer_tests::cc6b_path_posix_acceptance::ordered_dependency_closure_elaborates_path_package	PASS
2	0.453	ken-elaborator	r_layer_tests::constrained_instance_elaboration::compound_named_and_bare_d_boundaries_are_discriminating	PASS
2	0.008	ken-elaborator	r_layer_tests::ds1_empty_dec_acceptance::ac1_mechanism_probe_no_method_wrong_domain_rejected	PASS
2	0.449	ken-elaborator	r_layer_tests::ds1_empty_dec_acceptance::ac3_trusted_base_delta_is_ordinary_inductive_admission_only	PASS
2	6.774	ken-elaborator	r_layer_tests::cat_tier_e_json_import::json_loader_visible_inventory_is_exact	PASS
2	0.008	ken-elaborator	r_layer_tests::effects::eff_declared_matches_used_accepted	PASS
2	0.007	ken-elaborator	r_layer_tests::effects::eff_pure_default_is_effect_free	PASS
2	0.007	ken-elaborator	r_layer_tests::effects::itree_ret_is_pure	PASS
2	0.007	ken-elaborator	r_layer_tests::effects::pure_view_usable_in_pure_context	PASS
2	0.007	ken-elaborator	r_layer_tests::effects::row_poly_concrete_caller_substitution	PASS
2	0.010	ken-elaborator	r_layer_tests::effects::space_operation_row_inference_and_escape	PASS
2	0.008	ken-elaborator	r_layer_tests::kenfmt_b3_layout::ac1_wide_inscope_export_wraps_under_canonical_width	PASS
2	0.012	ken-elaborator	r_layer_tests::kenfmt_b3_layout::selective_import_items_wrap_without_inventory_or_fixed_point_drift	PASS
2	1.788	ken-elaborator	r_layer_tests::ds1_empty_dec_acceptance::ac4_bridge_demonstrated_over_deceq_bool_not_only_deceq_int	PASS
2	0.013	ken-elaborator	r_layer_tests::kenfmt_let_layout::ac3_ac4_nested_simple_bindings_fit_or_break_as_one_typed_chain	PASS
2	0.915	ken-elaborator	r_layer_tests::lang_fixity_decl_surface::agreeing_fixity_is_idempotent_and_conflict_names_both_sites	PASS
2	0.454	ken-elaborator	r_layer_tests::lang_fixity_decl_surface::fixity_propagates_through_reexported_canonical_identity	PASS
2	0.454	ken-elaborator	r_layer_tests::lang_fixity_decl_surface::mutual_symbolic_group_reassociates_after_all_members_are_preadmitted	PASS
2	0.621	ken-elaborator	r_layer_tests::lang_structural_result_elab::binary_omega_residual_method_recheck_is_a_transition_sentinel	PASS
2	0.624	ken-elaborator	r_layer_tests::lang_structural_result_elab::omega_selector_accepts_unary_residual_all_through_full_pipeline	PASS
2	0.911	ken-elaborator	r_layer_tests::lang_structural_result_elab::ordinary_let_binding_inside_lifted_arm_is_exactly_out_of_scope	PASS
2	0.477	ken-elaborator	r_layer_tests::lang_structural_result_elab::validated_nested_results_elaborate_and_kernel_check	PASS
2	0.453	ken-elaborator	r_layer_tests::lang_structural_result_elab::wildcard_slot_is_not_a_surface_addressable_recursive_result_operand	PASS
2	0.920	ken-elaborator	r_layer_tests::lc_acceptance::ac1_same_key_resolves_same_canonical	PASS
2	0.909	ken-elaborator	r_layer_tests::let4_multi_binding::ac2_ac3_group_and_nested_forms_resolve_and_lower_identically	PASS
2	0.008	ken-elaborator	r_layer_tests::n4_program_admits::anonymous_headers_parse_structurally_and_named_headers_reject_at_name	PASS
2	0.446	ken-elaborator	r_layer_tests::n4_program_admits::single_source_package_self_admits_without_program	PASS
2	0.008	ken-elaborator	seal2_tests::producer_closure::certificate_rejects_an_unenumerated_aliased_producer_root	PASS
2	0.468	ken-elaborator	seal2_tests::producer_closure::closed_oracle_sees_carrier_off_head_under_result	PASS
2	0.465	ken-elaborator	seal2_tests::producer_closure::one_field_class_has_the_exact_singleton_owner_field_population	PASS
2	79.891	ken-elaborator	r_layer_tests::cat_tier_d_parsing_group_import::parsing_module_implementation_siblings_remain_private	PASS
2	110.299	ken-elaborator	r_layer_tests::cat_priority_queue_acceptance::bounded_4216_traces_match_independent_literal_multisets	PASS
2	0.007	ken-elaborator::b2_acceptance	inert_to_conversion	PASS
2	44.617	ken-elaborator::b1_acceptance	proved_postcondition_projects_to_q	PASS
2	45.933	ken-elaborator::b2_acceptance	temporal_non_host_signature_rejects_same_family_sibling	PASS
2	0.432	ken-elaborator::case_eq_dependent_match_sugar	three_constructor_enum_is_not_bool_hardcoded	PASS
2	2.625	ken-elaborator::cat3_collections_package	slice_width_is_end_minus_start_through_production_slice	PASS
2	4.389	ken-elaborator::cat5_parsing_package	cat5_d1_old_unconstrained_source_constructor_rejected	PASS
2	4.354	ken-elaborator::cat5_parsing_package	cat5_d2_failed_parser_carries_same_source_valid_span	PASS
2	4.862	ken-elaborator::cat5_parsing_package	cat5_d2_legacy_caller_budget_repetition_is_not_exported	PASS
2	43.590	ken-elaborator::b2_acceptance	temporal_symbols_consume_the_one_checked_b1_alphabet	PASS
2	1.295	ken-elaborator::cat_codec_import	codec_direct_provider_is_exact_canonical_transport_cong	PASS
2	4.408	ken-elaborator::cat5_parsing_package	cat5_d2_parser_result_surface_is_total_and_located	PASS
2	0.440	ken-elaborator::cat_codec_import	codec_owned_inventory_is_exact_and_standalone_with_zero_trust	PASS
2	2.640	ken-elaborator::cat_derived_pub_export	derived_exports_all_ten_operation_identities	PASS
2	82.335	ken-elaborator::b1_exact_denotation_alphabet	same_family_host_operations_have_distinct_signatures_and_hashes	PASS
2	0.480	ken-elaborator::cat_sums_combinators_closeout	sums_direct_loader_surface_is_exact_canonical_is_some	PASS
2	4.019	ken-elaborator::cc4_diagnostic_core_acceptance	diagnostic_core_loader_surface_and_carrier_shapes_are_exact	PASS
2	10.229	ken-elaborator::cat_deque_closeout	deque_direct_provider_inventory_is_exact_and_canonical	PASS
2	0.468	ken-elaborator::class_field_purity	surf2_d1_unmarked_classes_and_sort_discriminant_stay_status_quo	PASS
2	2.784	ken-elaborator::compare_ord_lexicographic_acceptance	structural_ord_instances_and_all_laws_are_checked_zero_delta	PASS
2	10.247	ken-elaborator::cc7_argparse_acceptance	cc7_is_a_zero_trust_specialization_with_no_second_universe	PASS
2	0.423	ken-elaborator::conversions_acceptance	float_conversion_floor_out_of_scope	PASS
2	0.503	ken-elaborator::dependent_match_coherent_frame_acceptance	genuinely_false_reachable_branch_stays_rejected	PASS
2	0.477	ken-elaborator::dependent_match_declared_index_plain_acceptance	concrete_bind_method_is_green	PASS
2	0.476	ken-elaborator::dependent_match_wstyle_acceptance	ac1b_itree_vis_dependent_branch_domain_elaborates	PASS
2	0.008	ken-elaborator::dotted_module_path_parser	selective_import_accepts_a_dotted_module_path	PASS
2	3.598	ken-elaborator::conversions_acceptance	ac4_saturating_add_clamps_at_boundary_every_width	PASS
2	1.962	ken-elaborator::ds2_ord_nat_acceptance	entry_elaborates_with_every_checked_fence	PASS
2	10.847	ken-elaborator::cc7_argparse_acceptance	invalid_utf8_option_value_survives_byte_identically	PASS
2	0.434	ken-elaborator::ds5b_dependent_match_refinement_acceptance	omega_classified_reindexed_position_uses_kernel_checked_transport	PASS
2	2.923	ken-elaborator::ds3_sum_combinators_acceptance	trusted_base_delta_is_empty_across_the_file	PASS
2	2.808	ken-elaborator::ds4_list_combinators_acceptance	ac8_non_involutive_witness_rejected_for_reverse_involutive	PASS
2	0.473	ken-elaborator::ds6c_intlit_elaborator_emission	interpreter_evaluates_real_elaborated_intlit	PASS
2	0.548	ken-elaborator::ds6c_intlit_elaborator_emission	trusted_base_delta_is_exactly_empty_not_a_shrink	PASS
2	3.420	ken-elaborator::ds6a_int_deceq_acceptance	unregistered_primitive_equality_stays_neutral	PASS
2	6.619	ken-elaborator::ds8_traversable_acceptance	ac8_identity_law_witness_swap_is_rejected	PASS
2	0.430	ken-elaborator::ds8b_pure_into_proc_widening	non_regression_malformed_proc_field_marker_still_rejected_at_class_decl	PASS
2	6.799	ken-elaborator::ds8_traversable_acceptance	compose_ap_cmp_is_present_and_kernel_checked	PASS
2	0.671	ken-elaborator::es2_acceptance	bool_is_a_real_inductive	PASS
2	6.421	ken-elaborator::ds8_traversable_acceptance	entry_elaborates_with_every_checked_fence	PASS
2	2.789	ken-elaborator::either_catalog_package_acceptance	swap_involutive_concrete_examples	PASS
2	3.234	ken-elaborator::es4_classes_acceptance	classes_are_transparent_structure_records_zero_delta	PASS
2	3.248	ken-elaborator::es4_classes_acceptance	eq_and_deceq_int_instances_are_the_ds6a_certificate_posture	PASS
2	0.479	ken-elaborator::explicit_data_elaboration	negative_recursive_occurrence_rejects_through_kernel_gate	PASS
2	0.007	ken-elaborator::explicit_data_parser	legacy_data_accepts_named_constructor_field_sugar	PASS
2	0.460	ken-elaborator::explicit_data_elaboration	type_possible_indexed_constructor_is_still_required	PASS
2	0.426	ken-elaborator::fr2_absurd_collision_hygiene	legacy_data_ctor_named_refl_is_a_hard_error	PASS
2	0.473	ken-elaborator::generated_index_evidence_closure	generated_evidence_rejection_vocabulary_is_not_user_refl_vocabulary	PASS
2	0.441	ken-elaborator::generated_index_evidence_closure	generated_record_index_reflexivity_closes_top_first_child	PASS
2	0.007	ken-elaborator::i4d_boundary_header_parser	every_boundary_surface_failure_has_its_named_diagnostic	PASS
2	2.770	ken-elaborator::es4_classes_acceptance	eq_bool_is_a_complete_zero_delta_instance	PASS
2	0.475	ken-elaborator::i4d_boundary_header_parser	direct_file_reader_preserves_manifest_without_minting_or_trust_growth	PASS
2	0.485	ken-elaborator::i7_env_process_projectors_acceptance	both_packages_elaborate_as_transparent_structural_projectors	PASS
2	0.006	ken-elaborator::k5_absurd_trusted_base	absurd_proof_position_counted_in_trusted_base_delta	PASS
2	0.006	ken-elaborator::ken_md_literate	unrecognized_ken_role_is_a_hard_extraction_error	PASS
2	0.421	ken-elaborator::k3_literal_char_view	checked_char_literal_and_view_head_reduce_via_derived_char_to_int	PASS
2	0.456	ken-elaborator::k3_literal_char_view	occurrences_convert_from_values_not_literal_ids_and_other_ops_remain_neutral	PASS
2	0.010	ken-elaborator::kenfmt_signature_layout	r1_signature_fit_and_split_ladder_are_exact	PASS
2	0.439	ken-elaborator::kernel_conv_congruence_closure	omega_congruence_is_reached_by_checked_ken_source	PASS
2	0.453	ken-elaborator::l3_strings_roundtrip_acceptance	ac2_s2l_injectivity_over_normalized_strings	PASS
2	2.568	ken-elaborator::kenfmt_c_capstone	balanced_corpus_rejects_the_known_over_width_splay_shape	PASS
2	0.450	ken-elaborator::l3a_acceptance	string_is_not_list_char_but_convertible	PASS
2	0.446	ken-elaborator::l3a_recursive_view_smoke	poly_match_return_elaborates	PASS
2	2.754	ken-elaborator::l3_strings_surface_acceptance	string_compare_3way_lexicographic_triple	PASS
2	0.420	ken-elaborator::l7_acceptance	foreign_decl_binds_typed_effect_rowed	PASS
2	0.420	ken-elaborator::l7_acceptance	foreign_world_action_needs_row_and_capability	PASS
2	4.850	ken-elaborator::kenfmt_b1_lossless	whole_catalog_and_every_parseable_ken_fence_round_trip_byte_exactly	PASS
2	1.283	ken-elaborator::l4_export_reexport	roots_loader_prop_intro_follows_only_imported_family_paths	PASS
2	0.421	ken-elaborator::l7_acceptance	pure_foreign_assumption_rides_p_not_q	PASS
2	0.464	ken-elaborator::l7_acceptance	unprovable_foreign_ensures_emits_runtime_check	PASS
2	0.007	ken-elaborator::lang_application_atom_if_rejection	grouped_and_leading_if_are_unaffected	PASS
2	0.007	ken-elaborator::lang_atom_start_classification_closure	ac2_the_self_delimiting_bar_still_nests_and_groups	PASS
2	0.006	ken-elaborator::lang_bare_operator_atom_rejection	ac_baseline_unrelated_sources_are_unaffected	PASS
2	0.467	ken-elaborator::l7_acceptance	verified_component_foreign_call_and_roundtrip_proof	PASS
2	0.006	ken-elaborator::lang_foreign_name_format_chars	feff_after_offset_zero_is_rejected	PASS
2	0.007	ken-elaborator::lang_foreign_name_format_chars	formatter_inverse_preserves_string_and_character_values	PASS
2	0.006	ken-elaborator::lang_foreign_name_format_chars	formatter_recovery_route_uses_the_same_whole_source_guard	PASS
2	0.006	ken-elaborator::lang_foreign_name_format_chars	formatter_split_keeps_non_literal_occurrences_as_typed_errors	PASS
2	0.421	ken-elaborator::l7_acceptance	world_foreign_without_row_rejected	PASS
2	0.476	ken-elaborator::lang_foreign_name_control_chars	library_name_containing_escaped_nul_rejects	PASS
2	0.477	ken-elaborator::lang_instance_registry_identity_key	absent_old_prerequisite_remains_no_instance	PASS
2	0.886	ken-elaborator::lang_match_guards	multiple_guards_fall_through_in_source_order	PASS
2	0.907	ken-elaborator::lang_match_or_pattern	top_level_wildcard_and_variable_alternatives_remain_refused	PASS
2	1.660	ken-elaborator::lang_mod_catalog_completeness	lawful_local_pair_proofs_do_not_extend_the_derived_subject_namespace	PASS
2	1.763	ken-elaborator::lang_mod_catalog_realization	strict_slice_stays_closed_and_floor_nat_reuses_existing_identity	PASS
2	0.428	ken-elaborator::lang_mod_nat_floor_realization	public_wrapper_all_renamed_data_preserves_local_parentage	PASS
2	0.847	ken-elaborator::lang_mod_nat_floor_realization	strict_floor_export_allocates_nothing_and_nonmember_prod_rejects	PASS
2	1.655	ken-elaborator::lang_mod_pair_floor_realization	floor_pair_positive_path_unfolds_to_sigma	PASS
2	0.421	ken-elaborator::lang_mod_pub_eligibility	eligible_pub_definition_is_accepted_and_exported	PASS
2	1.745	ken-elaborator::lang_mod_pair_floor_realization	strict_bare_pair_floor_name_matrix_accepts_exact_ids	PASS
2	0.516	ken-elaborator::lang_mod_pub_eligibility	postfix_derive_accepts_ordinary_and_rejects_public_clause	PASS
2	0.790	ken-elaborator::lang_prelude_floor_fifteen	strict_entry_rejects_forged_pre_source_floor_identity	PASS
2	1.603	ken-elaborator::lang_mod_strict_resolution_d0	vector_strict_floor_provider_transition_sentinel	PASS
2	1.254	ken-elaborator::lang_prelude_floor_fifteen	strict_five_proposition_members_resolve_canonically_and_and_does_not	PASS
2	0.643	ken-elaborator::lang_qualified_constructor_privacy	buffer_resource_file	PASS
2	0.528	ken-elaborator::lang_qualified_constructor_privacy	forge_buffer_file	PASS
2	0.466	ken-elaborator::lang_qualified_constructor_privacy	forge_span_file	PASS
2	0.477	ken-elaborator::lang_qualified_constructors	qualified_resource_type_matches_prescoping_bare_checked_term	PASS
2	0.463	ken-elaborator::lang_roots_loader_local_instance_dict_scope	private_class_dictionary_stays_off_the_owner_surface	PASS
2	0.912	ken-elaborator::lang_roots_loader_local_instance_dict_scope	later_inline_class_import_refuses_an_external_file_provider	PASS
2	0.007	ken-elaborator::lang_surface_block_comments	ac2_two_level_nesting	PASS
2	0.007	ken-elaborator::lang_surface_block_comments	ac4_unterminated_errors_have_spans_in_both_scanners	PASS
2	0.477	ken-elaborator::lang_roots_loader_local_instance_dict_scope	strict_same_unit_instance_and_derive_names_select_the_synthesized_canonicals	PASS
2	0.007	ken-elaborator::lang_surface_int_precision	huge_downstream_numeric_carrier_reaches_eval_exactly	PASS
2	0.474	ken-elaborator::lang_surface_if	argument_let_and_nested_else_binding_are_reachable	PASS
2	0.480	ken-elaborator::lang_surface_int_precision	kernel_equality_decides_equal_large_surface_spellings	PASS
2	0.479	ken-elaborator::lang_symbolic_operator_names	fixed_plus_still_elaborates_as_addition	PASS
2	0.481	ken-elaborator::lang_truncation_surface_syntax	d1_formation_wraps_a_full_expression_and_nests	PASS
2	0.007	ken-elaborator::literal_escapes_lexer_unit	byte_escape_malformed_spans_end_at_the_offending_character	PASS
2	0.006	ken-elaborator::literal_escapes_lexer_unit	incomplete_escape_takes_precedence_over_unterminated	PASS
2	148.690	ken-elaborator	r_layer_tests::kenfmt_b4_splicing::ac6_whole_literate_corpus_preserves_prose_ast_and_idempotence_read_only	PASS
2	11.422	ken-elaborator::lang_membership_operator_surface	raw_tree_is_refused_while_the_ordered_key_view_is_admitted	PASS
2	2.708	ken-elaborator::lang_type_projection_surface_form	the_two_projection_grammars_are_not_subsets_of_each_other	PASS
2	0.006	ken-elaborator::match_arm_glyph	match_arm_spellings_share_one_token	PASS
2	1.350	ken-elaborator::n1_duplicate_definition	totally_reserved_sugar_names_keep_the_existing_hard_error	PASS
2	0.533	ken-elaborator::nat_arithmetic_laws_acceptance	canonical_operations_compute_on_concrete_naturals	PASS
2	0.521	ken-elaborator::nat_arithmetic_laws_acceptance	entry_elaborates_and_registers_the_free_laws	PASS
2	0.007	ken-elaborator::nc13_core_expression_lowering	implicit_lexical_capture_rejects_loudly	PASS
2	0.009	ken-elaborator::nc14_data_match_lowering	missing_match_branch_data_rejects_before_runtime_program_success	PASS
2	1.025	ken-elaborator::nc14_data_match_lowering	option_match_payload_binding_lowers_and_matches_interpreter	PASS
2	0.008	ken-elaborator::nc15_record_sigma_lowering	runtime_record_projection_from_constructed_sigma_lowers_and_evaluates	PASS
2	0.007	ken-elaborator::nc16_primitive_value_lowering	safe_bytes_at_lowering_returns_none_and_carries_bounds_obligation	PASS
2	0.010	ken-elaborator::nc17_recursion_dictionaries_modules	recursive_body_view_lowers_to_explicit_runtime_declaration_ref	PASS
2	0.471	ken-elaborator::purity_keywords	surf1_d2_pure_arity_mismatches_reject	PASS
2	12.662	ken-elaborator::map_build_acceptance	cat4_union_intersection_difference_execute_over_nat	PASS
2	12.059	ken-elaborator::map_build_acceptance	fold_agrees_with_left_fold_over_tolist	PASS
2	0.433	ken-elaborator::px9_file_error_to_system	bridge_is_total_transparent_and_preserves_every_file_error_field	PASS
2	0.580	ken-elaborator::px8f_buffer_io_surface	buffer_span_producer_closure_is_derived_from_public_globals	PASS
2	12.336	ken-elaborator::map_build_acceptance	lookuplocality_law3_is_a_real_general_proof_term	PASS
2	0.441	ken-elaborator::record_decl_form	point_named_projections_are_typed_through_the_shared_owner_registry	PASS
2	0.472	ken-elaborator::record_index_sigma_closure	multi_constructor_component_projection_boundary_remains_fail_closed	PASS
2	0.438	ken-elaborator::record_index_sigma_closure	one_field_refinement_chains_both_sigma_components	PASS
2	0.006	ken-elaborator::sec1_acceptance	by_proof_trichotomy_cross_case_sweep	PASS
2	0.006	ken-elaborator::sec1_acceptance	combine_raises_label	PASS
2	0.006	ken-elaborator::sec1_acceptance	ct_value_steers_leakage_sink_rejected	PASS
2	0.005	ken-elaborator::sec1_acceptance	declassify_authorised_accepts_and_listed	PASS
2	0.007	ken-elaborator::sec2_acceptance	no_row_view_is_inert_rejected	PASS
2	0.487	ken-elaborator::record_literal	named_literals_follow_declaration_order_not_written_order	PASS
2	0.431	ken-elaborator::sec4_acceptance	closed_literal_equalities_bypass_refl_via_top_and_bottom	PASS
2	0.007	ken-elaborator::surf_space_cells_p1	ac_s1_spec_counter_example_parses_verbatim	PASS
2	0.464	ken-elaborator::sub1_bytes_structural_view	ac2_trusted_base_delta_is_exactly_the_named_pair_and_propositions	PASS
2	0.441	ken-elaborator::surf_space_cells_p1	ac_s4_write_core_is_bind_get_then_put	PASS
2	0.433	ken-elaborator::surf_space_cells_p1	nested_block_space_is_a_specific_surface_refusal	PASS
2	0.916	ken-elaborator::surf_space_cells_p1	ac_s5_space_body_effects_use_the_existing_escape_judgment	PASS
2	2.818	ken-elaborator::record_index_refinement_acceptance	ac3_inversion_probe_reaches_the_arm_body_using_constructor_fields	PASS
2	0.884	ken-elaborator::surface_arrow_and_infix_acceptance	infix_minus_matches_prefix_sub_int	PASS
2	0.461	ken-elaborator::surface_arrow_in_expr_acceptance	arrow_let_bound_is_a_real_pi	PASS
2	0.477	ken-elaborator::surface_arrow_in_expr_acceptance	arrow_returned_from_view_body_is_a_real_pi	PASS
2	0.432	ken-elaborator::surface_named_proof_claims	qualified_module_import_exposes_prop_intro_through_family_path	PASS
2	0.007	ken-elaborator::surface_unicode	surf1_d3_ascii_identifier_boundary_rejects_non_ascii_letters	PASS
2	0.006	ken-elaborator::surface_unicode	surf1_d3_invisible_identifier_character_renders_escaped_not_raw	PASS
2	0.477	ken-elaborator::surface_named_proof_claims	public_attached_proof_requires_public_subject	PASS
2	0.006	ken-elaborator::t1_acceptance	glivenko_wire_sweep_classically_valid_never_false	PASS
2	0.474	ken-elaborator::surface_transport_acceptance	j_elaborates_to_a_real_term_j_node	PASS
2	0.430	ken-elaborator::v1_acceptance	obligation_hole_set_exposed_to_v2	PASS
2	0.468	ken-elaborator::v1_acceptance	epistemic_projection_distinct	PASS
2	0.468	ken-elaborator::v1_acceptance	old_fails_closed_while_ordinary_space_ensures_remains_live	PASS
2	0.425	ken-elaborator::v1_acceptance	refinement_lowers_to_carrier	PASS
2	0.470	ken-elaborator::v1_acceptance	requires_elaborates_to_pi_proof_arg	PASS
2	0.007	ken-elaborator::v2_acceptance	recursive_fn_per_ctor_obligation_with_ih_placeholder	PASS
2	0.007	ken-elaborator::v3_acceptance	discharged_goal_cert_kernel_accepts	PASS
2	0.478	ken-elaborator::v2_acceptance	decoupled_from_sigma_sort	PASS
2	0.429	ken-elaborator::v2_acceptance	forgetful_coercion_emits_nothing	PASS
2	2.889	ken-elaborator::v3_fo_checker_soundness_d1a_rule_correspondence	forall_obj_right_constructor_and_checker_reject_a_nonfresh_eigenparameter	PASS
2	2.567	ken-elaborator::v3_fo_checker_soundness_d1b_reflection	d1b_reflection_adds_no_trusted_base_entry	PASS
2	2.720	ken-elaborator::v3_fo_checker_soundness_d1a_rule_correspondence	init_constructor_and_checker_reject_a_changed_principal_index	PASS
2	2.765	ken-elaborator::v3_fo_ken_level_checker_authoring	certificate_sort_validation_parameter_world_object_role_pair	PASS
2	0.021	ken-elaborator::v3_fo_sorted_eigenparameter_refuting_cert	corrected_search_finds_a_planted_comparable_witness	PASS
2	0.019	ken-elaborator::v4_acceptance	evidence_consumed_unchanged_from_v3	PASS
2	0.023	ken-elaborator::v4_acceptance	no_slice_action_for_refuted_goal	PASS
2	0.013	ken-elaborator::v4_acceptance	unknown_propagates_in_strict_position	PASS
2	3.026	ken-elaborator::v3_fo_ken_level_checker_authoring	fok_form_eq_agrees_with_rust_partial_eq_field_level	PASS
2	0.550	ken-elaborator::val1_string_literals	ackermann_sct_gap_closed	PASS
2	0.019	ken-foundation	store::tests::map_ordering_shares_slot	PASS
2	0.014	ken-host	abi_m1_d0_probe::the_family_projections_partition_the_flat_facts	PASS
2	0.013	ken-host	abi_v1::tests::console_read_raw_dispatch_no_longer_falls_to_the_deferred_boundary	PASS
2	0.014	ken-host	abi_v1::tests::manifest_mismatch_fails_before_context_creation	PASS
2	0.013	ken-host	effect_v1::tests::abi_s6_d1_finalizer_distinguishes_mapping_unmap_from_buffer_drop	PASS
2	0.013	ken-host	effect_v1::tests::abi_s6_d1_mapping_is_opaque_lineage_bound_and_terminally_unmapped	PASS
2	0.013	ken-host	effect_v1::tests::ac3c_entropy_needs_no_capability_token_while_a_gated_op_still_does	PASS
2	0.014	ken-host	effect_v1::tests::ac4_entropy_reports_unavailable_rather_than_supplying_bytes_from_elsewhere	PASS
2	0.015	ken-host	effect_v1::tests::every_catalog_or_layout_value_mutation_changes_the_manifest_hash	PASS
2	0.017	ken-host	effect_wire::tests::abi_s1_sync_modes_round_trip_distinct_and_fail_closed	PASS
2	0.013	ken-host	mapping_v1::tests::consumed_mapping_is_actually_unmapped	PASS
2	0.015	ken-host	mapping_v1::tests::file_mapping_flags_are_private_not_shared_or_anonymous	PASS
2	0.013	ken-host	revocation_v1::tests::node_ids_are_monotonic_never_reused_and_nominally_distinct	PASS
2	0.017	ken-interp	console_io_tests::val1_c2_write_prints_and_resumes	PASS
2	0.018	ken-interp	eval::f1_bignum_tests::f1_dedup_content_address_stable_across_paths	PASS
2	0.015	ken-interp	eval::nfc_construction_tests::nfc_consumers_observe_normalized_literal_value	PASS
2	0.017	ken-interp	eval::px5b_effect_observation_tests::ac3_sleep_until_is_refused_on_a_path_that_still_serves_an_available_op	PASS
2	0.013	ken-interp	eval::px5b_effect_observation_tests::positioned_backend_broken_pipe_reifies_distinct_from_interrupted	PASS
2	0.010	ken-interp	eval::px5b_effect_observation_tests::producer_returns_the_imported_observation	PASS
2	0.009	ken-interp	eval::px5b_effect_observation_tests::rt_parity_malformed_read_offset_precedes_closed_resource	PASS
2	0.644	ken-elaborator::val1_string_literals	fizzbuzz_classification_elaborates	PASS
2	0.009	ken-interp	eval::px5b_effect_observation_tests::rt_parity_short_read_reifies_remaining_and_request_budget	PASS
2	0.015	ken-interp	tests::unknown_strict_and_kleene_table	PASS
2	0.006	ken-interp::ds6b_intlit_eq_reduction_cross_layer	kernel_and_interp_agree_on_distinct_bigints	PASS
2	0.436	ken-interp	tests::g1_end_to_end	PASS
2	0.534	ken-interp::effect_composition_synthetic_peel_probe	nested_wrap_peels_through_multiple_layers_to_the_synthetic_base_tag	PASS
2	0.006	ken-interp::f2f3_acceptance	ac3_all_bare_fixed_width_arms_degrade_on_overflow	PASS
2	0.434	ken-interp::effect_composition_synthetic_peel_probe	no_coproduct_ids_disables_peeling	PASS
2	0.533	ken-interp::i2_console_floor	broken_pipe_is_the_named_ioerror_value	PASS
2	0.433	ken-interp::i2_console_floor	console_surface_and_package_are_zero_trust_definitions	PASS
2	0.518	ken-interp::i5_scoped_capability	symlink_policy_pairs_reach_the_real_dispatch_and_resolver	PASS
2	0.009	ken-interp::k1p5_ih_wstyle_vis_fold_acceptance	wstyle_ih_folds_at_depth_two	PASS
2	0.834	ken-interp::i5_scoped_capability	coarse_authority_is_a_named_real_dispatch_backstop	PASS
2	0.660	ken-interp::l1_acceptance	ac1_int_exact_above_2_53	PASS
2	0.563	ken-interp::l1_acceptance	ac6_decimal_exact	PASS
2	0.012	ken-interp::nc12_runtime_ir_evaluator	package_level_trust_metadata_rejects_before_runtime_ir_success	PASS
2	0.008	ken-kernel	conv::tests::cast_and_quotient_elim_heterogeneous_heads_stay_distinct	PASS
2	0.008	ken-kernel	conv::tests::cast_congruence_compares_all_four_fields_directionally	PASS
2	0.012	ken-kernel	conv::tests::open_recursive_distinct_maps_refuse_once_and_return_false	PASS
2	0.007	ken-kernel	inductive::tests::iota_reduct_wrong_ctor_arity_errors_not_panics	PASS
2	0.007	ken-kernel	sct::tests::g_matrix_accepts	PASS
2	0.006	ken-kernel	sct::tests::is_exact_reconstruction_positive	PASS
2	0.008	ken-kernel	sct::tests::strict_self_loop_accepted	PASS
2	0.007	ken-kernel	sct::tests::union_masking_correctly_rejected	PASS
2	0.006	ken-kernel	subst::tests::subst_tel_outermost_var_picks_first_arg	PASS
2	0.012	ken-kernel::acceptance	ac3_sigma_eta	PASS
2	0.013	ken-kernel::acceptance	ac4_elim_vec_type_checks	PASS
2	0.011	ken-kernel::acceptance	k2_eq_inductive_same_ctor_nat_suc	PASS
2	0.013	ken-kernel::acceptance	k2_quotient_elim_on_class	PASS
2	0.010	ken-kernel::acceptance	k2_seam3_nonomega_quot_elim_rejected	PASS
2	0.009	ken-kernel::acceptance	k2_trunc_elim_on_proj	PASS
2	0.012	ken-kernel::acceptance	k2_trunc_eq_is_top	PASS
2	0.008	ken-kernel::ax2_named_postulate_inertness	changing_only_an_opaque_label_changes_audit_text_not_typing	PASS
2	0.011	ken-kernel::conv_eq_congruence	eq_congruence_distinct_endpoint_stays_rejected	PASS
2	0.011	ken-kernel::ds6a_int_deceq_certificate	unregistered_primitive_has_no_certificate	PASS
2	0.009	ken-kernel::ds6b_intlit_eq_reduction	intlit_infers_the_registered_primitive_type	PASS
2	0.007	ken-kernel::ds6b_intlit_eq_reduction	trusted_base_untouched_by_intlit_mechanism	PASS
2	0.010	ken-kernel::k1p5_wstyle	ac1_tree_w_style_admitted	PASS
2	0.008	ken-kernel::k1p5_wstyle	ac2_two_motive_levels_accepted	PASS
2	0.010	ken-kernel::k2c_series2	j_dependent_motive_fires	PASS
2	0.009	ken-kernel::k4_omega_motive	non_type_non_omega_motive_still_rejected	PASS
2	0.009	ken-kernel::k5_omega_fragment	absurd_proof_must_actually_be_bottom	PASS
2	0.006	ken-kernel::k5_omega_fragment	tt_proves_reduced_top_goal	PASS
2	0.012	ken-kernel::nested_inductives_all	zero_evidence_constructor_remains_source_aligned	PASS
2	0.011	ken-kernel::nested_inductives_d3b_d4	sigma_lift_method_and_iota_are_one_kernel_checked_pair	PASS
2	0.010	ken-kernel::nested_inductives_remaining	checked_transparent_sigma_alias_rejects_inner_arrow_negative	PASS
2	0.010	ken-kernel::nested_inductives_remaining	nested_recursive_host_composes_method_lift_and_iota	PASS
2	0.008	ken-kernel::nested_inductives_remaining	seed_negative_under_fresh_positive_bag_rejects_only_inner_arrow	PASS
2	0.010	ken-kernel::sigma_sort	sigma_subset_pairs_not_proof_irrelevant	PASS
2	0.008	ken-runtime	activation_abi::export_rendering_tests::padding_the_top_limb_too_would_change_the_bytes	PASS
2	0.008	ken-runtime	boundary_activation::tests::cap_zero_cannot_be_raised_child	PASS
2	0.121	ken-runtime	boundary_value::invocation_aggregate_decode_tests::a_deep_chain_and_a_shared_child_both_decode	PASS
2	0.007	ken-runtime	boundary_value::reservation_units_tests::region_reservation_can_shrink_before_publication	PASS
2	0.010	ken-runtime	boundary_value_clif::tests::b2v_a_persistent_slot_resolves_back_through_the_store	PASS
2	0.481	ken-interp::px7f_system_resource	escaped_copy_is_legal_but_every_later_use_is_closed	PASS
2	0.038	ken-runtime	boundary_value_clif::tests::b2v_a_wrapped_limb_span_fails_closed	PASS
2	0.041	ken-runtime	boundary_value_clif::tests::b2v_ac10_a_multi_node_cycle_is_refused_while_a_shared_dag_adopts	PASS
2	0.011	ken-runtime	boundary_value_clif::tests::b2v_ac6_invocation_owned_classes_are_never_persisted	PASS
2	0.082	ken-runtime	boundary_value_clif::tests::b2v_ac10_emitted_construction_publishes_only_through_store_adoption	PASS
2	0.092	ken-runtime	boundary_value_clif::tests::b2v_emitted_wide_int_construction_refuses_a_noncanonical_magnitude	PASS
2	0.052	ken-runtime	boundary_value_clif::tests::b2v_malformed_words_are_refused_with_distinct_exact_errors	PASS
2	0.007	ken-runtime	boundary_value_clif::tests::b2v_the_plan_owner_bands_agree_with_referent_owner	PASS
2	0.006	ken-runtime	boundary_value_clif::tests::b2v_the_tag_set_is_closed_in_both_directions	PASS
2	0.007	ken-runtime	canonical::tests::set_ordering_deterministic	PASS
2	0.007	ken-runtime	cranelift_backend::artifact::api::tests::nc8_certificate_false_supported_claim_rejects_by_recomputation	PASS
2	0.011	ken-runtime	cranelift_backend::artifact::tests::b2f_ac8_the_native_int_module_declares_exactly_its_nine_functions	PASS
2	0.007	ken-runtime	cranelift_backend::grafted_spine_control_graph::tests::deleted_intermediate_call_return_rejects_at_terminal_reachability_layer	PASS
2	0.007	ken-runtime	cranelift_backend::grafted_spine_control_graph::tests::duplicate_terminal_rejects_at_member_affinity_layer	PASS
2	0.006	ken-runtime	cranelift_backend::lowering::core::branched_scrutinee_unit_body_observer_tests::plain_match_branch_entry_is_retained_when_the_same_resolution_reaches_route1	PASS
2	0.030	ken-runtime	cranelift_backend::lowering::core::primitive::tests::cranelift_runs_scalar_seed_and_verifies_function	PASS
2	0.213	ken-runtime	boundary_value_clif::tests::b2v_the_emitted_immediate_class_is_the_plans	PASS
2	0.120	ken-runtime	cranelift_backend::lowering::core::primitive::tests::px8i_big_small_big_mul_and_canonical_narrow_are_exact	PASS
2	0.009	ken-runtime	cranelift_backend::lowering::core::tests::constructors::a_capture_contract_declaring_too_few_slots_rejects	PASS
2	0.008	ken-runtime	cranelift_backend::lowering::core::tests::constructors::a_construction_time_occurrence_lookup_fails_closed	PASS
2	0.059	ken-runtime	cranelift_backend::lowering::core::primitive::tests::safe_bytes_slice_and_decode_native_results_are_explicit	PASS
2	0.028	ken-runtime	cranelift_backend::lowering::core::tests::constructors::a_dynamic_alternative_with_no_planned_record_refuses	PASS
2	0.026	ken-runtime	cranelift_backend::lowering::core::tests::constructors::b2f_d9_the_same_emitter_builds_the_string_class	PASS
2	0.011	ken-runtime	cranelift_backend::lowering::core::tests::constructors::c1_d3_ac_c4_the_recursor_capsule_is_refused_before_its_residual_is_read	PASS
2	0.029	ken-runtime	cranelift_backend::lowering::core::tests::constructors::c1_d3_ac_c4_the_recursive_positions_ownership_comes_from_the_frame	PASS
2	0.023	ken-runtime	cranelift_backend::lowering::core::tests::constructors::carried_bool_family_refuses_a_duplicate_role_pre_arm	PASS
2	0.030	ken-runtime	cranelift_backend::lowering::core::tests::constructors::constructor_field_aggregate_unconsumed_sibling_stays_ordinary	PASS
2	0.027	ken-runtime	cranelift_backend::lowering::core::tests::constructors::constructor_field_outer_arity_rejects_before_field_lowering	PASS
2	0.011	ken-runtime	cranelift_backend::lowering::core::tests::constructors::dynamic_constructor_fields_precede_outer_environment_in_declaration_order	PASS
2	0.031	ken-runtime	cranelift_backend::lowering::core::tests::constructors::d2_a_capacity_exceeding_runtime_span_fails_before_publication	PASS
2	0.008	ken-runtime	cranelift_backend::lowering::core::tests::constructors::dynamic_constructor_known_omission_owns_source_default	PASS
2	0.019	ken-runtime	cranelift_backend::lowering::core::tests::constructors::dynamic_constructor_mixed_present_and_omitted_keeps_default_distinct	PASS
2	0.031	ken-runtime	cranelift_backend::lowering::core::tests::constructors::nested_computational_outer_arity_rejects_specifically	PASS
2	0.008	ken-runtime	cranelift_backend::lowering::core::tests::constructors::static_worker_construction_rejects_wrong_capture_count	PASS
2	0.009	ken-runtime	cranelift_backend::lowering::core::tests::control::oriented_same_depth_siblings_require_exact_dynamic_edges	PASS
2	0.103	ken-runtime	cranelift_backend::lowering::core::tests::constructors::nested_worker_depends_on_both_levels	PASS
2	0.081	ken-runtime	cranelift_backend::lowering::core::tests::control::px8j_all_three_producer_paths_reach_real_consumers	PASS
2	0.010	ken-runtime	cranelift_backend::lowering::core::tests::control::refusal_pins_rehomed_static_worker_without_selector_exclusion	PASS
2	0.008	ken-runtime	cranelift_backend::lowering::core::tests::control::rt_escape_within_path_duplicate_frame_consume_still_rejects	PASS
2	0.052	ken-runtime	cranelift_backend::lowering::core::tests::control::px8j_siblings_share_an_origin_and_nested_ih_gets_a_child_origin	PASS
2	0.028	ken-runtime	cranelift_backend::lowering::core::tests::control::valid_root_plus_missing_marked_scalar_cut_rejects_before_emission	PASS
2	0.063	ken-runtime	cranelift_backend::lowering::core::tests::effects::a_dead_arm_traps_while_the_same_arm_constructed_still_refuses_strictly	PASS
2	0.370	ken-runtime	cranelift_backend::lowering::core::tests::control::the_owner_classification_has_a_closed_production_naming_inventory	PASS
2	0.265	ken-runtime	cranelift_backend::lowering::core::tests::effects::a_discarded_visit_refuses_before_its_body_is_defined	PASS
2	0.009	ken-runtime	cranelift_backend::lowering::core::tests::effects::ac_4_byte_span_seats_are_activated_exactly_where_evidence_proved_them	PASS
2	0.042	ken-runtime	cranelift_backend::lowering::core::tests::effects::direct_host_result_closure_match_keeps_established_dynamic_lane	PASS
2	0.100	ken-runtime	cranelift_backend::lowering::core::tests::effects::d5_the_two_byte_span_refusals_are_distinct_typed_values_without_dispatch	PASS
2	0.057	ken-runtime	cranelift_backend::lowering::core::tests::effects::px8n_fs_write_at_arm_rejects_over_bound_reply_before_observation	PASS
2	0.148	ken-runtime	cranelift_backend::lowering::core::tests::effects::native_resource_error_projection_follows_the_generated_wire_tail	PASS
2	0.048	ken-runtime	cranelift_backend::lowering::core::tests::effects::recursive_computational_host_result_keeps_established_dynamic_lane	PASS
2	0.027	ken-runtime	cranelift_backend::lowering::core::tests::effects::resource_token_seat_reads_the_transport_tag_not_semantic_node_identity	PASS
2	0.024	ken-runtime	cranelift_backend::lowering::core::tests::effects::resource_token_seat_refuses_a_wrong_low_tag_before_class_and_scalar	PASS
2	0.029	ken-runtime	cranelift_backend::lowering::core::tests::host_call_carrier::d7_the_same_shaped_redirect_reaches_the_call_seam_and_is_caught_by_the_emission_oracle	PASS
2	0.034	ken-runtime	cranelift_backend::lowering::core::tests::host_call_carrier::d8_all_trap_host_result_emits_no_merge_or_predecessor_conversion	PASS
2	0.032	ken-runtime	cranelift_backend::lowering::core::tests::host_call_carrier::the_generated_root_translates_a_runtime_reached_trap_exactly	PASS
2	0.054	ken-runtime	cranelift_backend::lowering::core::tests::positional_candidate_settlement::ced_d3_m5_settling_the_direct_candidate_twice_is_refused_at_the_second_settlement	PASS
2	0.165	ken-runtime	cranelift_backend::lowering::core::tests::positional_candidate_settlement::d2k_1b_i_every_recognized_static_worker_reaches_a_disposition	PASS
2	0.165	ken-runtime	cranelift_backend::lowering::core::tests::positional_candidate_settlement::d2k_1b_unmarked_seeds_refuse_and_resolve_no_fusion_plane	PASS
2	0.075	ken-runtime	cranelift_backend::lowering::core::tests::recursor_fusion::missing_call_input_callee_child_degrades_the_tag_not_the_compile	PASS
2	0.087	ken-runtime	cranelift_backend::lowering::core::tests::recursor_fusion::r3_fused_target_authority_validator_is_wired_to_both_real_selectors	PASS
2	0.201	ken-runtime	cranelift_backend::lowering::core::tests::positional_candidate_settlement::d9b_the_assembled_ordinary_run_matches_the_planner_role_sequence_by_position	PASS
2	0.057	ken-runtime	cranelift_backend::lowering::core::tests::source_frame_bridge::d6b_the_mixed_pair_is_over_one_body_and_only_a_retarget_makes_the_two_tables_disagree	PASS
2	0.172	ken-runtime	cranelift_backend::lowering::core::tests::source_frame_bridge::d8l2_the_composed_call_returns_the_ordinary_payload_it_consumed	PASS
2	0.007	ken-runtime	cranelift_backend::lowering::core::tests::specialization_binding::continuation_case_binder_run_resolves_a_field_by_source_position_not_envelope_ordinal	PASS
2	0.154	ken-runtime	cranelift_backend::lowering::core::tests::specialization_binding::d4a_the_nearest_alias_slot_holds_the_operand_built_for_that_binding	PASS
2	0.431	ken-runtime	cranelift_backend::lowering::core::tests::source_frame_bridge::d6c_the_sealed_binder_run_refuses_a_miscounted_or_permuted_run_at_its_producer	PASS
2	0.082	ken-runtime	cranelift_backend::lowering::core::tests::specialization_binding::d4b_the_generated_frame_consumer_runs_on_a_real_compile	PASS
2	0.051	ken-runtime	cranelift_backend::lowering::core::tests::specialization_binding::d5a_the_retargeted_worker_call_carries_the_raw_run_plus_the_context_capture_suffix	PASS
2	0.017	ken-runtime	cranelift_backend::lowering::core::tests::specialization_binding::d7a_the_three_field_selector_collides_where_the_four_field_selector_resolves	PASS
2	0.019	ken-runtime	cranelift_backend::lowering::core::tests::specialization_binding::d8h_a_composed_call_target_carries_the_identity_its_own_coordinate_selects	PASS
2	0.045	ken-runtime	cranelift_backend::lowering::core::tests::specialization_binding::d8k_the_causal_population_is_a_disjoint_partition_of_direct_and_composed	PASS
2	0.013	ken-runtime	cranelift_backend::lowering::core::tests::swapping_two_same_shaped_children_swaps_their_derived_origins	PASS
2	0.090	ken-runtime	cranelift_backend::lowering::core::tests::specialization_binding::d8d_the_composed_binding_site_tracks_the_narrowed_intersection_route	PASS
2	0.007	ken-runtime	cranelift_backend::lowering::source::tests::generated_entry_capsule_guard_rejects_every_specialized_sibling	PASS
2	0.007	ken-runtime	cranelift_backend::lowering::units::admitted_matches_role_sequence::a_short_admitted_run_is_refused_against_the_roles	PASS
2	0.010	ken-runtime	cranelift_backend::lowering::source::tests::px8j_source_machine_install_accepts_valid_unchecked_segment	PASS
2	0.011	ken-runtime	cranelift_backend::planning::static_transition::aggregates::checked_ih_captured_env_schema::capture_origin_rejects_a_force_owner_paired_with_the_wrong_seat	PASS
2	0.014	ken-runtime	cranelift_backend::planning::static_transition::aggregates::checked_ih_captured_env_schema::a_mixed_run_carries_the_per_capture_lifetime_and_the_escaping_meet	PASS
2	0.009	ken-runtime	cranelift_backend::planning::static_transition::aggregates::tests::a_path_step_kind_is_load_bearing_not_an_index	PASS
2	0.012	ken-runtime	cranelift_backend::planning::static_transition::aggregates::checked_ih_captured_env_schema::records_are_keyed_by_exact_force_edges_not_containment	PASS
2	0.010	ken-runtime	cranelift_backend::planning::static_transition::aggregates::tests::the_flattening_reproduces_the_measured_tree	PASS
2	0.010	ken-runtime	cranelift_backend::planning::static_transition::closure::tests::b2o_ac10_semantic_disposition_is_a_function_of_the_plan_graph_alone	PASS
2	0.008	ken-runtime	cranelift_backend::planning::static_transition::closure::tests::boundary_c1_declared_and_projected_field_share_one_identity	PASS
2	0.013	ken-runtime	cranelift_backend::planning::static_transition::closure::tests::d2h_ac2_the_three_expressible_refusals_mint_nothing	PASS
2	0.027	ken-runtime	cranelift_backend::planning::static_transition::closure::tests::boundary_b1r_control_2_dropping_one_origins_material_record_is_rejected	PASS
2	0.010	ken-runtime	cranelift_backend::planning::static_transition::closure::tests::substrate_case_emission_closes_the_exact_alternative_union	PASS
2	0.007	ken-runtime	cranelift_backend::planning::static_transition::continuations::fusion::tests::d2e_binder_role_past_the_case_run_is_the_frame_environment	PASS
2	0.010	ken-runtime	cranelift_backend::planning::static_transition::continuations::fusion::tests::d2e_ih_binding_does_not_leak_into_a_closure_body	PASS
2	0.019	ken-runtime	cranelift_backend::planning::static_transition::continuations::fusion::tests::d2j_the_segment_owner_re_home_is_provenance_and_non_aliasing	PASS
2	0.012	ken-runtime	cranelift_backend::planning::static_transition::continuations::tests::contspec_ordinary_prefix_uses_the_ordered_worker_envelope	PASS
2	0.011	ken-runtime	cranelift_backend::planning::static_transition::continuations::tests::contsrc_d2b_current_lexical_availability_counts_the_intervening_binder	PASS
2	0.039	ken-runtime	cranelift_backend::planning::static_transition::continuations::fusion::tests::d2j_the_source_side_causes_refuse_before_any_id_exists	PASS
2	0.011	ken-runtime	cranelift_backend::planning::static_transition::continuations::tests::contsrc_d2b_generated_context_capture_separates_root_from_immediate	PASS
2	0.007	ken-runtime	cranelift_backend::planning::static_transition::continuations::tests::contsrc_d3a_abi_provenance_separates_the_domains_at_one_owner	PASS
2	0.008	ken-runtime	cranelift_backend::planning::static_transition::continuations::tests::d3_a_seed_provenance_declaration_transports_with_its_own_carrier	PASS
2	0.007	ken-runtime	cranelift_backend::planning::static_transition::immediate_bridge::tests::lifted_call_closure_construct_producer_is_heterogeneous	PASS
2	0.008	ken-runtime	cranelift_backend::planning::static_transition::occurrences::tests::a_body_occurrence_naming_an_in_range_control_node_is_refused	PASS
2	0.013	ken-runtime	cranelift_backend::planning::static_transition::joins_traps::tests::d8_inert_abi_slots_do_not_change_recursive_descent_join_storage	PASS
2	0.010	ken-runtime	cranelift_backend::planning::static_transition::responses::tests::opaque_k_vis_returns_typed_ssa_infeasible	PASS
2	0.007	ken-runtime	cranelift_backend::surface::surface_diagnostics_tests::error_constructors_build_the_arms_they_name	PASS
2	0.008	ken-runtime	executable_artifact_contract::tests::available_native_artifact_rejects_blank_required_evidence_fields	PASS
2	0.007	ken-runtime	executable_artifact_contract::tests::available_native_artifact_rejects_unavailable_or_unsupported_lanes	PASS
2	0.007	ken-runtime	executable_entrypoint_packaging::tests::runtime_entrypoint_package_binds_entrypoint_runtime_report_and_contract	PASS
2	0.007	ken-runtime	executable_artifact_contract::tests::contract_hash_is_stable_under_canonical_map_insertion_order	PASS
2	0.006	ken-runtime	ir::tests::acf2_ordinary_binders_is_load_bearing	PASS
2	0.009	ken-runtime	ir::tests::acf2_computational_recursive_position_arity_is_load_bearing	PASS
2	0.005	ken-runtime	ir::tests::checked_ih_binder_morphism_maps_the_lawful_ordinal_zero_to_runtime_four	PASS
2	2.539	ken-runtime	native_execution_differential::tests::effect_policy_unavailable_still_rejects_stale_executable_artifact	PASS
2	0.007	ken-runtime	native_process_entrypoint::tests::runtime_init_makes_trap_reporting_available_before_entry	PASS
2	2.902	ken-runtime	native_execution_differential::tests::hidden_deferred_effect_body_reports_named_unavailable_without_native_execution	PASS
2	2.534	ken-runtime	object_linker_packaging::tests::generic_object_decodes_terminal_big_before_destroying_its_arena	PASS
2	2.519	ken-runtime	object_linker_packaging::tests::packages_and_smokes_scalar_starter_executable	PASS
2	0.008	ken-runtime	object_linker_packaging::tests::stale_platform_support_hash_rejects_before_linking	PASS
2	0.007	ken-runtime	object_linker_packaging::tests::unsupported_platform_target_rejects_before_object_emission	PASS
2	0.007	ken-runtime	oriented_subcontinuation_plan::tests::computational_ih_parent_edge_deletion_corruption_and_swap_reject	PASS
2	0.007	ken-runtime	platform_runtime_support::tests::runtime_ir_run_report_must_bind_exact_runtime_artifact	PASS
2	0.010	ken-runtime	store::tests::auto_gc_not_present	PASS
2	0.014	ken-runtime	store::tests::escape_survives_sender_reset	PASS
2	0.006	ken-runtime	target_abi::tests::native_identity_accepts_match_and_rejects_mismatch	PASS
2	0.006	ken-runtime	unknown::tests::unknown_and_unknown_is_unknown	PASS
2	0.064	ken-runtime::value_depth_totality	ac_v9_a_closure_at_depth_d_minus_one_is_refused_transitively	PASS
2	0.231	ken-runtime::value_depth_totality	ac_v9_projection_completes_at_depth_d_with_exact_closed_form_bytes	PASS
2	0.006	ken-runtime::value_depth_totality	scenario_worker	PASS
2	0.007	ken-verify	canonical::tests::wrong_capability_and_denial_are_proven_before_host_action	PASS
2	15.085	ken-elaborator::v3_fo_route_proved_composition	accepted_certificate_returns_exact_kernel_checked_composite	PASS
2	10.698	ken-runtime	object_linker_packaging::tests::process_artifact_maps_exitcode_and_reports_terminal_traps	PASS
2	40.703	ken-elaborator::px7f_resource_lifetime_export	independent_event_lookalike_is_rejected_before_t_or_hash_emission	PASS
4	0.009	ken-cli::ken_fmt	fmt_check_names_every_offender_and_never_writes	PASS
4	0.010	ken-cli::ken_fmt	fmt_fails_loudly_for_unsupported_paths_and_must_parse_bodies	PASS
4	0.008	ken-cli::ken_fmt	fmt_rewrites_plain_and_literate_sources_through_landed_entry_points	PASS
4	0.262	ken-cli::ken_md_literate_cli	ken_run_accepts_exact_ken_md_fence	PASS
4	0.329	ken-cli::fs_read_file_lines_flip_e2e	m_suff_apartial_reads_fixture	PASS
4	0.144	ken-cli::library_documentation_gates	content_currency_gate_rejects_drift_hidden_behind_a_duplicate_out_of_order_kind_field	PASS
4	0.246	ken-cli::ken_md_literate_cli	ken_run_reports_original_offset_for_fenced_error	PASS
4	0.088	ken-cli::library_documentation_gates	ledger_rejects_a_dot_slash_alias_row_even_though_the_manifest_matches_it	PASS
4	0.097	ken-cli::library_documentation_gates	ledger_rejects_a_doubled_slash_row	PASS
4	0.005	ken-cli::mrc_d8_manifest_premise	mrc_d8_control_moving_the_featured_edge_reds_fact_three	PASS
4	0.211	ken-cli::library_documentation_gates	revision_must_survive_a_simulated_squash_merge_not_just_the_branch	PASS
4	0.005	ken-cli::px4b_native_production	string_literal_end_rejects_identifier_tails_at_a_raw_prefix	PASS
4	28.330	ken-cli::px4b_native_production	linked_console_broken_pipe_reaches_ken_instead_of_signal_termination	PASS
4	28.490	ken-cli::px7l_checked_host_recursive_bind	runtime_selected_non_unit_response_is_consumed_across_real_executors	PASS
4	37.778	ken-cli::abi_s6_mapping_surface_native	second_mapping_effect_rechecks_bounds	PASS
4	27.529	ken-cli::px7m_hostresult_computational_match	flipped_outer_arm_label_preserves_the_inner_owner_contract	PASS
4	29.256	ken-cli::px7o_heterogeneous_eliminator_frames	nested_err_payload_reaches_both_real_executors	PASS
4	0.278	ken-cli::rt_span_prov_native	sp_a_foreign_span_write_rejects_before_backend_interp	PASS
4	0.314	ken-cli::rt_span_prov_native	sp_c_released_span_not_revived_by_slot_reuse_interp	PASS
4	0.227	ken-cli::t2_acceptance	ac2_provable_goal_yields_proved	PASS
4	0.231	ken-cli::t2_acceptance	ac3_eval_type_universe	PASS
4	0.226	ken-cli::t2_acceptance	ac4_malformed_input_no_panic	PASS
4	0.231	ken-cli::t2_acceptance	ac5_session_state_persists	PASS
4	0.006	ken-elaborator	checked_core::tests::acceptance_examples_fit_metadata_without_runtime_layout	PASS
4	0.006	ken-elaborator	checked_core::tests::body_view_rejects_malformed_declaration_bytes	PASS
4	0.006	ken-elaborator	checked_core::tests::body_view_rejects_stale_field_identity_order_mismatch	PASS
4	0.005	ken-elaborator	checked_core::tests::body_view_rejects_target_outside_selected_closure	PASS
4	0.006	ken-elaborator	checked_core::tests::body_view_rejects_unsupported_dependent_record_sigma_field_shape	PASS
4	0.005	ken-elaborator	checked_core::tests::lowering_rejects_reachable_unsupported_symbol	PASS
4	0.005	ken-elaborator	checked_core::tests::semantic_and_trust_changes_flip_semantic_fingerprint	PASS
4	0.006	ken-elaborator	checked_core::tests::validator_rejects_orphan_metadata_after_emission	PASS
4	0.006	ken-elaborator	checked_core::tests::validator_rejects_unsupported_entries_without_blocking_lowerability	PASS
4	0.304	ken-elaborator	compiler_driver::tests::target_closure_rejects_dropped_reachable_metadata	PASS
4	0.336	ken-elaborator	compiler_driver::tests::target_closure_reports_non_lowerable_reachable_members	PASS
4	0.239	ken-elaborator	elab::omega_index_refinement_tests::checked_index_refined_variable_selects_both_expected_views	PASS
4	0.006	ken-elaborator	elab::omega_index_refinement_tests::direct_omega_transport_builds_the_ruled_j_motive_exactly	PASS
4	0.223	ken-elaborator	elab::omega_index_refinement_tests::hidden_result_prefilter_delegates_a_lawful_omega_outer_binding	PASS
4	0.006	ken-elaborator	erasure::px7l_tests::a_real_n_argument_host_vis_continuation_is_n_plus_one_throughout	PASS
4	0.005	ken-elaborator	export::resource_lifetime_hash_tests::buffer_use_without_acquire_is_a_named_pre_export_error	PASS
4	0.005	ken-elaborator	fo_kripke::tests::mentions_var0_detects_var0_in_a_former_wildcard_constructor	PASS
4	0.005	ken-elaborator	fo_kripke::tests::mentions_var0_detects_var0_in_pair_second_component	PASS
4	0.229	ken-elaborator	modules::namespace_effect_tests::apply_import_rejects_stale_ambient_identity_above_current_local	PASS
4	0.227	ken-elaborator	modules::namespace_effect_tests::checked_class_and_record_owners_survive_same_spelling_occupancy	PASS
4	0.226	ken-elaborator	modules::namespace_effect_tests::checked_current_local_and_its_inline_reexport_are_one_identity	PASS
4	0.230	ken-elaborator	modules::namespace_effect_tests::file_facade_uses_source_file_exports_not_memory_shadow	PASS
4	0.222	ken-elaborator	modules::namespace_effect_tests::file_import_uses_catalog_source_despite_unrelated_inline_name	PASS
4	0.227	ken-elaborator	modules::namespace_effect_tests::file_q_after_memory_owner_selects_file_provenance	PASS
4	0.219	ken-elaborator	modules::namespace_effect_tests::generated_instance_same_checked_identity_reimport_is_idempotent	PASS
4	0.851	ken-elaborator	modules::namespace_effect_tests::imported_classes_and_instances_keep_provider_id_after_same_name_shadow	PASS
4	0.427	ken-elaborator	modules::namespace_effect_tests::in_memory_root_import_refuses_later_child_even_when_external_n_is_loaded	PASS
4	0.966	ken-elaborator	modules::namespace_effect_tests::inline_child_private_leaf_refuses_in_owner_sibling_and_importer	PASS
4	0.434	ken-elaborator	modules::namespace_effect_tests::inline_sibling_does_not_inherit_owner_declaration_access	PASS
4	0.234	ken-elaborator	modules::namespace_effect_tests::selected_private_identity_is_unbound_even_with_a_spelling_binding	PASS
4	0.257	ken-elaborator	modules::namespace_effect_tests::selective_import_distinguishes_same_spelling_providers_and_same_idempotence	PASS
4	0.006	ken-elaborator	parser::atom_form_closure::every_type_form_is_reachable_through_at	PASS
4	0.005	ken-elaborator	parser::atom_form_closure::no_two_pattern_forms_admit_the_same_token	PASS
4	0.005	ken-elaborator	parser::atom_form_closure::the_derived_roster_admits_exactly_the_historical_twelve	PASS
4	0.005	ken-elaborator	r_layer_tests::acceptance::level_equality_decidable	PASS
4	1.358	ken-elaborator	r_layer_tests::acceptance::pipeline_errors_at_correct_stage	PASS
4	1.223	ken-elaborator	r_layer_tests::cat_bool_pub_export::boolean_provider_selective_imports_retain_provider_identities	PASS
4	1.815	ken-elaborator	r_layer_tests::cat_bytes_keys_closeout::bytes_keys_direct_lawfulclasses_provider_is_exact	PASS
4	3.148	ken-elaborator	r_layer_tests::cat_effectful_classes_pub_export::effectful_classes_selective_consumer_retains_provider_identities	PASS
4	0.932	ken-elaborator	r_layer_tests::cat_order_pub_export::lawful_totality_bridge_remains_a_private_transparent_provider_artifact	PASS
4	2.914	ken-elaborator	r_layer_tests::cat_priority_queue_acceptance::public_client_constructs_peeks_merges_and_drains_exact_exports	PASS
4	23.706	ken-cli::rt_selected_pending_call_admission	owner_vis_join_consumption_refuses_before_dead_subtree_disposition	PASS
4	0.025	ken-elaborator	r_layer_tests::cat_tier_e_argparse_import::argparse_selective_import_ledger_is_exact	PASS
4	43.717	ken-cli::rt_cold_lowering_path_enumeration	rt_read_norights_stage	PASS
4	1.780	ken-elaborator	r_layer_tests::cat_tier_e_json_import::json_checked_provider_identity_closure_is_exact	PASS
4	0.227	ken-elaborator	r_layer_tests::effects::existing_surface_invariants_still_green	PASS
4	0.006	ken-elaborator	r_layer_tests::effects::handler_fold_passes_through_unhandled	PASS
4	0.006	ken-elaborator	r_layer_tests::effects::impure_masquerading_as_pure_rejected	PASS
4	0.006	ken-elaborator	r_layer_tests::effects::lower_elim_itree_wrong_method_count_rejected	PASS
4	0.005	ken-elaborator	r_layer_tests::effects::row_poly_pure_caller_is_pure	PASS
4	0.005	ken-elaborator	r_layer_tests::kenfmt_b3_layout::ac6_comma_boundary_break_carries_the_module_surface_wrap	PASS
4	0.006	ken-elaborator	r_layer_tests::kenfmt_b4_splicing::ac2_parse_first_role_gate_has_both_fallback_and_hard_error_orientations	PASS
4	0.005	ken-elaborator	r_layer_tests::kenfmt_b4_splicing::ac3_descending_splices_prevent_multi_fence_offset_drift	PASS
4	0.011	ken-elaborator	r_layer_tests::kenfmt_let_layout::ac6_ac7_worked_six_binding_proof_has_an_exact_readable_fixed_point	PASS
4	0.222	ken-elaborator	r_layer_tests::lang_fixity_decl_surface::declared_precedence_compares_with_arithmetic_levels	PASS
4	0.665	ken-elaborator	r_layer_tests::lang_mod_catalog_evidence_frontier::successful_empty_facade_has_exact_interface_identity_evidence	PASS
4	83.305	ken-cli::abi_s6_mapping_surface_native	suppressing_bounded_response_owner_drive_restores_the_pending_vis_trap	PASS
4	0.006	ken-elaborator	r_layer_tests::lang_structural_result_elab::retired_selector_spelling_is_a_parse_error	PASS
4	0.248	ken-elaborator	r_layer_tests::lang_structural_result_elab::d2_mixed_direct_wstyle_and_nested_structural_paths_reach_and_retain_behavior	PASS
4	0.481	ken-elaborator	r_layer_tests::lc_acceptance::ac2_orphan_check_accept_and_reject	PASS
4	0.477	ken-elaborator	r_layer_tests::n4_program_admits::admission_does_not_replace_overlap_or_orphan_gates	PASS
4	0.006	ken-elaborator	seal2_tests::producer_closure::certificate_flags_an_unannotated_producer_via_its_carrier_parameter	PASS
4	0.316	ken-elaborator	seal2_tests::adversary_repros::carrier_closure_holds_deeply_on_the_landed_surface	PASS
4	0.250	ken-elaborator::ax2_axiom_named_postulates	axiom_surface_parses_formats_and_elaborates_as_a_named_postulate	PASS
4	0.005	ken-elaborator::bare_proof_selector_atom	a_declaration_beginning_with_proof_terminates_the_previous_declarations_body	PASS
4	0.005	ken-elaborator::bare_proof_selector_atom	ac5_a_grouped_selector_argument_does_not_swallow_the_following_argument	PASS
4	0.243	ken-elaborator::case_eq_dependent_match_sugar	stuck_bool_scrutinee_binds_a_usable_equation_and_kernel_checks	PASS
4	3.632	ken-elaborator	r_layer_tests::cat_tier_e_schema_import::schema_issue_sequence_law_has_a_two_rejection_client	PASS
4	1.490	ken-elaborator::cat3_collections_package	cat3_d1_structural_collections_package_elaborates_zero_delta	PASS
4	2.490	ken-elaborator::cat5_parsing_package	cat5_d1_source_span_surface_is_byte_artifact_and_source_explicit	PASS
4	10.348	ken-elaborator	r_layer_tests::cat_tier_d_posix_import::filesystem_path_posix_imports_are_exact_canonical_and_internals_private	PASS
4	2.398	ken-elaborator::cat5_parsing_package	cat5_d2_legacy_unguarded_repeat_is_not_exported	PASS
4	0.972	ken-elaborator::cat_bsearch_acceptance	entry_adds_no_trusted_declarations	PASS
4	0.493	ken-elaborator::cat_capex_authority	filesystem_program_requires_the_declared_capability_and_accepts_its_twin	PASS
4	1.036	ken-elaborator::cat_bsearch_acceptance	entry_loads_through_declared_import_and_uses_canonical_order_provider	PASS
4	1.450	ken-elaborator::cat_concat_map_append_law	concat_map_append_has_the_exact_raw_checked_proposition	PASS
4	1.457	ken-elaborator::cat_derived_filter_membership_law	compatibility_premise_distinguishes_true_and_false_instances	PASS
4	3.065	ken-elaborator::cat_deque_closeout	pop_back_list_view_checks_in_loaded_package_and_on_inhabited_deques	PASS
4	1.148	ken-elaborator::cat_gcd_acceptance	gcd_vectors_compute_and_divisibility_law_artifacts_remain_checked	PASS
4	5.763	ken-elaborator::cat5_parsing_package	parsing_append_occurrence_population_and_migration_shape_are_pinned	PASS
4	1.151	ken-elaborator::cat_gcd_acceptance	roots_loader_registers_gcd_artifacts_with_exact_catalog_provider_identities	PASS
4	0.508	ken-elaborator::cat_idf_trust_free_provider	cold_vector_trust_set_equals_separately_fresh_compiler_base	PASS
4	0.244	ken-elaborator::cat_sums_combinators_closeout	sums_owned_inventory_and_compiler_floor_closure_are_exact	PASS
4	0.005	ken-elaborator::catalog_taxonomy	catalog_package_roots_use_only_the_controlled_sections	PASS
4	0.907	ken-elaborator::cat_string_keys_closeout	string_keys_owned_inventory_is_empty_and_standalone	PASS
4	0.005	ken-elaborator::cc2_text_codec_numeric_acceptance	verified_roundtrip_stays_structural_and_key_instances_stay_out_of_numeric	PASS
4	1.745	ken-elaborator::cc3_parsing_cursor_decoder_acceptance	cursor_reuses_canonical_nat_operations_with_zero_trust_delta	PASS
4	3.365	ken-elaborator::cc1_nonempty_validation_acceptance	validation_registry_has_applicative_but_no_monad_instance	PASS
4	1.541	ken-elaborator::cc4_diagnostic_core_acceptance	derived_fixture_retains_lawfulclasses_for_cc4_dependency_closure	PASS
4	5.802	ken-elaborator::cat_map_dom_member	map_dom_membership_law_is_checked_without_direct_trust	PASS
4	1.599	ken-elaborator::cc5_pretty_doc_acceptance	ordered_dependency_closure_elaborates_transparent_pretty_doc	PASS
4	4.592	ken-elaborator::cc4_diagnostic_core_acceptance	cc4_clients_use_canonical_diagnostics_without_duplicate_carriers	PASS
4	2.479	ken-elaborator::cc4_diagnostic_core_acceptance	ordered_dependency_closure_elaborates_all_cc4_clients	PASS
4	2.219	ken-elaborator::cc6a_process_arguments_exit_acceptance	ordered_dependency_closure_elaborates_both_packages	PASS
4	0.217	ken-elaborator::class_field_purity	type_id_projection_view_and_infer_route_are_live	PASS
4	1.819	ken-elaborator::conversions_acceptance	ac4_saturating_sub_clamps_at_lower_boundary_every_width	PASS
4	0.322	ken-elaborator::dependent_match_coherent_frame_acceptance	forced_index_telescope_relation_extension_elaborates	PASS
4	0.247	ken-elaborator::dependent_match_context_telescope_acceptance	elim_carries_convoy_telescope_in_motive_methods_and_application	PASS
4	21.624	ken-elaborator::b1_acceptance	delegated_obligation_never_promoted_to_proved	PASS
4	0.241	ken-elaborator::dependent_match_nonnullary_acceptance	ac1_tree_two_recursive_fields_elaborates_and_narrows_structurally	PASS
4	0.004	ken-elaborator::dotted_module_path_parser	import_rejects_a_lowercase_path_component	PASS
4	0.240	ken-elaborator::dependent_match_nonnullary_acceptance	ac2b_tree_dual_recursive_descent_passes_sct	PASS
4	5.283	ken-elaborator::cc7_argparse_acceptance	ordered_closure_elaborates_the_renderer_specialization_and_multifile_client	PASS
4	0.236	ken-elaborator::ds5b_dependent_match_refinement_acceptance	omega_branch_goal_uses_tagged_direct_j_restoration	PASS
4	0.241	ken-elaborator::ds5b_dependent_match_refinement_acceptance	sibling_convoy_retypes_outer_binder_through_nested_match	PASS
4	5.452	ken-elaborator::cc8_env_config_decoder_acceptance	two_missing_fields_accumulate_exact_environment_origins	PASS
4	0.008	ken-elaborator::ds8_traversable_acceptance	zero_axiom_in_checked_fences	PASS
4	0.347	ken-elaborator::es2_acceptance	issorted_and_perm_applications_reduce_past_their_own_head	PASS
4	1.423	ken-elaborator::ds5b_dependent_match_refinement_acceptance	real_fok_recursive_omega_consumer_uses_all_three_child_paths	PASS
4	0.239	ken-elaborator::es3_modules_acceptance	nullary_abstract_export_is_transparent_to_owner_and_opaque_to_client	PASS
4	0.232	ken-elaborator::es3_modules_acceptance	three_import_forms_resolve_to_one_binding	PASS
4	0.226	ken-elaborator::es3_modules_acceptance	top_level_local_import_clash_is_rejected_latently	PASS
4	1.480	ken-elaborator::ds7_applicative_monad_acceptance	wired_superclass_chain_and_nested_projection	PASS
4	0.005	ken-elaborator::fr1_zero_ctor_data_acceptance	both_spellings_parse_to_zero_constructor_decls	PASS
4	0.234	ken-elaborator::fr2_absurd_collision_hygiene	cast_and_ascript_are_not_reserved_and_elaborate_fine	PASS
4	0.228	ken-elaborator::fr2_absurd_collision_hygiene	declaring_lower_arity_j_or_eq_elaborates_fine_not_a_collision	PASS
4	0.232	ken-elaborator::fr2_absurd_collision_hygiene	reserved_sugar_still_works_when_undeclared	PASS
4	0.005	ken-elaborator::i4d_boundary_header_parser	filesystem_root_is_checked_boundary_metadata	PASS
4	0.229	ken-elaborator::ken_md_literate	ken_example_with_valid_body_check_passes_and_is_not_tangled	PASS
4	0.233	ken-elaborator::kernel_conv_congruence_closure	cast_congruence_is_reached_by_checked_ken_source	PASS
4	0.005	ken-elaborator::km_literal_trust_accounting	literal_classification_is_the_only_primitive_accounting_exclusion	PASS
4	1.376	ken-elaborator::es4_classes_acceptance	ord_total_law_is_the_bool_or_equation	PASS
4	0.243	ken-elaborator::ktr2_data_lowering_diagnostics	failed_localization_preserves_the_unattributed_kernel_error	PASS
4	0.233	ken-elaborator::ktr2_data_lowering_diagnostics	legacy_universe_overflow_is_actionable_and_source_attributed	PASS
4	3.184	ken-elaborator::ds7_applicative_monad_acceptance	entry_elaborates_with_every_checked_fence	PASS
4	1.659	ken-elaborator::es4_classes_acceptance	int_ord_instance_is_audited_delta_not_zero_delta	PASS
4	0.238	ken-elaborator::ktr2_data_lowering_diagnostics	undefined_uppercase_constructor_argument_is_unresolved	PASS
4	0.241	ken-elaborator::l2_acceptance	ac7_plain_carrier_no_obligation	PASS
4	0.241	ken-elaborator::l2_acceptance	ac7_refinement_intro_emits_obligation	PASS
4	0.240	ken-elaborator::l2_acceptance	nested_ctor_pattern_shadowed_by_earlier_flat_arm_is_reachability_error	PASS
4	0.005	ken-elaborator::l6_acceptance	bytes_immutable_concat_allocates_fresh	PASS
4	0.247	ken-elaborator::l3a_acceptance	fuel_bounded_unfold_produces_finite_prefix	PASS
4	0.246	ken-elaborator::l3a_recursive_view_smoke	poly_id_elaborates	PASS
4	0.248	ken-elaborator::l6_acceptance	reverse_roundtrip_is_not_a_law	PASS
4	0.244	ken-elaborator::l7_acceptance	relied_on_foreign_listed_in_trusted_base_delta	PASS
4	0.245	ken-elaborator::l7_acceptance	trusted_base_delta_flips_on_dependency_not_scope	PASS
4	0.005	ken-elaborator::lang_application_atom_if_rejection	predicate_never_misses_a_forbidden_shape	PASS
4	0.004	ken-elaborator::lang_atom_start_classification_closure	ac0_a_proof_selector_head_is_still_admitted	PASS
4	0.005	ken-elaborator::lang_atom_start_classification_closure	ac0_the_bare_proof_selector_is_refused_as_an_argument_at_every_depth	PASS
4	0.004	ken-elaborator::lang_atom_start_classification_closure	ac9_the_effect_row_exclusion_keeps_visits_out_of_the_return_type	PASS
4	0.246	ken-elaborator::l_match_ih_fix_acceptance	ac2_tree_size_uses_both_ihs_and_computes_right_value	PASS
4	0.241	ken-elaborator::l_resolver_globals	ac3_type_position_global_unchanged	PASS
4	0.244	ken-elaborator::lang_constructor_namespace_shadowing_guard	a_single_family_with_distinct_constructors_compiles	PASS
4	0.005	ken-elaborator::lang_foreign_name_format_chars	literate_recovery_preserves_visible_escape_data	PASS
4	0.005	ken-elaborator::lang_foreign_name_format_chars	lossless_and_layout_consumers_account_for_the_leading_bom	PASS
4	0.005	ken-elaborator::lang_foreign_name_format_chars	raw_character_and_byte_literal_bodies_use_the_whole_source_guard	PASS
4	0.243	ken-elaborator::lang_foreign_name_control_chars	ordinary_foreign_names_still_accept	PASS
4	0.954	ken-elaborator::l4_export_reexport	loader_executes_same_identity_carveout_and_distinct_source_flip	PASS
4	0.244	ken-elaborator::lang_instance_registry_identity_key	valid_parameterized_nested_prerequisites_still_check	PASS
4	0.247	ken-elaborator::lang_match_as_pattern	alias_collision_with_sibling_binder_is_rejected_by_name	PASS
4	0.251	ken-elaborator::lang_match_guards	guard_composes_after_whole_pattern_and_module_rewriting_reaches_it	PASS
4	0.241	ken-elaborator::lang_match_record_pattern	component_coverage_respects_open_fields_and_names_the_real_gap	PASS
4	0.242	ken-elaborator::lang_match_record_pattern	omitted_fields_bind_nothing_and_do_not_shift_outer_variables	PASS
4	0.951	ken-elaborator::lang_facade_export_load_order	nested_facade_reaches_the_consumer_through_p_interface	PASS
4	0.228	ken-elaborator::lang_mod_catalog_realization	canonical_or_publishes_constructors_under_legacy_roots_idempotently	PASS
4	0.472	ken-elaborator::lang_mod_catalog_realization	legacy_local_scope_covers_ordinary_data_and_classes	PASS
4	0.897	ken-elaborator::lang_membership_operator_surface	membership_binding_is_defined_once_and_the_facade_reexports_its_identity	PASS
4	0.454	ken-elaborator::lang_mod_strict_resolution_d0	root_and_legacy_are_distinct_entries_with_ambient_passthrough_still_live	PASS
4	1.468	ken-elaborator::lang_mod_pair_floor_realization	pair_floor_binding_collisions_reject_before_allocation	PASS
4	0.241	ken-elaborator::lang_prelude_floor_fifteen	ill_kinded_source_empty_cannot_redirect_space_desugaring	PASS
4	0.240	ken-elaborator::lang_qualified_constructor_privacy	forge_count_file	PASS
4	0.234	ken-elaborator::lang_qualified_constructor_privacy	mapping_resource_file	PASS
4	0.237	ken-elaborator::lang_qualified_constructors	forged_qualified_global_spelling_cannot_redirect_checked_member	PASS
4	0.226	ken-elaborator::lang_qualified_constructors	module_and_type_constructor_path_conflict_in_both_positions	PASS
4	0.234	ken-elaborator::lang_qualified_constructors	module_and_type_path_conflict_even_when_both_select_one_id	PASS
4	0.461	ken-elaborator::lang_qualified_constructors	strict_roots_type_constructor_selection_keeps_public_and_private_faces	PASS
4	0.005	ken-elaborator::lang_reserved_infix_names	reserved_names_do_not_widen_excluded_identifier_grammars	PASS
4	3.206	ken-elaborator::lang_mod_strict_resolution_d1	strict_globals_choke_covers_every_d0_globals_representation	PASS
4	0.241	ken-elaborator::lang_roots_loader_local_instance_dict_scope	duplicate_structure_dictionary_is_rejected_by_exact_class_head	PASS
4	1.122	ken-elaborator::lang_reserved_infix_names	reserved_precedence_alias_collision_and_privacy_use_existing_diagnostics	PASS
4	0.226	ken-elaborator::lang_standard_infix_call_completion	ac2b_an_unrelated_local_operator_with_the_same_glyph_is_left_alone	PASS
4	0.005	ken-elaborator::lang_surface_block_comments	ac7_formatter_round_trips_a_block_comment	PASS
4	0.005	ken-elaborator::lang_symbolic_operator_names	retired_match_arm_spellings_remain_lexically_reserved	PASS
4	0.005	ken-elaborator::lang_trivia_kind_mapping_pin	d1_same_line_after_doc_comment_attaches_leading_to_following_declaration	PASS
4	0.236	ken-elaborator::lang_truncation_surface_syntax	ac4_kernel_level_type_target_elimination_of_trunc_remains_refused	PASS
4	0.235	ken-elaborator::lang_truncation_surface_syntax	d2_trunc_intro_checks_against_a_trunc_shaped_goal	PASS
4	0.235	ken-elaborator::lang_type_projection_surface_form	ac3_the_consumer_bindings_resolve_as_ordinary_top_level_bindings_not_builtins	PASS
4	0.881	ken-elaborator::lang_standard_infix_call_completion	the_real_catalog_facade_certifies_against_the_shape_contract	PASS
4	0.237	ken-elaborator::let5_checking_mode_let	old_in_checked_position_fails_closed_without_prestate	PASS
4	0.005	ken-elaborator::literal_escapes_lexer_unit	well_shaped_invalid_scalar_spans_the_complete_escape	PASS
4	6.010	ken-elaborator::lang_membership_operator_surface	three_named_providers_are_carrier_first_and_retain_their_own_comparator	PASS
4	1.810	ken-elaborator::literal_escapes_conformance	byte_string_ascii_and_x_domain	PASS
4	0.247	ken-elaborator::mutual_recursion_surface_acceptance	is_even_is_odd_compute_correct_values	PASS
4	0.224	ken-elaborator::mutual_recursion_surface_acceptance	non_terminating_mutual_group_is_rejected_by_sct	PASS
4	0.215	ken-elaborator::n1_duplicate_definition	lower_arity_eq_j_and_real_sugar_remain_jointly_live	PASS
4	0.216	ken-elaborator::n2_in_repo_loader	cross_file_import_resolves_lazily_through_plural_root_api_and_caches	PASS
4	0.274	ken-elaborator::nat_arithmetic_laws_acceptance	trusted_base_delta_is_empty_across_the_entry	PASS
4	0.561	ken-elaborator::nc14_data_match_lowering	d5_native_scalar_merge_admits_checked_structural_nat	PASS
4	0.580	ken-elaborator::nc14_data_match_lowering	result_match_payload_binding_lowers_and_matches_interpreter	PASS
4	0.007	ken-elaborator::nc14_data_match_lowering	stale_constructor_identity_rejects_before_runtime_program_success	PASS
4	0.005	ken-elaborator::nc15_record_sigma_lowering	erased_law_field_projection_rejects_before_runtime_program_success	PASS
4	0.005	ken-elaborator::nc15_record_sigma_lowering	witness_rejects_runtime_or_checked_core_field_status_drift	PASS
4	0.006	ken-elaborator::nc16_primitive_value_lowering	primitive_bool_string_and_bytes_values_lower_and_evaluate	PASS
4	0.006	ken-elaborator::nc18_effects_foreign_boundary_ir	pure_program_report_keeps_starter_subset_ready	PASS
4	0.007	ken-elaborator::nc5_erasure_runtime_ir	nested_constructor_lowerability_blocker_rejects	PASS
4	0.013	ken-elaborator::nc5_erasure_runtime_ir	proof_erasure_boundary_witness_names_dropped_metadata_lanes	PASS
4	0.242	ken-elaborator::purity_keywords	surf1_d2_const_and_fn_accept_by_value_arity	PASS
4	0.450	ken-elaborator::px8f_buffer_io_surface	checked_source_rejects_private_buffer_span_producers	PASS
4	6.243	ken-elaborator::map_build_acceptance	cat_rel_seed_non_root_successor_path_executes	PASS
4	6.343	ken-elaborator::map_build_acceptance	lookupassocagree_law5_is_a_real_general_proof_term	PASS
4	0.298	ken-elaborator::px9_system_error_classification	sanctioned_retry_surface_consumes_both_classification_axes	PASS
4	0.223	ken-elaborator::record_index_sigma_closure	unsupported_pi_beneath_sigma_rejects_the_entire_plan	PASS
4	0.429	ken-elaborator::record_index_sigma_closure	if_result_classifier_closes_a_substituted_refined_core	PASS
4	0.286	ken-elaborator::rt_dasm_d1b_role_a_role_authority	d1b_role_a_package_cannot_declare_a_runtime_role_constructor_spelling	PASS
4	0.010	ken-elaborator::sec1_acceptance	label_survives_effect_routing	PASS
4	0.012	ken-elaborator::sec1_acceptance	secret_to_public_rejected	PASS
4	0.009	ken-elaborator::sec1_acceptance	unprovable_relational_incomplete_never_false_proved	PASS
4	0.010	ken-elaborator::sec2_acceptance	file_write_needs_capability_and_clearance	PASS
4	0.307	ken-elaborator::rt_dasm_d1b_role_c1_trusted_base_provenance	c1_a_severed_tuple_partner_is_refused	PASS
4	0.423	ken-elaborator::surf_space_cells_p1	public_block_space_is_a_specific_surface_refusal	PASS
4	0.261	ken-elaborator::surface_arrow_in_expr_acceptance	arrow_is_right_associative	PASS
4	0.257	ken-elaborator::surface_arrow_in_expr_acceptance	dependent_arrow_in_expr_position_is_a_real_pi	PASS
4	0.286	ken-elaborator::surface_def_refinement	type_is_reserved_not_a_free_identifier	PASS
4	1.449	ken-elaborator::sub1_bytes_structural_view	ac1_ac3_structural_fold_terminates_runs_and_adds_no_axiom	PASS
4	0.292	ken-elaborator::surface_named_proof_claims	attached_proof_can_depend_on_same_subject_attached_proof	PASS
4	0.223	ken-elaborator::surface_named_proof_claims	duplicate_attached_proof_name_on_same_subject_is_rejected	PASS
4	0.237	ken-elaborator::surface_named_proof_claims	module_selective_import_exposes_prop_intro_without_bare_intro	PASS
4	0.222	ken-elaborator::surface_named_proof_claims	prop_seed_shape_elaborates_without_trusted_base_growth	PASS
4	0.005	ken-elaborator::t1_acceptance	hole_kind_round_trips_and_lists_in_delta	PASS
4	0.004	ken-elaborator::t1_acceptance	non_discharged_implies_non_null_diagnostic	PASS
4	0.231	ken-elaborator::surface_transport_acceptance	stuck_match_over_abstract_key_transports_via_hand_written_motive	PASS
4	0.229	ken-elaborator::v1_acceptance	requires_on_final_param_unaffected	PASS
4	0.233	ken-elaborator::v1_acceptance	requires_on_first_of_two_params	PASS
4	0.227	ken-elaborator::v1_acceptance	result_out_of_ensures_rejects	PASS
4	0.231	ken-elaborator::v1_acceptance	v0_behavior_unchanged	PASS
4	0.225	ken-elaborator::v2_acceptance	body_requires_assumed_not_reobligated	PASS
4	0.229	ken-elaborator::v2_acceptance	postcondition_emits_substituted_goal	PASS
4	0.005	ken-elaborator::v3_acceptance	pure_pipeline_no_obligations_unaffected	PASS
4	0.004	ken-elaborator::v3_acceptance	unrecognized_shape_to_ho_default_no_skip	PASS
4	0.223	ken-elaborator::v2_acceptance	precondition_at_call_not_in_body_placeholder	PASS
4	1.317	ken-elaborator::v3_fo_checker_soundness_d1a_rule_correspondence	fok_derivation_kernel_artifact_has_closed_rule_inventory	PASS
4	1.385	ken-elaborator::v3_fo_checker_soundness_d0_buildability_probe	probe3_bool_true_hypothesis_eliminates_by_cases_restructured	PASS
4	1.354	ken-elaborator::v3_fo_checker_soundness_d2_bool_inversion	fok_or_elim_right_branch_applies_to_a_concrete_instance	PASS
4	1.433	ken-elaborator::v3_fo_checker_soundness_d3	accepted_imp_right_init_tree_instantiates_full_checker_soundness	PASS
4	1.356	ken-elaborator::v3_fo_checker_soundness_d3_unused_ih_reduction	fok_check_node_abstract_children_probe_is_convertible_by_refl	PASS
4	1.454	ken-elaborator::v3_fo_checker_soundness_d4	accepted_forall_object_right_reaches_full_checker_soundness	PASS
4	1.385	ken-elaborator::v3_fo_embedding_adequacy_d1	scoped_formula_depth_is_an_index_not_a_parameter	PASS
4	1.451	ken-elaborator::v3_fo_ken_level_checker_authoring	certificate_sort_validation_certificate_wide_parameter_pair	PASS
4	1.473	ken-elaborator::v3_fo_ken_level_checker_authoring	fok_check_cert_accepts_genuine_derivations	PASS
4	0.005	ken-elaborator::v3_fo_kripke_slice_acceptance	positive_control_certificate_computes_true	PASS
4	1.448	ken-elaborator::v3_fo_ken_level_checker_authoring	fok_embed_agrees_with_rust_embed_on_quoted_inputs	PASS
4	5.448	ken-elaborator::v3_fo_route_consumption_apparatus	handles_resolve_atomically_then_survive_source_name_removal	PASS
4	0.005	ken-elaborator::v4_acceptance	lem_unknown_no_forcing_world	PASS
4	0.006	ken-elaborator::v4_acceptance	slice_missing_hypothesis_sufficiency_flip	PASS
4	0.004	ken-elaborator::v4_acceptance	unknown_absorption_on_known_operand	PASS
4	0.219	ken-elaborator::val1_string_literals	fibonacci_iterative_elaborates	PASS
4	0.223	ken-elaborator::val1_string_literals	print_line_prim_reduction_builds_itree	PASS
4	0.005	ken-foundation	canonical::tests::set_ordering_deterministic	PASS
4	0.005	ken-foundation	hash::tests::fnv1a_deterministic	PASS
4	0.010	ken-host	abi_v1::tests::abi_a3_raw_dispatch_executes_all_four_directory_operations	PASS
4	0.004	ken-host	abi_v1::tests::every_deferred_operation_has_its_own_named_native_boundary_rejection	PASS
4	0.005	ken-host	account_db_v1::tests::production_lookup_is_owned_and_is_success_or_exact_no_record	PASS
4	0.007	ken-host	effect_v1::tests::abi_s1_duplicate_preserves_policy_rights_and_revocation_lineage	PASS
4	0.006	ken-host	effect_v1::tests::abi_s1_sync_modes_execute_and_share_the_write_right	PASS
4	0.005	ken-host	effect_v1::tests::abi_s6_d5a_leaves_file_acquisition_represented_unavailable	PASS
4	0.004	ken-host	effect_v1::tests::ac5_new_operations_are_unavailable_and_the_promotion_set_is_untouched	PASS
4	0.005	ken-host	effect_v1::tests::buffer_allocation_failure_is_reachable_ordered_and_atomic	PASS
4	0.004	ken-host	effect_v1::tests::foreign_acquisition_span_rejects_on_both_consumers_before_bytes_or_backend	PASS
4	0.004	ken-host	effect_v1::tests::fs_open_attenuates_the_live_handle_to_the_requested_mode	PASS
4	0.005	ken-host	effect_v1::tests::generated_manifest_binds_the_opaque_capability_layout	PASS
4	0.004	ken-host	effect_wire::tests::linked_trace_codec_preserves_allocation_failure_identity	PASS
4	0.006	ken-host	effect_wire::tests::linked_trace_codec_preserves_resource_origin_canonical_revoked_identity	PASS
4	0.004	ken-host	tests::manifest_identity_accepts_match_and_rejects_mismatch	PASS
4	0.009	ken-interp	eff_tests::eff1_perform_rule_uniform_across_classes	PASS
4	0.006	ken-interp	eff_tests::eff4_handled_discharges_unhandled_reaches_driver	PASS
4	0.006	ken-interp	eff_tests::regression_pure_program_never_reaches_driver	PASS
4	0.011	ken-interp	eval::capacity_tests::interp_loud_capacity_error_not_silent	PASS
4	0.006	ken-interp	eval::px5b_effect_observation_tests::mapping_limit_reifies_the_distinct_checked_resource_error	PASS
4	0.006	ken-interp	eval::px5b_effect_observation_tests::rt_parity_buffer_freeze_rejects_malformed_bounds_exactly	PASS
4	0.006	ken-interp	eval::px5b_effect_observation_tests::rt_parity_malformed_freeze_bounds_precede_closed_resource	PASS
4	0.007	ken-interp	tests::can_quotient_elim_computes	PASS
4	0.007	ken-interp	tests::closure_publication_rejected_transitively	PASS
4	8.842	ken-elaborator::v3_fo_route_consumption_apparatus	faithful_and_wrong_encodings_form_a_kernel_guarded_pair	PASS
4	21.339	ken-interp::b3_acceptance	non_host_trace_event_uses_exact_b1_signature_and_rejects_sibling	PASS
4	43.993	ken-interp::b3_acceptance	monitor_changes_when_t_changes	PASS
4	72.358	ken-elaborator::px8x_static_export_projection	direct_body_and_fixed_descriptor_fail_closed_before_wire_output	PASS
4	0.005	ken-interp::f2f3_acceptance	ac4_bare_add_int8_overflow_degrades_not_wraps	PASS
4	0.237	ken-interp::l1_acceptance	sweep_int8_overflow_emits_obligation	PASS
4	0.238	ken-interp::l1_acceptance	sweep_int_total_no_obligation	PASS
4	0.008	ken-interp::nc12_runtime_ir_evaluator	caller_supplied_interpreter_agreement_binds_identities_without_live_path_claim	PASS
4	0.005	ken-interp::nc12_runtime_ir_evaluator	p2_an_ambiguous_example_key_is_refused_rather_than_resolved_by_order	PASS
4	0.006	ken-interp::nc12_runtime_ir_evaluator	stale_oracle_identity_rejects_before_runtime_ir_evaluation	PASS
4	0.007	ken-kernel	check::tests::k2_omega_formation	PASS
4	0.008	ken-kernel	conv::tests::closed_two_cons_positive_reduces_by_iota_without_refusal	PASS
4	0.005	ken-kernel	conv::tests::k3_closed_iota_to_neutral_argument_does_not_report_iota_progress	PASS
4	0.004	ken-kernel	conv::tests::level_max_zero_absorbed_by_var_at_same_offset	PASS
4	0.004	ken-kernel	inductive::tests::positivity_bad4_in_own_indices_rejected	PASS
4	0.004	ken-kernel	inductive::tests::w_style_pi_bound_admitted_in_k1p5	PASS
4	0.004	ken-kernel	sct::tests::ctor_wrap_compose_rejected	PASS
4	0.004	ken-kernel	sct::tests::is_exact_reconstruction_reorder_rejected	PASS
4	0.009	ken-kernel::acceptance	ac4_elim_nat_iota_suc	PASS
4	0.009	ken-kernel::acceptance	ac4_elim_vec_iota_vcons_var	PASS
4	0.005	ken-kernel::acceptance	ac5_d_in_constructor_target_index_rejected	PASS
4	0.007	ken-kernel::acceptance	ac5_positive_list_admitted	PASS
4	0.009	ken-kernel::ds6a_int_deceq_certificate	wrong_arity_eq_op_is_rejected_at_registration	PASS
4	0.008	ken-kernel::eq_at_inductive_multifield_binder	two_field_reflexive_eq_under_trailing_binder_infers_the_nested_proof	PASS
4	0.008	ken-kernel::k1p5_wstyle	ac2_indexed_wstyle_method_type_agreement	PASS
4	0.006	ken-kernel::k1p5_wstyle	ac3_wstyle_iota_in_conversion	PASS
4	0.005	ken-kernel::k1p5_wstyle	ac5_elim_itree_ret_and_vis_compute	PASS
4	0.008	ken-kernel::k2c_conversion	sct_accept_mutual	PASS
4	0.005	ken-kernel::k2c_conversion	sct_reject_ctor_wrap_compose	PASS
4	0.011	ken-kernel::k2c_series2	cast_inductive_open_index_stuck	PASS
4	0.007	ken-kernel::k2c_series2	eq_inductive_dependent_telescope	PASS
4	0.008	ken-kernel::k4_omega_motive	type_motive_regression_still_admitted	PASS
4	0.008	ken-kernel::k5_omega_fragment	absurd_type_motive_can_mention_context_variables	PASS
4	0.010	ken-kernel::k7_eq_at_inductive_whnf	eq_at_inductive_collapses_operation_wrapped_same_constructor	PASS
4	0.010	ken-kernel::nested_inductives_all	generated_all_support_has_the_frozen_first_order_carrier	PASS
4	0.007	ken-kernel::nested_inductives_d3_shapes	primitive_sigma_preserves_topology_and_both_motive_leaves	PASS
4	0.011	ken-kernel::nested_inductives_remaining	seed_fresh_bag_rose_and_deep_paths_admit_structurally	PASS
4	0.009	ken-kernel::obs_eq_termination_congruence	allkeys_distinct_predicate_stays_rejected	PASS
4	0.008	ken-kernel::sct_completeness_nested_split	two_level_nested_split_flat_sibling_recursion_accepts	PASS
4	0.010	ken-kernel::sigma_eq_pair_refl	sigma_eq_component_proof_checks_under_first_proof_binder	PASS
4	0.008	ken-kernel::sigma_sort	pi_into_prop_is_prop_codomain_keyed	PASS
4	0.006	ken-runtime	activation_abi::tests::zero_epoch_profile_child	PASS
4	0.009	ken-runtime	boundary_activation::tests::max_word_grants_do_not_panic_at_open_or_begin	PASS
4	0.010	ken-runtime	boundary_activation::tests::moving_the_activation_does_not_move_what_generated_code_was_given	PASS
4	0.006	ken-runtime	boundary_resource_profile::tests::an_exhaustion_names_its_scope_and_resource_distinguishably	PASS
4	0.009	ken-runtime	boundary_value::invocation_aggregate_decode_tests::a_record_aggregate_decodes_to_its_named_fields	PASS
4	0.039	ken-runtime	boundary_value_clif::tests::b2v_a_constructed_persistent_word_survives_the_invocation_arena	PASS
4	0.008	ken-runtime	boundary_value_clif::tests::b2v_ac10_adoption_fails_closed_before_publication	PASS
4	0.050	ken-runtime	boundary_value_clif::tests::b2v_ac10_the_magnitude_boundary_is_a_real_emitted_partition	PASS
4	0.040	ken-runtime	boundary_value_clif::tests::b2v_emitted_code_constructs_equal_length_bytes_and_strings_by_content	PASS
4	0.124	ken-runtime	boundary_value_clif::tests::b2v_every_emitted_owner_band_test_is_the_plans	PASS
4	0.008	ken-runtime	boundary_value_clif::tests::b2v_the_layout_inventory_is_the_sole_authority	PASS
4	0.006	ken-runtime	canonical::tests::ac_v1b_corpus_is_non_vacuous_and_discriminating	PASS
4	0.005	ken-runtime	canonical::tests::float_minus_zero_distinct_from_plus_zero	PASS
4	0.008	ken-runtime	cranelift_backend::artifact::api::tests::nc8_certificate_rejects_add_int_wrong_arity_in_reachable_transparent_declaration	PASS
4	0.009	ken-runtime	cranelift_backend::artifact::api::tests::nc8_certificate_rejects_let_expression_in_validated_example	PASS
4	0.012	ken-runtime	cranelift_backend::artifact::api::tests::nc8_certificate_rejects_top_level_observable_closure	PASS
4	0.014	ken-runtime	cranelift_backend::artifact::api::tests::nc8_certificate_rejects_unsupported_total_primitive_in_validated_example	PASS
4	0.055	ken-runtime	cranelift_backend::artifact::api::tests::nc8_valid_certificate_records_f2_validation_separate_from_f1	PASS
4	0.017	ken-runtime	cranelift_backend::artifact::tests::b2f_ac8_the_inventory_enumerator_sees_a_second_emitters_declarations	PASS
4	0.010	ken-runtime	cranelift_backend::lowering::aggregates::tests::a_mismatch_below_every_recursive_container_is_refused_before_any_allocation	PASS
4	0.036	ken-runtime	cranelift_backend::lowering::aggregates::tests::a_sibling_records_field_schema_is_refused_before_any_allocation	PASS
4	0.006	ken-runtime	cranelift_backend::lowering::boundary::tests::recut2_identity_is_a_function_of_owner_and_needs_no_second_wiring	PASS
4	0.006	ken-runtime	cranelift_backend::lowering::boundary::tests::recut2_the_tag_admission_is_derived_from_the_partition_not_restated	PASS
4	0.035	ken-runtime	cranelift_backend::lowering::core::primitive::tests::cranelift_reports_bytes_and_string_immediates_as_ground_values	PASS
4	0.009	ken-runtime	cranelift_backend::lowering::core::tests::constructors::a_capture_contract_with_a_duplicated_slot_ordinal_rejects	PASS
4	0.006	ken-runtime	cranelift_backend::lowering::core::tests::constructors::b2f_d9_no_spillable_tag_can_make_the_immediate_producer_answer_shape	PASS
4	0.021	ken-runtime	cranelift_backend::lowering::core::tests::constructors::b2f_d9_one_compiled_body_takes_both_arms_at_runtime	PASS
4	0.019	ken-runtime	cranelift_backend::lowering::core::tests::constructors::carried_bool_dispatch_selects_exact_false_and_true_ordinals	PASS
4	0.029	ken-runtime	cranelift_backend::lowering::core::tests::constructors::carried_bounded_nat_adapter_is_load_bearing	PASS
4	0.021	ken-runtime	cranelift_backend::lowering::core::tests::constructors::constructor_field_bridge_removal_recovers_exact_refusal	PASS
4	0.023	ken-runtime	cranelift_backend::lowering::core::tests::constructors::constructor_field_middle_binder_preserves_trailing_environment_order	PASS
4	0.022	ken-runtime	cranelift_backend::lowering::core::tests::constructors::constructor_field_missing_case_owns_default_before_fields	PASS
4	0.037	ken-runtime	cranelift_backend::lowering::core::tests::constructors::d4_an_observable_span_yields_pointer_length_and_outcome_zero	PASS
4	0.065	ken-runtime	cranelift_backend::lowering::core::tests::constructors::dynamic_constructor_dispatches_producer_continuation_with_all_frames	PASS
4	0.027	ken-runtime	cranelift_backend::lowering::core::tests::constructors::heterogeneous_eliminator_well_formed_control_emits	PASS
4	0.045	ken-runtime	cranelift_backend::lowering::core::tests::constructors::selected_worker_generated_gate_rejects_wrong_target_and_duplicate	PASS
4	0.008	ken-runtime	cranelift_backend::lowering::core::tests::constructors::static_worker_construction_rejects_capture_count_against_definition	PASS
4	0.008	ken-runtime	cranelift_backend::lowering::core::tests::constructors::static_worker_construction_rejects_slot_run_against_header	PASS
4	0.008	ken-runtime	cranelift_backend::lowering::core::tests::constructors::static_worker_construction_rejects_wrong_arity	PASS
4	0.070	ken-runtime	cranelift_backend::lowering::core::tests::constructors::two_same_shape_workers_are_distinguished	PASS
4	0.008	ken-runtime	cranelift_backend::lowering::core::tests::control::nested_computational_outer_missing_selects_exact_outer_default	PASS
4	0.010	ken-runtime	cranelift_backend::lowering::core::tests::control::oriented_dynamic_edge_ledger_is_affine_and_sibling_isolated	PASS
4	0.020	ken-runtime	cranelift_backend::lowering::core::tests::control::process_lowering_without_checked_root_authority_rejects_before_cfg	PASS
4	0.016	ken-runtime	cranelift_backend::lowering::core::tests::control::px8j_release_validator_rejects_repeated_and_broken_scope_lineage	PASS
4	0.009	ken-runtime	cranelift_backend::lowering::core::tests::control::the_identifier_census_survives_the_evasions_that_defeated_the_text_scan	PASS
4	0.289	ken-runtime	cranelift_backend::lowering::core::tests::effects::a_carried_capacity_narrows_exactly_as_a_specialized_one_over_both_representations	PASS
4	0.066	ken-runtime	cranelift_backend::lowering::core::tests::effects::complementary_omissions_across_two_visits_both_reject_though_their_union_is_complete	PASS
4	0.046	ken-runtime	cranelift_backend::lowering::core::tests::effects::px8i_host_narrowing_rejects_negative_and_over_u64_before_dispatch	PASS
4	0.019	ken-runtime	cranelift_backend::lowering::core::tests::effects::px8n_bounded_nat_observes_exact_zero_successor_and_recursive_order	PASS
4	0.039	ken-runtime	cranelift_backend::lowering::core::tests::host_call_carrier::d4_a_lexical_closure_declaration_retains_a_binding_and_still_runs	PASS
4	0.053	ken-runtime	cranelift_backend::lowering::core::tests::host_call_carrier::d4_an_unrecorded_continuation_emission_reds_the_clif_sweep	PASS
4	0.027	ken-runtime	cranelift_backend::lowering::core::tests::host_call_carrier::d5_c2_mutual_same_scc_calls_reconcile_and_emit	PASS
4	0.094	ken-runtime	cranelift_backend::lowering::core::tests::host_call_carrier::d5_the_checked_call_closeout_rejects_omission_duplication_and_a_substituted_callee	PASS
4	0.026	ken-runtime	cranelift_backend::lowering::core::tests::host_call_carrier::d7_the_two_same_shaped_target_population_executes	PASS
4	0.007	ken-runtime	cranelift_backend::lowering::core::tests::host_call_carrier::every_generated_root_and_unit_signature_is_two_pointers_to_one_word	PASS
4	0.010	ken-runtime	cranelift_backend::lowering::core::tests::positional_candidate_settlement::ced_d2_an_unclaimed_planned_token_is_missing_from_the_exact_equality_in_isolation	PASS
4	0.037	ken-runtime	cranelift_backend::lowering::core::tests::positional_candidate_settlement::ced_d3_m4_omitting_the_direct_settlement_preserves_the_call_and_fails_candidate_totality	PASS
4	0.013	ken-runtime	cranelift_backend::lowering::core::tests::positional_candidate_settlement::d2b_the_runtime_envelope_excludes_every_recursive_position	PASS
4	0.041	ken-runtime	cranelift_backend::lowering::core::tests::positional_candidate_settlement::d3_a_two_parameter_body_selects_the_constructor_its_position_named	PASS
4	0.015	ken-runtime	cranelift_backend::lowering::core::tests::positional_candidate_settlement::d3_the_fusion_local_composition_ledger_is_affine_and_total	PASS
4	0.022	ken-runtime	cranelift_backend::lowering::core::tests::recursor_fusion::required_consumer_projection_censuses_each_governed_row	PASS
4	0.046	ken-runtime	cranelift_backend::lowering::core::tests::recursor_fusion::required_consumer_projection_reaches_the_depth_two_funnel	PASS
4	0.095	ken-runtime	cranelift_backend::lowering::core::tests::recursor_fusion::required_consumer_route_manufactures_the_depth_two_plus_closure_crossing	PASS
4	0.036	ken-runtime	cranelift_backend::lowering::core::tests::source_frame_bridge::d6b_every_raw_emission_sits_where_the_tables_agree_and_every_context_emission_where_they_differ	PASS
4	0.051	ken-runtime	cranelift_backend::lowering::core::tests::source_frame_bridge::d8o_every_emitted_body_binds_its_own_planner_issued_authority	PASS
4	0.038	ken-runtime	cranelift_backend::lowering::core::tests::source_frame_bridge::d8p_preserves_the_refusals_the_projection_could_have_weakened	PASS
4	0.006	ken-runtime	cranelift_backend::lowering::core::tests::specialization_binding::continuation_case_binder_run_agrees_with_the_rejected_reading_at_source_position_zero	PASS
4	0.027	ken-runtime	cranelift_backend::lowering::core::tests::specialization_binding::d5a_a_transplanted_generated_context_binding_refuses_at_the_retarget	PASS
4	0.029	ken-runtime	cranelift_backend::lowering::core::tests::specialization_binding::d6a_the_same_checked_frame_with_a_direct_predecessor_stays_direct	PASS
4	0.020	ken-runtime	cranelift_backend::lowering::core::tests::specialization_binding::d8e_off_the_source_machine_path_the_binding_is_refused_in_value_position	PASS
4	0.031	ken-runtime	cranelift_backend::lowering::core::tests::specialization_binding::rt_seed_direct_and_context_gather_use_the_same_entry_words	PASS
4	0.005	ken-runtime	cranelift_backend::lowering::units::admitted_matches_role_sequence::the_planner_issued_association_agrees	PASS
4	0.005	ken-runtime	cranelift_backend::lowering::units::captured_environment_bijection::a_gapped_ordinal_run_is_refused_even_at_the_right_length	PASS
4	0.005	ken-runtime	cranelift_backend::planning::plan_extraction_tests::oriented_plan_absent_when_no_metadata_carries_the_header	PASS
4	0.007	ken-runtime	cranelift_backend::planning::static_transition::aggregates::checked_ih_captured_env_schema::a_unit_boundary_environment_program_receives_no_checked_ih_record	PASS
4	0.006	ken-runtime	cranelift_backend::planning::static_transition::aggregates::tests::a_host_response_referent_has_exactly_persistent_store_owner	PASS
4	0.007	ken-runtime	cranelift_backend::planning::static_transition::aggregates::tests::a_lawful_non_dynamic_root_is_not_a_failed_lookup	PASS
4	0.007	ken-runtime	cranelift_backend::planning::static_transition::aggregates::tests::non_inline_host_effect_records_equal_their_actual_emission_owner_set	PASS
4	0.007	ken-runtime	cranelift_backend::planning::static_transition::aggregates::tests::the_planner_owns_the_ordered_alternative_population	PASS
4	0.011	ken-runtime	cranelift_backend::planning::static_transition::closure::tests::d4b_admission_is_exactly_the_closed_required_vector	PASS
4	0.007	ken-runtime	cranelift_backend::planning::static_transition::closure::tests::declaration_call_validation_positions_out_of_order_sources_once	PASS
4	0.016	ken-runtime	cranelift_backend::planning::static_transition::closure::tests::planner_invariant_failures_have_compiler_bug_attribution	PASS
4	0.007	ken-runtime	cranelift_backend::planning::static_transition::closure::tests::substrate_case_emission_open_ingress_prunes_nothing	PASS
4	0.007	ken-runtime	cranelift_backend::planning::static_transition::construction::tests::a_non_root_computational_declaration_body_differs_from_its_entry	PASS
4	0.007	ken-runtime	cranelift_backend::planning::static_transition::construction::tests::d2_a_transparent_closure_seed_declaration_owns_a_callable_unit	PASS
4	0.009	ken-runtime	cranelift_backend::planning::static_transition::continuations::fusion::tests::d2g_ac2_a_broken_slot_to_frame_relation_resolves_nothing	PASS
4	0.011	ken-runtime	cranelift_backend::planning::static_transition::continuations::fusion::tests::d2g_ac3_the_twins_coordinates_are_fresh_and_some_coincide	PASS
4	0.009	ken-runtime	cranelift_backend::planning::static_transition::continuations::tests::contsrc_the_two_coordinate_domains_never_compare_equal	PASS
4	0.008	ken-runtime	cranelift_backend::planning::static_transition::immediate_bridge::tests::derivation_reads_one_row_with_its_exact_coordinates	PASS
4	0.005	ken-runtime	cranelift_backend::planning::static_transition::immediate_bridge::tests::new_intent_static_host_operation_cause	PASS
4	0.005	ken-runtime	cranelift_backend::planning::static_transition::immediate_bridge::tests::refuses_a_body_that_is_none_of_the_four_spellings	PASS
4	0.005	ken-runtime	cranelift_backend::planning::static_transition::immediate_bridge::tests::refuses_a_scrutinee_that_is_not_a_var	PASS
4	0.008	ken-runtime	cranelift_backend::planning::static_transition::immediate_bridge::tests::validation_accepts_an_empty_plane_when_the_derivation_is_empty	PASS
4	0.006	ken-runtime	cranelift_backend::planning::static_transition::occurrences::tests::content_equal_occurrences_resolve_to_distinct_occurrences	PASS
4	0.005	ken-runtime	cranelift_backend::planning::static_transition::selected_pending_calls::tests::agreeing_unit_preserves_the_existing_l2_nonpending_route	PASS
4	0.009	ken-runtime	cranelift_backend::planning::static_transition::selected_pending_calls::tests::px8tr_gather_and_retarget_nonproducer_transition_sentinel	PASS
4	0.005	ken-runtime	cranelift_backend::surface::surface_diagnostics_tests::backend_errors_are_usable_as_std_error_trait_objects	PASS
4	0.005	ken-runtime	cranelift_backend::surface::surface_diagnostics_tests::validated_run_error_from_impls_select_the_matching_arm	PASS
4	0.006	ken-runtime	executable_artifact_contract::tests::missing_unavailable_marker_rejects	PASS
4	0.006	ken-runtime	executable_artifact_contract::tests::native_artifact_available_without_hash_rejects	PASS
4	0.006	ken-runtime	executable_entrypoint_packaging::tests::process_entrypoint_packaging_binds_raw_argv_environment_and_cwd	PASS
4	0.005	ken-runtime	hash::tests::fnv1a_distinct_inputs	PASS
4	0.005	ken-runtime	ir::tests::acf2_ordinary_case_count_is_load_bearing	PASS
4	0.005	ken-runtime	ir::tests::checked_ih_binder_morphism_refuses_a_stale_source_occurrence	PASS
4	1.941	ken-runtime	native_execution_differential::tests::closeout_rejects_overclaimed_out_of_phase_proof_lane	PASS
4	1.814	ken-runtime	native_execution_differential::tests::trap_observation_still_rejects_stale_executable_artifact	PASS
4	0.007	ken-runtime	native_int::tests::terminal_decoder_requires_a_complete_canonical_export_view	PASS
4	4.636	ken-runtime	object_linker_packaging::tests::linked_transport_classifies_all_terminal_arms	PASS
4	21.767	ken-interp::b3_acceptance	sigma_event_concretizes_sigma_member	PASS
4	0.006	ken-runtime	object_linker_packaging::tests::signed_root_trap_decoder_refuses_every_unbound_identity_class	PASS
4	0.010	ken-runtime	platform_runtime_support::tests::host_effect_execution_target_stays_a_named_unavailable_lane	PASS
4	0.008	ken-runtime	store::tests::dedup_across_two_distinct_constructions	PASS
4	0.007	ken-runtime	store::tests::equality_is_slot_id_compare	PASS
4	0.011	ken-runtime	store::tests::reset_retires_slot_ids	PASS
4	0.005	ken-runtime	unknown::tests::unknown_and_true_is_unknown	PASS
4	0.006	ken-runtime	unknown::tests::unknown_or_false_is_unknown	PASS
4	0.232	ken-runtime::value_depth_totality	ac_v1_host_recursion_dies_at_depth_d_through_all_child_positions	PASS
4	0.013	ken-verify	filesystem::tests::canonical_snapshot_projects_mode_but_never_owner_namespace	PASS
4	0.024	ken-verify	host::tests::scripted_console_is_execution_only	PASS
4	43.197	ken-interp::b3_acceptance	q_p_assertion_points_project_from_export	PASS
4	3.521	ken-runtime	object_linker_packaging::tests::nonprocess_starter_preserves_actual_one_past_epoch_fault	PASS
4	28.415	ken-verify	scenario::tests::real_producers_preserve_raw_requests_across_descriptor_collision	PASS
4	56.844	ken-verify	scenario::tests::fs_read_directory_exercises_every_path_policy_refusal	PASS
4	317.237	ken-elaborator::lang_mod_strict_resolution_d0	catalog_ambient_passthrough_migration_census	PASS
5	0.908	ken-cli	entrypoint_tests::checked_admission_projects_root_marker_without_changing_program_caps	PASS
5	1.651	ken-cli::cli_i1_entrypoint_abi	exit_code_mapping_covers_every_contract_arm	PASS
5	0.808	ken-cli::cli_i1_entrypoint_abi	missing_and_duplicate_main_report_distinct_named_errors	PASS
5	0.418	ken-cli::console_exec	ken_run_executes_console_program_and_prints_stdout	PASS
5	0.401	ken-cli::ken_check_mode	check_pure_library_file_exits_zero_no_io	PASS
5	0.404	ken-cli::ken_check_mode	failing_example_in_catalog_entry_is_still_refused_after_roots_loading	PASS
5	0.414	ken-cli::ken_check_mode	ken_run_rejects_a_pure_library_without_named_main	PASS
5	0.430	ken-cli::ken_check_mode	ken_run_still_drives_io_on_an_io_shaped_file_unchanged	PASS
5	0.006	ken-cli::library_documentation_gates	agent_key_space_detectors_reject_duplicate_pack_and_task_ids	PASS
5	0.151	ken-cli::library_documentation_gates	content_currency_gate_rejects_a_symlink_source_even_when_its_target_is_unchanged	PASS
5	0.006	ken-cli::library_documentation_gates	invalid_kind_detector_rejects_case_variant	PASS
5	0.136	ken-cli::library_documentation_gates	ledger_rejects_a_duplicate_path_row	PASS
5	0.006	ken-cli::mrc_d8_manifest_premise	mrc_d8_control_dotted_keys_and_arrays_of_tables_fail_closed	PASS
5	0.007	ken-cli::px4b_native_production	string_literal_end_recognizes_every_raw_string_prefix	PASS
5	56.067	ken-cli::px7p_constructor_field_composition	selected_ok_field_reaches_both_real_executors	PASS
5	71.391	ken-cli::abi_s6_mapping_surface_native	out_of_range_window_is_invalid_bounds_not_clamped	PASS
5	75.350	ken-cli::abi_s6_mapping_surface_native	second_mapping_effect_rechecks_read_only_rights	PASS
5	0.009	ken-cli::record_literal_parser_depth	record_literal_parser_retains_nested_match_depth	PASS
5	51.365	ken-cli::px8l_recursive_decl_native	dynamic_multistep_seed_preserves_updated_parameter_order	PASS
5	49.394	ken-cli::px8ta_oriented_subcontinuation	px8ds_retired_flat_order_does_not_gain_m4_representation	PASS
5	56.870	ken-cli::rt_capture_projection_grow	the_conditional_join_grows_the_projection_and_records_every_deferral	PASS
5	51.107	ken-cli::rt_escape_second_resource_native	escape_one_used_matches_interpreter	PASS
5	80.881	ken-cli::rt_cold_lowering_path_enumeration	rt_read_offset_stage	PASS
5	0.488	ken-cli::t2_acceptance	ac1_well_typed_def_registers	PASS
5	0.441	ken-cli::t2_acceptance	ac2_open_goal_yields_unknown	PASS
5	0.010	ken-elaborator	checked_core::tests::body_view_recovers_runtime_record_sigma_projection	PASS
5	0.008	ken-elaborator	checked_core::tests::body_view_rejects_non_executable_erased_field_projection	PASS
5	0.008	ken-elaborator	checked_core::tests::body_view_rejects_unsupported_declaration_kind	PASS
5	0.007	ken-elaborator	checked_core::tests::body_view_rejects_unsupported_dependent_motive	PASS
5	0.007	ken-elaborator	checked_core::tests::int_lit_skip_term_consumes_exactly_its_own_bytes	PASS
5	0.007	ken-elaborator	checked_core::tests::level_encoding_uses_semilattice_normal_form	PASS
5	0.008	ken-elaborator	checked_core::tests::validator_rejects_dependency_hash_lane_mismatch_after_hash_recompute	PASS
5	0.906	ken-elaborator	compiler_driver::tests::stale_or_foreign_package_identity_rejects_target_selection	PASS
5	0.007	ken-elaborator	conversions::tests::manifested_width_changes_the_generated_bounds	PASS
5	0.007	ken-elaborator	elab::nested_lift_association_tests::missing_lift_association_mutation_rejects	PASS
5	0.420	ken-elaborator	elab::nested_lift_association_tests::type_resident_support_does_not_override_omega_result_sort	PASS
5	0.399	ken-elaborator	elab::omega_index_refinement_tests::reindex_classifier_outside_type_or_omega_fails_closed	PASS
5	0.008	ken-elaborator	erasure::d1b_role_b_decoder_alignment::every_role_decodes_into_the_field_it_was_encoded_from	PASS
5	0.007	ken-elaborator	export::exact_inventory_tests::px8_runtime_operations_have_exact_fs_family_and_injective_spellings	PASS
5	0.006	ken-elaborator	export::resource_lifetime_hash_tests::abi_s6_d3_mapping_alphabet_projects_exact_lifetime_or_rejects_use_only	PASS
5	0.006	ken-elaborator	fo_kripke::tests::mentions_var0_agrees_with_shift_round_trip_oracle	PASS
5	0.006	ken-elaborator	fo_kripke::tests::subst_form_at_matches_hand_written_expectations_at_binder_depth	PASS
5	0.404	ken-elaborator	modules::namespace_effect_tests::bound_dictionary_purity_uses_selected_class_id	PASS
5	0.417	ken-elaborator	modules::namespace_effect_tests::class_field_cannot_borrow_the_other_same_name_provider	PASS
5	0.824	ken-elaborator	modules::namespace_effect_tests::file_import_retains_checked_leaf_identity_across_same_name_memory_owner	PASS
5	0.414	ken-elaborator	modules::namespace_effect_tests::file_unit_root_import_keeps_its_declared_inline_child	PASS
5	0.797	ken-elaborator	modules::namespace_effect_tests::imported_file_owner_refuses_an_external_same_spelling_grandchild	PASS
5	79.026	ken-cli::rt_cold_lowering_path_enumeration	rt_read_window_stage	PASS
5	0.412	ken-elaborator	modules::namespace_effect_tests::private_roster_requires_every_name_and_sweeps_identity_aliases	PASS
5	0.007	ken-elaborator	parser::atom_form_closure::every_form_is_reachable_by_some_token	PASS
5	0.007	ken-elaborator	parser::atom_form_closure::every_literal_token_carries_its_declared_payload_in_both_positions	PASS
5	0.006	ken-elaborator	parser::atom_form_closure::every_pattern_form_is_reachable_through_at	PASS
5	0.006	ken-elaborator	parser::atom_form_closure::the_expression_partition_is_the_form_set_minus_the_exclusions	PASS
5	0.416	ken-elaborator	modules::namespace_effect_tests::sibling_loaded_module_does_not_grant_qualified_access	PASS
5	0.406	ken-elaborator	r_layer_tests::acceptance::let_ascription_roundtrip	PASS
5	0.414	ken-elaborator	r_layer_tests::acceptance::two_distinct_levels	PASS
5	0.403	ken-elaborator	r_layer_tests::acceptance::wrong_arity_rejected	PASS
5	2.581	ken-elaborator	r_layer_tests::cat_lawful_functors_pub_export::lawful_functors_bool_algebra_uses_only_lawfulclasses_canonical_family	PASS
5	1.833	ken-elaborator	r_layer_tests::cat_order_pub_export::selective_consumer_preserves_local_and_reexported_provider_identities	PASS
5	6.621	ken-elaborator	r_layer_tests::cat_effectful_classes_import::effectful_classes_does_not_reexport_imported_dependencies	PASS
5	1.174	ken-elaborator	r_layer_tests::cat_tier_d_process_environment_import::process_environment_loader_visible_surface_is_exact_and_usable	PASS
5	6.480	ken-elaborator	r_layer_tests::cat_priority_queue_acceptance::direct_declarations_and_private_names_reach_the_import_boundary	PASS
5	8.876	ken-elaborator	r_layer_tests::cat_tier_e_argparse_import::argparse_help_order_law_is_usable_for_nonempty_specs	PASS
5	6.369	ken-elaborator	r_layer_tests::cat_tier_e_schema_import::schema_checked_provider_identity_closure_is_exact	PASS
5	3.628	ken-elaborator	r_layer_tests::cc6b_path_posix_acceptance::parse_render_and_normalize_are_byte_exact_at_posix_edges	PASS
5	3.064	ken-elaborator	r_layer_tests::cc6b_path_posix_acceptance::validity_rejects_the_old_counterexamples_and_accepts_dotdot	PASS
5	0.600	ken-elaborator	r_layer_tests::ds1_empty_dec_acceptance::ac2_empty_and_absurd_empty_elaborate	PASS
5	0.007	ken-elaborator	r_layer_tests::effects::handler_fold_discharges_effect	PASS
5	0.006	ken-elaborator	r_layer_tests::effects::handler_tail_resumptive_folds	PASS
5	0.007	ken-elaborator	r_layer_tests::effects::row_poly_mixed_concrete_and_var	PASS
5	0.011	ken-elaborator	r_layer_tests::kenfmt_b3_layout::ac3_wide_declaration_signatures_nest_and_keep_fitting_binders_flat	PASS
5	0.007	ken-elaborator	r_layer_tests::kenfmt_b3_layout::ac5_comments_are_retained_and_force_breaks	PASS
5	0.008	ken-elaborator	r_layer_tests::kenfmt_b3_layout::ac5_interstitial_comment_forces_the_application_group	PASS
5	0.009	ken-elaborator	r_layer_tests::kenfmt_b3_layout::terminal_type_parens_in_axiom_survive_formatting	PASS
5	0.406	ken-elaborator	r_layer_tests::lang_fixity_decl_surface::distinct_user_operator_identities_use_distinct_precedence_entries	PASS
5	0.801	ken-elaborator	r_layer_tests::lang_fixity_decl_surface::imported_fixity_cannot_be_redeclared_at_the_use_site	PASS
5	0.008	ken-elaborator	r_layer_tests::lang_fixity_decl_surface::pure_fixed_arithmetic_retains_merge_base_shape_and_skips_reassociation	PASS
5	0.412	ken-elaborator	r_layer_tests::lang_mod_catalog_evidence_frontier::compiler_internal_base_support_is_an_exact_allowed_inventory	PASS
5	0.429	ken-elaborator	r_layer_tests::lang_structural_result_elab::wildcard_slot_preserves_named_field_recursive_result_alignment	PASS
5	0.417	ken-elaborator	r_layer_tests::let4_multi_binding::ac2_separate_nested_body_may_shadow_a_group_name	PASS
5	1.602	ken-elaborator	r_layer_tests::let4_multi_binding::ac4_strict_evaluation_and_effectful_lowering_keep_source_order	PASS
5	12.533	ken-elaborator	r_layer_tests::cat_tier_e_schema_import::schema_loader_visible_inventory_is_exact	PASS
5	0.009	ken-elaborator	seal2_tests::producer_closure::certificate_flags_a_concrete_instance_of_a_generic_class	PASS
5	0.425	ken-elaborator	r_layer_tests::n4_program_admits::multi_provider_direct_use_without_a_boundary_fails_closed	PASS
5	0.448	ken-elaborator::ax2_axiom_named_postulates	standalone_api_requires_and_preserves_its_caller_owner	PASS
5	55.387	ken-cli::rt_exactint_carried_observe	the_positioned_int_seats_decode_carried_and_complete_native_construction	PASS
5	42.971	ken-elaborator::b1_acceptance	disproved_claim_never_exported	PASS
5	0.006	ken-elaborator::b2_acceptance	temporal_spec_constructor_shape	PASS
5	44.588	ken-elaborator::b1_acceptance	open_hole_postcondition_rides_p_as_unknown	PASS
5	0.006	ken-elaborator::bare_proof_selector_atom	application_wraps_outside_the_single_path_selector_subject	PASS
5	0.012	ken-elaborator::cat3_collections_package	cat3_d1_law_surfaces_are_proof_returning_not_prop_wrappers	PASS
5	2.710	ken-elaborator::cat_bsearch_acceptance	generic_decision_and_yes_no_evidence_instantiate	PASS
5	0.963	ken-elaborator::cat_capex_authority	full_authority_index_rejects_partial_and_accepts_full	PASS
5	40.654	ken-elaborator::b1_exact_denotation_alphabet	recursive_cases_contribute_each_static_perform_identity_as_a_set	PASS
5	2.619	ken-elaborator::cat_derived_sort_laws	generic_sort_laws_are_attached_to_the_derived_owners	PASS
5	3.066	ken-elaborator::cat_idf_trust_free_provider	combinators_are_trust_free_canonical_checked_imports	PASS
5	10.373	ken-elaborator::cat_deque_closeout	all_deque_provider_imports_are_individually_load_bearing	PASS
5	3.145	ken-elaborator::cat_sort_insertion_sort_acceptance	entry_adds_no_trusted_declarations	PASS
5	0.421	ken-elaborator::cat_string_bijection_pub_export	string_bijection_loader_visible_inventory_is_exact	PASS
5	1.586	ken-elaborator::cat_string_keys_closeout	string_keys_loader_visible_inventory_is_empty	PASS
5	0.451	ken-elaborator::cat_vec_acceptance	roots_loader_registers_the_indexed_public_surface	PASS
5	15.056	ken-elaborator::cat_map_bool_and_owner	map_bool_and_import_withdrawal_and_wrong_name_fail	PASS
5	8.056	ken-elaborator::cc3_parsing_cursor_decoder_acceptance	cursor_length_occurrence_population_and_migration_shape_are_pinned	PASS
5	3.359	ken-elaborator::cc6a_process_arguments_exit_acceptance	process_arguments_round_trips_genuinely_invalid_utf8_byte_identically	PASS
5	0.542	ken-elaborator::class_field_purity	surf2_d1_proc_traverse_parses_elaborates_and_registers_metadata	PASS
5	3.503	ken-elaborator::compare_ord_lexicographic_acceptance	pair_and_list_instances_compute_lexicographically	PASS
5	2.776	ken-elaborator::compare_ord_lexicographic_acceptance	raw_compare_discriminates_all_results_and_strict_negatives	PASS
5	0.567	ken-elaborator::dependent_match_coherent_frame_acceptance	cross_structure_coupled_nested_elaborates	PASS
5	0.436	ken-elaborator::dependent_match_context_telescope_acceptance	three_deep_transitive_closure_follows_index_refinement	PASS
5	0.424	ken-elaborator::dependent_match_declared_index_plain_acceptance	coupled_successor_motive_elaborates_and_wrong_index_rejects	PASS
5	0.454	ken-elaborator::dependent_match_eigen_guard_localization	nonextending_recursive_sibling_remains_elaborable	PASS
5	9.816	ken-elaborator::cc8_env_config_decoder_acceptance	schema_help_growth_reaches_both_clients_behaviorally	PASS
5	0.473	ken-elaborator::dependent_match_motive_rebase_acceptance	control_constant_motive_match_still_elaborates	PASS
5	0.007	ken-elaborator::dotted_module_path_parser	import_as_accepts_a_dotted_module_path	PASS
5	0.440	ken-elaborator::dependent_match_wstyle_acceptance	ac1c_outer_wstyle_inner_direct_cross_slot_elaborates	PASS
5	1.767	ken-elaborator::ds2_ord_nat_acceptance	trusted_base_delta_is_empty_across_the_entry	PASS
5	0.469	ken-elaborator::ds5b_dependent_match_refinement_acceptance	omega_reindexed_evidence_is_consumed_in_the_ruled_direction	PASS
5	2.741	ken-elaborator::ds3_sum_combinators_acceptance	ac8_maperr_does_not_touch_ok_payload	PASS
5	0.443	ken-elaborator::ds5b_dependent_match_refinement_acceptance	trusted_base_delta_is_empty_across_all_three_capabilities	PASS
5	43.463	ken-elaborator::b2_acceptance	ward_green_keeps_delegated_never_promoted	PASS
5	0.011	ken-elaborator::ds8_traversable_acceptance	compose_instance_head_still_genuinely_absent	PASS
5	2.647	ken-elaborator::ds5b_dependent_match_refinement_acceptance	real_fok_derivation_structural_consumers_cover_type_and_omega_motives	PASS
5	0.423	ken-elaborator::ds8b_pure_into_proc_widening	ac8_negative_effectful_witness_still_rejected_for_const_field	PASS
5	3.252	ken-elaborator::either_catalog_package_acceptance	ac8_mapleft_leaves_right_untouched	PASS
5	0.591	ken-elaborator::es2_acceptance	demoted_predicates_are_transparent_not_opaque	PASS
5	0.596	ken-elaborator::es2_acceptance	perm_body_is_a_truncation	PASS
5	6.376	ken-elaborator::ds8_traversable_acceptance	ac6_traverse_field_classifies_proc	PASS
5	6.448	ken-elaborator::ds8_traversable_acceptance	wired_superclass_fields_reused_not_reproved	PASS
5	0.788	ken-elaborator::es4_classes_acceptance	char_ord_laws_reject_missing_law_field	PASS
5	0.006	ken-elaborator::explicit_data_parser	proof_carrying_constructor_signature_parses_as_telescope	PASS
5	0.432	ken-elaborator::fr2_absurd_collision_hygiene	arity_three_eq_and_j_sugar_still_intercept_normally	PASS
5	0.006	ken-elaborator::i4d_boundary_header_parser	boundary_keywords_are_reserved_and_four_program_shapes_are_independent	PASS
5	1.589	ken-elaborator::es3_modules_acceptance	module_elaborates_to_identical_flat_sigma	PASS
5	0.433	ken-elaborator::k3_literal_rollback	fresh_string_and_non_string_literals_after_rollback_keep_own_values	PASS
5	0.007	ken-elaborator::kenfmt_b1_lossless	public_consumer_depends_only_on_the_formattable_source_interface	PASS
5	0.006	ken-elaborator::kenfmt_b2_token_kind	ac5_invalid_fragments_have_no_raw_scanner_fallback	PASS
5	0.010	ken-elaborator::kenfmt_signature_layout	r3_r5_nested_applications_fit_recursively_inside_a_broken_parent	PASS
5	0.429	ken-elaborator::ken_md_literate	declarations_may_not_straddle_compiled_fences	PASS
5	0.410	ken-elaborator::km_sigma_eq_pair_refl	componentwise_proof_is_not_unrelated_full_pair_equality	PASS
5	0.421	ken-elaborator::l2_acceptance	ac1_nil_arm_reduces_to_default	PASS
5	0.407	ken-elaborator::l2_acceptance	ac3_exhaustive_elim_reduces_on_blue	PASS
5	0.452	ken-elaborator::l2_acceptance	ac3_missing_arm_names_blue	PASS
5	0.419	ken-elaborator::l2_acceptance	ac4_duplicate_arm_is_reachability_error	PASS
5	2.762	ken-elaborator::es4_classes_acceptance	dec_eq_bool_sound_complete_are_real_proofs_not_postulates	PASS
5	0.426	ken-elaborator::l2_acceptance	foreign_constructor_arm_rejected_before_matrix_path_reachability	PASS
5	0.509	ken-elaborator::l2_acceptance	ac8_direct_lookup_member_reflection_helper_elaborates	PASS
5	0.458	ken-elaborator::l2_acceptance	redundant_wildcard_arm_shadowed_at_three_leaves_names_every_subsuming_arm	PASS
5	0.418	ken-elaborator::l3_strings_roundtrip_acceptance	ac3_surrogate_guard_across_corpus	PASS
5	0.455	ken-elaborator::l3_strings_roundtrip_acceptance	ac3_utf8_length_boundary_corpus	PASS
5	0.454	ken-elaborator::l3_strings_roundtrip_acceptance	derived_list_char_surface_out_of_scope	PASS
5	2.575	ken-elaborator::l3_strings_surface_acceptance	concat_slice_compose_and_floor_totality	PASS
5	2.708	ken-elaborator::l3_strings_surface_acceptance	list_combinator_floor_derived_over_real_elim	PASS
5	0.432	ken-elaborator::l3a_recursive_view_smoke	recursive_view_self_ref_resolves_and_sct_accepts	PASS
5	2.658	ken-elaborator::l3_strings_surface_acceptance	list_eq_is_codepoint_wise_not_nfc_folding	PASS
5	0.852	ken-elaborator::l4_export_reexport	abstract_reexport_preserves_hidden_constructor_boundary	PASS
5	0.452	ken-elaborator::l6_acceptance	bytes_index_inbounds_and_oob	PASS
5	1.024	ken-elaborator::l4_export_reexport	rename_and_same_identity_paths_preserve_the_defined_at_global_id	PASS
5	0.014	ken-elaborator::l6_acceptance	encode_is_total_named_op	PASS
5	1.310	ken-elaborator::l4_export_reexport	facade_publishes_without_binding_while_in_scope_export_republishes_binding	PASS
5	0.656	ken-elaborator::l6_acceptance	decode_valid_utf8_returns_string	PASS
5	0.677	ken-elaborator::l7_acceptance	not_relied_on_foreign_absent_from_trusted_base_delta	PASS
5	0.533	ken-elaborator::l_match_ih_fix_acceptance	ac4_three_recursive_fields_also_elaborates	PASS
5	0.007	ken-elaborator::lang_atom_start_classification_closure	ac0_a_bare_truncation_is_an_argument_in_both_positions	PASS
5	0.009	ken-elaborator::lang_atom_start_classification_closure	ac9_positive_control_the_excluded_tokens_still_start_atoms_elsewhere	PASS
5	0.010	ken-elaborator::lang_foreign_name_format_chars	formatter_recovery_rejects_later_offset_feff_before_suffix_scanning	PASS
5	0.011	ken-elaborator::lang_foreign_name_format_chars	formatter_recovery_typed_error_uses_whole_fragment_coordinates	PASS
5	0.009	ken-elaborator::lang_foreign_name_format_chars	literate_recovery_auto_fixes_literal_payloads_and_keeps_canonicalization	PASS
5	0.006	ken-elaborator::lang_foreign_name_format_chars	raw_bidi_override_rejects_in_every_required_source_context	PASS
5	0.448	ken-elaborator::l_resolver_globals	ac2_local_param_shadows_global	PASS
5	0.447	ken-elaborator::lang_instance_search_second_path	explicit_constraint_binder_retains_its_projection_row	PASS
5	0.865	ken-elaborator::lang_application_atom_if_rejection	ac_inline_ken_census_reaches_rust_test_sources	PASS
5	0.015	ken-elaborator::lang_match_guards	guarded_arm_round_trips_and_owns_guard_trivia_losslessly	PASS
5	0.471	ken-elaborator::lang_match_guards	guard_and_body_use_the_dependent_constructor_context	PASS
5	0.919	ken-elaborator::lang_match_guards	fully_guarded_sum_is_incomplete_and_unguarded_fallbacks_close_it	PASS
5	0.535	ken-elaborator::lang_match_record_pattern	duplicate_and_unknown_labels_have_distinct_surface_diagnostics	PASS
5	0.559	ken-elaborator::lang_mod_catalog_realization	arithmetic_operations_are_public_by_exact_provider_identity	PASS
5	0.450	ken-elaborator::lang_mod_pair_floor_realization	definitionally_equal_pair_is_a_distinct_identity	PASS
5	4.351	ken-elaborator::lang_mod_nat_floor_realization	strict_roots_accept_original_ten_canonical_families_and_constructors	PASS
5	5.074	ken-elaborator::lang_mod_pair_floor_realization	pair_floor_closure_is_rederived_after_realization	PASS
5	4.333	ken-elaborator::lang_mod_strict_resolution_d1	strict_class_choke_covers_every_d0_direct_class_representation	PASS
5	2.733	ken-elaborator::lang_prelude_collections	ac5_new_combinators_add_zero_trusted_base_entries	PASS
5	0.460	ken-elaborator::lang_prelude_collections	d5b_trusted_base_full_enumeration_from_bare_env	PASS
5	0.459	ken-elaborator::lang_prelude_floor_fifteen	space_alone_uses_pre_source_empty_residual	PASS
5	0.448	ken-elaborator::lang_prelude_floor_fifteen	space_residual_survives_missing_empty_global_spelling	PASS
5	0.450	ken-elaborator::lang_qualified_constructor_privacy	buffer_resource_decl	PASS
5	0.443	ken-elaborator::lang_roots_loader_local_instance_dict_scope	earlier_inline_class_import_replay_binds_the_exact_instance_dictionary	PASS
5	0.444	ken-elaborator::lang_roots_loader_local_instance_dict_scope	imported_head_uses_its_qualified_synthesis_identity_and_exports_that_identity	PASS
5	0.446	ken-elaborator::lang_roots_loader_local_instance_dict_scope	undeclared_dictionary_import_is_rejected	PASS
5	0.504	ken-elaborator::lang_roots_loader_local_instance_dict_scope	legacy_roots_same_unit_alias_selects_the_same_synthesis_identity	PASS
5	0.014	ken-elaborator::lang_surface_block_comments	ac6_brace_neighbours_coexist_with_a_block_comment	PASS
5	11.136	ken-elaborator::lang_membership_operator_surface	membership_surface_adds_no_trusted_declaration	PASS
5	0.453	ken-elaborator::lang_standard_infix_call_completion	two_parameter_head_preserves_prerequisite_instantiation_order	PASS
5	0.014	ken-elaborator::lang_surface_pair	kenfmt_canonical_projection_output_remains_accepted	PASS
5	0.671	ken-elaborator::lang_surface_decimal_precision	decimal_eq_decides_wide_exactness_through_target	PASS
5	0.496	ken-elaborator::lang_surface_if	true_and_false_select_their_respective_branches	PASS
5	0.587	ken-elaborator::lang_symbolic_operator_names	fixed_eqeq_still_elaborates_as_structural_equality	PASS
5	0.464	ken-elaborator::lang_truncation_surface_syntax	d2_trunc_intro_is_reserved_sugar_declaring_it_is_a_hard_error	PASS
5	0.449	ken-elaborator::lang_type_projection_surface_form	a_conid_head_still_parses_as_a_qualified_name_not_a_projection	PASS
5	0.841	ken-elaborator::lang_truncation_surface_syntax	d2_trunc_intro_in_infer_position_names_its_remedy	PASS
5	0.013	ken-elaborator::literal_escapes_lexer_unit	raw_triple_string_performs_no_escape_processing	PASS
5	0.700	ken-elaborator::let5_checking_mode_let	checking_mode_let_still_rejects_a_wrong_rhs	PASS
5	1.029	ken-elaborator::lang_type_projection_surface_form	ac4_the_projection_form_adds_nothing_to_the_trusted_base	PASS
5	11.241	ken-elaborator::map_build_acceptance	cat_bool_reuse_d2_resolves_exact_is_some_provider_without_equivalent_local	PASS
5	10.940	ken-elaborator::map_build_acceptance	tolist_of_empty_is_nil	PASS
5	11.088	ken-elaborator::map_build_acceptance	letter_frequency_shape	PASS
5	0.015	ken-elaborator::n3_import_exclusion	parser_distinguishes_item_rename_from_module_alias_and_rejects_hiding	PASS
5	0.503	ken-elaborator::mutual_recursion_surface_acceptance	is_even_is_odd_mutual_group_elaborates_as_one_group	PASS
5	0.012	ken-elaborator::nc13_core_expression_lowering	unbound_variable_rejects_before_runtime_program_success	PASS
5	0.017	ken-elaborator::nc13_core_expression_lowering	unresolved_direct_call_rejects_with_body_view_lane	PASS
5	0.647	ken-elaborator::nc13_core_expression_lowering	source_derived_closed_function_target_lowers_to_runtime_ir	PASS
5	0.425	ken-elaborator::nc14_data_match_lowering	nested_inductive_elaboration_preserves_trusted_base_set	PASS
5	1.360	ken-elaborator::n2_in_repo_loader	plural_api_fail_closed_until_multi_root_precedence_is_defined	PASS
5	0.030	ken-elaborator::nc15_record_sigma_lowering	record_construction_lowers_runtime_fields_and_preserves_erased_statuses	PASS
5	0.014	ken-elaborator::nc17_recursion_dictionaries_modules	runtime_evaluator_executes_terminating_recursive_declaration_ref	PASS
5	0.019	ken-elaborator::nc18_effects_foreign_boundary_ir	stale_interpreter_identity_still_rejects_before_unavailable_effect_report	PASS
5	1.507	ken-elaborator::nc14_data_match_lowering	checked_ih_abi_and_match_refusal_site_are_discriminated_before_authority	PASS
5	0.465	ken-elaborator::purity_keywords	surf1_d2_fn_calling_proc_reuses_escape_gate	PASS
5	1.050	ken-elaborator::nc14_data_match_lowering	user_data_two_payload_binders_preserve_de_bruijn_order	PASS
5	0.430	ken-elaborator::record_decl_form	record_keyword_preserves_declaration_neighbours	PASS
5	0.426	ken-elaborator::record_index_sigma_closure	first_sigma_component_retypes_an_existing_field	PASS
5	0.434	ken-elaborator::record_index_sigma_closure	if_condition_validation_closes_an_active_result_premise	PASS
5	0.432	ken-elaborator::sct_completeness_repro	shape_a_accepts_and_evaluates_correctly	PASS
5	0.407	ken-elaborator::sct_reconstruction_descent	control_shape_a_nested_split_still_accepts	PASS
5	0.416	ken-elaborator::sct_reconstruction_descent	shape_b_bad_ack2_still_rejected	PASS
5	0.007	ken-elaborator::sec1_acceptance	declassify_absent_from_delta_is_infidelity	PASS
5	0.007	ken-elaborator::sec1_acceptance	implicit_flow_pc_rejected	PASS
5	0.007	ken-elaborator::sec1_acceptance	n1_n2_stub_gaps_carry_reify_triggers	PASS
5	0.007	ken-elaborator::sec2_acceptance	attenuate_bound_discharge_mirrors_elaborator	PASS
5	0.430	ken-elaborator::sec4_acceptance	discharged_elaborated_hole_empties_trusted_base_delta	PASS
5	0.609	ken-elaborator::sub1b_uint8_deceq	ac5_postulate_is_usable_but_refl_remains_rejected	PASS
5	0.439	ken-elaborator::surf_space_cells_p1	ac_s2_middle_write_preserves_both_neighbors	PASS
5	1.638	ken-elaborator::surf_space_cells_p1	ac_s5_space_label_is_emitted_and_required	PASS
5	0.408	ken-elaborator::surf_space_cells_p1	ac_s6_becomes_outside_space_is_a_specific_error_with_a_span	PASS
5	0.409	ken-elaborator::surface_arrow_in_expr_acceptance	ill_typed_arrow_domain_is_still_kernel_rejected	PASS
5	0.414	ken-elaborator::surface_named_proof_claims	module_selective_import_exposes_canonical_attached_proof_only	PASS
5	0.420	ken-elaborator::surface_transport_acceptance	standalone_j_admits_a_base_through_an_enclosing_let_definition	PASS
5	0.832	ken-elaborator::surface_transport_acceptance	transport_package_adds_zero_trusted_base_delta	PASS
5	0.006	ken-elaborator::t1_acceptance	deterministic_modulo_stats_and_display	PASS
5	0.006	ken-elaborator::t1_acceptance	false_unknown_non_confusable_roundtrip	PASS
5	0.005	ken-elaborator::t1_acceptance	refuted_goal_false_tag_forcing_world	PASS
5	0.007	ken-elaborator::t1_acceptance	three_renderings_agree_one_source	PASS
5	0.405	ken-elaborator::v1_acceptance	prove_goal_obligation_and_postulate_binding	PASS
5	0.405	ken-elaborator::v1_acceptance	proved_status_cert_checks_not_in_trusted_base	PASS
5	0.402	ken-elaborator::v2_acceptance	match_branch_gamma_scrutinee_equation_placeholder	PASS
5	0.560	ken-elaborator::v2_acceptance	partial_primitive_nonzero_placeholder	PASS
5	0.404	ken-elaborator::v2_acceptance	prove_and_law_emit_one_obligation_per_goal	PASS
5	0.006	ken-elaborator::v3_acceptance	corrupted_cert_kernel_rejects_unknown	PASS
5	0.006	ken-elaborator::v3_acceptance	ipc_lem_invalid_not_refuted_unknown	PASS
5	0.006	ken-elaborator::v3_acceptance	kripke_embedding_cert_rechecks_fo_placeholder	PASS
5	0.653	ken-elaborator::v3_d_open_goal_witness_route	pi_bound_int_atoms_route_d_and_preserve_ho_default	PASS
5	3.012	ken-elaborator::v3_fo_checker_soundness_d1a_elaborator_divergence_finding	control_data_ctor_with_nonrecursive_fn_equality_elaborates	PASS
5	2.715	ken-elaborator::v3_fo_checker_soundness_d2_bool_inversion	fok_and_left_applies_to_a_concrete_true_true_instance	PASS
5	2.453	ken-elaborator::v3_fo_checker_soundness_d2_bool_inversion	fok_or_right_false_applies_to_a_concrete_false_false_instance	PASS
5	2.444	ken-elaborator::v3_fo_checker_soundness_d3	fragment_witness_excludes_nested_forall_object_right	PASS
5	0.582	ken-elaborator::v3_fo_conversion_load_measured	measure_rust_reference_checker_load_on_real_source_programs	PASS
5	2.467	ken-elaborator::v3_fo_embedding_adequacy_d1	intrinsic_connectives_and_adequacy_statement_are_live	PASS
5	2.508	ken-elaborator::v3_fo_ken_level_checker_authoring	fok_check_cert_serializer_discriminates_qterm_bound_parameter_collision	PASS
5	2.437	ken-elaborator::v3_fo_ken_level_checker_authoring	fok_sequent_and_init_preserve_positional_field_order	PASS
5	0.008	ken-elaborator::v3_fo_kripke_slice_acceptance	quote_fo_accepts_both_controls_refuses_outside_the_slice	PASS
5	7.457	ken-elaborator::v3_fo_sorted_eigenparameter_freshness_guard_mutation_proof	world_stale_eigen_reject_is_caused_by_freshness_alone	PASS
5	0.007	ken-elaborator::v4_acceptance	hole_free_program_never_unknown	PASS
5	0.015	ken-foundation	canonical::tests::kind_tags_disambiguate	PASS
5	0.010	ken-foundation	canonical::tests::map_ordering_deterministic	PASS
5	0.018	ken-host	abi_m1_d0_probe::schema_v2_target_identity_carries_the_bounded_layout_inventory	PASS
5	0.010	ken-host	abi_m1_d0_probe::the_family_inventory_is_derived_and_duplicate_free	PASS
5	0.018	ken-host	abi_v1::tests::caller_control_trap_keeps_terminal_primary_and_appends_cleanup_failure	PASS
5	0.012	ken-host	abi_v1::tests::scripted_effective_uid_discriminates_the_native_startup_posture	PASS
5	0.015	ken-host	abi_v1::tests::scripted_home_failures_use_real_init_and_pre_context_terminal_writer	PASS
5	0.011	ken-host	abi_v1::tests::selected_call_integrity_finishes_the_live_host_observation_with_effect_prefix	PASS
5	0.011	ken-host	effect_v1::tests::abi_s1_descriptor_operation_ids_are_explicit_and_distinct	PASS
5	0.011	ken-host	effect_v1::tests::abi_s6_d3_mapping_dispatch_is_ambient_non_minting_and_view_bounded	PASS
5	0.011	ken-host	effect_v1::tests::abi_s6_d5a_mapping_accounting_is_fixed_4kib_and_buffer_is_byte_granular	PASS
5	0.011	ken-host	effect_v1::tests::abi_s6_d5a_promotes_the_atomic_anonymous_mapping_operation_set	PASS
5	0.013	ken-host	effect_v1::tests::canonical_payloads_and_unknown_identities_preserve_discriminators	PASS
5	0.012	ken-host	effect_v1::tests::distinct_host_roots_have_byte_identical_resource_lifecycle_observations	PASS
5	0.012	ken-host	effect_wire::tests::capacity_terminal_round_trips_and_rejects_forged_wire_tags	PASS
5	0.012	ken-host	revocation_v1::tests::copy_preserves_node_identity_without_minting	PASS
5	0.011	ken-host	tests::rooted_operations_preserve_bytes_and_nofollow_policy	PASS
5	0.016	ken-interp	console_io_tests::val1_c3_unknown_op_is_err	PASS
5	0.019	ken-interp	eff_tests::eff4_runstate_discharges_in_pure_section3	PASS
5	0.590	ken-interp	eval::nfc_construction_tests::normalized_list_ingress_value_preserves_string_retraction	PASS
5	0.009	ken-interp	eval::px5b_effect_observation_tests::malformed_capability_identity_and_error_come_from_reply	PASS
5	0.009	ken-interp	eval::px5b_effect_observation_tests::positioned_invalid_bounds_reifies_before_backend_visit	PASS
5	0.009	ken-interp	eval::px5b_effect_observation_tests::px8_wrote_component_short_write_reifies_effective_remaining	PASS
5	0.011	ken-interp	eval::px5b_effect_observation_tests::route_classifies_all_terminal_arms	PASS
5	0.009	ken-interp	tests::agree_with_kernel_reduction	PASS
5	0.009	ken-interp	tests::det_same_term_same_value	PASS
5	0.006	ken-interp::ds6b_intlit_eq_reduction_cross_layer	kernel_and_interp_agree_across_a_spread_of_values	PASS
5	0.006	ken-interp::ds6b_intlit_eq_reduction_cross_layer	kernel_and_interp_agree_on_equal_bigints	PASS
5	0.414	ken-interp::elim_bool_dispatch_acceptance	computed_bool_false_dispatches_to_second_method	PASS
5	0.006	ken-interp::f1_bignum_acceptance	f1_oracle_eq_int_boundary	PASS
5	0.005	ken-interp::f2f3_acceptance	f3_legacy_add_sub_mul_unregistered_in_elaborator	PASS
5	0.410	ken-interp::i2_console_floor	capture_read_is_bounded_and_eof_is_named_not_empty_chunk	PASS
5	0.429	ken-interp::i3_fs_floor	full_authority_drives_every_fs_arm_with_exact_state_and_trace	PASS
5	0.408	ken-interp::i3_fs_floor	scoped_resource_kinds_keep_runtime_roles_after_user_bare_rebindings	PASS
5	0.394	ken-interp::l1_acceptance	ac2_literal_types_distinct	PASS
5	0.008	ken-interp::nc12_runtime_ir_evaluator	disagreement_report_names_artifact_target_and_both_observations	PASS
5	0.005	ken-interp::nc12_runtime_ir_evaluator	p2_selection_evaluates_the_program_owned_ir_not_the_callers	PASS
5	0.008	ken-interp::nc12_runtime_ir_evaluator	unsupported_effect_metadata_rejects_without_success_observation	PASS
5	0.973	ken-interp::nc9_proof_erasure_boundary_checker	native_trust_report_records_nc9_separately_from_nc8_and_f1	PASS
5	0.483	ken-interp::px7f_system_resource	caller_control_release_failure_preserves_success_and_body_error_ordering	PASS
5	0.008	ken-kernel	conv::tests::level_max_two_distinct_vars_do_not_collapse	PASS
5	0.005	ken-kernel	conv::tests::quotient_congruence_compares_carrier_and_relation_directionally	PASS
5	0.005	ken-kernel	inductive::tests::iota_reduct_wrong_methods_arity_errors_not_panics	PASS
5	0.006	ken-kernel	inductive::tests::method_ih_usage_tracks_each_binder_under_later_lambdas	PASS
5	0.006	ken-kernel	sct::tests::canonical_eta_head_preserves_canonical_body_inner	PASS
5	0.012	ken-kernel::acceptance	ac4_elim_nat_type_checks	PASS
5	0.008	ken-kernel::acceptance	ac4_elim_vec_iota_vcons	PASS
5	0.007	ken-kernel::acceptance	ac5_d_in_own_indices_rejected	PASS
5	0.010	ken-kernel::ds6a_int_deceq_certificate	well_shaped_registration_succeeds_and_types_round_trip	PASS
5	0.008	ken-kernel::ds6b_intlit_eq_reduction	neutral_for_unregistered_primitive	PASS
5	0.007	ken-kernel::ds6b_intlit_eq_reduction	neutral_preserved_for_abstract_operands	PASS
5	0.006	ken-kernel::ds6b_intlit_eq_reduction	over_equate_distinct_literals_rejected	PASS
5	0.008	ken-kernel::ds6b_intlit_eq_reduction	under_equate_same_literal_accepted	PASS
5	0.012	ken-kernel::k1p5_wstyle	ac1_itree_w_style_admitted	PASS
5	0.008	ken-kernel::k1p5_wstyle	qa_wstyle_double_pi_branching_telescope	PASS
5	0.010	ken-kernel::k2c_conversion	sct_accept_lexicographic	PASS
5	0.007	ken-kernel::k2c_conversion	sct_accepts_mutual_arity_isolation_consumer	PASS
5	0.006	ken-kernel::k2c_conversion	sct_reject_self_loop	PASS
5	0.010	ken-kernel::k5_omega_fragment	absurd_discharges_goal_from_impossible_hypothesis	PASS
5	0.009	ken-kernel::k7_eq_at_inductive_whnf	absurd_discharges_operation_wrapped_contradictory_hypothesis	PASS
5	0.011	ken-kernel::ktr1_constructor_universe_gate	symbolic_sublevel_accepts_when_join_proves_it	PASS
5	0.011	ken-kernel::nested_inductives_all	issued_origin_aligns_real_empty_one_join_support_constructors	PASS
5	0.006	ken-kernel::nested_inductives_all	neutral_all_inhabitant_checks_at_the_literal_family_application	PASS
5	0.009	ken-kernel::nested_inductives_d1a	parameter_index_derivation_is_total_for_out_of_scope_variables	PASS
5	0.010	ken-kernel::sct_completeness_nested_split	recursing_on_a_deferred_ih_slot_stays_rejected	PASS
5	0.009	ken-runtime	activation_abi::tests::selected_call_checked_services_gate_rejects_capacity_and_integrity	PASS
5	0.006	ken-runtime	activation_abi::tests::the_abi_statuses_are_distinct	PASS
5	0.012	ken-runtime	activation_abi::tests::zero_epoch_profile_refuses_before_publishing_an_activation_handle	PASS
5	0.016	ken-runtime	boundary_activation::tests::a_first_cap_of_zero_cannot_be_raised_before_any_activation	PASS
5	0.013	ken-runtime	boundary_activation::tests::bounded_epochs_have_exact_at_limit_and_one_past_across_stores	PASS
5	0.046	ken-runtime	boundary_activation::tests::concurrent_begins_issue_unique_epochs_without_overrunning_one_cap	PASS
5	0.011	ken-runtime	boundary_activation::tests::reservable_large_grants_publish_at_open_and_begin	PASS
5	0.009	ken-runtime	boundary_activation::tests::the_eight_authorized_limits_reach_their_own_published_ceilings	PASS
5	0.009	ken-runtime	boundary_value::invocation_aggregate_decode_tests::each_malformed_node_refuses_at_its_own_gate	PASS
5	0.006	ken-runtime	boundary_value_clif::tests::b2v_ac6_equal_ordinals_in_two_artifacts_do_not_collide	PASS
5	0.023	ken-runtime	boundary_value_clif::tests::b2v_acv5_an_already_owned_ground_root_still_takes_the_fast_path	PASS
5	0.035	ken-runtime	boundary_value_clif::tests::b2v_emitted_code_admits_exactly_the_closed_tag_set	PASS
5	0.078	ken-runtime	boundary_value_clif::tests::b2v_emitted_code_constructs_a_nonconstant_constructor_and_a_consumer_reads_it	PASS
5	0.060	ken-runtime	boundary_value_clif::tests::b2v_emitted_code_constructs_a_wide_persistent_int_that_outlives_the_arena	PASS
5	0.471	ken-runtime	boundary_value_clif::tests::b2v_every_emitted_tag_admission_test_is_the_plans	PASS
5	0.035	ken-runtime	boundary_value_clif::tests::b2v_the_frozen_prefix_refuses_emitted_mutation	PASS
5	0.009	ken-runtime	boundary_value_clif::tests::c1_d2_the_store_consumes_identities_and_refuses_to_mint_them	PASS
5	0.006	ken-runtime	canonical::tests::ac_v9_projection_refuses_a_closure_nested_below_the_root	PASS
5	0.006	ken-runtime	canonical::tests::string_nfc_normalization	PASS
5	0.006	ken-runtime	cranelift_backend::artifact::api::tests::missing_lowerability_metadata_rejects_before_backend_lowering	PASS
5	0.006	ken-runtime	cranelift_backend::artifact::api::tests::nc8_certificate_rejects_add_int_non_literal_int_operand_shape	PASS
5	0.008	ken-runtime	cranelift_backend::artifact::api::tests::nc8_certificate_rejects_if_expression_in_reachable_transparent_declaration	PASS
5	0.006	ken-runtime	cranelift_backend::grafted_spine_control_graph::tests::several_real_seed_alternatives_may_converge_on_one_terminal	PASS
5	0.008	ken-runtime	cranelift_backend::grafted_spine_control_graph::tests::unknown_typed_endpoint_fails_closed	PASS
5	0.011	ken-runtime	cranelift_backend::lowering::aggregates::tests::the_aggregate_allocation_relation_holds_its_laws	PASS
5	0.007	ken-runtime	cranelift_backend::lowering::boundary::tests::recut2_derived_witnesses_come_from_the_production_authority	PASS
5	0.010	ken-runtime	cranelift_backend::lowering::core::primitive::tests::ground_string_ingress_normalizes_before_boundary_observation	PASS
5	0.068	ken-runtime	cranelift_backend::lowering::core::primitive::tests::px8i_comparison_observes_high_limbs_and_dynamic_join_preserves_pair	PASS
5	0.046	ken-runtime	cranelift_backend::lowering::core::primitive::tests::px8i_jit_terminal_requires_uncorrupted_local_export_evidence	PASS
5	0.042	ken-runtime	cranelift_backend::lowering::core::primitive::tests::px8i_wrapping_and_trap_mutations_are_causal_at_live_binop_lowering	PASS
5	0.008	ken-runtime	cranelift_backend::lowering::core::tests::constructors::a_carried_capture_meeting_artifact_static_storage_rejects_on_lifetime	PASS
5	0.053	ken-runtime	cranelift_backend::lowering::core::tests::constructors::c2_ac4_runtime_host_result_selects_a_separately_generated_nested_payload	PASS
5	0.061	ken-runtime	cranelift_backend::lowering::core::tests::constructors::c2_ac6_host_result_covers_resource_token_and_response_bytes_payloads	PASS
5	0.020	ken-runtime	cranelift_backend::lowering::core::tests::constructors::carried_bool_family_refuses_a_partial_case_set_pre_arm	PASS
5	0.020	ken-runtime	cranelift_backend::lowering::core::tests::constructors::carried_bool_family_refuses_a_wrong_binder_count_pre_arm	PASS
5	0.037	ken-runtime	cranelift_backend::lowering::core::tests::constructors::carried_bool_hostile_oracle_reddens_when_exact_tag_guard_is_bypassed	PASS
5	0.030	ken-runtime	cranelift_backend::lowering::core::tests::constructors::constructor_field_composes_through_computational_consumer	PASS
5	0.032	ken-runtime	cranelift_backend::lowering::core::tests::constructors::constructor_field_host_result_stays_on_ordinary_dynamic_match	PASS
5	0.025	ken-runtime	cranelift_backend::lowering::core::tests::constructors::d2_a_negative_runtime_length_fails_closed_rather_than_looping	PASS
5	0.006	ken-runtime	cranelift_backend::lowering::core::tests::constructors::generated_context_pairing_refuses_raw_owner_header_mismatch	PASS
5	0.050	ken-runtime	cranelift_backend::lowering::core::tests::constructors::host_result_transfer_materializes_only_the_runtime_selected_payload	PASS
5	0.009	ken-runtime	cranelift_backend::lowering::core::tests::constructors::source_machine_recognized_worker_enters_the_constructor_template	PASS
5	0.008	ken-runtime	cranelift_backend::lowering::core::tests::constructors::static_worker_call_rejects_arity_disagreement	PASS
5	0.008	ken-runtime	cranelift_backend::lowering::core::tests::constructors::static_worker_construction_rejects_slot_offset_disagreement	PASS
5	0.035	ken-runtime	cranelift_backend::lowering::core::tests::constructors::static_worker_twice_called_binding_succeeds	PASS
5	0.639	ken-runtime	cranelift_backend::lowering::core::tests::control::the_entry_carrying_types_are_module_private	PASS
5	0.006	ken-runtime	cranelift_backend::lowering::core::tests::control::the_entry_keyed_collection_detector_catches_the_shape_it_is_looking_for	PASS
5	0.058	ken-runtime	cranelift_backend::lowering::core::tests::d5_c4_a_retargeted_declaration_call_is_refused_before_emission	PASS
5	0.056	ken-runtime	cranelift_backend::lowering::core::tests::effects::ac_2_withdrawing_the_byte_span_availability_restores_the_exact_original_refusal	PASS
5	0.020	ken-runtime	cranelift_backend::lowering::core::tests::effects::budget_eff_native_fails_closed_on_effective_zero_below_count_and_above_raw	PASS
5	0.201	ken-runtime	cranelift_backend::lowering::core::tests::effects::carried_constructor_dispatch_traps_non_matching_roots_before_host_dispatch	PASS
5	0.025	ken-runtime	cranelift_backend::lowering::core::tests::effects::directory_entry_name_is_a_governed_host_response_referent	PASS
5	0.051	ken-runtime	cranelift_backend::lowering::core::tests::effects::px8n_fs_read_at_arm_rejects_over_bound_span_before_observation	PASS
5	0.048	ken-runtime	cranelift_backend::lowering::core::tests::host_call_carrier::a_seed_capture_borrows_from_artifact_static_storage_rather_than_folding	PASS
5	0.031	ken-runtime	cranelift_backend::lowering::core::tests::host_call_carrier::ac1b_the_executable_lowering_witness_closes_its_one_token_population	PASS
5	0.041	ken-runtime	cranelift_backend::lowering::core::tests::host_call_carrier::b2f_mints_one_defined_artifact_static_object_per_seed_environment_entry	PASS
5	0.007	ken-runtime	cranelift_backend::lowering::core::tests::host_call_carrier::d5_the_closeout_planned_set_comes_from_the_plan_not_from_the_emissions	PASS
5	0.034	ken-runtime	cranelift_backend::lowering::core::tests::host_call_carrier::rt_d2_trace_shows_the_marker_propagated_and_never_reaching_the_composed_consumer	PASS
5	0.054	ken-runtime	cranelift_backend::lowering::core::tests::positional_candidate_settlement::ced_d3_m2_settling_inline_on_bridge_entry_collides_at_promotion_from_the_entry_seat	PASS
5	0.007	ken-runtime	cranelift_backend::lowering::core::tests::positional_candidate_settlement::d2k_1c_1_a_transition_and_its_transport_must_name_each_other	PASS
5	0.031	ken-runtime	cranelift_backend::lowering::core::tests::positional_candidate_settlement::d3_the_ported_producer_call_scrutinee_runs_unhooked_on_the_functionized_lane	PASS
5	0.078	ken-runtime	cranelift_backend::lowering::core::tests::positional_candidate_settlement::r3_the_base_uncomposed_slot_population_stays_singleton_and_rehomed_expects_no_inner_frame	PASS
5	0.110	ken-runtime	cranelift_backend::lowering::core::tests::recursor_fusion::r3_fused_late_call_build_refusal_keeps_claim_outstanding	PASS
5	0.105	ken-runtime	cranelift_backend::lowering::core::tests::recursor_fusion::r3_fused_post_field_direct_call_reintroduction_refuses_before_emission	PASS
5	0.149	ken-runtime	cranelift_backend::lowering::core::tests::source_frame_bridge::d8g_each_producer_input_mutation_is_caught_by_the_guard_that_owns_it	PASS
5	0.162	ken-runtime	cranelift_backend::lowering::core::tests::source_frame_bridge::d8m_the_checked_bridge_refuses_every_way_the_transported_identity_can_go_wrong	PASS
5	0.107	ken-runtime	cranelift_backend::lowering::core::tests::source_frame_bridge::d8o_remeasures_the_two_owner_keyed_guards_on_the_descendant	PASS
5	0.037	ken-runtime	cranelift_backend::lowering::core::tests::source_frame_bridge::d8p_a_checked_application_binds_and_emits_in_every_defining_body	PASS
5	0.093	ken-runtime	cranelift_backend::lowering::core::tests::specialization_binding::d3b_the_consumer_refuses_an_index_the_emission_seat_does_not_hold	PASS
5	0.041	ken-runtime	cranelift_backend::lowering::core::tests::specialization_binding::d5a_a_missing_generated_context_binding_refuses_before_any_phantom_is_emitted	PASS
5	0.049	ken-runtime	cranelift_backend::lowering::core::tests::specialization_binding::d6a_a_raw_or_static_worker_call_cannot_mint_the_checked_route	PASS
5	0.071	ken-runtime	cranelift_backend::lowering::source::tests::d2b_the_abandoned_let_body_joins_are_dispositioned_at_the_arm_that_abandons_it	PASS
5	0.010	ken-runtime	cranelift_backend::lowering::source::tests::px8j_source_machine_install_rejects_repeated_scope_identity	PASS
5	0.006	ken-runtime	cranelift_backend::lowering::units::admitted_matches_role_sequence::an_ordinal_disagreement_with_the_roles_is_refused	PASS
5	0.006	ken-runtime	cranelift_backend::lowering::units::captured_environment_bijection::swapping_whole_ordinal_source_pairs_is_refused	PASS
5	0.009	ken-runtime	cranelift_backend::planning::static_transition::aggregates::checked_ih_captured_env_schema::a_program_with_an_envelope_less_captured_unit_still_plans	PASS
5	0.009	ken-runtime	cranelift_backend::planning::static_transition::aggregates::checked_ih_captured_env_schema::bind_continuation_production_rejects_response_lifetime_mismatch	PASS
5	0.010	ken-runtime	cranelift_backend::planning::static_transition::aggregates::checked_ih_captured_env_schema::transport_lookup_is_exact_and_has_no_seat_fallback	PASS
5	0.010	ken-runtime	cranelift_backend::planning::static_transition::aggregates::checked_ih_captured_env_schema::transport_lookup_is_per_producer_inside_a_mixed_plan	PASS
5	0.008	ken-runtime	cranelift_backend::planning::static_transition::aggregates::tests::substrate_same_shape_aggregates_keep_distinct_lifetimes	PASS
5	0.022	ken-runtime	cranelift_backend::planning::static_transition::closure::tests::b2o_ac2_every_non_sentinel_node_has_exactly_one_in_range_function_owner	PASS
5	0.237	ken-runtime	cranelift_backend::planning::static_transition::closure::tests::boundary_a_nested_resource_brackets_n3_through_n7_are_closed_and_affine	PASS
5	0.007	ken-runtime	cranelift_backend::planning::static_transition::closure::tests::boundary_c1_identity_abi_word_round_trips_and_reserves_zero	PASS
5	0.012	ken-runtime	cranelift_backend::planning::static_transition::closure::tests::d2h_ac1_every_one_member_mutation_interns_to_its_own_id	PASS
5	0.013	ken-runtime	cranelift_backend::planning::static_transition::closure::tests::d2h_the_independent_rederivation_catches_a_mutated_primary_derivation	PASS
5	0.011	ken-runtime	cranelift_backend::planning::static_transition::closure::tests::d7_1c_the_member_population_closes_and_ordinary_closures_are_outside_it	PASS
5	0.010	ken-runtime	cranelift_backend::planning::static_transition::closure::tests::process_ingress_is_role_keyed_and_absent_from_value_roots	PASS
5	0.008	ken-runtime	cranelift_backend::planning::static_transition::construction::tests::d4_the_declaration_call_partition_is_causal_in_both_directions	PASS
5	0.036	ken-runtime	cranelift_backend::planning::static_transition::continuations::fusion::tests::d2f_2_the_region_claim_is_issued_once_and_each_ruled_rule_refuses	PASS
5	0.012	ken-runtime	cranelift_backend::planning::static_transition::continuations::fusion::tests::d2f_5_the_redirect_target_is_selected_by_the_complete_key	PASS
5	0.017	ken-runtime	cranelift_backend::planning::static_transition::continuations::fusion::tests::d2f_6_a_spent_ledger_cannot_half_install_into_a_second_plan	PASS
5	0.010	ken-runtime	cranelift_backend::planning::static_transition::continuations::tests::a_detached_projection_is_in_the_map_and_refused_by_the_direct_outer_accessor	PASS
5	0.010	ken-runtime	cranelift_backend::planning::static_transition::continuations::tests::d3_two_distinct_planned_edges_may_not_name_one_specialization	PASS
5	0.009	ken-runtime	cranelift_backend::planning::static_transition::immediate_bridge::tests::a_duplicate_identity_refuses_rather_than_overwriting	PASS
5	0.010	ken-runtime	cranelift_backend::planning::static_transition::immediate_bridge::tests::a_non_bridge_case_body_is_skipped_rather_than_refused	PASS
5	0.006	ken-runtime	cranelift_backend::planning::static_transition::immediate_bridge::tests::lifted_heterogeneous_producer_selected_by_offset_arithmetic	PASS
5	0.006	ken-runtime	cranelift_backend::planning::static_transition::immediate_bridge::tests::new_intent_the_ordinary_closure_spelling_is_also_heterogeneous	PASS
5	0.006	ken-runtime	cranelift_backend::planning::static_transition::immediate_bridge::tests::refuses_a_checked_subcontinuation_frame_whose_inner_form_is_wrong	PASS
5	0.021	ken-runtime	cranelift_backend::planning::static_transition::joins_traps::tests::d8_join_plan_is_a_bijection_with_source_join_occurrences	PASS
5	0.008	ken-runtime	cranelift_backend::planning::static_transition::joins_traps::tests::d8_trap_predecessors_do_not_create_a_result_edge	PASS
5	0.008	ken-runtime	cranelift_backend::planning::static_transition::occurrences::tests::nested_computational_occurrences_stay_injective_under_a_shared_entry	PASS
5	0.008	ken-runtime	cranelift_backend::planning::static_transition::occurrences::tests::unit_boundary_environment_record_has_a_structural_non_aliasing_occurrence	PASS
5	0.009	ken-runtime	cranelift_backend::planning::static_transition::units::tests::contspec_parameter_affinity_comes_from_its_exact_source_slot	PASS
5	0.006	ken-runtime	executable_artifact_contract::tests::available_object_or_linker_lane_rejects_in_v0	PASS
5	0.006	ken-runtime	executable_artifact_contract::tests::blocked_gate_rejects_available_native_artifact_claim	PASS
5	0.006	ken-runtime	executable_artifact_contract::tests::stale_runtime_identity_rejects_before_native_status	PASS
5	0.007	ken-runtime	executable_entrypoint_packaging::tests::target_absent_from_supported_report_rejects	PASS
5	0.006	ken-runtime	hash::tests::fnv1a_deterministic	PASS
5	0.006	ken-runtime	ir::tests::acf3_ordinary_and_computational_frames_are_domain_separated	PASS
5	0.006	ken-runtime	native_effect_v1::tests::fs_append_dispatch_is_ordered_and_response_arena_is_invocation_lived	PASS
5	47.477	ken-elaborator::px7f_resource_lifetime_export	checked_resource_producer_emits_exactly_one_correlated_t_body	PASS
5	48.452	ken-elaborator::r3_c2_source_mixed_branch	c2_gate_4a_preparation_consumes_every_compiler_derived_slot	PASS
5	2.844	ken-runtime	native_execution_differential::tests::closeout_classifies_runtime_ir_mismatch_inventory_as_failed	PASS
5	2.760	ken-runtime	native_execution_differential::tests::stale_effect_metadata_rejects_before_native_execution	PASS
5	0.009	ken-runtime	object_linker_packaging::tests::forged_platform_support_version_rejects_before_linking	PASS
5	408.370	ken-cli::abi_s6_mapping_surface_native	complete_carried_mapping_access_matrix_matches_the_interpreter	PASS
5	2.750	ken-runtime	native_execution_differential::tests::unsupported_capability_facts_remain_unavailable_not_native_tested	PASS
5	0.034	ken-runtime	object_linker_packaging::tests::shared_helper_wrapping_mutation_turns_generic_object_discriminator_red	PASS
5	0.007	ken-runtime	oriented_subcontinuation_plan::tests::endpoint_or_occurrence_corruption_rejects	PASS
5	0.007	ken-runtime	oriented_subcontinuation_plan::tests::occurrence_exact_but_semantic_order_reversed_rejects	PASS
5	0.008	ken-runtime	platform_runtime_support::tests::stale_entrypoint_metadata_payload_rejects_before_runtime_support	PASS
5	0.007	ken-runtime	platform_runtime_support::tests::trap_observation_stays_runtime_report_comparable	PASS
5	0.017	ken-runtime	store::tests::dedup_aware_accounting	PASS
5	0.010	ken-runtime	store::tests::reclamation_releases_pages	PASS
5	0.006	ken-runtime	unknown::tests::unknown_and_false_is_false	PASS
5	0.088	ken-runtime::value_depth_totality	ac_v1_new_encoder_emits_exact_closed_form_bytes_at_depth_d	PASS
5	0.166	ken-runtime::value_depth_totality	ac_v1_new_encoder_exact_bytes_at_depth_d_through_all_child_positions	PASS
5	0.007	ken-runtime::value_depth_totality	harness_can_observe_a_survivor	PASS
5	0.006	ken-verify	canonical::tests::comparator_reports_enum_trace_delta_and_corrected_payload_identity	PASS
5	2.415	ken-runtime	object_linker_packaging::tests::an_absent_profile_is_refused_before_packaging_not_at_run	PASS
5	0.451	ken-verify	scenario::tests::capture_host_is_explicitly_insufficient_negative_control	PASS
5	2.125	ken-runtime	object_linker_packaging::tests::linked_process_artifact_drives_real_resource_open_use_release	PASS
5	6.405	ken-runtime	object_linker_packaging::tests::nonprocess_starter_preserves_in_flight_selected_generation_fault	PASS
5	68.131	ken-verify	scenario::tests::cwd_root_preserves_scope_escape_and_symlink_denied_identities	PASS
5	131.217	ken-verify	scenario::tests::fs_create_directory_real_artifact_matches_the_landed_inert_flag_contract	PASS
8	0.007	ken-cli::dasm_c2_observation_artifact_identity	dasm_c2_artifact_identity_worker	PASS
8	1.002	ken-cli::cli_i1_entrypoint_abi	named_main_runs_when_it_is_not_the_last_declaration	PASS
8	0.020	ken-cli::library_documentation_gates	agent_pack_integrity_rejects_missing_modules_and_cycles	PASS
8	0.364	ken-cli::library_documentation_gates	ledger_set_mismatch_when_a_citation_is_removed_but_its_ledger_row_stays	PASS
8	1.696	ken-cli	entrypoint_tests::root_admission_precedes_host_leaves_and_marker_flips_the_same_program	PASS
8	0.017	ken-cli::px4b_native_production	non_raw_byte_and_c_strings_do_not_leak_a_comment_scan	PASS
8	78.657	ken-cli::px4b_native_production	linked_home_root_uses_only_production_account_database_boundary	PASS
8	82.988	ken-cli::px7l_checked_host_recursive_bind	delayed_capturing_generic_bind_agrees_across_real_executors	PASS
8	56.315	ken-cli::px7m_hostresult_computational_match	dynamic_ok_payload_selects_a_multistep_tree_across_real_executors	PASS
8	148.244	ken-cli::lang_nested_former_recursion_native	nested_former_fold_executes_natively_in_agreement_with_the_interpreter	PASS
8	66.315	ken-cli::px7o_heterogeneous_eliminator_frames	nested_ok_payload_reaches_both_real_executors	PASS
8	61.414	ken-cli::px7p_constructor_field_composition	ignored_field_twin_remains_green	PASS
8	1.037	ken-cli::px8l_recursive_decl_native	nondecreasing_cycle_is_rejected_before_native_lowering	PASS
8	77.496	ken-cli::px7p_constructor_field_composition	selected_err_field_reaches_both_real_executors	PASS
8	75.289	ken-cli::px8l_recursive_decl_native	dynamic_zero_seed_takes_the_base_case	PASS
8	0.009	ken-cli::rt_cold_lowering_path_enumeration	the_expectation_table_covers_exactly_the_population	PASS
8	0.620	ken-cli::rt_cold_lowering_path_enumeration	rt_write_pair_source	PASS
8	0.493	ken-cli::rt_native_string_construction	native_string_decomposed_char_list_normalizes	PASS
8	0.579	ken-cli::string_op_exec	ken_run_executes_string_op_program_and_prints_stdout	PASS
8	0.008	ken-elaborator	checked_core::tests::annotations_do_not_change_semantic_fingerprint_but_do_change_artifact	PASS
8	0.009	ken-elaborator	checked_core::tests::body_view_rejects_missing_match_branch_data	PASS
8	0.009	ken-elaborator	checked_core::tests::body_view_rejects_stale_or_missing_dependency_identity	PASS
8	0.009	ken-elaborator	checked_core::tests::emitter_adds_v0_schema_hashes_and_validates_representative_fixtures	PASS
8	0.008	ken-elaborator	checked_core::tests::runtime_meaning_metadata_changes_semantic_fingerprint	PASS
8	0.500	ken-cli::t2_acceptance	ac4_unbound_name_no_panic	PASS
8	0.008	ken-elaborator	compiler_driver::tests::erased_type_only_ih_reference_does_not_claim_the_following_runtime_ordinal	PASS
8	0.567	ken-elaborator	compiler_driver::tests::compiler_produced_entrypoint_materializes_runtime_packaging	PASS
8	0.009	ken-elaborator	elab::fixity_reassociation_skip_tests::spine_free_declaration_returns_the_zero_work_sentinel	PASS
8	0.569	ken-elaborator	compiler_driver::tests::executable_entrypoint_rejects_stale_package_identity	PASS
8	0.008	ken-elaborator	elab::nested_lift_association_tests::anonymous_association_requires_a_distinct_result_and_rejects_when_deleted	PASS
8	0.435	ken-elaborator	elab::match_matrix_occurrence_tests::production_two_level_recursive_split_rebases_binding_under_both_ihs	PASS
8	0.482	ken-elaborator	elab::nested_lift_association_tests::nested_all_leaf_self_call_uses_the_same_specialized_contract	PASS
8	0.442	ken-elaborator	elab::nested_lift_association_tests::proof_relevant_type_result_uses_recursive_result_spelling	PASS
8	0.472	ken-elaborator	elab::nested_lift_association_tests::selected_result_sort_accepts_type_spelling_and_rejects_inverse	PASS
8	0.470	ken-elaborator	elab::omega_index_refinement_tests::hidden_result_matched_type_classifier_remains_type_only	PASS
8	0.008	ken-elaborator	erasure::px7l_tests::runtime_selected_response_binder_is_not_shifted_with_its_free_environment	PASS
8	0.008	ken-elaborator	export::exact_inventory_tests::abi_s6_d3_mapping_operations_have_exact_fs_family_and_spellings	PASS
8	0.007	ken-elaborator	format::tests::recovery_cursor_rounds_an_interior_byte_to_the_next_utf8_boundary	PASS
8	0.007	ken-elaborator	lossless::tests::partition_rejects_gap_and_overlap	PASS
8	0.468	ken-elaborator	modules::namespace_effect_tests::actual_export_table_includes_renamed_reexports	PASS
8	0.008	ken-elaborator	modules::namespace_effect_tests::ambient_local_import_of_same_identity_is_a_binding_noop	PASS
8	1.299	ken-elaborator	erasure::px7l_tests::omitting_the_injected_result_is_refused_by_the_runtime_marker_gate	PASS
8	0.755	ken-elaborator	modules::namespace_effect_tests::constrained_instance_field_purity_tracks_imported_class_id	PASS
8	0.850	ken-elaborator	modules::namespace_effect_tests::file_import_retains_checked_type_identity_across_same_name_memory_owner	PASS
8	0.657	ken-elaborator	modules::namespace_effect_tests::file_reexports_preserve_provider_id_through_facade_and_in_scope	PASS
8	1.935	ken-elaborator	modules::namespace_effect_tests::current_local_refuses_stale_same_spelling_import_in_either_order	PASS
8	0.648	ken-elaborator	modules::namespace_effect_tests::forward_local_export_waits_for_its_checked_id	PASS
8	1.055	ken-elaborator	modules::namespace_effect_tests::file_unit_root_import_requires_its_own_inline_declaration	PASS
8	0.598	ken-elaborator	modules::namespace_effect_tests::in_memory_q_after_file_selects_its_own_checked_identity	PASS
8	0.640	ken-elaborator	modules::namespace_effect_tests::in_memory_import_preserves_its_own_inline_grandchild	PASS
8	0.016	ken-elaborator	parser::as_pattern_precedence_tests::constructor_argument_or_requires_parentheses	PASS
8	0.018	ken-elaborator	parser::atom_form_closure::every_expression_form_is_reachable_through_at	PASS
8	0.015	ken-elaborator	parser::atom_start_premise::the_operator_roster_matches_canonical_operator_name	PASS
8	0.018	ken-elaborator	r_layer_tests::acceptance::shadow_resolver_emits_outer_index	PASS
8	4.554	ken-elaborator	r_layer_tests::cat_lawful_functors_pub_export::lawful_functors_list_instance_selects_derived_map_and_both_laws	PASS
8	10.866	ken-elaborator	modules::namespace_effect_tests::priority_queue_actual_export_table_is_exactly_the_six_name_api	PASS
8	8.587	ken-elaborator	r_layer_tests::cat_ord_nat_canonical_owner::compatibility_roots_still_build_lawful_classes_and_order	PASS
8	10.963	ken-elaborator	r_layer_tests::cat_tier_d_cursor_import::diagnostics_core_publication_is_visibility_only	PASS
8	14.130	ken-elaborator	r_layer_tests::cat_tier_d_parsing_group_import::parsing_module_loader_visible_inventory_is_exact_and_coherent	PASS
8	0.467	ken-elaborator	r_layer_tests::constrained_instance_elaboration::independently_named_ill_typed_field_is_kernel_rejected	PASS
8	0.008	ken-elaborator	r_layer_tests::effects::cap_op_without_token_rejected	PASS
8	0.007	ken-elaborator	r_layer_tests::effects::classify_telescope_unknown_is_conservative	PASS
8	0.007	ken-elaborator	r_layer_tests::effects::eff_row_inferred_transitively	PASS
8	0.007	ken-elaborator	r_layer_tests::effects::itree_bind_vis_distributes	PASS
8	0.006	ken-elaborator	r_layer_tests::effects::itree_perform_creates_vis_node	PASS
8	0.008	ken-elaborator	r_layer_tests::effects::lower_bind_ret_kernel_checks_and_reduces	PASS
8	6.054	ken-elaborator	r_layer_tests::cat_tier_d_render_import::diagnostics_render_loader_visible_inventory_is_exact_and_usable	PASS
8	0.007	ken-elaborator	r_layer_tests::effects::row_poly_two_params_each_tracked	PASS
8	0.010	ken-elaborator	r_layer_tests::kenfmt_b3_layout::match_arms_break_after_mapsto_only_when_the_whole_arm_wraps	PASS
8	0.468	ken-elaborator	r_layer_tests::lang_fixity_decl_surface::fixity_declarations_survive_layout_formatting	PASS
8	0.008	ken-elaborator	r_layer_tests::lang_structural_result_elab::unbound_operand_remains_unbound_name	PASS
8	0.929	ken-elaborator	r_layer_tests::lang_fixity_decl_surface::fixity_precedence_range_is_zero_through_nine	PASS
8	0.472	ken-elaborator	r_layer_tests::lc_acceptance::ac5_explicit_bypasses_implicit_canonical	PASS
8	0.008	ken-elaborator	r_layer_tests::let4_multi_binding::ac1_binding_separators_are_context_local	PASS
8	0.486	ken-elaborator	seal2_tests::adversary_repros::class_field_producer_is_seen_by_the_closed_oracle	PASS
8	0.948	ken-elaborator	r_layer_tests::lc_acceptance::ac7_derive_kernel_rechecks_candidate	PASS
8	0.470	ken-elaborator::abi_s3_entropy_effect_row	abi_s3_entropy_is_visible_in_the_effect_row_and_absent_where_it_should_be	PASS
8	117.662	ken-cli::rt_cold_lowering_path_enumeration	rt_cap41_offset_out_of_range_stage	PASS
8	92.402	ken-elaborator::b1_exact_denotation_alphabet	non_host_l5_perform_uses_its_typed_inductive_identity	PASS
8	0.019	ken-elaborator::b2_acceptance	hoas_foil_reaches_positivity_violation_not_universe_gate	PASS
8	2.797	ken-elaborator::bytes_primitive_contracts	byte_primitives_satisfy_each_contract_on_independent_inputs	PASS
8	0.469	ken-elaborator::case_eq_dependent_match_sugar	non_nullary_constructors_are_rejected_at_the_modifier_boundary	PASS
8	358.894	ken-cli::dasm_c2_observation_artifact_identity	dasm_c2_observation_is_native_artifact_identical	PASS
8	96.413	ken-elaborator::b1_acceptance	same_program_same_export_hash	PASS
8	2.821	ken-elaborator::cat3_collections_package	cat3_d3_wrong_lens_endpoint_rejected	PASS
8	2.799	ken-elaborator::cat3_collections_package	derived_has_no_definitionally_equivalent_local_bool_reimplementation	PASS
8	4.611	ken-elaborator::cat5_parsing_package	cat5_d1_reflexive_utf8_proof_rejected	PASS
8	5.628	ken-elaborator::cat5_parsing_package	cat5_d2_failure_with_wrong_source_rejected_by_law	PASS
8	5.946	ken-elaborator::cat_deque_closeout	pop_front_list_view_checks_in_loaded_package_and_on_inhabited_deques	PASS
8	9.700	ken-elaborator::cat_logic_prelude_move	decision_family_imports_select_one_catalog_identity	PASS
8	0.531	ken-elaborator::cat_vector_closeout	vec_map_identity_raw_checked_proposition_is_not_reflexive_filler	PASS
8	1.027	ken-elaborator::cat_vector_closeout	vector_owned_inventory_transition_sentinel_and_zero_local_trust	PASS
8	10.434	ken-elaborator::cat_logic_prelude_move	ordered_search_import_removals_are_attributable	PASS
8	11.515	ken-elaborator::cat_map_bool_and_owner	map_resolves_exact_lawfulclasses_bool_and_family_without_local_identity	PASS
8	6.593	ken-elaborator::cc1_nonempty_validation_acceptance	validation_clients_can_construct_and_match_only_the_public_transparent_surface	PASS
8	4.657	ken-elaborator::cc4_diagnostic_core_acceptance	exact_non_degenerate_injections_preserve_every_location_field	PASS
8	3.576	ken-elaborator::cc6a_process_arguments_exit_acceptance	cc6a_has_zero_trust_delta_and_no_new_carrier_or_string_hop	PASS
8	0.485	ken-elaborator::class_field_purity	surf2_d1_const_fn_and_malformed_markers_follow_field_signature	PASS
8	1.821	ken-elaborator::conversions_acceptance	ac5_neg_intn_computes_in_range_every_signed_width	PASS
8	1.671	ken-elaborator::conversions_acceptance	ac5_neg_intn_degrades_on_min_every_signed_width	PASS
8	0.008	ken-elaborator::decimal_char_acceptance	char_deceq_pin1_structural_encoding	PASS
8	0.593	ken-elaborator::dependent_match_coherent_frame_acceptance	nontrivial_direct_fin_index_elaborates	PASS
8	0.459	ken-elaborator::dependent_match_context_telescope_acceptance	captured_env_follows_fin_index_refinement_under_match	PASS
8	0.500	ken-elaborator::dependent_match_eigen_guard_localization	dependent_guard_with_context_extension_uses_constructor_local_view	PASS
8	0.445	ken-elaborator::dependent_match_motive_rebase_acceptance	control_uncoupled_result_index_goal_is_left_unchanged	PASS
8	1.750	ken-elaborator::ds2_ord_nat_acceptance	totality_source_and_public_relation_behavior_survive_the_move	PASS
8	10.395	ken-elaborator::cc7_argparse_acceptance	adding_one_option_to_the_spec_changes_help_without_a_second_help_edit	PASS
8	10.129	ken-elaborator::cc8_env_config_decoder_acceptance	config_failures_keep_config_key_origins_distinct_from_environment	PASS
8	0.667	ken-elaborator::ds5b_dependent_match_refinement_acceptance	interleaved_let_alias_of_enclosing_field_rejects_after_convoy_closes_type_gap	PASS
8	2.782	ken-elaborator::ds3_sum_combinators_acceptance	ac8_getorelse_returns_contained_value_not_default	PASS
8	0.433	ken-elaborator::ds6c_intlit_elaborator_emission	real_distinct_int_literals_reduce_to_bottom_and_reject_tt_and_refl	PASS
8	0.774	ken-elaborator::ds5b_dependent_match_refinement_acceptance	production_source_preserves_reachable_non_sort_prefilter_skip	PASS
8	0.751	ken-elaborator::ds8b_pure_into_proc_widening	zero_sort_delta_class_record_kind_unchanged_by_pure_instance_registration	PASS
8	0.686	ken-elaborator::ds9_json_codec_acceptance	intrinsic_all_lift_direct_pi_domain_remains_rejected	PASS
8	0.561	ken-elaborator::effect_composition_resp_coproduct_acceptance	resp_coproduct_inl_reduces_to_rg_applied_to_payload	PASS
8	3.009	ken-elaborator::ds3_sum_combinators_acceptance	all_combinators_and_laws_are_real_globals	PASS
8	0.648	ken-elaborator::es2_acceptance	sort_refinement_unfolds_issorted_and_perm	PASS
8	1.058	ken-elaborator::es2_acceptance	map_set_retired_not_prelude_primitives	PASS
8	0.520	ken-elaborator::es3_modules_acceptance	selective_import_ambiguity_rejected_naming_both	PASS
8	0.010	ken-elaborator::explicit_data_parser	explicit_family_vec_preserves_constructor_signature_shape	PASS
8	0.007	ken-elaborator::explicit_data_parser	explicit_where_block_accepts_simple_default_result_constructors	PASS
8	0.008	ken-elaborator::explicit_data_parser	implicit_constructor_binder_is_preserved	PASS
8	0.481	ken-elaborator::explicit_data_elaboration	legacy_simple_data_still_elaborates	PASS
8	0.489	ken-elaborator::ken_md_literate	ken_ignore_with_elaboration_breaking_body_is_never_checked	PASS
8	0.448	ken-elaborator::ken_md_literate	ordinary_ken_elaboration_is_unchanged	PASS
8	0.007	ken-elaborator::ken_md_literate	token_stream_matches_supported_fence_contents	PASS
8	0.006	ken-elaborator::kenfmt_b2_token_kind	ac6_function_and_match_arrows_are_distinct_wp_s_roles	PASS
8	0.470	ken-elaborator::kernel_conv_congruence_closure	quotient_class_congruence_is_reached_by_checked_ken_source	PASS
8	2.650	ken-elaborator::es4_classes_acceptance	char_ord_laws_carried_not_stubbed_transport_accepts	PASS
8	1.028	ken-elaborator::ktr2_data_lowering_diagnostics	data_type_references_follow_declaration_order	PASS
8	0.437	ken-elaborator::l2_acceptance	ac8_option_table_branch_motive_elaborates	PASS
8	3.000	ken-elaborator::k3_literal_char_view	fresh_ascii_literal_closes_generic_checked_finite_code_witness	PASS
8	0.471	ken-elaborator::l2_acceptance	ac8_proof_returning_match_through_transparent_scrutinee_elaborates	PASS
8	0.466	ken-elaborator::l2_acceptance	ac8_wrong_specialized_branch_still_rejects	PASS
8	0.428	ken-elaborator::l2_acceptance	unknown_ctor_in_pattern_is_error	PASS
8	0.472	ken-elaborator::l2_acceptance	well_typed_match_unaffected_by_foreign_ctor_family_check	PASS
8	0.426	ken-elaborator::l4_export_reexport	facade_loader_edge_participates_in_cycle_detection	PASS
8	0.437	ken-elaborator::l4_export_reexport	formatter_is_fixed_point_and_export_adds_no_trust	PASS
8	0.007	ken-elaborator::l4_export_reexport	parser_distinguishes_facade_and_in_scope_forms_with_renames	PASS
8	0.901	ken-elaborator::l4_export_reexport	unresolved_sources_fail_closed_at_the_export_site	PASS
8	84.451	ken-elaborator::b1_exact_denotation_alphabet	target_closure_follows_callback_and_excludes_unused_sibling	PASS
8	0.471	ken-elaborator::l7_acceptance	wrong_pure_confined_and_listed	PASS
8	0.519	ken-elaborator::l6_acceptance	read_bytes_tracked_accepts	PASS
8	0.010	ken-elaborator::lang_application_atom_if_rejection	every_file_fixture_passes_the_one_directional_check	PASS
8	0.007	ken-elaborator::lang_atom_start_classification_closure	ac0_the_grouped_spelling_is_the_sanctioned_one_and_parses	PASS
8	0.007	ken-elaborator::lang_atom_start_classification_closure	invariant_1_no_depth_zero_comma_precedes_the_first_arrow_in_an_arm_block	PASS
8	0.009	ken-elaborator::lang_bytes_hex_list_literal	bracketed_hex_pairs_lex_to_existing_byte_string_token	PASS
8	1.706	ken-elaborator::l4_export_reexport	loader_executes_facade_and_in_scope_body_scope_discriminator	PASS
8	0.006	ken-elaborator::lang_foreign_name_format_chars	escaped_format_character_round_trips_as_literal_data	PASS
8	0.008	ken-elaborator::lang_foreign_name_format_chars	formatter_recovery_advances_on_multibyte_boundaries	PASS
8	0.007	ken-elaborator::lang_foreign_name_format_chars	reject_recovery_composes_suffix_rewrite_and_document_coordinates	PASS
8	0.518	ken-elaborator::l_resolver_globals	ac1_cross_decl_lowercase_global_resolves	PASS
8	0.482	ken-elaborator::lang_match_as_pattern	nested_constructor_alias_uses_its_depth_rebased_occurrence	PASS
8	2.896	ken-elaborator::l3a_acceptance	functor_law_emits_obligation_cross_decl_resolves	PASS
8	0.477	ken-elaborator::lang_match_or_pattern	anonymous_alternatives_do_not_shift_outer_variables	PASS
8	0.597	ken-elaborator::lang_match_literal_patterns	every_supported_carrier_selects_and_falls_through_by_value	PASS
8	0.997	ken-elaborator::lang_match_guards	guard_presence_flips_constructor_coverage	PASS
8	0.479	ken-elaborator::lang_match_or_pattern	module_rewriting_recurses_through_or_alternatives	PASS
8	0.473	ken-elaborator::lang_match_record_pattern	dependent_later_field_checks_in_declaration_order_not_source_order	PASS
8	1.815	ken-elaborator::lang_facade_export_load_order	absolute_facade_selects_source_file_provider_cold_and_in_every_order	PASS
8	0.451	ken-elaborator::lang_match_record_pattern	top_record_uses_labels_punning_and_omission_without_elimination	PASS
8	0.007	ken-elaborator::lang_mod_pub_eligibility	per_item_pub_import_and_export_are_surface_errors	PASS
8	0.483	ken-elaborator::lang_match_tuple_pattern	module_rewriting_recurses_through_tuple_components	PASS
8	0.515	ken-elaborator::lang_mod_nat_floor_realization	public_wrapper_rejects_floor_parent_before_allocation	PASS
8	0.468	ken-elaborator::lang_mod_pub_eligibility	public_attached_proof_still_rejects_a_private_subject	PASS
8	0.490	ken-elaborator::lang_nested_former_recursion_acceptance	ac_nested_fold_lowers_to_a_checked_elimination	PASS
8	0.459	ken-elaborator::lang_nested_former_recursion_acceptance	ac_totality_preserved_negative_position_is_rejected	PASS
8	1.388	ken-elaborator::lang_mod_catalog_realization	distinct_import_identities_with_one_spelling_still_collide	PASS
8	0.473	ken-elaborator::lang_qualified_constructor_privacy	buffer_capacity_decl	PASS
8	0.470	ken-elaborator::lang_qualified_constructor_privacy	forge_count_decl	PASS
8	0.471	ken-elaborator::lang_qualified_constructor_privacy	forge_mapping_file	PASS
8	0.457	ken-elaborator::lang_qualified_constructor_privacy	forge_span_decl	PASS
8	0.473	ken-elaborator::lang_qualified_constructor_privacy	public_qualified_constructors_preserve_checked_identity	PASS
8	0.481	ken-elaborator::lang_qualified_constructors	prelude_qualified_constructor_expression_keeps_true_id	PASS
8	0.499	ken-elaborator::lang_qualified_constructors	abstract_export_keeps_qualified_constructor_private	PASS
8	0.479	ken-elaborator::lang_qualified_constructors	scoped_resource_kind_bare_member_neither_resolves_nor_binds	PASS
8	0.007	ken-elaborator::lang_surface_block_comments	ac3_doc_comment_attaches_to_following_declaration_discriminatingly	PASS
8	0.736	ken-elaborator::lang_standard_infix_call_completion	ac2a_a_renaming_hop_to_the_same_identity_completes_identically	PASS
8	2.348	ken-elaborator::lang_prelude_floor_fifteen	five_floor_name_redeclarations_fail_before_allocation	PASS
8	1.171	ken-elaborator::lang_roots_loader_local_instance_dict_scope	both_cross_module_shapes_require_the_dictionary_import	PASS
8	0.692	ken-elaborator::lang_surface_if	floor_constructor_names_cannot_retarget_if	PASS
8	0.934	ken-elaborator::lang_surface_decimal_precision	wide_decimal_reaches_kernel_carrier_and_evaluation_exactly	PASS
8	0.471	ken-elaborator::lang_symbolic_operator_names	fixed_star_still_elaborates_as_multiplication	PASS
8	0.821	ken-elaborator::lang_symbolic_operator_names	fixed_plus_percent_still_elaborates_as_wrapping_addition	PASS
8	0.470	ken-elaborator::lang_truncation_surface_syntax	ac3_surface_formation_matches_direct_rust_construction	PASS
8	0.473	ken-elaborator::lang_truncation_surface_syntax	d1_truncation_headed_constrained_instance_resolves_by_a_consistent_head	PASS
8	0.473	ken-elaborator::lang_truncation_surface_syntax	d1_unicode_formation_elaborates_and_kernel_checks	PASS
8	0.007	ken-elaborator::literal_escapes_lexer_unit	char_cardinality_rejects_empty_and_multi_scalar	PASS
8	0.006	ken-elaborator::literal_escapes_lexer_unit	common_escapes_decode_in_every_kind	PASS
8	0.006	ken-elaborator::literal_escapes_lexer_unit	no_pending_escape_twins_stay_ordinary_unterminated	PASS
8	2.353	ken-elaborator::lang_surface_decimal_precision	narrow_decimal_pairs_and_i32_exponents_remain_exact	PASS
8	0.601	ken-elaborator::let5_checking_mode_let	grouped_let_preserves_checked_body_goal	PASS
8	0.481	ken-elaborator::let5_checking_mode_let	singleton_let_preserves_checked_introduction_goal	PASS
8	11.594	ken-elaborator::map_build_acceptance	lookup_order_distinct_key_is_none	PASS
8	12.031	ken-elaborator::map_build_acceptance	cat4_keys_values_are_aligned_tolist_projections	PASS
8	0.007	ken-elaborator::match_arm_glyph	formatter_canonicalizes_ascii_maps_to_before_arrow	PASS
8	0.008	ken-elaborator::nc13_core_expression_lowering	generated_closure_arity_mismatch_stays_runtime_ir_error	PASS
8	0.007	ken-elaborator::nc13_core_expression_lowering	mutual_direct_call_cycle_rejects_loudly	PASS
8	11.920	ken-elaborator::map_build_acceptance	local_prebinding_preserves_legacy_map_union_stack_budget	PASS
8	0.022	ken-elaborator::nc14_data_match_lowering	unsupported_proof_only_match_rejects_before_runtime_program_success	PASS
8	0.020	ken-elaborator::nc15_record_sigma_lowering	unsupported_dependent_record_field_shape_rejects_before_runtime_ir	PASS
8	0.022	ken-elaborator::nc5_erasure_runtime_ir	proof_erasure_boundary_witness_rejects_missing_record_declaration_and_target_metadata	PASS
8	0.782	ken-elaborator::nc14_data_match_lowering	duplicate_nested_lift_arm_is_reachability_error	PASS
8	1.506	ken-elaborator::proof_vocabulary	attached_proof_uses_occurs_applied_and_mixed_cycles_fail_closed	PASS
8	0.477	ken-elaborator::px7f_system_resource_acceptance	resource_host_io_preserves_the_existing_host_io_identity	PASS
8	0.468	ken-elaborator::px8f_buffer_io_surface	abi_s6_mapping_surface_is_direct_and_the_handle_stays_opaque	PASS
8	0.441	ken-elaborator::px8p_checked_buffer_producer	with_buffer_has_the_ruled_surface_and_keeps_raw_allocation_private	PASS
8	0.010	ken-elaborator::r3_c2_source_mixed_branch	r3_4b_feature_artifact_worker	PASS
8	19.436	ken-elaborator::map_build_acceptance	cat_bool_reuse_d2_import_withdrawal_and_wrong_name_fail_at_is_some	PASS
8	1.106	ken-elaborator::record_index_sigma_closure	hidden_result_transport_refines_whole_record_and_component_indices	PASS
8	1.131	ken-elaborator::record_literal	brace_neighbours_and_declaration_regressions_remain_live	PASS
8	1.413	ken-elaborator::record_literal	missing_duplicate_and_foreign_fields_refuse_at_source_spans	PASS
8	1.299	ken-elaborator::record_literal	update_rebuilds_from_projections_and_is_eta_respecting	PASS
8	1.320	ken-elaborator::rt_dasm_d1b_role_a_role_authority	d1b_role_a_every_canonical_role_is_covered_by_shadowing_or_floor_immutability	PASS
8	3.007	ken-elaborator::rt_dasm_d1b_role_b_role_decode	d1b_role_b_every_decoded_role_resolves_in_the_packages_own_checked_facts	PASS
8	1.633	ken-elaborator::rt_dasm_d1b_role_c1_trusted_base_provenance	c1_the_object_artifact_carries_the_admitted_trust	PASS
8	1.055	ken-elaborator::rt_dasm_d1b_role_c1_trusted_base_provenance	c1_the_roster_is_closed_before_source_and_one_foreign_adds_exactly_one_live_entry	PASS
8	0.024	ken-elaborator::sec1_acceptance	by_typing_meta_theorem_is_trusted_scope	PASS
8	0.022	ken-elaborator::sec1_acceptance	ct_label_parses_carries_and_defers_timing	PASS
8	0.022	ken-elaborator::sec1ct_acceptance	ct_in_parameter_promise_checked_emits_q	PASS
8	0.014	ken-elaborator::sec1ct_acceptance	declassified_ct_value_steers_sink_accepted_and_listed	PASS
8	0.017	ken-elaborator::sec2_acceptance	revoke_is_transitive_static_contract	PASS
8	0.030	ken-elaborator::sec2_acceptance	unaudited_boundary_effect_is_impossible	PASS
8	1.339	ken-elaborator::state_effect_build_eff6_integration	ac2_runstate_next_post_increment_through_real_interp	PASS
8	22.991	ken-elaborator::map_build_acceptance	lookupfoundafterinsert_law2_is_a_real_general_proof_term	PASS
8	1.993	ken-elaborator::sub1_bytes_structural_view	ac4_roundtrip_propositions_are_usable_but_not_refl_reductions	PASS
8	2.043	ken-elaborator::surface_arrow_and_infix_acceptance	star_binds_tighter_than_plus_and_minus	PASS
8	1.191	ken-elaborator::surface_def_refinement	def_refinement_and_def_alias_elaborate_to_the_same_core_decl_as_type_used_to	PASS
8	3.536	ken-elaborator::sub1b_uint8_deceq	ac4_deceq_bytes_decides_raw_bytes_non_vacuously	PASS
8	1.095	ken-elaborator::surface_named_proof_claims	prop_constructor_shape_outside_seed_subset_rejects	PASS
8	0.014	ken-elaborator::t1_acceptance	agent_pivots_on_status_no_text_scraping	PASS
8	0.013	ken-elaborator::t1_acceptance	decomposition_and_slice_kinds_round_trip	PASS
8	1.072	ken-elaborator::surface_transport_acceptance	ill_typed_transport_wrong_equation_is_kernel_rejected	PASS
8	1.183	ken-elaborator::v1_acceptance	bogus_cert_not_proved	PASS
8	0.017	ken-elaborator::v2_acceptance	nonrecursive_degenerate_no_ih_placeholder	PASS
8	1.167	ken-elaborator::v1_acceptance	result_in_ensures_resolves	PASS
8	0.911	ken-elaborator::v2_acceptance	refinement_return_type_emits_phi	PASS
8	0.047	ken-elaborator::v3_acceptance	unknown_hole_trusted_base_distinct_from_proved	PASS
8	1.369	ken-elaborator::v2_acceptance	trivial_clause_still_emits_obligation	PASS
8	5.712	ken-elaborator::v3_fo_checker_soundness_d0_buildability_probe	probe2b_propositional_truncation_ascii_spelling_probe	PASS
8	6.829	ken-elaborator::v3_fo_checker_soundness_d0_buildability_probe	probe3b_bool_true_hypothesis_eliminates_by_cases_naive_prebound	PASS
8	5.582	ken-elaborator::v3_fo_checker_soundness_d1a_elaborator_divergence_finding	minimal_data_ctor_with_recursive_nat_eq_equality_elaborates	PASS
8	7.406	ken-elaborator::v3_fo_checker_soundness_d2_bool_inversion	fok_or_elim_left_branch_applies_to_a_concrete_instance	PASS
8	5.553	ken-elaborator::v3_fo_ken_level_checker_authoring	certificate_sort_validation_object_in_world_pair	PASS
8	3.682	ken-elaborator::v3_fo_ken_level_checker_authoring	certificate_sort_validation_world_in_object_pair	PASS
8	3.022	ken-elaborator::v3_fo_ken_level_checker_authoring	fok_check_cert_agrees_with_rust_on_near_miss_pairs	PASS
8	2.616	ken-elaborator::v3_fo_ken_level_checker_authoring	fok_check_cert_serializer_discriminates_init_left_right_swap	PASS
8	0.008	ken-elaborator::v3_fo_kripke_slice_acceptance	negative_control_obtains_no_certificate	PASS
8	0.013	ken-elaborator::v3_fo_obligation_signature_discovery_acceptance	conjunct_3_convert_distinguishes_structurally_different_iforms	PASS
8	26.807	ken-elaborator::v3_fo_route_proved_composition	public_catalog_route_returns_a_kernel_backed_proved_verdict	PASS
8	76.853	ken-elaborator::px7f_resource_lifetime_export	correlated_body_is_one_member_of_the_same_t_sequence	PASS
8	4.582	ken-elaborator::v3_fo_sorted_eigenparameter_wrong_sort_controls	collapsing_the_sort_check_reddens_the_wrong_sort_controls	PASS
8	11.146	ken-elaborator::v3_fo_sorted_eigenparameter_wrong_sort_controls	object_eigen_into_world_binder_is_refused_by_the_sort_guard	PASS
8	8.632	ken-elaborator::v3_fo_sorted_eigenparameter_wrong_sort_controls	out_of_scope_bound_reference_is_refused	PASS
8	0.007	ken-elaborator::v4_acceptance	classically_valid_never_in_refuted_region	PASS
8	0.006	ken-elaborator::v4_acceptance	fully_proved_program_zero_diagnostics	PASS
8	0.484	ken-elaborator::v4_acceptance	refuted_goal_false_with_forcing_world	PASS
8	2.651	ken-elaborator::v3_fo_soundness_sct_expressibility	real_fok_checker_soundness_passes_full_admission_without_new_trust	PASS
8	0.007	ken-foundation	hash::tests::fnv1a_different_inputs_different_hashes	PASS
8	0.029	ken-foundation::acceptance	dedup_rate_matches_expected	PASS
8	0.008	ken-foundation::acceptance	loud_at_limit_test	PASS
8	0.011	ken-host	abi_v1::tests::full_native_init_uses_only_the_scripted_observer_seam	PASS
8	0.006	ken-host	abi_v1::tests::root_denial_writer_needs_no_live_process_context	PASS
8	0.009	ken-host	abi_v1::tests::wrong_generation_is_capability_denied_before_filesystem_access	PASS
8	0.007	ken-host	abi_v1::tests::zero_plan_binding_clears_the_complete_init_result	PASS
8	0.007	ken-host	effect_v1::tests::abi_s6_d1_default_backend_unmap_is_unavailable_not_a_silent_drop	PASS
8	0.006	ken-host	effect_v1::tests::abi_s6_d5a_mapping_limits_share_page_charges_and_release_restores_capacity	PASS
8	0.007	ken-host	effect_v1::tests::fs_open_denial_remains_a_capability_error_before_resource_mint	PASS
8	0.008	ken-host	effect_v1::tests::resource_close_waits_for_the_last_of_multiple_admitted_leases	PASS
8	0.007	ken-host	effect_wire::tests::abi_s1_duplicate_wire_is_typed_distinct_and_fail_closed	PASS
8	0.009	ken-host	effect_wire::tests::ac3b_the_sleep_request_carries_a_deadline_and_no_cancellation_surface	PASS
8	0.007	ken-host	effect_wire::tests::wire_decoder_rejects_wrote_effective_request_above_raw_request	PASS
8	0.007	ken-host	tests::public_components_reject_unrooted_or_ambiguous_inputs	PASS
8	0.009	ken-host	tests::public_surface_contains_only_ken_owned_semantic_types	PASS
8	0.031	ken-interp	eff_tests::eff7_exhaustive_driver_dispatch_no_silent_skip	PASS
8	0.012	ken-interp	eval::px5b_effect_observation_tests::ac2_monotonic_is_refused_while_the_wall_clock_still_reads_and_steps_back	PASS
8	0.491	ken-elaborator::val1_string_literals	string_literal_evaluates_to_str_val	PASS
8	0.007	ken-interp	eval::px5b_effect_observation_tests::d1_a_wall_instant_is_not_decodable_as_a_monotonic_deadline	PASS
8	0.010	ken-interp	eval::px5b_effect_observation_tests::budget_eff_capped_short_read_reifies_effective_not_raw_remaining	PASS
8	0.009	ken-interp	eval::px5b_effect_observation_tests::resource_origin_revoked_reifies_as_resource_host_io_revoked	PASS
8	0.014	ken-interp	eval::px5b_effect_observation_tests::recording_is_behaviorally_inert	PASS
8	0.012	ken-interp	tests::lazy_if_taken_arm_only	PASS
8	0.012	ken-interp	tests::lazy_match_taken_branch_only	PASS
8	0.011	ken-interp	tests::shortcircuit_and_or	PASS
8	0.482	ken-interp::effect_composition_synthetic_peel_probe	single_wrap_peels_to_the_synthetic_base_tag	PASS
8	0.007	ken-interp::f1_bignum_acceptance	f1_oracle_sign_boundary	PASS
8	0.528	ken-interp::fs_driver_build_capability_acceptance	r1_sufficient_cap_reads_fixture	PASS
8	0.011	ken-interp::k1p5_ih_wstyle_vis_fold_acceptance	mixed_direct_and_wstyle_positions_fold_together	PASS
8	0.553	ken-interp::l1_acceptance	ac4_bare_overflow_never_wraps_silently	PASS
8	0.022	ken-interp::nc12_runtime_ir_evaluator	explicit_runtime_trap_is_an_observation_not_host_behavior	PASS
8	0.015	ken-interp::nc12_runtime_ir_evaluator	runtime_ir_evaluator_runs_nc5_seed_subset_without_native_claims	PASS
8	1.885	ken-interp::elim_bool_dispatch_acceptance	computed_bool_agrees_with_literal_bool_dispatch	PASS
8	0.680	ken-interp::nc7_differential_trust_report	oracle_identity_mismatch_emits_no_f1_and_does_not_run_native	PASS
8	0.015	ken-kernel	conv::tests::level_equiv_reproduction_max_suc_u_v	PASS
8	0.014	ken-kernel	conv::tests::omega_congruence_accepts_level_equivalence_and_rejects_distinct_levels	PASS
8	0.013	ken-kernel	conv::tests::sigma_eta_convert	PASS
8	0.015	ken-kernel	env::literal_rollback_tests::popped_literal_is_absent_from_raw_table_before_id_reuse	PASS
8	0.016	ken-kernel	inductive::tests::positivity_bad_rejected	PASS
8	0.015	ken-kernel	subst::tests::shift_negative_does_not_underflow	PASS
8	0.017	ken-kernel	subst::tests::subst_tel_empty_is_identity	PASS
8	0.024	ken-kernel::acceptance	ac4_elim_nat_iota_zero	PASS
8	0.020	ken-kernel::acceptance	ac7_beta_reduction_terminates	PASS
8	0.019	ken-kernel::acceptance	k2_cast_computes_sigma_to_pair	PASS
8	0.021	ken-kernel::acceptance	k2_cast_refl_regularity	PASS
8	0.023	ken-kernel::acceptance	k2_j_nonrefl_reduces_not_stuck	PASS
8	0.021	ken-kernel::acceptance	k2_j_on_refl_is_base	PASS
8	0.024	ken-kernel::acceptance	k2_seam1b_eq_inductive_dependent_stuck	PASS
8	0.020	ken-kernel::acceptance	k2_seam3_omega_quot_elim_accepted	PASS
8	0.020	ken-kernel::ds6a_int_deceq_certificate	mistyped_eq_op_domain_is_rejected_at_registration	PASS
8	0.717	ken-interp::px7f_system_resource	read_only_handle_metadata_surfaces_exact_right_not_held_masks	PASS
8	0.019	ken-kernel::ds6b_intlit_eq_reduction	intlit_converts_by_value_not_by_identity	PASS
8	0.015	ken-kernel::eliminator_shape_demand_driven	transparent_recursive_argument_keeps_its_induction_hypothesis	PASS
8	0.011	ken-kernel::eq_at_inductive_multifield_binder	one_field_reflexive_eq_stays_well_typed_either_way	PASS
8	0.013	ken-kernel::k3_literal_char_registration	checked_string_literal_normalizes_immutable_payload_and_refuses_absent_carrier	PASS
8	0.017	ken-kernel::k2c_series2	j_constant_motive_still_reduces	PASS
8	0.017	ken-kernel::k4_omega_motive	non_omega_foil_distinct_reducts_do_not_convert	PASS
8	0.015	ken-kernel::k5_omega_fragment	absurd_motive_must_still_classify_as_a_sort	PASS
8	0.012	ken-kernel::k5_omega_fragment	refl_does_not_inhabit_constructor_disjoint_equality	PASS
8	0.019	ken-kernel::nested_inductives_all	generated_all_type_and_omega_cross_at_the_exact_public_level	PASS
8	0.013	ken-kernel::nested_inductives_d1a	d1b_retires_the_nested_occurrence_rejection	PASS
8	0.015	ken-kernel::nested_inductives_d3b_d4	polymorphic_former_transport_preserves_guest_levels	PASS
8	0.018	ken-kernel::nested_inductives_remaining	checked_transparent_sigma_aliases_admit_renamed_nested_paths	PASS
8	0.011	ken-kernel::nested_inductives_remaining	declared_positive_paths_admit_list_pair_and_fresh_container_nesting	PASS
8	0.016	ken-kernel::positivity_demand_driven	negative_occurrence_exposed_at_the_head_stays_rejected	PASS
8	0.014	ken-runtime	boundary_activation::tests::bounded_epoch_child	PASS
8	0.014	ken-runtime	boundary_activation::tests::cap_one_cannot_be_raised_child	PASS
8	0.049	ken-runtime	activation_abi::tests::c_open_and_begin_return_owned_typed_region_refusals	PASS
8	0.013	ken-runtime	boundary_activation::tests::concurrent_epoch_child	PASS
8	0.013	ken-runtime	boundary_activation::tests::unrepresentable_node_grants_do_not_panic_at_open_or_begin	PASS
8	0.016	ken-runtime	boundary_resource_profile::tests::the_lookup_agrees_with_the_named_field_a_deployment_wrote	PASS
8	0.025	ken-runtime	boundary_value::invocation_aggregate_decode_tests::a_nested_aggregate_carries_an_adopted_persistent_child	PASS
8	0.035	ken-runtime	boundary_value::invocation_aggregate_decode_tests::a_malformed_node_local_span_refuses	PASS
8	0.099	ken-runtime	boundary_value_clif::tests::b2v_ac10_a_constructible_node_cycle_is_refused_not_recursed	PASS
8	0.155	ken-runtime	boundary_value_clif::tests::ac4_each_reachable_limit_refuses_at_limit_plus_one_naming_its_own_resource	PASS
8	0.024	ken-runtime	boundary_value_clif::tests::b2v_ac6_a_ground_node_still_adopts_through_the_same_harness	PASS
8	0.095	ken-runtime	boundary_value_clif::tests::b2v_emitted_code_cannot_assign_store_identity	PASS
8	0.053	ken-runtime	boundary_value_clif::tests::b2v_emitted_code_projects_a_non_constant_constructor_field	PASS
8	0.023	ken-runtime	boundary_value_clif::tests::d3_a_span_past_the_live_data_is_refused_on_the_bounds_axis	PASS
8	0.017	ken-runtime	canonical::tests::ac_v1b_iterative_encoding_is_byte_identical_to_the_recursive_reference	PASS
8	0.019	ken-runtime	cranelift_backend::artifact::api::tests::nc22_ambiguous_runtime_ir_report_target_rejects_before_native_lowering	PASS
8	0.092	ken-runtime	cranelift_backend::artifact::api::tests::nc22_cranelift_agrees_with_runtime_ir_report_for_broad_starter_shapes	PASS
8	0.007	ken-runtime	cranelift_backend::artifact::api::tests::reachable_foreign_checked_core_metadata_rejects_before_backend_lowering	PASS
8	0.007	ken-runtime	cranelift_backend::artifact::api::tests::reachable_unsupported_metadata_rejects_before_backend_lowering	PASS
8	0.018	ken-runtime	cranelift_backend::artifact::tests::px8i_jit_and_object_construct_identical_local_helper_clif	PASS
8	0.188	ken-runtime	cranelift_backend::lowering::aggregates::tests::a_sibling_aggregates_producer_certificate_is_refused_before_any_allocation	PASS
8	0.153	ken-runtime	cranelift_backend::lowering::aggregates::tests::a_sibling_effect_seats_coordinate_is_rejected_at_construction	PASS
8	0.009	ken-runtime	cranelift_backend::lowering::boundary::tests::c1_d5_a_closure_free_constructor_is_admissible	PASS
8	0.007	ken-runtime	cranelift_backend::lowering::core::branched_scrutinee_unit_body_observer_tests::noncarrying_match_arm_missing_recursive_position_returns_none	PASS
8	0.054	ken-runtime	cranelift_backend::lowering::core::primitive::tests::cranelift_runs_closure_seed_with_explicit_runtime_capture_environment	PASS
8	0.031	ken-runtime	cranelift_backend::lowering::core::primitive::tests::int_to_uint64_raw_preserves_the_exact_big_native_int	PASS
8	0.014	ken-runtime	cranelift_backend::lowering::core::tests::constructors::a_capture_operand_reconciles_only_against_its_own_ruled_position	PASS
8	0.011	ken-runtime	cranelift_backend::lowering::core::tests::constructors::a_mixed_phase_capture_run_installs_and_keeps_each_capture_at_its_own_phase	PASS
8	0.027	ken-runtime	cranelift_backend::lowering::core::tests::constructors::ac1_source_machine_match_classifies_a_carried_scrutinee_by_phase	PASS
8	0.086	ken-runtime	cranelift_backend::lowering::core::tests::constructors::ac5_restoring_carried_capture_narrowing_reds_the_ordinary_witness	PASS
8	0.011	ken-runtime	cranelift_backend::lowering::core::tests::constructors::c1_d3_a_carried_operand_survives_case_env_and_nested_lowering	PASS
8	0.047	ken-runtime	cranelift_backend::lowering::core::tests::constructors::c1_d4_ac_c7_project_eliminates_a_carried_record_by_static_field_identity	PASS
8	0.029	ken-runtime	cranelift_backend::lowering::core::tests::constructors::carried_bool_dispatch_refuses_payload_two	PASS
8	0.044	ken-runtime	cranelift_backend::lowering::core::tests::constructors::carried_bool_dispatch_refuses_real_tag_seven_nodes_with_bool_shaped_scalars	PASS
8	0.031	ken-runtime	cranelift_backend::lowering::core::tests::constructors::carried_bool_mapping_oracle_reddens_on_reversed_role_mapping	PASS
8	0.045	ken-runtime	cranelift_backend::lowering::core::tests::constructors::d2_an_unselected_reply_arm_copies_no_bytes	PASS
8	0.062	ken-runtime	cranelift_backend::lowering::core::tests::constructors::nested_computational_carrier_final_kind_is_runtime_guarded	PASS
8	0.030	ken-runtime	cranelift_backend::lowering::core::tests::constructors::nested_computational_malformed_recursive_position_rejects_specifically	PASS
8	0.030	ken-runtime	cranelift_backend::lowering::core::tests::constructors::pattern_default_trap_is_observation_not_backend_error	PASS
8	0.041	ken-runtime	cranelift_backend::lowering::core::tests::constructors::recursive_computational_aggregate_traverses_ordinary_frame	PASS
8	0.041	ken-runtime	cranelift_backend::lowering::core::tests::constructors::selected_worker_generated_gate_rejects_copied_ticket_after_activation_reuse	PASS
8	0.011	ken-runtime	cranelift_backend::lowering::core::tests::constructors::static_worker_call_rejects_undeclared_target	PASS
8	0.010	ken-runtime	cranelift_backend::lowering::core::tests::control::nested_computational_inner_missing_selects_exact_inner_default	PASS
8	0.067	ken-runtime	cranelift_backend::lowering::core::tests::control::oriented_edge_mutations_reject_in_all_three_direct_consumers	PASS
8	0.011	ken-runtime	cranelift_backend::lowering::core::tests::control::oriented_source_open_occurrence_cross_checks_the_closure_selected_parent	PASS
8	0.007	ken-runtime	cranelift_backend::lowering::core::tests::control::the_field_inventory_extractor_sees_an_added_term_field	PASS
8	0.070	ken-runtime	cranelift_backend::lowering::core::tests::effects::abi_s6_d5a_mapping_limit_and_mapping_kind_reify_without_trapping	PASS
8	0.016	ken-runtime	cranelift_backend::lowering::core::tests::effects::budget_eff_native_read_some_capped_full_and_short_reify_effective_not_raw_remaining	PASS
8	0.035	ken-runtime	cranelift_backend::lowering::core::tests::effects::dynamic_host_result_producer_missing_case_routes_to_default	PASS
8	0.104	ken-runtime	cranelift_backend::lowering::core::tests::host_call_carrier::d5_c2_the_witness_reaches_the_seam_and_emits_the_exact_planner_target	PASS
8	0.029	ken-runtime	cranelift_backend::lowering::core::tests::host_call_carrier::d8_dynamic_host_result_merge_enters_materialized_dead_cfg_population	PASS
8	0.647	ken-runtime	cranelift_backend::lowering::core::tests::host_call_carrier::d8_every_required_join_plan_is_consumed_exactly_once	PASS
8	0.030	ken-runtime	cranelift_backend::lowering::core::tests::host_call_carrier::d8_unsupported_carrier_production_publishes_no_unit_function	PASS
8	0.029	ken-runtime	cranelift_backend::lowering::core::tests::host_call_carrier::minted_seed_material_is_present_in_the_finalized_artifact	PASS
8	3.055	ken-runtime	boundary_value_clif::tests::b2v_ac10_a_deep_acyclic_chain_adopts_without_walk_recursion	PASS
8	0.054	ken-runtime	cranelift_backend::lowering::core::tests::host_call_carrier::the_resolved_call_edge_population_moves_with_the_program	PASS
8	0.052	ken-runtime	cranelift_backend::lowering::core::tests::host_call_carrier::typed_trap_exit_rejects_a_deleted_or_root_misclassified_unit_lane	PASS
8	0.071	ken-runtime	cranelift_backend::lowering::core::tests::positional_candidate_settlement::ced_d3_m1_suppressing_the_binding_installation_is_refused_at_the_ih_marker_guard	PASS
8	0.009	ken-runtime	cranelift_backend::lowering::core::tests::positional_candidate_settlement::dp_composition_time_membership_is_validated_and_changes_the_binding_fingerprint	PASS
8	0.030	ken-runtime	cranelift_backend::lowering::core::tests::recursor_fusion::contkey_row_four_discovery_carries_the_outer_boundary_then_previous_consumers	PASS
8	0.011	ken-runtime	cranelift_backend::lowering::core::tests::recursor_fusion::contkey_wrong_inner_match_eliminator_seed_is_rejected	PASS
8	0.127	ken-runtime	cranelift_backend::lowering::core::tests::recursor_fusion::r3_fused_outer_selector_refuses_an_escaped_selected_claim	PASS
8	0.011	ken-runtime	cranelift_backend::lowering::core::tests::retained_closures_carry_a_static_origin_and_no_body_term	PASS
8	0.068	ken-runtime	cranelift_backend::lowering::core::tests::source_frame_bridge::d8m_the_transported_tuple_is_what_carries_the_source_frame	PASS
8	0.016	ken-runtime	cranelift_backend::lowering::core::tests::specialization_binding::d5a_a_specialization_is_interned_before_the_descent_that_produced_it	PASS
8	0.049	ken-runtime	cranelift_backend::lowering::core::tests::specialization_binding::d5a_suppressing_the_marker_consumption_restores_the_pending_closeout_refusal	PASS
8	1.283	ken-runtime	cranelift_backend::lowering::core::tests::host_call_carrier::rt_scale_b_governed_n3_through_n7_collect_every_d2_metric	PASS
8	0.208	ken-runtime	cranelift_backend::lowering::core::tests::specialization_binding::d5a_the_detached_result_seats_five_guards_are_each_reached_by_a_real_mutation	PASS
8	0.008	ken-runtime	cranelift_backend::lowering::seed_material::tests::seed_material_alignment_matches_the_declared_carrier	PASS
8	0.019	ken-runtime	cranelift_backend::lowering::seed_material::tests::size_is_accepted_below_the_cap_and_rejected_above_it	PASS
8	0.073	ken-runtime	cranelift_backend::lowering::core::tests::specialization_binding::d6a_the_frame_field_must_not_overwrite_an_incoming_checked_route	PASS
8	0.276	ken-runtime	cranelift_backend::lowering::source::tests::d2b_row_b_a_live_nonbackedge_let_runs_its_body_and_consumes_its_join	PASS
8	0.008	ken-runtime	cranelift_backend::planning::plan_extraction_tests::native_join_plan_rejects_two_plans_in_one_package	PASS
8	0.008	ken-runtime	cranelift_backend::planning::plan_extraction_tests::oriented_plan_surfaces_a_decode_failure_rather_than_dropping_it	PASS
8	0.011	ken-runtime	cranelift_backend::planning::static_transition::aggregates::checked_ih_captured_env_schema::bind_continuation_authorization_is_reaching_and_not_generic	PASS
8	0.012	ken-runtime	cranelift_backend::planning::static_transition::aggregates::checked_ih_captured_env_schema::bind_continuation_production_rejects_multiple_static_targets	PASS
8	0.007	ken-runtime	cranelift_backend::planning::static_transition::aggregates::checked_ih_captured_env_schema::bind_target_exactness_rejects_multi_target_and_unpaired	PASS
8	0.019	ken-runtime	cranelift_backend::planning::static_transition::aggregates::checked_ih_captured_env_schema::the_issued_seats_are_exactly_the_seats_with_a_coordinate_run	PASS
8	0.013	ken-runtime	cranelift_backend::planning::static_transition::aggregates::checked_ih_captured_env_schema::transport_edges_reference_one_force_record_and_issue_no_destination_record	PASS
8	0.010	ken-runtime	cranelift_backend::planning::static_transition::aggregates::tests::an_abandoned_eager_template_contributes_neither_records_nor_allocation	PASS
8	0.018	ken-runtime	cranelift_backend::planning::static_transition::closure::tests::b2o_ac5_each_ownership_law_reddens_on_its_own	PASS
8	0.036	ken-runtime	cranelift_backend::planning::static_transition::closure::tests::d2h_the_key_id_descriptor_bijection_round_trips	PASS
8	0.147	ken-runtime	cranelift_backend::planning::static_transition::construction::tests::collapsing_only_the_static_body_target_class_is_refused	PASS
8	0.240	ken-runtime	cranelift_backend::planning::static_transition::construction::tests::collapsing_the_body_to_its_scheduling_entry_recreates_the_closeout_failure	PASS
8	0.020	ken-runtime	cranelift_backend::planning::static_transition::continuations::fusion::tests::d2e_binder_role_hypothesis_prefix_is_reverse_declaration_order	PASS
8	0.015	ken-runtime	cranelift_backend::planning::static_transition::continuations::fusion::tests::d2g_ac4_transport_validator_refuses_markers_without_a_plan	PASS
8	0.035	ken-runtime	cranelift_backend::planning::static_transition::continuations::fusion::tests::d2i_the_enumerator_is_reached_and_yields_one_candidate_from_a_descent_root	PASS
8	0.888	ken-runtime	cranelift_backend::lowering::source::tests::lrc_d2a_forwards_each_arrival_and_excludes_projection_owned_early_refusals	PASS
8	0.055	ken-runtime	cranelift_backend::planning::static_transition::continuations::fusion::tests::d3_the_ordinary_and_fusion_local_populations_partition_the_planned_ones	PASS
8	0.016	ken-runtime	cranelift_backend::planning::static_transition::continuations::tests::checked_binder_resolution_rederives_an_intervening_binder_shift	PASS
8	0.040	ken-runtime	cranelift_backend::planning::static_transition::continuations::tests::contspec_each_projection_field_prevents_one_compile_valid_collision	PASS
8	0.034	ken-runtime	cranelift_backend::planning::static_transition::continuations::tests::contspec_nested_fixed_point_requires_interning_before_discovery	PASS
8	0.024	ken-runtime	cranelift_backend::planning::static_transition::immediate_bridge::tests::checked_ih_slots_wrapper_suppresses_the_heterogeneous_test	PASS
8	0.035	ken-runtime	cranelift_backend::planning::static_transition::continuations::tests::contsrc_d2_populates_both_producer_local_binding_kinds	PASS
8	0.032	ken-runtime	cranelift_backend::planning::static_transition::joins_traps::tests::d8_bound_lexical_callable_provenance_reaches_the_exact_nested_join	PASS
8	0.035	ken-runtime	cranelift_backend::planning::static_transition::joins_traps::tests::d8_let_environment_provenance_reaches_the_exact_nested_join	PASS
8	0.034	ken-runtime	cranelift_backend::planning::static_transition::occurrences::tests::substrate_equal_case_lists_keep_distinct_occurrence_partitions	PASS
8	0.043	ken-runtime	cranelift_backend::planning::static_transition::units::tests::b2r_ac11_every_advertised_d5_rejection_class_names_the_arm_that_actually_fires	PASS
8	0.090	ken-runtime	cranelift_backend::planning::static_transition::occurrences::tests::the_occurrence_table_is_total_over_every_planned_expression	PASS
8	0.025	ken-runtime	cranelift_backend::surface::surface_diagnostics_tests::backend_failure_renders_every_variant_distinctly	PASS
8	0.022	ken-runtime	executable_artifact_contract::tests::available_native_artifact_accepts_only_with_exact_ready_bindings	PASS
8	0.029	ken-runtime	cranelift_backend::surface::surface_diagnostics_tests::unsupported_lowering_renders_construct_then_reason	PASS
8	0.029	ken-runtime	executable_artifact_contract::tests::available_toolchain_fact_rejects_unavailable_or_unsupported_lanes	PASS
8	0.026	ken-runtime	executable_artifact_contract::tests::report_and_contract_hashes_use_canonical_field_encoding	PASS
8	0.013	ken-runtime	ir::tests::acf2_computational_argument_binders_is_load_bearing	PASS
8	0.014	ken-runtime	ir::tests::acf2_computational_constructor_is_load_bearing	PASS
8	0.033	ken-runtime	executable_entrypoint_packaging::tests::non_closed_or_imported_entrypoint_rejects_before_native_work	PASS
8	0.013	ken-runtime	ir::tests::acf2_ordinary_constructor_is_load_bearing	PASS
8	4.493	ken-runtime	native_execution_differential::tests::detached_runtime_ir_report_rejects_before_execution	PASS
8	5.593	ken-runtime	native_execution_differential::tests::closeout_classifies_interpreter_mismatch_as_failed	PASS
8	0.010	ken-runtime	native_execution_differential::tests::pinned_effect_body_is_native_tested_by_exact_operation_identity	PASS
8	3.861	ken-runtime	native_execution_differential::tests::foreign_boundary_target_reports_policy_unavailable_before_native_execution	PASS
8	3.339	ken-runtime	native_execution_differential::tests::trap_observation_is_first_class_unavailable_native_lane	PASS
8	0.009	ken-runtime	native_int::tests::exact_arithmetic_promotes_and_canonicalizes	PASS
8	0.059	ken-runtime	native_process_entrypoint::tests::trap_reports_to_runtime_stderr_and_clean_run_does_not	PASS
8	0.062	ken-runtime	native_process_entrypoint::tests::two_distinct_argv_vectors_reach_the_native_entry	PASS
8	0.011	ken-runtime	object_linker_packaging::tests::forged_support_for_non_executable_payload_rejects_before_linking	PASS
8	2.858	ken-runtime	native_execution_differential::tests::unavailable_interpreter_lane_stays_first_class_not_passed	PASS
8	2.165	ken-runtime	object_linker_packaging::tests::nonprocess_starter_preserves_named_persistent_reservation_fault	PASS
8	0.007	ken-runtime	object_linker_packaging::tests::stale_filesystem_root_fails_the_bound_entrypoint_check	PASS
8	0.008	ken-runtime	object_linker_packaging::tests::stale_mutated_entrypoint_payload_rejects_before_linking	PASS
8	0.032	ken-runtime	object_linker_packaging::tests::trap_observation_rejects_without_promoting_runtime_error_to_build_success	PASS
8	0.008	ken-runtime	platform_runtime_support::tests::refreshed_non_executable_entrypoint_payload_rejects	PASS
8	0.015	ken-runtime	store::tests::ac_v2c_interning_a_nested_compound_mints_exactly_one_slot	PASS
8	1.289	ken-runtime	store::tests::arena_page_chaining	PASS
8	0.501	ken-runtime	store::tests::index_resize_preserves_slots	PASS
8	0.010	ken-runtime	store::tests::loud_refusal_not_silent	PASS
8	0.006	ken-runtime	store::tests::scalars_are_immediate	PASS
8	0.195	ken-runtime::value_depth_totality	ac_p3a_host_recursive_debug_dies_at_depth_d	PASS
8	2.186	ken-runtime	object_linker_packaging::tests::same_process_artifact_observes_fresh_byte_exact_os_input	PASS
8	0.180	ken-runtime::value_depth_totality	ac_v3c_derived_drop_glue_dies_on_the_analogue_at_depth_d	PASS
8	0.339	ken-runtime::value_depth_totality	ac_v3b_clone_then_drop_both_copies_at_depth_d	PASS
8	0.012	ken-verify	filesystem::tests::traversal_and_absolute_seed_paths_fail_closed	PASS
8	0.213	ken-runtime::value_depth_totality	ac_v3d_drop_alone_is_total_at_depth_d_through_all_child_positions	PASS
8	56.478	ken-verify	scenario::tests::fs_rename_real_artifact_state_transition_discriminates	PASS
8	58.586	ken-verify	scenario::tests::clock_wall_now_normalized_real_artifact_differential_discriminates	PASS
8	293.142	ken-elaborator::r3_c2_source_mixed_branch	r3_4b_observation_feature_is_native_artifact_identical	PASS
8	267.925	ken-elaborator::v3_fo_ken_level_checker_authoring_d4_d5_conversion_measured	measure_kernel_conversion_load_on_real_source_programs	PASS
