2	PASS [   0.671s] (  1/593) ken-cli::cli_i1_entrypoint_abi missing_and_duplicate_main_report_distinct_named_errors
2	PASS [   0.322s] (  2/593) ken-cli::cli_i1_entrypoint_abi named_main_with_wrong_signature_is_rejected_before_execution
2	PASS [   1.313s] (  3/593) ken-cli::cli_i1_entrypoint_abi exit_code_mapping_covers_every_contract_arm
2	PASS [   0.416s] (  4/593) ken-cli::fs_read_file_lines_flip_e2e m_suff_apartial_reads_fixture
2	PASS [   0.322s] (  5/593) ken-cli::ken_check_mode check_catalog_entry_resolves_import_through_roots_loader
2	PASS [   0.328s] (  6/593) ken-cli::ken_check_mode check_pure_library_file_exits_zero_no_io
2	PASS [   0.332s] (  7/593) ken-cli::ken_md_literate_cli ken_run_accepts_a_correctly_failing_reject_block
2	PASS [   0.330s] (  8/593) ken-cli::ken_md_literate_cli ken_run_rejects_a_stale_reject_block
2	PASS [   0.325s] (  9/593) ken-cli::ken_md_literate_cli plain_ken_run_path_still_executes
2	PASS [  29.930s] ( 10/593) ken-cli::ken_fmt strict_frozen_corpus_gate_is_green
2	PASS [   0.347s] ( 11/593) ken-cli::library_documentation_gates content_currency_gate_rejects_a_drifted_cited_source_and_recovers
2	PASS [   0.149s] ( 12/593) ken-cli::library_documentation_gates content_currency_gate_rejects_drift_hidden_behind_a_duplicate_out_of_order_kind_field
2	PASS [   0.117s] ( 13/593) ken-cli::library_documentation_gates ledger_rejects_a_duplicate_path_row
2	PASS [   0.445s] ( 14/593) ken-cli::library_documentation_gates shallow_clone_self_heals_from_an_independent_full_history_origin
2	PASS [  57.710s] ( 15/593) ken-cli::abi_s6_mapping_surface_native out_of_range_window_is_invalid_bounds_not_clamped
2	PASS [   0.005s] ( 16/593) ken-cli::mrc_d8_manifest_premise mrc_d8_control_dotted_keys_and_arrays_of_tables_fail_closed
2	PASS [   0.005s] ( 17/593) ken-cli::mrc_d8_manifest_premise mrc_d8_control_removing_the_resolver_reds_fact_one
2	PASS [   0.005s] ( 18/593) ken-cli::mrc_d8_manifest_premise mrc_d9_control_a_featured_normal_edge_on_any_member_reds_fact_four
2	PASS [   0.005s] ( 19/593) ken-cli::mrc_d8_manifest_premise mrc_d9_control_b_a_synthetic_ninth_member_is_found_without_editing_the_test
2	PASS [   0.007s] ( 20/593) ken-cli::px4b_native_production byte_and_c_raw_literals_do_not_leak_a_comment_scan_over_pub
2	PASS [  85.302s] ( 21/593) ken-cli::lang_nested_former_recursion_native nested_former_fold_executes_natively_in_agreement_with_the_interpreter
2	PASS [  39.190s] ( 22/593) ken-cli::px4b_native_production canonical_fs_identity_exactly_matches_across_real_producers_and_drift_fails
2	PASS [   0.904s] ( 23/593) ken-cli::px4b_native_production naked_process_ir_helpers_are_not_public_production_api
2	PASS [  78.126s] ( 24/593) ken-cli::mrc_4a_cross_crate_census mrc_4a_cross_crate_census_and_its_controls
2	PASS [   0.007s] ( 25/593) ken-cli::px4b_native_production plain_raw_literal_is_the_unchanged_discriminator
2	PASS [  38.511s] ( 26/593) ken-cli::px4b_native_production linked_console_broken_pipe_reaches_ken_instead_of_signal_termination
2	PASS [  37.197s] ( 27/593) ken-cli::px4b_native_production native_build_subcommand_reaches_the_same_public_producer
2	PASS [  39.398s] ( 28/593) ken-cli::px7l_checked_host_recursive_bind static_direct_vis_retains_the_existing_lowering_path
2	PASS [  38.497s] ( 29/593) ken-cli::px7m_hostresult_computational_match dynamic_ok_payload_selects_a_multistep_tree_across_real_executors
2	PASS [  42.673s] ( 30/593) ken-cli::px7p_constructor_field_composition ignored_field_twin_remains_green
2	PASS [   0.006s] ( 31/593) ken-cli::rt_cold_lowering_path_enumeration cold_lowering_population_coverage_header
2	PASS [  44.906s] ( 32/593) ken-cli::px8h_heterogeneous_continuation zero_step_preserves_the_direct_payload_direction
2	PASS [  45.270s] ( 33/593) ken-cli::rt_capture_projection_grow the_conditional_join_grows_the_projection_and_records_every_deferral
2	PASS [   0.413s] ( 34/593) ken-cli::rt_cold_lowering_path_enumeration rt_write_pair_source
2	PASS [  65.599s] ( 35/593) ken-cli::rt_cold_lowering_path_enumeration rt_cap41_out_of_range_stage
2	PASS [   0.363s] ( 36/593) ken-cli::rt_native_string_construction native_string_decomposed_char_list_normalizes
2	PASS [   0.426s] ( 37/593) ken-cli::rt_span_prov_native sp_b_host_width_offset_precedes_provenance_interp
2	PASS [   0.328s] ( 38/593) ken-cli::t2_acceptance ac3_eval_type_universe
2	PASS [   0.005s] ( 39/593) ken-cli::bin/ken run_argument_tests::unknown_argument_before_separator_is_a_specific_error
2	PASS [   0.007s] ( 40/593) ken-elaborator checked_core::tests::body_view_recovers_package_bound_constructor_and_match_view
2	PASS [   0.007s] ( 41/593) ken-elaborator checked_core::tests::body_view_rejects_host_dependent_primitive_attempt
2	PASS [   0.007s] ( 42/593) ken-elaborator checked_core::tests::body_view_rejects_non_executable_erased_field_projection
2	PASS [   0.008s] ( 43/593) ken-elaborator checked_core::tests::body_view_rejects_references_outside_selected_closure
2	PASS [   0.007s] ( 44/593) ken-elaborator checked_core::tests::body_view_rejects_unjustified_impossible_branch
2	PASS [   0.006s] ( 45/593) ken-elaborator checked_core::tests::missing_stable_symbol_rejects_instead_of_serializing_local_id
2	PASS [   0.007s] ( 46/593) ken-elaborator compiler_driver::tests::erased_constructor_parameter_and_live_ih_argument_emit_one_call_template
2	PASS [   0.375s] ( 47/593) ken-elaborator compiler_driver::tests::manifest_declared_target_selects_library_target
2	PASS [   0.682s] ( 48/593) ken-elaborator compiler_driver::tests::missing_and_ambiguous_targets_reject
2	PASS [   0.007s] ( 49/593) ken-elaborator elab::fixity_reassociation_skip_tests::spine_free_declaration_returns_the_zero_work_sentinel
2	PASS [   0.316s] ( 50/593) ken-elaborator elab::missing_pattern_witness_diagnostic_strictness_tests::globals_pruned_kernel_resolvable_id_degrades_instead_of_panicking
2	PASS [   0.007s] ( 51/593) ken-elaborator elab::nested_lift_association_tests::anonymous_association_requires_a_distinct_result_and_rejects_when_deleted
2	PASS [   0.316s] ( 52/593) ken-elaborator elab::nested_lift_association_tests::anonymous_u_to_r_association_selects_r_and_rejects_when_deleted
2	PASS [   0.318s] ( 53/593) ken-elaborator elab::result_transport_control_flow_tests::active_premise_frame_order_and_overflow_fail_closed
2	PASS [   0.007s] ( 54/593) ken-elaborator erasure::px7l_tests::a_real_n_argument_host_vis_continuation_is_n_plus_one_throughout
2	PASS [   0.007s] ( 55/593) ken-elaborator erasure::px7l_tests::a_real_ordinary_application_injects_nothing_and_keeps_its_own_arity
2	PASS [   0.007s] ( 56/593) ken-elaborator erasure::px7l_tests::runtime_selected_dispatch_is_load_bearing_and_static_decode_stays_exact
2	PASS [   0.006s] ( 57/593) ken-elaborator export::resource_lifetime_hash_tests::projection_covers_none_file_buffer_and_full_positioned_cases
2	PASS [   0.007s] ( 58/593) ken-elaborator fo_kripke::tests::embed_places_k_sigma_inside_the_target
2	PASS [   0.322s] ( 59/593) ken-elaborator modules::namespace_effect_tests::facade_inside_self_module_cannot_borrow_ambient_file_id
2	PASS [   0.321s] ( 60/593) ken-elaborator modules::namespace_effect_tests::file_operator_import_retains_checked_id_and_fixity
2	PASS [   0.627s] ( 61/593) ken-elaborator modules::namespace_effect_tests::file_unit_import_cannot_capture_external_inline_ancestor
2	PASS [   0.324s] ( 62/593) ken-elaborator modules::namespace_effect_tests::fixed_instance_pattern_rejects_same_spelling_other_head_identity
2	PASS [   0.325s] ( 63/593) ken-elaborator modules::namespace_effect_tests::forward_prop_export_publishes_its_checked_intro
2	PASS [   0.323s] ( 64/593) ken-elaborator modules::namespace_effect_tests::in_memory_import_uses_current_owner_not_stale_file_provenance
2	PASS [   0.320s] ( 65/593) ken-elaborator modules::namespace_effect_tests::inline_child_owner_and_sibling_import_use_declaration_provenance
2	PASS [   1.254s] ( 66/593) ken-elaborator modules::namespace_effect_tests::inline_child_private_leaf_refuses_in_owner_sibling_and_importer
2	PASS [   0.328s] ( 67/593) ken-elaborator modules::namespace_effect_tests::selective_file_family_refuses_an_external_private_selector
2	PASS [   0.008s] ( 68/593) ken-elaborator parser::as_pattern_precedence_tests::unparenthesized_second_as_is_rejected_as_nonassociative
2	PASS [   0.007s] ( 69/593) ken-elaborator parser::atom_form_closure::a_truncation_bar_starts_an_atom_only_outside_a_truncation_body
2	PASS [   0.006s] ( 70/593) ken-elaborator parser::atom_form_closure::every_type_form_is_reachable_through_at
2	PASS [   0.010s] ( 71/593) ken-elaborator parser::atom_form_closure::the_derived_roster_admits_exactly_the_historical_twelve
2	PASS [   0.324s] ( 72/593) ken-elaborator r_layer_tests::acceptance::id_elaborates_checks
2	PASS [   0.320s] ( 73/593) ken-elaborator r_layer_tests::acceptance::nested_app_each_binder
2	PASS [   2.411s] ( 74/593) ken-elaborator r_layer_tests::cat_bytes_keys_closeout::bytes_keys_direct_lawfulclasses_provider_is_exact
2	PASS [   5.280s] ( 75/593) ken-elaborator r_layer_tests::cat_effectful_classes_pub_export::effectful_classes_selective_consumer_retains_provider_identities
2	PASS [  64.787s] ( 76/593) ken-cli::rt_cold_lowering_path_enumeration rt_read_offset_stage
2	PASS [   1.298s] ( 77/593) ken-elaborator r_layer_tests::cat_order_pub_export::lawful_totality_bridge_remains_a_private_transparent_provider_artifact
2	PASS [   4.187s] ( 78/593) ken-elaborator r_layer_tests::cat_priority_queue_acceptance::package_adds_zero_trusted_declarations
2	PASS [   4.340s] ( 79/593) ken-elaborator r_layer_tests::cat_priority_queue_acceptance::recursive_leftist_validity_and_isolated_malformed_fixtures
2	PASS [   2.579s] ( 80/593) ken-elaborator r_layer_tests::cat_tier_d_cursor_import::diagnostics_core_loader_visible_inventory_is_exact
2	PASS [   4.869s] ( 81/593) ken-elaborator r_layer_tests::cat_tier_d_cursor_import::parsing_cursor_loader_visible_inventory_is_exact
2	PASS [   3.794s] ( 82/593) ken-elaborator r_layer_tests::cat_tier_d_parsing_group_import::parsing_module_provider_closure_is_exact_and_sibling_disjoint
2	PASS [   7.341s] ( 83/593) ken-elaborator r_layer_tests::cat_tier_d_parsing_group_import::parsing_module_loader_visible_inventory_is_exact_and_coherent
2	PASS [  64.620s] ( 84/593) ken-cli::rt_cold_lowering_path_enumeration rt_write_readonly_stage
2	PASS [   2.881s] ( 85/593) ken-elaborator r_layer_tests::cat_tier_d_parsing_group_import::parsing_numeric_loader_visible_inventory_is_exact
2	PASS [   2.473s] ( 86/593) ken-elaborator r_layer_tests::cat_tier_e_json_import::json_checked_provider_identity_closure_is_exact
2	PASS [   6.122s] ( 87/593) ken-elaborator r_layer_tests::cat_tier_d_posix_import::filesystem_path_posix_loader_visible_inventory_is_exact_and_usable
2	PASS [   0.335s] ( 88/593) ken-elaborator r_layer_tests::constrained_instance_elaboration::constrained_pair_instance_binds_two_dicts_and_resolves_at_use_site
2	PASS [   0.332s] ( 89/593) ken-elaborator r_layer_tests::constrained_instance_elaboration::constraint_names_are_deterministic_and_surface_misuse_rejects
2	PASS [   0.007s] ( 90/593) ken-elaborator r_layer_tests::effects::classify_telescope_hof_effectful_cannot_be_silently_dropped
2	PASS [   0.006s] ( 91/593) ken-elaborator r_layer_tests::effects::classify_telescope_identifies_hof_effectful_params
2	PASS [   0.006s] ( 92/593) ken-elaborator r_layer_tests::effects::higher_order_param_declared_accepted
2	PASS [   0.006s] ( 93/593) ken-elaborator r_layer_tests::effects::itree_perform_creates_vis_node
2	PASS [   0.007s] ( 94/593) ken-elaborator r_layer_tests::effects::lower_bind_ret_kernel_checks_and_reduces
2	PASS [   0.007s] ( 95/593) ken-elaborator r_layer_tests::effects::lower_bind_swapped_methods_rejected
2	PASS [   0.008s] ( 96/593) ken-elaborator r_layer_tests::effects::space_shared_nothing_no_cross_space_alias
2	PASS [   0.010s] ( 97/593) ken-elaborator r_layer_tests::kenfmt_b3_layout::ac5_comments_are_retained_and_force_breaks
2	PASS [   0.008s] ( 98/593) ken-elaborator r_layer_tests::kenfmt_b3_layout::ac5_trailing_comment_threshold_has_both_orientations
2	PASS [   0.010s] ( 99/593) ken-elaborator r_layer_tests::kenfmt_b4_splicing::ac4_prose_markers_and_non_ken_fences_are_byte_identical
2	PASS [   0.012s] (100/593) ken-elaborator r_layer_tests::kenfmt_let_layout::ac3_ac4_nested_simple_bindings_fit_or_break_as_one_typed_chain
2	PASS [   0.341s] (101/593) ken-elaborator r_layer_tests::lang_fixity_decl_surface::fixity_propagates_through_reexported_canonical_identity
2	PASS [   0.337s] (102/593) ken-elaborator r_layer_tests::lang_structural_result_elab::validated_nested_results_elaborate_and_kernel_check
2	PASS [   0.651s] (103/593) ken-elaborator r_layer_tests::lc_acceptance::ac2_orphan_check_accept_and_reject
2	PASS [   6.961s] (104/593) ken-elaborator r_layer_tests::cat_tier_e_argparse_import::argparse_help_order_law_is_usable_for_nonempty_specs
2	PASS [   0.007s] (105/593) ken-elaborator r_layer_tests::n4_program_admits::anonymous_headers_parse_structurally_and_named_headers_reject_at_name
2	PASS [   0.452s] (106/593) ken-elaborator seal2_tests::adversary_repros::carrier_closure_holds_deeply_on_the_landed_surface
2	PASS [   0.009s] (107/593) ken-elaborator seal2_tests::producer_closure::certificate_ignores_prose_only_carrier_mentions
2	PASS [   0.007s] (108/593) ken-elaborator seal2_tests::producer_closure::certificate_resolves_selective_import_name_edges
2	PASS [   0.678s] (109/593) ken-elaborator r_layer_tests::lc_acceptance::ac4_property_vs_structure_sort_discriminant
2	PASS [   0.359s] (110/593) ken-elaborator seal2_tests::producer_closure::closed_oracle_sees_carrier_off_head_under_result
2	PASS [  10.021s] (111/593) ken-elaborator r_layer_tests::cat_tier_e_schema_import::schema_loader_visible_inventory_is_exact
2	PASS [  34.559s] (112/593) ken-elaborator::b2_acceptance obligation_not_dischargeable_in_ken
2	PASS [   0.006s] (113/593) ken-elaborator::bare_proof_selector_atom ac5_bare_selector_in_argument_position_is_refused_and_grouping_is_the_escape_hatch
2	PASS [   0.315s] (114/593) ken-elaborator::bare_proof_selector_atom declaration_head_and_bare_selector_body_are_parsed_and_elaborated_separately
2	PASS [  36.806s] (115/593) ken-elaborator::b2_acceptance block_elaborates_delegated_and_visible
2	PASS [   1.920s] (116/593) ken-elaborator::cat3_collections_package cat3_d3_view_lens_records_and_flavors_check_against_real_package_defs
2	PASS [   1.942s] (117/593) ken-elaborator::cat3_collections_package derived_reuses_canonical_nat_order_operations_with_zero_trust_delta
2	PASS [  34.301s] (118/593) ken-elaborator::b2_acceptance temporal_symbols_consume_the_one_checked_b1_alphabet
2	PASS [   3.258s] (119/593) ken-elaborator::cat5_parsing_package cat5_d3_bool_expression_surface_is_package_owned
2	PASS [   0.503s] (120/593) ken-elaborator::cat_capex_authority full_authority_index_rejects_partial_and_accepts_full
2	PASS [   0.771s] (121/593) ken-elaborator::cat_codec_import codec_owned_inventory_is_exact_and_standalone_with_zero_trust
2	PASS [   2.064s] (122/593) ken-elaborator::cat_derived_sort_laws generic_sort_laws_are_attached_to_the_derived_owners
2	PASS [   4.130s] (123/593) ken-elaborator::cat_deque_closeout pop_front_list_view_checks_in_loaded_package_and_on_inhabited_deques
2	PASS [   1.882s] (124/593) ken-elaborator::cat_gcd_acceptance entry_adds_no_trust_beyond_the_preexisting_provider_closure
2	PASS [   0.383s] (125/593) ken-elaborator::cat_vec_acceptance entry_adds_no_trusted_declarations_beyond_its_providers
2	PASS [   7.177s] (126/593) ken-elaborator::cat5_parsing_package parsing_append_occurrence_population_and_migration_shape_are_pinned
2	PASS [ 330.045s] (127/593) ken-cli::abi_s6_mapping_surface_native complete_carried_mapping_access_matrix_matches_the_interpreter
2	PASS [   3.222s] (128/593) ken-elaborator::cc3_parsing_cursor_decoder_acceptance cursor_reuses_canonical_nat_operations_with_zero_trust_delta
2	PASS [   2.275s] (129/593) ken-elaborator::cc5_pretty_doc_acceptance all_three_laws_are_checked_and_consumable_as_proofs
2	PASS [   5.073s] (130/593) ken-elaborator::cc1_nonempty_validation_acceptance validation_clients_can_construct_and_match_only_the_public_transparent_surface
2	PASS [   2.497s] (131/593) ken-elaborator::cc5_pretty_doc_acceptance cc5_reuses_canonical_nat_operations_with_zero_trust_delta
2	PASS [   2.470s] (132/593) ken-elaborator::cc5_pretty_doc_acceptance group_and_alt_flip_at_the_exact_fitting_boundary
2	PASS [   7.221s] (133/593) ken-elaborator::cat_logic_prelude_move ordered_search_import_removals_are_attributable
2	PASS [   0.349s] (134/593) ken-elaborator::class_field_purity surf2_d1_marked_instance_fields_and_projection_are_checked
2	PASS [   3.103s] (135/593) ken-elaborator::cc6a_process_arguments_exit_acceptance process_arguments_round_trips_genuinely_invalid_utf8_byte_identically
2	PASS [   2.607s] (136/593) ken-elaborator::cc6a_process_arguments_exit_acceptance structural_slice_location_keeps_nonzero_argument_and_range
2	PASS [   2.056s] (137/593) ken-elaborator::compare_ord_lexicographic_acceptance pair_and_list_instances_compute_lexicographically
2	PASS [   0.347s] (138/593) ken-elaborator::dependent_match_coherent_frame_acceptance recursive_step_only_false_is_rejected_after_true_base_elaborates
2	PASS [   0.346s] (139/593) ken-elaborator::dependent_match_context_telescope_acceptance captured_env_follows_fin_index_refinement_under_match
2	PASS [   0.333s] (140/593) ken-elaborator::dependent_match_declared_index_plain_acceptance concrete_bind_method_is_green
2	PASS [   1.338s] (141/593) ken-elaborator::conversions_acceptance ac5_neg_intn_computes_in_range_every_signed_width
2	PASS [   0.006s] (142/593) ken-elaborator::dotted_module_path_parser module_decl_accepts_a_dotted_module_path
2	PASS [   0.005s] (143/593) ken-elaborator::dotted_module_path_parser selective_import_accepts_a_dotted_module_path
2	PASS [   0.365s] (144/593) ken-elaborator::dependent_match_eigen_guard_localization dependent_guard_with_context_extension_uses_constructor_local_view
2	PASS [   2.133s] (145/593) ken-elaborator::ds3_sum_combinators_acceptance ac8_andthen_short_circuits_on_err
2	PASS [   2.058s] (146/593) ken-elaborator::ds4_list_combinators_acceptance all_five_combinators_and_their_laws_are_real_globals
2	PASS [   0.007s] (147/593) ken-elaborator::ds4_list_combinators_acceptance zero_axiom_in_collections_ken
2	PASS [   7.651s] (148/593) ken-elaborator::cc7_argparse_acceptance two_independent_bad_arguments_accumulate_exact_nonzero_locations
2	PASS [   2.092s] (149/593) ken-elaborator::ds4_list_combinators_acceptance trusted_base_delta_is_empty_across_the_file
2	PASS [   0.338s] (150/593) ken-elaborator::ds5b_dependent_match_refinement_acceptance sibling_convoy_retypes_outer_binder_through_nested_match
2	PASS [   2.038s] (151/593) ken-elaborator::ds5b_dependent_match_refinement_acceptance real_fok_derivation_structural_consumers_cover_type_and_omega_motives
2	PASS [   0.348s] (152/593) ken-elaborator::ds6c_intlit_elaborator_emission real_distinct_int_literals_reduce_to_bottom_and_reject_tt_and_refl
2	PASS [   0.010s] (153/593) ken-elaborator::ds8_traversable_acceptance zero_axiom_in_checked_fences
2	PASS [   0.347s] (154/593) ken-elaborator::ds8b_pure_into_proc_widening ac6_proc_field_still_classifies_proc_at_projection_after_pure_instance
2	PASS [   0.349s] (155/593) ken-elaborator::ds8b_pure_into_proc_widening ac8_positive_pure_witness_satisfies_traversable_proc_field
2	PASS [   4.565s] (156/593) ken-elaborator::ds8_traversable_acceptance compose_partial_law_set_is_actually_present_and_kernel_checked
2	PASS [  11.267s] (157/593) ken-elaborator::conversions_acceptance ac2_narrowing_boundary_every_width
2	PASS [   4.031s] (158/593) ken-elaborator::ds9_json_codec_acceptance decoder_recursive_reaches_array_and_object_many_branches
2	PASS [   0.367s] (159/593) ken-elaborator::es3_modules_acceptance parameterized_abstract_export_preserves_kind_and_owner_proof
2	PASS [   0.492s] (160/593) ken-elaborator::es2_acceptance demoted_predicates_are_transparent_not_opaque
2	PASS [   5.474s] (161/593) ken-elaborator::ds8_traversable_acceptance traverse_composition_law_is_present_and_kernel_checked
2	PASS [   0.307s] (162/593) ken-elaborator::es3_modules_acceptance top_level_pub_data_is_not_abstract_exported
2	PASS [   0.004s] (163/593) ken-elaborator::explicit_data_parser explicit_family_vec_preserves_constructor_signature_shape
2	PASS [   0.004s] (164/593) ken-elaborator::explicit_data_parser proof_carrying_constructor_signature_parses_as_telescope
2	PASS [   0.271s] (165/593) ken-elaborator::fr2_absurd_collision_hygiene declaring_absurd_is_a_hard_error_not_a_silent_shadow
2	PASS [   0.343s] (166/593) ken-elaborator::fr2_absurd_collision_hygiene landed_class_eq_shape_elaborates_cleanly_with_the_guard_active
2	PASS [   0.343s] (167/593) ken-elaborator::fr2_absurd_collision_hygiene reserved_sugar_still_works_when_undeclared
2	PASS [   2.156s] (168/593) ken-elaborator::either_catalog_package_acceptance ac8_non_involutive_swap_witness_rejected
2	PASS [   0.006s] (169/593) ken-elaborator::i4d_boundary_header_parser root_execution_marker_is_checked_header_metadata
2	PASS [   0.351s] (170/593) ken-elaborator::i7_env_process_projectors_acceptance i7_adds_zero_trusted_base_and_no_forbidden_mechanism
2	PASS [   0.680s] (171/593) ken-elaborator::i4d_boundary_header_parser loader_projects_both_readers_and_admits_clause_changes_real_dispatch
2	PASS [   1.875s] (172/593) ken-elaborator::explicit_data_elaboration bad_constructor_result_targets_are_surface_errors
2	PASS [   0.356s] (173/593) ken-elaborator::k3_literal_rollback reused_int_id_observes_its_own_value_not_an_old_string
2	PASS [   0.006s] (174/593) ken-elaborator::kenfmt_b1_lossless leading_trailing_and_interstitial_comments_have_stable_unique_homes
2	PASS [   0.005s] (175/593) ken-elaborator::kenfmt_b2_token_kind ac5_invalid_fragments_have_no_raw_scanner_fallback
2	PASS [   0.008s] (176/593) ken-elaborator::kenfmt_signature_layout r1_signature_fit_and_split_ladder_are_exact
2	PASS [   2.066s] (177/593) ken-elaborator::es4_classes_acceptance eq_bool_is_a_complete_zero_delta_instance
2	PASS [   0.341s] (178/593) ken-elaborator::ken_md_literate ken_example_with_valid_body_check_passes_and_is_not_tangled
2	PASS [   0.346s] (179/593) ken-elaborator::ken_md_literate ordinary_ken_elaboration_is_unchanged
2	PASS [   0.346s] (180/593) ken-elaborator::kernel_conv_congruence_closure omega_congruence_is_reached_by_checked_ken_source
2	PASS [   0.340s] (181/593) ken-elaborator::l2_acceptance ac3_missing_arm_names_blue
2	PASS [   0.347s] (182/593) ken-elaborator::l2_acceptance ac8_option_table_wrong_constructor_argument_still_rejects
2	PASS [   0.344s] (183/593) ken-elaborator::l2_acceptance nested_ctor_pattern_accepted_and_reduces
2	PASS [   0.701s] (184/593) ken-elaborator::ktr2_data_lowering_diagnostics data_type_references_follow_declaration_order
2	PASS [   0.347s] (185/593) ken-elaborator::l2_acceptance nested_ctor_pattern_selects_the_right_arm_at_succ_zero
2	PASS [   0.345s] (186/593) ken-elaborator::l3_strings_roundtrip_acceptance ac4_l2s_totality_on_nontrivial_list
2	PASS [   0.343s] (187/593) ken-elaborator::l3a_acceptance list_pattern_matches_via_real_elim
2	PASS [   0.343s] (188/593) ken-elaborator::l3a_acceptance string_byte_length_differs_from_char_length
2	PASS [   0.346s] (189/593) ken-elaborator::l3a_recursive_view_smoke non_terminating_recursive_view_rejected_by_sct
2	PASS [   0.344s] (190/593) ken-elaborator::l6_acceptance bytes_index_inbounds_and_oob
2	PASS [   0.347s] (191/593) ken-elaborator::l6_acceptance decode_valid_utf8_returns_string
2	PASS [   0.007s] (192/593) ken-elaborator::lang_application_atom_if_rejection match_guards_are_an_accepted_false_positive
2	PASS [   0.663s] (193/593) ken-elaborator::l4_export_reexport imported_identity_clashes_are_latent_fail_closed_but_same_identity_is_idempotent
2	PASS [   0.006s] (194/593) ken-elaborator::lang_application_atom_if_rejection the_affirmative_rejection_is_located_at_the_if
2	PASS [   0.009s] (195/593) ken-elaborator::lang_atom_start_classification_closure ac6_and_it_does_not_govern_the_type_position
2	PASS [   0.006s] (196/593) ken-elaborator::lang_atom_start_classification_closure ac9_the_effect_row_exclusion_keeps_visits_out_of_the_return_type
2	PASS [   0.005s] (197/593) ken-elaborator::lang_atom_start_classification_closure the_declaration_sequence_survives_and_this_is_the_row_that_caught_it
2	PASS [   0.317s] (198/593) ken-elaborator::l_resolver_globals ac2_local_param_shadows_global
2	PASS [   0.501s] (199/593) ken-elaborator::lang_application_atom_if_rejection no_false_negative_across_the_test_corpus
2	PASS [   0.006s] (200/593) ken-elaborator::lang_foreign_name_format_chars formatter_diagnostics_map_back_across_prior_repairs
2	PASS [   0.005s] (201/593) ken-elaborator::lang_foreign_name_format_chars formatter_recovery_route_uses_the_same_whole_source_guard
2	PASS [   0.005s] (202/593) ken-elaborator::lang_foreign_name_format_chars literate_recovery_preserves_visible_escape_data
2	PASS [   0.005s] (203/593) ken-elaborator::lang_foreign_name_format_chars unlisted_format_category_members_use_the_same_guard
2	PASS [   0.346s] (204/593) ken-elaborator::lang_instance_registry_identity_key valid_parameterized_nested_prerequisites_still_check
2	PASS [   2.080s] (205/593) ken-elaborator::l3_strings_surface_acceptance string_eq_codepoint_wise_accept_reject_pair
2	PASS [   0.350s] (206/593) ken-elaborator::lang_match_as_pattern top_level_constructor_alias_binds_the_whole_scrutinee
2	PASS [   1.311s] (207/593) ken-elaborator::lang_facade_export_load_order absolute_facade_selects_source_file_provider_cold_and_in_every_order
2	PASS [   0.350s] (208/593) ken-elaborator::lang_match_guards guard_and_body_use_the_dependent_constructor_context
2	PASS [   1.324s] (209/593) ken-elaborator::lang_facade_export_load_order later_inline_facade_rejects_before_expansion_in_every_entry_order
2	PASS [   0.685s] (210/593) ken-elaborator::lang_match_guards guard_presence_flips_later_arm_reachability
2	PASS [   0.348s] (211/593) ken-elaborator::lang_match_or_pattern definitionally_equal_common_context_binder_types_are_accepted
2	PASS [   0.680s] (212/593) ken-elaborator::lang_match_guards multiple_guards_fall_through_in_source_order
2	PASS [   0.347s] (213/593) ken-elaborator::lang_match_record_pattern top_record_uses_labels_punning_and_omission_without_elimination
2	PASS [   0.349s] (214/593) ken-elaborator::lang_match_tuple_pattern dependent_sigma_second_component_uses_the_first_projection
2	PASS [   0.426s] (215/593) ken-elaborator::lang_mod_catalog_realization arithmetic_operations_are_public_by_exact_provider_identity
2	PASS [   1.001s] (216/593) ken-elaborator::lang_match_tuple_pattern grouping_is_not_a_tuple_and_top_level_catchalls_remain_refused
2	PASS [   1.720s] (217/593) ken-elaborator::lang_match_literal_patterns unsupported_carriers_fail_closed_with_the_named_row_and_carrier
2	PASS [   0.665s] (218/593) ken-elaborator::lang_mod_catalog_realization legacy_local_scope_covers_ordinary_data_and_classes
2	PASS [   0.345s] (219/593) ken-elaborator::lang_mod_nat_floor_realization primitive_signature_inventory_is_executable_and_closed
2	PASS [   0.308s] (220/593) ken-elaborator::lang_mod_pair_floor_realization strict_file_backed_proof_terminal_facade_keeps_kernel_intro_identity
2	PASS [   0.340s] (221/593) ken-elaborator::lang_prelude_floor_fifteen ill_kinded_source_empty_cannot_redirect_space_desugaring
2	PASS [   0.339s] (222/593) ken-elaborator::lang_qualified_constructor_privacy buffer_resource_decl
2	PASS [   0.337s] (223/593) ken-elaborator::lang_qualified_constructor_privacy forge_count_file
2	PASS [   0.339s] (224/593) ken-elaborator::lang_qualified_constructor_privacy forge_span_decl
2	PASS [   0.342s] (225/593) ken-elaborator::lang_qualified_constructor_privacy forge_trace_file
2	PASS [   1.447s] (226/593) ken-elaborator::lang_mod_pair_floor_realization floor_pair_positive_path_unfolds_to_sigma
2	PASS [   0.348s] (227/593) ken-elaborator::lang_qualified_constructor_privacy public_qualified_constructors_preserve_checked_identity
2	PASS [   0.448s] (228/593) ken-elaborator::lang_qualified_constructors forged_qualified_global_spelling_cannot_redirect_checked_member
2	PASS [   0.345s] (229/593) ken-elaborator::lang_qualified_constructors local_qualified_constructor_expression_preserves_bare_id
2	PASS [   0.343s] (230/593) ken-elaborator::lang_roots_loader_local_instance_dict_scope earlier_inline_class_import_replay_binds_the_exact_instance_dictionary
2	PASS [   0.685s] (231/593) ken-elaborator::lang_reserved_infix_names refused_aliases_keep_live_reserved_and_let_controls
2	PASS [   0.346s] (232/593) ken-elaborator::lang_standard_infix_call_completion a_rebound_carrier_name_is_refused_before_dictionary_selection
2	PASS [   0.344s] (233/593) ken-elaborator::lang_standard_infix_call_completion ac2b_an_unrelated_local_operator_with_the_same_glyph_is_left_alone
2	PASS [   0.898s] (234/593) ken-elaborator::lang_roots_loader_local_instance_dict_scope both_cross_module_shapes_require_the_dictionary_import
2	PASS [   0.344s] (235/593) ken-elaborator::lang_standard_infix_call_completion ac9_an_unfilled_role_is_refused_naming_the_role_and_is_a_DISTINCT_refusal
2	PASS [   0.006s] (236/593) ken-elaborator::lang_surface_block_comments ac2_two_level_nesting
2	PASS [   0.006s] (237/593) ken-elaborator::lang_surface_block_comments ac8_doc_block_opener_closer_edge_cases
2	PASS [   0.342s] (238/593) ken-elaborator::lang_standard_infix_call_completion ac9_the_shape_contract_catches_the_nearest_legal_neighbour_not_only_an_obvious_break
2	PASS [   3.892s] (239/593) ken-elaborator::lang_mod_catalog_completeness real_derived_consumer_reuses_canonical_logic_providers
2	PASS [   0.006s] (240/593) ken-elaborator::lang_surface_int_precision huge_downstream_numeric_carrier_reaches_eval_exactly
2	PASS [   0.525s] (241/593) ken-elaborator::lang_standard_infix_call_completion two_registered_head_spellings_rebound_to_one_live_name_select_by_id
2	PASS [   0.325s] (242/593) ken-elaborator::lang_surface_int_precision huge_surface_int_reaches_kernel_and_evaluation_exactly
2	PASS [   0.007s] (243/593) ken-elaborator::lang_truncation_surface_syntax ac6_lexed_token_fallback_canonicalizes_truncbar_in_an_unparseable_fragment
2	PASS [   0.369s] (244/593) ken-elaborator::lang_symbolic_operator_names fixed_minus_still_elaborates_as_subtraction
2	PASS [   0.006s] (245/593) ken-elaborator::lang_truncation_surface_syntax sentinel_inside_a_truncation_body_two_arguments_reassociate_instead_of_refusing
2	PASS [   0.350s] (246/593) ken-elaborator::lang_truncation_surface_syntax d2_elim_trunc_lower_arity_is_not_a_collision
2	PASS [   0.791s] (247/593) ken-elaborator::lang_surface_block_comments acd0_bool_literals_and_trueish_preserved
2	PASS [   0.859s] (248/593) ken-elaborator::lang_surface_decimal_precision wide_decimal_reaches_kernel_carrier_and_evaluation_exactly
2	PASS [   0.340s] (249/593) ken-elaborator::lang_type_projection_surface_form a_chained_projection_with_an_absent_outer_field_is_refused_at_the_chain
2	PASS [   0.006s] (250/593) ken-elaborator::literal_escapes_lexer_unit x41bc_does_not_greedily_consume_a_third_digit
2	PASS [   0.344s] (251/593) ken-elaborator::let5_checking_mode_let checking_mode_let_still_rejects_a_wrong_rhs
2	PASS [   0.680s] (252/593) ken-elaborator::lang_type_projection_surface_form ac4_the_projection_form_adds_nothing_to_the_trusted_base
2	PASS [   2.662s] (253/593) ken-elaborator::literal_escapes_conformance escape_repertoire_is_closed_and_kind_selected
2	PASS [   8.580s] (254/593) ken-elaborator::map_build_acceptance cat4_new_api_is_derived_and_axiom_free
2	PASS [   8.707s] (255/593) ken-elaborator::map_build_acceptance cat_rel_reachability_obeys_positive_fuel_and_domain_bound
2	PASS [   8.573s] (256/593) ken-elaborator::map_build_acceptance insert_lookup_roundtrip_some
2	PASS [   0.006s] (257/593) ken-elaborator::match_arm_glyph match_arm_spellings_share_one_token
2	PASS [   0.325s] (258/593) ken-elaborator::n2_in_repo_loader import_cycle_rejects_with_entry_rooted_closed_payload_before_admission
2	PASS [   0.006s] (259/593) ken-elaborator::n2_in_repo_loader non_catalog_or_invalid_component_path_has_no_module_address
2	PASS [   0.631s] (260/593) ken-elaborator::n2_in_repo_loader plural_api_fail_closed_until_multi_root_precedence_is_defined
2	PASS [   0.383s] (261/593) ken-elaborator::nat_arithmetic_laws_acceptance entry_elaborates_and_registers_the_free_laws
2	PASS [   0.007s] (262/593) ken-elaborator::nc13_core_expression_lowering unresolved_direct_call_rejects_with_body_view_lane
2	PASS [   8.633s] (263/593) ken-elaborator::map_build_acceptance local_prebinding_preserves_legacy_map_union_stack_budget
2	PASS [   0.480s] (264/593) ken-elaborator::nc14_data_match_lowering nested_dependent_motive_consumes_correlated_child_proofs
2	PASS [   1.575s] (265/593) ken-elaborator::nc14_data_match_lowering liftrose_synthetic_witness_closes_owner_two_required_joins
2	PASS [   0.332s] (266/593) ken-elaborator::nc14_data_match_lowering nested_recursive_bag_type_result_rejects_induction_hypothesis_spelling
2	PASS [   0.007s] (267/593) ken-elaborator::nc15_record_sigma_lowering record_construction_lowers_runtime_fields_and_preserves_erased_statuses
2	PASS [   0.007s] (268/593) ken-elaborator::nc15_record_sigma_lowering witness_rejects_runtime_or_checked_core_field_status_drift
2	PASS [   0.009s] (269/593) ken-elaborator::nc16_primitive_value_lowering primitive_integer_application_lowers_evaluates_and_reports_agreement
2	PASS [   0.008s] (270/593) ken-elaborator::nc18_effects_foreign_boundary_ir stale_capability_identity_rejects_before_runtime_success
2	PASS [   0.009s] (271/593) ken-elaborator::nc5_erasure_runtime_ir erasure_consumes_package_only_and_preserves_metadata
2	PASS [   0.008s] (272/593) ken-elaborator::nc5_erasure_runtime_ir proof_erasure_boundary_witness_accepts_pair_derived_metadata
2	PASS [   0.322s] (273/593) ken-elaborator::proof_vocabulary public_module_definitions_receive_the_same_forward_admission
2	PASS [   0.322s] (274/593) ken-elaborator::proof_vocabulary structural_and_forward_proof_definitions_elaborate
2	PASS [   8.694s] (275/593) ken-elaborator::map_build_acceptance tree_carrier_and_ops_are_not_primitive
2	PASS [   9.068s] (276/593) ken-elaborator::map_build_acceptance preservesordered_law1_is_a_real_general_proof_term
2	PASS [   0.322s] (277/593) ken-elaborator::px8f_buffer_io_surface abi_s6_mapping_surface_is_direct_and_the_handle_stays_opaque
2	PASS [   0.640s] (278/593) ken-elaborator::px8f_buffer_io_surface checked_source_rejects_private_buffer_span_producers
2	PASS [   0.007s] (279/593) ken-elaborator::r3_c2_source_mixed_branch r3_4b_feature_artifact_worker
2	PASS [   0.948s] (280/593) ken-elaborator::px8f_buffer_io_surface checked_source_cannot_forge_or_project_mapping_handles
2	PASS [   0.329s] (281/593) ken-elaborator::record_decl_form unknown_field_refuses_at_exact_span_and_positional_projection_survives
2	PASS [   1.936s] (282/593) ken-elaborator::record_index_refinement_acceptance ac1_constant_motive_match_over_the_record_indexed_derivation_elaborates
2	PASS [   1.928s] (283/593) ken-elaborator::record_index_refinement_acceptance ac3_inversion_probe_reaches_the_arm_body_using_constructor_fields
2	PASS [   0.353s] (284/593) ken-elaborator::record_index_sigma_closure hidden_result_refinement_handles_a_reducible_record_scrutinee
2	PASS [   0.468s] (285/593) ken-elaborator::record_index_sigma_closure hidden_result_transport_refines_whole_record_and_component_indices
2	PASS [   0.345s] (286/593) ken-elaborator::record_index_sigma_closure one_field_refinement_chains_both_sigma_components
2	PASS [   0.879s] (287/593) ken-elaborator::rt_dasm_d1b_role_c1_trusted_base_provenance c1_a_clean_package_has_roster_equal_to_its_trust_targets
2	PASS [   0.934s] (288/593) ken-elaborator::rt_dasm_d1b_role_c1_trusted_base_provenance c1_a_real_carrier_reaches_lowering_and_its_reports_carry_the_admitted_trust
2	PASS [   0.680s] (289/593) ken-elaborator::rt_dasm_d1b_role_c1_trusted_base_provenance c1_the_object_artifact_carries_the_admitted_trust
2	PASS [   0.008s] (290/593) ken-elaborator::sec1_acceptance ct_value_steers_leakage_sink_rejected
2	PASS [   0.006s] (291/593) ken-elaborator::sec2_acceptance no_amplifying_operation_exists
2	PASS [   0.005s] (292/593) ken-elaborator::sec2_acceptance uses_unpassed_capability_rejected
2	PASS [   0.946s] (293/593) ken-elaborator::rt_dasm_d1b_role_c1_trusted_base_provenance c1_one_user_foreign_is_roster_plus_one_and_is_refused_on_the_roster_mismatch
2	PASS [   0.318s] (294/593) ken-elaborator::sub1_bytes_structural_view ac2_trusted_base_delta_is_exactly_the_named_pair_and_propositions
2	PASS [   0.317s] (295/593) ken-elaborator::sub1_bytes_structural_view ac4_both_runtime_roundtrip_directions_are_real_and_total
2	PASS [   0.320s] (296/593) ken-elaborator::sub1b_uint8_deceq ac1_trusted_base_delta_is_exactly_uint8_int_retract
2	PASS [   0.321s] (297/593) ken-elaborator::surface_arrow_in_expr_acceptance annotation_position_arrow_unaffected_by_the_new_expr_path
2	PASS [   0.643s] (298/593) ken-elaborator::surf_space_cells_p1 ac_s5_space_body_effects_use_the_existing_escape_judgment
2	PASS [   0.322s] (299/593) ken-elaborator::surface_arrow_in_expr_acceptance ill_typed_arrow_domain_is_still_kernel_rejected
2	PASS [   0.321s] (300/593) ken-elaborator::surface_def_refinement def_refinement_parses_and_elaborates_without_trusted_base_growth
2	PASS [   0.320s] (301/593) ken-elaborator::surface_def_refinement def_value_position_yields_steering_diagnostic
2	PASS [   0.327s] (302/593) ken-elaborator::surface_named_proof_claims public_attached_proof_requires_public_subject
2	PASS [   0.324s] (303/593) ken-elaborator::surface_transport_acceptance j_elaborates_to_a_real_term_j_node
2	PASS [   0.006s] (304/593) ken-elaborator::surface_unicode surf1_d3_ascii_identifier_boundary_rejects_non_ascii_letters
2	PASS [   0.005s] (305/593) ken-elaborator::t1_acceptance three_renderings_agree_one_source
2	PASS [   0.326s] (306/593) ken-elaborator::v1_acceptance old_fails_closed_while_ordinary_space_ensures_remains_live
2	PASS [   0.647s] (307/593) ken-elaborator::surface_transport_acceptance transport_package_adds_zero_trusted_base_delta
2	PASS [   0.322s] (308/593) ken-elaborator::v1_acceptance proved_status_cert_checks_not_in_trusted_base
2	PASS [   0.324s] (309/593) ken-elaborator::v1_acceptance requires_on_final_param_unaffected
2	PASS [   0.323s] (310/593) ken-elaborator::v1_acceptance requires_on_middle_param_of_three
2	PASS [   0.325s] (311/593) ken-elaborator::v1_acceptance result_in_ensures_resolves
2	PASS [   0.006s] (312/593) ken-elaborator::v2_acceptance conditional_branch_boolean_equation_placeholder
2	PASS [   0.330s] (313/593) ken-elaborator::v2_acceptance body_requires_assumed_not_reobligated
2	PASS [   0.006s] (314/593) ken-elaborator::v3_acceptance ipc_valid_propositional_proved
2	PASS [   0.005s] (315/593) ken-elaborator::v3_acceptance pure_pipeline_no_obligations_unaffected
2	PASS [   0.005s] (316/593) ken-elaborator::v3_acceptance reflective_decision_computes_cert_d_placeholder
2	PASS [   0.326s] (317/593) ken-elaborator::v3_acceptance disproved_carries_countermodel
2	PASS [   1.941s] (318/593) ken-elaborator::v3_fo_checker_soundness_d0_buildability_probe probe3_bool_true_hypothesis_eliminates_by_cases_restructured
2	PASS [   1.935s] (319/593) ken-elaborator::v3_fo_checker_soundness_d0_buildability_probe probe3b_bool_true_hypothesis_eliminates_by_cases_naive_prebound
2	PASS [   1.957s] (320/593) ken-elaborator::v3_fo_checker_soundness_d1a_rule_correspondence fok_derivation_kernel_artifact_has_closed_rule_inventory
2	PASS [   2.036s] (321/593) ken-elaborator::v3_fo_checker_soundness_d3_unused_ih_reduction fok_check_node_abstract_children_probe_is_convertible_by_refl
2	PASS [   1.892s] (322/593) ken-elaborator::v3_fo_embedding_adequacy_d1 scoped_formula_depth_is_an_index_not_a_parameter
2	PASS [   1.959s] (323/593) ken-elaborator::v3_fo_ken_level_checker_authoring certificate_sort_validation_world_in_object_pair
2	PASS [   0.006s] (324/593) ken-elaborator::v3_fo_kripke_slice_acceptance embed_places_k_sigma_inside_the_target
2	PASS [   1.927s] (325/593) ken-elaborator::v3_fo_ken_level_checker_authoring fok_check_cert_serializer_discriminates_qterm_bound_parameter_collision
2	PASS [   5.779s] (326/593) ken-elaborator::v3_fo_sorted_eigenparameter_freshness_guard_mutation_proof object_stale_eigen_reject_is_caused_by_freshness_alone
2	PASS [  12.980s] (327/593) ken-elaborator::v3_fo_route_consumption_apparatus faithful_and_wrong_encodings_form_a_kernel_guarded_pair
2	PASS [   0.013s] (328/593) ken-elaborator::v3_fo_sorted_eigenparameter_refuting_cert corrected_search_finds_no_certificate_for_the_refuting_embed_image
2	PASS [   0.013s] (329/593) ken-elaborator::v4_acceptance deterministic_same_input_same_diagnostic
2	PASS [   0.015s] (330/593) ken-elaborator::v4_acceptance hole_free_program_never_unknown
2	PASS [   0.015s] (331/593) ken-elaborator::v4_acceptance lem_unknown_no_forcing_world
2	PASS [   0.525s] (332/593) ken-elaborator::val1_string_literals string_literal_elaborates_to_string_type
2	PASS [   0.013s] (333/593) ken-foundation store::tests::equality_is_slot_id_compare
2	PASS [   0.011s] (334/593) ken-foundation::acceptance loud_at_limit_test
2	PASS [   0.013s] (335/593) ken-host abi_m1_d0_probe::canonical_family_names_are_distinct
2	PASS [   0.013s] (336/593) ken-host abi_m1_d0_probe::schema_v2_target_identity_carries_the_bounded_layout_inventory
2	PASS [   0.014s] (337/593) ken-host abi_v1::tests::console_read_raw_dispatch_no_longer_falls_to_the_deferred_boundary
2	PASS [   0.005s] (338/593) ken-host abi_v1::tests::fs_rename_raw_dispatch_performs_the_exact_state_transition
2	PASS [   0.005s] (339/593) ken-host abi_v1::tests::px9_revoked_fold_is_in_place_v1_with_one_manifest_identity
2	PASS [   0.005s] (340/593) ken-host abi_v1::tests::resource_settlement_is_recorded_before_observation_is_written
2	PASS [   0.008s] (341/593) ken-host abi_v1::tests::scripted_home_failures_use_real_init_and_pre_context_terminal_writer
2	PASS [   0.005s] (342/593) ken-host effect_v1::tests::abi_s1_descriptor_operation_ids_are_explicit_and_distinct
2	PASS [   0.023s] (343/593) ken-host effect_v1::tests::abi_s1_partial_keeps_descriptor_operations_represented_unavailable
2	PASS [   0.006s] (344/593) ken-host effect_v1::tests::abi_s6_d1_finalizer_distinguishes_mapping_unmap_from_buffer_drop
2	PASS [   0.005s] (345/593) ken-host effect_v1::tests::abi_s6_d5a_promotes_the_atomic_anonymous_mapping_operation_set
2	PASS [   0.006s] (346/593) ken-host effect_v1::tests::ac3c_entropy_needs_no_capability_token_while_a_gated_op_still_does
2	PASS [   0.006s] (347/593) ken-host effect_v1::tests::ac5_new_operations_are_unavailable_and_the_promotion_set_is_untouched
2	PASS [   0.005s] (348/593) ken-host effect_v1::tests::fs_open_attenuates_the_live_handle_to_the_requested_mode
2	PASS [   0.005s] (349/593) ken-host effect_v1::tests::fs_open_denial_remains_a_capability_error_before_resource_mint
2	PASS [   0.005s] (350/593) ken-host effect_v1::tests::generated_manifest_binds_the_opaque_capability_layout
2	PASS [   0.006s] (351/593) ken-host effect_v1::tests::generated_manifest_closes_catalog_observer_and_consumer_sets
2	PASS [   0.005s] (352/593) ken-host effect_wire::tests::linked_trace_decoder_rejects_magic_truncation_trailing_and_count_drift
2	PASS [   0.005s] (353/593) ken-host effect_wire::tests::selected_call_integrity_tag_round_trips_and_fails_closed
2	PASS [   0.005s] (354/593) ken-host revocation_v1::tests::revoke_closes_the_addressed_subtree_but_not_parent_or_sibling
2	PASS [   0.006s] (355/593) ken-host tests::cwd_root_is_resolved_once_and_preserves_scope_and_symlink_denials
2	PASS [   0.005s] (356/593) ken-host tests::manifest_identity_accepts_match_and_rejects_mismatch
2	PASS [   0.005s] (357/593) ken-host tests::scripted_home_lookup_binds_isolated_roots_once_and_preserves_denials
2	PASS [   0.008s] (358/593) ken-interp eff_tests::eff4_runstate_discharges_in_pure_section3
2	PASS [   0.009s] (359/593) ken-interp eff_tests::eff6_unknown_strict_through_driver
2	PASS [   0.007s] (360/593) ken-interp eval::f1_bignum_tests::f1_zero_and_sign_canonical
2	PASS [   0.007s] (361/593) ken-interp eval::px5b_effect_observation_tests::budget_eff_capped_full_write_reifies_effective_not_raw_remaining
2	PASS [   0.007s] (362/593) ken-interp eval::px5b_effect_observation_tests::positioned_invalid_bounds_reifies_before_backend_visit
2	PASS [   0.007s] (363/593) ken-interp eval::px5b_effect_observation_tests::rt_parity_malformed_freeze_bounds_precede_closed_resource
2	PASS [   0.008s] (364/593) ken-interp tests::can_cast_refl_to_value
2	PASS [   0.009s] (365/593) ken-interp tests::can_no_stuck_closed_ground
2	PASS [   0.320s] (366/593) ken-interp tests::g1_end_to_end
2	PASS [   0.009s] (367/593) ken-interp tests::lazy_match_taken_branch_only
2	PASS [   0.010s] (368/593) ken-interp::b3_acceptance correlated_events_link_uncorrelated_dont
2	PASS [   0.005s] (369/593) ken-interp::ds6b_intlit_eq_reduction_cross_layer kernel_and_interp_agree_on_equal_bigints
2	PASS [   6.747s] (370/593) ken-elaborator::v3_fo_sorted_eigenparameter_freshness_guard_mutation_proof world_stale_eigen_reject_is_caused_by_freshness_alone
2	PASS [   0.323s] (371/593) ken-interp::effect_composition_synthetic_peel_probe no_coproduct_ids_disables_peeling
2	PASS [   0.005s] (372/593) ken-interp::f1_bignum_acceptance f1_mul_int_2_64_squared
2	PASS [   0.005s] (373/593) ken-interp::f1_bignum_acceptance f1_mul_int_crosses_i128_ceiling
2	PASS [   0.005s] (374/593) ken-interp::f2f3_acceptance bare_add_int8_no_overflow_still_computes
2	PASS [   0.324s] (375/593) ken-interp::elim_bool_dispatch_acceptance computed_bool_true_dispatches_to_first_method
2	PASS [   0.349s] (376/593) ken-interp::fs_driver_build_capability_acceptance r2_insufficient_cap_denied_before_read
2	PASS [   0.347s] (377/593) ken-interp::i3_fs_floor named_errors_and_write_gate_are_total_and_discriminating
2	PASS [   0.344s] (378/593) ken-interp::i5_scoped_capability coarse_authority_is_a_named_real_dispatch_backstop
2	PASS [   0.008s] (379/593) ken-interp::k1p5_ih_wstyle_vis_fold_acceptance mixed_direct_and_wstyle_positions_fold_together
2	PASS [   0.008s] (380/593) ken-interp::k1p5_ih_wstyle_vis_fold_acceptance wstyle_ih_folds_at_depth_two
2	PASS [   0.345s] (381/593) ken-interp::i5_scoped_capability resolved_virtual_handle_stays_pinned_across_parent_replacement
2	PASS [   0.005s] (382/593) ken-interp::leq_int_acceptance leq_int_bignum_differential_oracle
2	PASS [   0.345s] (383/593) ken-interp::l1_acceptance ac6_float_not_exact
2	PASS [   0.365s] (384/593) ken-interp::px8p_checked_buffer escaped_copy_reaches_exact_closed_after_bracket_settlement
2	PASS [   0.369s] (385/593) ken-interp::px8p_checked_buffer malformed_and_policy_invalid_capacities_have_exact_distinct_errors
2	PASS [   0.368s] (386/593) ken-interp::rtp1_elim_reduce_ih_perf_acceptance natgcd_plus_nattodecimal_stays_fast
2	PASS [   0.008s] (387/593) ken-kernel conv::tests::beta_whnf
2	PASS [   0.006s] (388/593) ken-kernel conv::tests::level_equiv_reproduction_max_suc_u_v
2	PASS [   0.006s] (389/593) ken-kernel conv::tests::quotient_class_congruence_compares_representatives_only
2	PASS [   0.006s] (390/593) ken-kernel conv::tests::sigma_eta_convert
2	PASS [   0.006s] (391/593) ken-kernel conv::tests::trunc_proj_congruence_accepts_convertible_interior_and_rejects_distinct_interior
2	PASS [   0.006s] (392/593) ken-kernel inductive::tests::w_style_pi_bound_admitted_in_k1p5
2	PASS [   0.005s] (393/593) ken-kernel sct::tests::g_matrix_accepts
2	PASS [   0.006s] (394/593) ken-kernel sct::tests::is_exact_reconstruction_wrong_ctor_rejected
2	PASS [   0.008s] (395/593) ken-kernel sct::tests::loop_self_loop_rejected
2	PASS [   0.005s] (396/593) ken-kernel sct::tests::union_masking_correctly_rejected
2	PASS [   0.010s] (397/593) ken-kernel::acceptance ac1_predicative_pi
2	PASS [   0.006s] (398/593) ken-kernel::acceptance ac3_pi_beta
2	PASS [   0.006s] (399/593) ken-kernel::acceptance ac3_sigma_projection_beta
2	PASS [   0.007s] (400/593) ken-kernel::acceptance k2_cast_computes_sigma_to_pair
2	PASS [   0.006s] (401/593) ken-kernel::acceptance k2_propext_definitional
2	PASS [   0.007s] (402/593) ken-kernel::acceptance k2_seam1_cast_inductive_index_change_stuck
2	PASS [   0.007s] (403/593) ken-kernel::acceptance k2_seam3_nonomega_quot_elim_rejected
2	PASS [   0.008s] (404/593) ken-kernel::ds6a_int_deceq_certificate unregistered_primitive_has_no_certificate
2	PASS [   0.009s] (405/593) ken-kernel::ds6b_intlit_eq_reduction intlit_converts_by_value_not_by_identity
2	PASS [   0.005s] (406/593) ken-kernel::ds6b_intlit_eq_reduction trusted_base_untouched_by_intlit_mechanism
2	PASS [   0.010s] (407/593) ken-kernel::eliminator_shape_demand_driven transparent_recursive_argument_keeps_its_induction_hypothesis
2	PASS [   0.010s] (408/593) ken-kernel::k1p5_wstyle ac1_w_type_admitted
2	PASS [   0.006s] (409/593) ken-kernel::k1p5_wstyle ac2_indexed_wstyle_iota_branch_ih
2	PASS [   0.050s] (410/593) ken-kernel::k2c_conversion sct_reject_bare_self_reference
2	PASS [   0.005s] (411/593) ken-kernel::k2c_conversion sct_reject_union_masking
2	PASS [   0.019s] (412/593) ken-kernel::k4_omega_motive non_type_non_omega_motive_still_rejected
2	PASS [   0.005s] (413/593) ken-kernel::k4_omega_motive type_motive_regression_still_admitted
2	PASS [   0.008s] (414/593) ken-kernel::k5_omega_fragment absurd_motive_must_still_classify_as_a_sort
2	PASS [   0.005s] (415/593) ken-kernel::k5_omega_fragment absurd_proof_must_actually_be_bottom
2	PASS [   0.005s] (416/593) ken-kernel::k5_omega_fragment tt_proves_reduced_top_goal
2	PASS [   0.020s] (417/593) ken-kernel::k7_eq_at_inductive_whnf absurd_discharges_operation_wrapped_contradictory_hypothesis
2	PASS [   0.008s] (418/593) ken-kernel::ktr1_constructor_universe_gate lifted_universe_argument_is_accepted
2	PASS [   0.331s] (419/593) ken-interp::rtp1_elim_reduce_ih_perf_acceptance single_self_reference_stays_linear_at_depth_40
2	PASS [   0.010s] (420/593) ken-kernel::nested_inductives_all generated_all_support_has_the_frozen_first_order_carrier
2	PASS [   0.013s] (421/593) ken-kernel::nested_inductives_d3_shapes checked_positive_former_paths_compose_without_opening_admission
2	PASS [   0.012s] (422/593) ken-kernel::nested_inductives_remaining nested_recursive_host_composes_method_lift_and_iota
2	PASS [   0.005s] (423/593) ken-kernel::nested_inductives_remaining seed_bound_head_is_unknown_and_rejected
2	PASS [   0.005s] (424/593) ken-runtime activation_services::tests::a_partially_bound_record_is_not_published
2	PASS [   0.009s] (425/593) ken-kernel::sigma_sort pi_into_prop_is_prop_codomain_keyed
2	PASS [   0.006s] (426/593) ken-runtime boundary_activation::tests::cap_zero_cannot_be_raised_child
2	PASS [   0.007s] (427/593) ken-runtime activation_services::tests::the_unit_call_envelope_matches_its_closed_field_inventory
2	PASS [   0.005s] (428/593) ken-runtime boundary_activation::tests::concurrent_epoch_child
2	PASS [   0.009s] (429/593) ken-runtime boundary_activation::tests::impossible_live_slot_grant_refuses_before_publication
2	PASS [   0.010s] (430/593) ken-runtime boundary_activation::tests::later_stores_may_change_only_their_own_region_limits
2	PASS [   0.010s] (431/593) ken-runtime boundary_activation::tests::max_word_grants_do_not_panic_at_open_or_begin
2	PASS [   0.005s] (432/593) ken-runtime boundary_resource_profile::tests::an_exhaustion_names_its_scope_and_resource_distinguishably
2	PASS [   0.009s] (433/593) ken-runtime boundary_activation::tests::two_activations_do_not_share_mutable_arena_state
2	PASS [   0.009s] (434/593) ken-runtime boundary_value::invocation_aggregate_decode_tests::each_malformed_node_refuses_at_its_own_gate
2	PASS [   0.019s] (435/593) ken-runtime boundary_value_clif::tests::b2v_acv5_the_same_compound_child_alone_does_mint_a_slot
2	PASS [   0.032s] (436/593) ken-runtime boundary_value_clif::tests::b2v_ac10_a_multi_node_cycle_is_refused_while_a_shared_dag_adopts
2	PASS [   0.019s] (437/593) ken-runtime boundary_value_clif::tests::b2v_d5_the_durable_closure_lane_is_refused_at_allocation_by_name
2	PASS [  36.269s] (438/593) ken-elaborator::px7f_resource_lifetime_export independent_event_lookalike_is_rejected_before_t_or_hash_emission
2	PASS [   0.050s] (439/593) ken-runtime boundary_value_clif::tests::b2v_emitted_code_constructs_a_wide_persistent_int_that_outlives_the_arena
2	PASS [   0.045s] (440/593) ken-runtime boundary_value_clif::tests::b2v_emitted_code_projects_a_non_constant_constructor_field
2	PASS [   0.018s] (441/593) ken-runtime boundary_value_clif::tests::b2v_the_helper_inventory_is_closed_and_named
2	PASS [   0.032s] (442/593) ken-runtime boundary_value_clif::tests::d3_a_lawful_byte_span_yields_a_usable_pointer_and_length
2	PASS [   0.006s] (443/593) ken-runtime canonical::tests::ac_v9_a_refusal_carries_no_projectable_image
2	PASS [   0.007s] (444/593) ken-runtime canonical::tests::set_ordering_deterministic
2	PASS [   0.006s] (445/593) ken-runtime canonical::tests::string_nfc_normalization
2	PASS [   0.043s] (446/593) ken-runtime boundary_value_clif::tests::host_result_readers_refuse_arity_zero_and_two
2	PASS [   0.005s] (447/593) ken-runtime cranelift_backend::artifact::api::tests::jit_zero_epoch_child
2	PASS [  36.381s] (448/593) ken-elaborator::px7f_resource_lifetime_export correlated_body_is_one_member_of_the_same_t_sequence
2	PASS [   0.007s] (449/593) ken-runtime cranelift_backend::artifact::api::tests::nc8_certificate_contradictory_claim_rejects
2	PASS [   0.030s] (450/593) ken-runtime cranelift_backend::artifact::api::tests::a_package_backed_program_without_a_role_record_refuses_before_lowering
2	PASS [   0.006s] (451/593) ken-runtime cranelift_backend::artifact::api::tests::nc8_certificate_rejects_add_int_non_literal_int_operand_shape
2	PASS [   0.006s] (452/593) ken-runtime cranelift_backend::artifact::api::tests::reachable_unsupported_metadata_rejects_before_backend_lowering
2	PASS [   0.032s] (453/593) ken-runtime cranelift_backend::artifact::api::tests::nc22_cranelift_agrees_with_runtime_ir_report_for_broad_starter_shapes
2	PASS [   0.006s] (454/593) ken-runtime cranelift_backend::grafted_spine_control_graph::tests::branch_and_reconvergence_allows_two_realizable_paths_to_one_terminal
2	PASS [   0.010s] (455/593) ken-runtime cranelift_backend::artifact::tests::px8i_local_helpers_reject_invalid_zero_stale_and_wrong_arena_slots
2	PASS [   0.007s] (456/593) ken-runtime cranelift_backend::grafted_spine_control_graph::tests::terminal_moved_to_body_rejects_at_terminal_kind_layer
2	PASS [   0.007s] (457/593) ken-runtime cranelift_backend::lowering::aggregates::tests::the_aggregate_allocation_relation_holds_its_laws
2	PASS [   0.007s] (458/593) ken-runtime cranelift_backend::lowering::boundary::tests::recut2_every_anchor_is_closed_by_a_witness_or_a_named_control
2	PASS [   0.007s] (459/593) ken-runtime cranelift_backend::lowering::core::primitive::tests::ground_string_ingress_normalizes_before_boundary_observation
2	PASS [   0.007s] (460/593) ken-runtime cranelift_backend::lowering::core::tests::constructors::a_capture_contract_with_a_duplicated_slot_ordinal_rejects
2	PASS [   0.025s] (461/593) ken-runtime cranelift_backend::lowering::core::primitive::tests::cranelift_runs_scalar_seed_and_verifies_function
2	PASS [   0.164s] (462/593) ken-runtime boundary_value_clif::tests::b2v_the_emitted_immediate_class_is_the_plans
2	PASS [   0.019s] (463/593) ken-runtime cranelift_backend::lowering::core::tests::constructors::ac1_the_current_carried_route_fixture_does_not_reach_the_inherited_join_arm
2	PASS [   0.036s] (464/593) ken-runtime cranelift_backend::lowering::core::primitive::tests::px8i_wrapping_and_trap_mutations_are_causal_at_live_binop_lowering
2	PASS [   0.022s] (465/593) ken-runtime cranelift_backend::lowering::core::tests::constructors::b2f_d9_a_bytes_literal_crosses_with_its_content
2	PASS [   0.019s] (466/593) ken-runtime cranelift_backend::lowering::core::tests::constructors::carried_bool_family_refuses_a_partial_case_set_pre_arm
2	PASS [   0.025s] (467/593) ken-runtime cranelift_backend::lowering::core::tests::constructors::c1_d3_ac_c4_the_residual_holds_the_declared_positions_projected_child
2	PASS [   0.027s] (468/593) ken-runtime cranelift_backend::lowering::core::tests::constructors::constructor_field_host_result_stays_on_ordinary_dynamic_match
2	PASS [   0.020s] (469/593) ken-runtime cranelift_backend::lowering::core::tests::constructors::d2_a_zero_length_runtime_span_is_a_legal_empty_span
2	PASS [   0.022s] (470/593) ken-runtime cranelift_backend::lowering::core::tests::constructors::constructor_field_outer_arity_rejects_before_field_lowering
2	PASS [   0.007s] (471/593) ken-runtime cranelift_backend::lowering::core::tests::constructors::dynamic_constructor_fields_precede_outer_environment_in_declaration_order
2	PASS [   0.007s] (472/593) ken-runtime cranelift_backend::lowering::core::tests::constructors::dynamic_constructor_known_omission_owns_source_default
2	PASS [   0.006s] (473/593) ken-runtime cranelift_backend::lowering::core::tests::constructors::generated_context_pairing_refuses_raw_owner_header_mismatch
2	PASS [   0.057s] (474/593) ken-runtime cranelift_backend::lowering::core::tests::constructors::carried_non_bool_match_refuses_structural_and_bounded_nat_spills
2	PASS [   0.033s] (475/593) ken-runtime cranelift_backend::lowering::core::tests::constructors::dynamic_constructor_dispatches_ordinary_continuation_with_mixed_arities
2	PASS [   0.027s] (476/593) ken-runtime cranelift_backend::lowering::core::tests::constructors::heterogeneous_final_merge_kind_is_deferred_to_the_runtime_discriminator
2	PASS [   0.028s] (477/593) ken-runtime cranelift_backend::lowering::core::tests::constructors::heterogeneous_ordinary_arity_is_guarded_in_the_emitted_consumer
2	PASS [   0.026s] (478/593) ken-runtime cranelift_backend::lowering::core::tests::constructors::pattern_default_trap_is_observation_not_backend_error
2	PASS [   0.008s] (479/593) ken-runtime cranelift_backend::lowering::core::tests::constructors::static_worker_fails_closed_as_match_scrutinee
2	PASS [   0.028s] (480/593) ken-runtime cranelift_backend::lowering::core::tests::constructors::recursive_computational_aggregate_traverses_ordinary_frame
2	PASS [   0.024s] (481/593) ken-runtime cranelift_backend::lowering::core::tests::constructors::static_worker_capture_omission_fails_closed
2	PASS [   0.010s] (482/593) ken-runtime cranelift_backend::lowering::core::tests::control::nested_computational_outer_missing_selects_exact_outer_default
2	PASS [   0.035s] (483/593) ken-runtime cranelift_backend::lowering::core::tests::control::a_retained_body_is_defined_once_even_when_called_twice
2	PASS [   0.006s] (484/593) ken-runtime cranelift_backend::lowering::core::tests::control::the_bare_source_term_detector_catches_the_shape_it_is_looking_for
2	PASS [   0.006s] (485/593) ken-runtime cranelift_backend::lowering::core::tests::control::the_identifier_census_survives_the_evasions_that_defeated_the_text_scan
2	PASS [   0.035s] (486/593) ken-runtime cranelift_backend::lowering::core::tests::control::row2_functionized_lane_installs_and_consumes_the_recursive_ih
2	PASS [   0.060s] (487/593) ken-runtime cranelift_backend::lowering::core::tests::control::correspondence_adds_no_emitted_unit_to_the_production_census
2	PASS [   0.071s] (488/593) ken-runtime cranelift_backend::lowering::core::tests::constructors::successive_selected_workers_refuse_one_past_generation_before_third_call
2	PASS [   0.042s] (489/593) ken-runtime cranelift_backend::lowering::core::tests::effects::abi_s6_d5a_all_anonymous_mapping_operations_lower_as_one_native_set
2	PASS [   0.055s] (490/593) ken-runtime cranelift_backend::lowering::core::tests::effects::abi_s6_d5a_mapping_limit_and_mapping_kind_reify_without_trapping
2	PASS [   0.032s] (491/593) ken-runtime cranelift_backend::lowering::core::tests::effects::direct_host_result_closure_match_keeps_established_dynamic_lane
2	PASS [   0.046s] (492/593) ken-runtime cranelift_backend::lowering::core::tests::effects::px8n_fs_write_at_arm_rejects_over_bound_reply_before_observation
2	PASS [   0.102s] (493/593) ken-runtime cranelift_backend::lowering::core::tests::effects::carried_constructor_dispatch_traps_wrong_positional_child_before_fs_open
2	PASS [   0.007s] (494/593) ken-runtime cranelift_backend::lowering::core::tests::every_source_term_carrier_holds_an_occurrence_and_never_a_bare_expression
2	PASS [   0.024s] (495/593) ken-runtime cranelift_backend::lowering::core::tests::effects::resource_token_seat_refuses_a_wrong_low_tag_before_class_and_scalar
2	PASS [   0.092s] (496/593) ken-runtime cranelift_backend::lowering::core::tests::effects::removing_the_carried_capacity_arm_or_restoring_the_bulk_conversion_refuses_at_the_seat
2	PASS [   0.037s] (497/593) ken-runtime cranelift_backend::lowering::core::tests::host_call_carrier::b2f_mints_one_defined_artifact_static_object_per_seed_environment_entry
2	PASS [   0.197s] (498/593) ken-runtime cranelift_backend::lowering::core::tests::effects::a_discarded_visit_refuses_before_its_body_is_defined
2	PASS [   0.065s] (499/593) ken-runtime cranelift_backend::lowering::core::tests::host_call_carrier::a_trap_arm_and_its_trap_free_twin_both_functionize
2	PASS [   0.023s] (500/593) ken-runtime cranelift_backend::lowering::core::tests::host_call_carrier::d2_ac6_2_a_missing_seed_capture_refuses_loudly_before_the_ported_handoff
2	PASS [   0.023s] (501/593) ken-runtime cranelift_backend::lowering::core::tests::host_call_carrier::d7_the_same_shaped_redirect_reaches_the_call_seam_and_is_caught_by_the_emission_oracle
2	PASS [   0.011s] (502/593) ken-runtime cranelift_backend::lowering::core::tests::positional_candidate_settlement::call_edge_executability_axis_the_two_filters_cannot_yet_disagree_on_any_callee
2	PASS [   0.029s] (503/593) ken-runtime cranelift_backend::lowering::core::tests::host_call_carrier::d8_all_trap_host_result_emits_no_merge_or_predecessor_conversion
2	PASS [   0.015s] (504/593) ken-runtime cranelift_backend::lowering::core::tests::positional_candidate_settlement::d2b_the_runtime_envelope_excludes_every_recursive_position
2	PASS [   0.008s] (505/593) ken-runtime cranelift_backend::lowering::core::tests::positional_candidate_settlement::dp_composition_time_membership_is_validated_and_changes_the_binding_fingerprint
2	PASS [   0.016s] (506/593) ken-runtime cranelift_backend::lowering::core::tests::positional_candidate_settlement::d3_the_fusion_local_composition_ledger_is_affine_and_total
2	PASS [   0.053s] (507/593) ken-runtime cranelift_backend::lowering::core::tests::positional_candidate_settlement::ccr_d3_the_active_carried_route_is_taken_and_the_continuation_refusal_is_gone
2	PASS [   0.048s] (508/593) ken-runtime cranelift_backend::lowering::core::tests::positional_candidate_settlement::ced_d3_m3_dropping_the_pending_half_settles_inline_at_the_exit_seat_and_collides
2	PASS [   0.056s] (509/593) ken-runtime cranelift_backend::lowering::core::tests::recursor_fusion::r3_4b_input_observation_is_artifact_identical_when_disabled
2	PASS [   0.069s] (510/593) ken-runtime cranelift_backend::lowering::core::tests::recursor_fusion::r3_fused_target_authority_validator_is_wired_to_both_real_selectors
2	PASS [   0.090s] (511/593) ken-runtime cranelift_backend::lowering::core::tests::recursor_fusion::r3_fused_worker_body_refuses_before_claim_consumption
2	PASS [   0.038s] (512/593) ken-runtime cranelift_backend::lowering::core::tests::specialization_binding::ced_d2_the_composite_early_close_reaches_candidate_totality_on_the_generalized_owner_domain
2	PASS [   0.009s] (513/593) ken-runtime cranelift_backend::lowering::core::tests::specialization_binding::continuation_case_binder_run_puts_the_ih_prefix_first_at_a_nonzero_recursive_position
2	PASS [   0.012s] (514/593) ken-runtime cranelift_backend::lowering::core::tests::specialization_binding::d5a_a_specialization_owned_edge_separates_root_provenance_from_its_immediate_slot
2	PASS [   0.012s] (515/593) ken-runtime cranelift_backend::lowering::core::tests::specialization_binding::d5a_the_final_executable_population_is_the_emittable_set_minus_the_superseded_bodies
2	PASS [   0.118s] (516/593) ken-runtime cranelift_backend::lowering::core::tests::recursor_fusion::required_consumer_route_manufactures_the_depth_two_plus_closure_crossing
2	PASS [   0.019s] (517/593) ken-runtime cranelift_backend::lowering::core::tests::specialization_binding::d8b_a_composed_call_target_is_its_own_selectors_callee
2	PASS [   0.038s] (518/593) ken-runtime cranelift_backend::lowering::core::tests::specialization_binding::d6a_mixed_route_predecessors_at_one_origin_stay_separate
2	PASS [   0.007s] (519/593) ken-runtime cranelift_backend::lowering::seed_material::tests::every_ground_value_variant_encodes_to_a_distinct_tag
2	PASS [   0.133s] (520/593) ken-runtime cranelift_backend::lowering::core::tests::source_frame_bridge::d8g_each_producer_input_mutation_is_caught_by_the_guard_that_owns_it
2	PASS [   0.009s] (521/593) ken-runtime cranelift_backend::lowering::units::captured_environment_bijection::a_seed_capture_is_refused_rather_than_labelled
2	PASS [   0.008s] (522/593) ken-runtime cranelift_backend::lowering::units::captured_environment_bijection::swapping_whole_ordinal_source_pairs_is_refused
2	PASS [   0.008s] (523/593) ken-runtime cranelift_backend::planning::plan_extraction_tests::native_join_plan_round_trips_the_encoded_plan
2	PASS [   0.085s] (524/593) ken-runtime cranelift_backend::lowering::core::tests::specialization_binding::d5a_the_capture_projection_reads_the_immediate_slot_and_bounds_it
2	PASS [   0.007s] (525/593) ken-runtime cranelift_backend::planning::plan_extraction_tests::oriented_plan_absent_when_no_metadata_carries_the_header
2	PASS [   0.008s] (526/593) ken-runtime cranelift_backend::planning::static_transition::aggregates::checked_ih_captured_env_schema::a_capture_free_continuation_unit_receives_no_checked_ih_record
2	PASS [   0.010s] (527/593) ken-runtime cranelift_backend::planning::static_transition::aggregates::checked_ih_captured_env_schema::the_record_declares_a_positional_child_model_for_its_arity
2	PASS [   0.012s] (528/593) ken-runtime cranelift_backend::planning::static_transition::aggregates::checked_ih_captured_env_schema::a_program_with_an_envelope_less_captured_unit_still_plans
2	PASS [   0.011s] (529/593) ken-runtime cranelift_backend::planning::static_transition::aggregates::tests::checked_ih_purity_follows_static_callee_body_and_rejects_suspended_vis
2	PASS [   0.007s] (530/593) ken-runtime cranelift_backend::planning::static_transition::closure::tests::b2o_ac10c_repointing_a_static_body_edge_changes_the_disposition
2	PASS [   0.008s] (531/593) ken-runtime cranelift_backend::planning::static_transition::closure::tests::boundary_c1_identity_capability_refuses_wrong_kind_and_cardinality
2	PASS [   0.009s] (532/593) ken-runtime cranelift_backend::planning::static_transition::closure::tests::d2h_ac1_every_one_member_mutation_interns_to_its_own_id
2	PASS [   0.022s] (533/593) ken-runtime cranelift_backend::planning::static_transition::closure::tests::boundary_c1_equal_name_bytes_have_one_canonical_span
2	PASS [   0.007s] (534/593) ken-runtime cranelift_backend::planning::static_transition::closure::tests::substrate_preallocation_closure_rejects_an_admitted_unreachable_case
2	PASS [   0.013s] (535/593) ken-runtime cranelift_backend::planning::static_transition::closure::tests::d4b_admission_is_exactly_the_closed_required_vector
2	PASS [   0.010s] (536/593) ken-runtime cranelift_backend::planning::static_transition::construction::tests::keying_selection_by_the_scheduling_entry_does_not_resolve_the_body
2	PASS [   0.006s] (537/593) ken-runtime cranelift_backend::planning::static_transition::continuations::fusion::tests::d2g_ac2_a_complete_independent_plan_positively_validates_the_twin
2	PASS [   0.016s] (538/593) ken-runtime cranelift_backend::planning::static_transition::continuations::fusion::tests::d2f_7_the_zero_region_install_is_exact_once_on_both_flags
2	PASS [   0.024s] (539/593) ken-runtime cranelift_backend::planning::static_transition::continuations::fusion::tests::d2f_3_one_region_is_taken_over_exactly_once_or_the_closeout_fails
2	PASS [   0.010s] (540/593) ken-runtime cranelift_backend::planning::static_transition::continuations::fusion::tests::d2i_the_enumerator_is_reached_and_yields_one_candidate_from_a_descent_root
2	PASS [   0.014s] (541/593) ken-runtime cranelift_backend::planning::static_transition::continuations::fusion::tests::d3_the_two_composed_edges_are_named_by_the_keys_checked_bindings
2	PASS [   0.010s] (542/593) ken-runtime cranelift_backend::planning::static_transition::continuations::tests::contspec_nested_fixed_point_requires_interning_before_discovery
2	PASS [   0.009s] (543/593) ken-runtime cranelift_backend::planning::static_transition::continuations::tests::contsrc_d2_a_computational_case_run_separates_its_ih_prefix_from_its_arguments
2	PASS [   0.005s] (544/593) ken-runtime cranelift_backend::planning::static_transition::continuations::tests::contsrc_d3a_abi_provenance_separates_the_domains_at_one_owner
2	PASS [   0.008s] (545/593) ken-runtime cranelift_backend::planning::static_transition::continuations::tests::d3b_alias_eligibility_not_position_decides
2	PASS [   0.011s] (546/593) ken-runtime cranelift_backend::planning::static_transition::continuations::tests::d3_a_same_body_sibling_interns_as_two_units_with_two_edges
2	PASS [   0.007s] (547/593) ken-runtime cranelift_backend::planning::static_transition::immediate_bridge::tests::lifted_heterogeneous_producer_selected_by_offset_arithmetic
2	PASS [   0.008s] (548/593) ken-runtime cranelift_backend::planning::static_transition::joins_traps::tests::d8_bound_lexical_callable_provenance_reaches_the_exact_nested_join
2	PASS [   0.008s] (549/593) ken-runtime cranelift_backend::planning::static_transition::immediate_bridge::tests::refuses_when_the_selected_field_is_past_the_end_of_the_producer_args
2	PASS [   0.011s] (550/593) ken-runtime cranelift_backend::planning::static_transition::immediate_bridge::tests::publishing_without_a_mutation_is_the_build_and_applies_nothing
2	PASS [   0.007s] (551/593) ken-runtime cranelift_backend::planning::static_transition::occurrences::tests::unit_boundary_environment_record_has_a_structural_non_aliasing_occurrence
2	PASS [   0.009s] (552/593) ken-runtime cranelift_backend::planning::static_transition::joins_traps::tests::d8_mixed_join_plan_is_carrier_and_arm_order_independent
2	PASS [   0.011s] (553/593) ken-runtime cranelift_backend::planning::static_transition::joins_traps::tests::d8_inert_abi_slots_do_not_change_recursive_descent_join_storage
2	PASS [   0.009s] (554/593) ken-runtime cranelift_backend::planning::static_transition::responses::tests::opaque_k_vis_returns_typed_ssa_infeasible
2	PASS [   0.009s] (555/593) ken-runtime cranelift_backend::planning::static_transition::selected_pending_calls::tests::second_raw_ih_read_refuses_before_the_checked_route_gate
2	PASS [   0.013s] (556/593) ken-runtime cranelift_backend::planning::static_transition::units::tests::b2r_ac10_the_descriptor_population_matches_the_prediction_on_every_fixture
2	PASS [   0.007s] (557/593) ken-runtime executable_artifact_contract::tests::available_native_artifact_accepts_only_with_exact_ready_bindings
2	PASS [   0.008s] (558/593) ken-runtime cranelift_backend::planning::static_transition::units::tests::b2r_ac2_an_irrelevant_caller_binding_does_not_change_the_callee_descriptor
2	PASS [   0.006s] (559/593) ken-runtime executable_artifact_contract::tests::stale_report_identity_rejects
2	PASS [   0.007s] (560/593) ken-runtime executable_artifact_contract::tests::blocked_gate_rejects_available_native_artifact_claim
2	PASS [   0.007s] (561/593) ken-runtime executable_entrypoint_packaging::tests::target_absent_from_supported_report_rejects
2	PASS [   0.006s] (562/593) ken-runtime ir::tests::acf3_ordinary_and_computational_frames_are_domain_separated
2	PASS [   0.006s] (563/593) ken-runtime hash::tests::fnv1a_hello
2	PASS [   0.006s] (564/593) ken-runtime ir::tests::checked_ih_binder_morphism_shifts_only_beneath_inserted_runtime_binders
2	PASS [   0.200s] (565/593) ken-runtime cranelift_backend::lowering::core::tests::specialization_binding::erasing_a_seat_key_axis_or_collapsing_the_contract_rejects
2	PASS [   2.557s] (566/593) ken-runtime native_execution_differential::tests::closeout_classifies_interpreter_mismatch_as_failed
2	PASS [   0.006s] (567/593) ken-runtime native_join_plan::tests::equal_shape_adjacent_and_nested_occurrences_remain_distinct
2	PASS [   0.040s] (568/593) ken-runtime native_process_entrypoint::tests::exit_status_mapping_is_shared_and_fails_closed
2	PASS [   0.007s] (569/593) ken-runtime object_linker_packaging::tests::forged_platform_support_version_rejects_before_linking
2	PASS [   0.005s] (570/593) ken-runtime platform_runtime_support::tests::host_effect_execution_target_stays_a_named_unavailable_lane
2	PASS [   2.614s] (571/593) ken-runtime native_execution_differential::tests::closeout_report_recommends_nc28_for_full_chain_starter_corpus
2	PASS [   0.007s] (572/593) ken-runtime platform_runtime_support::tests::runtime_ir_run_report_target_identity_must_be_unique
2	PASS [   2.590s] (573/593) ken-runtime native_execution_differential::tests::stale_effect_metadata_rejects_before_native_execution
2	PASS [   0.009s] (574/593) ken-runtime store::tests::dedup_across_two_distinct_constructions
2	PASS [   0.013s] (575/593) ken-runtime store::tests::escape_survives_sender_reset
2	PASS [   2.643s] (576/593) ken-runtime native_execution_differential::tests::closeout_classifies_runtime_ir_mismatch_inventory_as_failed
2	PASS [   0.009s] (577/593) ken-runtime store::tests::reclamation_releases_pages
2	PASS [   0.009s] (578/593) ken-runtime store::tests::reset_retires_slot_ids
2	PASS [   0.006s] (579/593) ken-runtime store::tests::scalars_are_immediate
2	PASS [   0.006s] (580/593) ken-runtime unknown::tests::unknown_and_false_is_false
2	PASS [   0.056s] (581/593) ken-runtime store::tests::oversized_value_no_remaining_underflow
2	PASS [   0.322s] (582/593) ken-runtime store::tests::index_resize_preserves_slots
2	PASS [   0.291s] (583/593) ken-runtime::value_depth_totality ac_v1_host_recursion_dies_at_depth_d_through_all_child_positions
2	PASS [   0.607s] (584/593) ken-runtime::value_depth_totality ac_p3b_debug_returns_and_renders_at_depth_d_for_every_same_variant_chain
2	PASS [   0.279s] (585/593) ken-runtime::value_depth_totality the_operational_carriers_drop_glue_dies_on_this_population_at_depth_d
2	PASS [   0.038s] (586/593) ken-verify canonical::tests::every_canonical_mutation_bites_while_same_runner_proxy_stays_green
2	PASS [   0.016s] (587/593) ken-verify catalog::tests::imported_catalog_partition_is_exact_and_closed
2	PASS [   1.069s] (588/593) ken-runtime store::tests::arena_page_chaining
2	PASS [   0.563s] (589/593) ken-runtime::value_depth_totality ac_v3b_clone_then_drop_both_at_depth_d_through_all_child_positions
2	PASS [   1.304s] (590/593) ken-runtime::value_depth_totality ac_p3a_host_recursive_debug_dies_at_depth_d_for_every_same_variant_chain
2	PASS [   0.451s] (591/593) ken-verify scenario::tests::capture_host_is_explicitly_insufficient_negative_control
2	PASS [  26.226s] (592/593) ken-verify scenario::tests::invalid_change_mode_is_a_typed_pre_dispatch_result_in_both_lanes
2	PASS [  85.499s] (593/593) ken-verify scenario::tests::fs_remove_directory_exercises_every_path_policy_refusal
1	PASS [   0.011s] (  1/592) ken-cli::i8_clock_effect fixed_clock_repeats_one_value_and_traces_each_read
1	PASS [   0.508s] (  2/592) ken-cli::ken_check_mode non_catalog_lowercase_path_keeps_isolated_fallback
1	PASS [   0.541s] (  3/592) ken-cli::ken_md_literate_cli ken_run_reports_original_offset_for_fenced_error
1	PASS [   0.590s] (  4/592) ken-cli::cli_i1_entrypoint_abi argv_after_separator_round_trips_non_utf8_and_pre_separator_is_rejected
1	PASS [   0.175s] (  5/592) ken-cli::library_documentation_gates ledger_rejects_a_path_escaping_the_repository
1	PASS [   0.007s] (  6/592) ken-cli::mrc_d8_manifest_premise mrc_d8_control_defaulting_the_feature_reds_fact_two
1	PASS [   0.006s] (  7/592) ken-cli::mrc_d8_manifest_premise mrc_d8_control_the_reader_survives_a_value_spanning_lines
1	PASS [   0.007s] (  8/592) ken-cli::mrc_d8_manifest_premise mrc_d8_real_control_fact_three_reds_on_the_shipped_cli_manifest
1	PASS [   0.149s] (  9/592) ken-cli::library_documentation_gates ledger_set_mismatch_when_a_citation_is_added_without_a_ledger_row
1	PASS [   0.292s] ( 10/592) ken-cli::library_documentation_gates revision_must_survive_a_simulated_squash_merge_not_just_the_branch
1	PASS [   0.008s] ( 11/592) ken-cli::px4b_native_production string_literal_end_rejects_identifier_tails_at_a_raw_prefix
1	PASS [   1.085s] ( 12/592) ken-cli::deterministic_app checked_application_exposes_the_real_dispatch_observation
1	PASS [  50.535s] ( 13/592) ken-cli::px4b_native_production public_source_observes_raw_argv_environment_cwd_bytes_in_field_order
1	PASS [   0.008s] ( 14/592) ken-cli::rt_cold_lowering_path_enumeration every_enumerated_entry_has_a_generated_test
1	PASS [  50.576s] ( 15/592) ken-cli::px4b_native_production linked_home_root_uses_only_production_account_database_boundary
1	PASS [   0.483s] ( 16/592) ken-cli::rt_native_string_construction native_string_two_chars_are_not_two_utf8_bytes
1	PASS [  60.753s] ( 17/592) ken-cli::rt_branched_scrutinee_unit_body_port two_arm_plain_match_over_runtime_var_reaches_recursive_unit_body_route1
1	PASS [ 105.676s] ( 18/592) ken-cli::px7f_resource_native bounded_epoch_refuses_before_the_checked_program_issues_an_effect
1	PASS [   0.577s] ( 19/592) ken-cli::rt_span_prov_native sp_b_foreign_and_stale_window_reject_with_no_effect_interp
1	PASS [   0.441s] ( 20/592) ken-cli::string_op_exec ken_run_executes_string_op_program_and_prints_stdout
1	PASS [  56.055s] ( 21/592) ken-cli::rt_nested_ih_native_realization nested_checked_ih_native_result_is_exactly_interpreter_nat_three
1	PASS [   0.430s] ( 22/592) ken-cli::t2_acceptance ac2_open_goal_yields_unknown
1	PASS [   0.008s] ( 23/592) ken-elaborator checked_core::tests::body_view_recovers_target_and_reachable_declaration_bodies
1	PASS [   0.008s] ( 24/592) ken-elaborator checked_core::tests::body_view_rejects_missing_match_branch_data
1	PASS [   0.007s] ( 25/592) ken-elaborator checked_core::tests::body_view_rejects_stale_field_identity_order_mismatch
1	PASS [   0.007s] ( 26/592) ken-elaborator checked_core::tests::body_view_rejects_unjustified_partial_primitive_contract
1	PASS [   0.007s] ( 27/592) ken-elaborator checked_core::tests::lowering_rejects_reachable_unsupported_symbol
1	PASS [   0.430s] ( 28/592) ken-cli::t2_acceptance ac2_provable_goal_yields_proved
1	PASS [   0.008s] ( 29/592) ken-elaborator compiler_driver::tests::erased_type_only_ih_reference_does_not_claim_the_following_runtime_ordinal
1	PASS [   0.558s] ( 30/592) ken-elaborator compiler_driver::tests::compiler_produced_entrypoint_materializes_runtime_packaging
1	PASS [   0.567s] ( 31/592) ken-elaborator compiler_driver::tests::executable_entrypoint_packages_but_rejects_runtime_arguments
1	PASS [   0.501s] ( 32/592) ken-elaborator compiler_driver::tests::non_runtime_target_is_reported_as_named_unavailable_lane
1	PASS [   0.007s] ( 33/592) ken-elaborator elab::match_matrix_occurrence_tests::pending_sibling_is_not_weakened_before_its_binder_exists
1	PASS [   0.427s] ( 34/592) ken-elaborator elab::nested_lift_association_tests::proof_relevant_type_result_uses_recursive_result_spelling
1	PASS [   0.990s] ( 35/592) ken-elaborator compiler_driver::tests::target_selection_report_identity_is_deterministic
1	PASS [   0.429s] ( 36/592) ken-elaborator elab::nested_lift_association_tests::recursive_ih_reflexive_index_evidence_is_applied_before_source_arguments
1	PASS [   0.008s] ( 37/592) ken-elaborator erasure::px7l_tests::checked_ih_morphism_preserves_the_plan_ordinal_and_maps_it_to_runtime_four
1	PASS [   0.007s] ( 38/592) ken-elaborator erasure::px7l_tests::checked_producer_emits_inner_to_outer_semantic_chain_before_erasure
1	PASS [   0.007s] ( 39/592) ken-elaborator erasure::px7l_tests::finish_rejects_an_unconsumed_computational_ih_call_seed
1	PASS [   0.007s] ( 40/592) ken-elaborator export::exact_inventory_tests::abi_s6_d3_mapping_operations_have_exact_fs_family_and_spellings
1	PASS [   0.008s] ( 41/592) ken-elaborator export::resource_lifetime_hash_tests::abi_s6_d3_mapping_alphabet_projects_exact_lifetime_or_rejects_use_only
1	PASS [   0.007s] ( 42/592) ken-elaborator fo_kripke::tests::mentions_var0_agrees_with_shift_round_trip_oracle
1	PASS [   0.006s] ( 43/592) ken-elaborator fo_kripke::tests::mentions_var0_detects_var0_in_a_former_wildcard_constructor
1	PASS [   0.006s] ( 44/592) ken-elaborator fo_kripke::tests::mentions_var0_has_no_wildcard_arm_left_to_outrun
1	PASS [   0.007s] ( 45/592) ken-elaborator fo_kripke::tests::quote_fo_accepts_both_controls_and_refuses_outside_the_slice
1	PASS [   0.430s] ( 46/592) ken-elaborator elab::surf1_visits_row_production_path::surf1_view_elaboration_consumes_visits_row
1	PASS [   0.430s] ( 47/592) ken-elaborator modules::namespace_effect_tests::derive_keeps_selected_class_and_data_ids_after_shadow
1	PASS [   0.430s] ( 48/592) ken-elaborator modules::namespace_effect_tests::facade_selected_equal_canonical_distinct_ids_collide_at_export
1	PASS [   0.866s] ( 49/592) ken-elaborator modules::namespace_effect_tests::earlier_same_unit_sibling_wins_over_file_import_in_both_orders
1	PASS [   0.854s] ( 50/592) ken-elaborator modules::namespace_effect_tests::file_unit_own_inline_grandchild_selects_its_checked_identity
1	PASS [  49.928s] ( 51/592) ken-cli::rt_selected_pending_call_admission owner_vis_join_consumption_refuses_before_dead_subtree_disposition
1	PASS [   0.856s] ( 52/592) ken-elaborator modules::namespace_effect_tests::inline_grandchild_preserves_transitive_authority_and_privacy
1	PASS [   1.795s] ( 53/592) ken-elaborator modules::namespace_effect_tests::generated_instance_import_refuses_stale_provider_in_either_order
1	PASS [   0.008s] ( 54/592) ken-elaborator parser::atom_form_closure::no_two_pattern_forms_admit_the_same_token
1	PASS [   0.007s] ( 55/592) ken-elaborator parser::atom_form_closure::the_derived_expression_roster_claims_exactly_the_historical_set
1	PASS [   0.007s] ( 56/592) ken-elaborator parser::atom_form_closure::the_shared_literal_map_refuses_every_non_literal_token
1	PASS [   0.468s] ( 57/592) ken-elaborator r_layer_tests::acceptance::class_declaration_requires_initialized_class_env_without_mutation
1	PASS [   0.851s] ( 58/592) ken-elaborator modules::namespace_effect_tests::selective_import_does_not_grant_qualified_access
1	PASS [   0.463s] ( 59/592) ken-elaborator r_layer_tests::acceptance::id_pi_level_max
1	PASS [   0.467s] ( 60/592) ken-elaborator r_layer_tests::acceptance::pipeline_emits_explicit_core
1	PASS [   1.302s] ( 61/592) ken-elaborator r_layer_tests::acceptance::pipeline_errors_at_correct_stage
1	PASS [   3.453s] ( 62/592) ken-elaborator modules::namespace_effect_tests::proved_source_redeclarations_fail_at_prebind_without_global_allocation
1	PASS [   2.971s] ( 63/592) ken-elaborator r_layer_tests::cat_lawful_functors_pub_export::lawful_functors_loader_visible_inventory_is_exact
1	PASS [   6.035s] ( 64/592) ken-elaborator r_layer_tests::cat_lawful_functors_pub_export::lawful_functors_selective_consumer_retains_provider_identity_and_trust
1	PASS [   8.982s] ( 65/592) ken-elaborator r_layer_tests::cat_tier_d_cursor_import::formatting_doc_imports_are_canonical_and_visibility_only
1	PASS [   7.680s] ( 66/592) ken-elaborator r_layer_tests::cat_tier_d_cursor_import::formatting_doc_loader_visible_inventory_is_exact
1	PASS [   0.437s] ( 67/592) ken-elaborator r_layer_tests::cat_tier_d_process_environment_import::process_environment_publication_is_visibility_only
1	PASS [   9.404s] ( 68/592) ken-elaborator r_layer_tests::cat_tier_d_parsing_group_import::process_arguments_loader_visible_inventory_is_exact_and_coherent
1	PASS [   6.032s] ( 69/592) ken-elaborator r_layer_tests::cat_tier_d_render_import::diagnostics_render_loader_visible_inventory_is_exact_and_usable
1	PASS [  85.416s] ( 70/592) ken-cli::rt_cold_lowering_path_enumeration rt_read_norights_stage
1	PASS [   6.639s] ( 71/592) ken-elaborator r_layer_tests::cat_tier_e_json_import::json_loader_visible_inventory_is_exact
1	PASS [   0.008s] ( 72/592) ken-elaborator r_layer_tests::effects::classify_telescope_unknown_is_conservative
1	PASS [   0.007s] ( 73/592) ken-elaborator r_layer_tests::effects::eff_declared_matches_used_accepted
1	PASS [   0.007s] ( 74/592) ken-elaborator r_layer_tests::effects::higher_order_two_params_each_guarded
1	PASS [   0.007s] ( 75/592) ken-elaborator r_layer_tests::effects::impure_masquerading_as_pure_rejected
1	PASS [   0.007s] ( 76/592) ken-elaborator r_layer_tests::effects::itree_bind_ret_left_unit
1	PASS [   0.008s] ( 77/592) ken-elaborator r_layer_tests::effects::lower_bind_vis_kernel_checks_vis_reduct
1	PASS [   0.008s] ( 78/592) ken-elaborator r_layer_tests::effects::surf1_recursive_row_poly_fixpoint_is_idempotent
1	PASS [   0.008s] ( 79/592) ken-elaborator r_layer_tests::kenfmt_b3_layout::ac2_ac3_mandatory_breaks_separators_and_no_alignment
1	PASS [   0.009s] ( 80/592) ken-elaborator r_layer_tests::kenfmt_b3_layout::ac6_representable_declaration_blocks_break_in_both_orientations
1	PASS [   0.008s] ( 81/592) ken-elaborator r_layer_tests::kenfmt_b4_splicing::ac3_descending_splices_prevent_multi_fence_offset_drift
1	PASS [   7.010s] ( 82/592) ken-elaborator r_layer_tests::cat_tier_e_schema_import::schema_checked_provider_identity_closure_is_exact
1	PASS [   0.008s] ( 83/592) ken-elaborator r_layer_tests::lang_fixity_decl_surface::operator_run_stays_flat_through_resolution
1	PASS [   0.455s] ( 84/592) ken-elaborator r_layer_tests::lang_fixity_decl_surface::mutual_symbolic_group_reassociates_after_all_members_are_preadmitted
1	PASS [   0.469s] ( 85/592) ken-elaborator r_layer_tests::lang_structural_result_elab::d2_generated_support_name_stays_unresolvable_beside_visible_source_name
1	PASS [   0.635s] ( 86/592) ken-elaborator r_layer_tests::lang_structural_result_elab::omega_selector_accepts_unary_residual_all_through_full_pipeline
1	PASS [   1.780s] ( 87/592) ken-elaborator r_layer_tests::ds1_empty_dec_acceptance::ac4_bridge_demonstrated_over_deceq_bool_not_only_deceq_int
1	PASS [   0.467s] ( 88/592) ken-elaborator r_layer_tests::lc_acceptance::ac5_explicit_bypasses_implicit_canonical
1	PASS [  14.150s] ( 89/592) ken-elaborator r_layer_tests::cat_tier_e_decoder_import::decoder_loader_visible_inventory_is_exact_and_usable
1	PASS [   0.470s] ( 90/592) ken-elaborator r_layer_tests::lc_acceptance::ac8_law_field_is_real_proof_not_stub
1	PASS [   0.009s] ( 91/592) ken-elaborator seal2_tests::producer_closure::certificate_rejects_an_unenumerated_aliased_producer_root
1	PASS [   0.469s] ( 92/592) ken-elaborator r_layer_tests::n4_program_admits::package_dependency_is_transitive_for_coherence_but_not_parent_direct_use
1	PASS [   0.008s] ( 93/592) ken-elaborator seal2_tests::producer_closure::unclassifiable_source_root_fails_loudly
1	PASS [   0.890s] ( 94/592) ken-elaborator r_layer_tests::n4_program_admits::admission_does_not_replace_overlap_or_orphan_gates
1	PASS [   0.449s] ( 95/592) ken-elaborator::abi_s3_entropy_effect_row abi_s3_entropy_is_visible_in_the_effect_row_and_absent_where_it_should_be
1	PASS [   0.616s] ( 96/592) ken-elaborator seal2_tests::producer_closure::one_derivation_covers_both_sealed_carriers
1	PASS [   0.519s] ( 97/592) ken-elaborator::ax2_axiom_named_postulates module_qualification_is_the_axiom_owner
1	PASS [   0.442s] ( 98/592) ken-elaborator::ax2_axiom_named_postulates repeated_expression_axioms_share_the_owner_label_but_not_identity
1	PASS [  24.093s] ( 99/592) ken-elaborator seal2_tests::producer_closure::catalog_source_root_confinement_certificate
1	PASS [  43.580s] (100/592) ken-elaborator::b1_acceptance disproved_claim_never_exported
1	PASS [  44.885s] (101/592) ken-elaborator::b1_acceptance proved_postcondition_projects_to_q
1	PASS [   0.007s] (102/592) ken-elaborator::b2_acceptance hoas_foil_reaches_positivity_violation_not_universe_gate
1	PASS [   0.006s] (103/592) ken-elaborator::b2_acceptance no_modal_construct_in_kernel
1	PASS [   0.016s] (104/592) ken-elaborator::b2_acceptance ordinary_inductive_admitted_by_k1
1	PASS [  42.702s] (105/592) ken-elaborator::b1_exact_denotation_alphabet recursive_cases_contribute_each_static_perform_identity_as_a_set
1	PASS [  83.714s] (106/592) ken-elaborator::b1_exact_denotation_alphabet ordinary_declared_headroom_is_not_an_alphabet_source
1	PASS [   0.473s] (107/592) ken-elaborator::case_eq_dependent_match_sugar non_nullary_constructors_are_rejected_at_the_modifier_boundary
1	PASS [   0.431s] (108/592) ken-elaborator::cat1_constructor_classes parametric_instance_head_generalizes_free_type_variable
1	PASS [   2.792s] (109/592) ken-elaborator::cat1_lawful_functors_package lawful_functors_package_elaborates_with_parametric_list_monoid
1	PASS [  45.357s] (110/592) ken-elaborator::b2_acceptance temporal_non_host_signature_rejects_same_family_sibling
1	PASS [   4.507s] (111/592) ken-elaborator::cat5_parsing_package cat5_d1_source_span_surface_is_byte_artifact_and_source_explicit
1	PASS [   4.510s] (112/592) ken-elaborator::cat5_parsing_package cat5_d1_valid_half_open_bounds_and_zero_width_offsets_check
1	PASS [   5.093s] (113/592) ken-elaborator::cat5_parsing_package cat5_d2_failure_with_invalid_span_rejected_by_law
1	PASS [   4.431s] (114/592) ken-elaborator::cat5_parsing_package cat5_d2_legacy_caller_budget_repetition_is_not_exported
1	PASS [   4.423s] (115/592) ken-elaborator::cat5_parsing_package cat5_d2_parser_result_surface_is_total_and_located
1	PASS [   4.355s] (116/592) ken-elaborator::cat5_parsing_package cat5_d2_success_parser_carries_valid_consumed_span_from_start
1	PASS [   2.800s] (117/592) ken-elaborator::cat_deque_acceptance entry_adds_no_consumer_local_trusted_declarations
1	PASS [   2.746s] (118/592) ken-elaborator::cat_deque_acceptance front_back_and_rebalancing_paths_preserve_sequence_order
1	PASS [  43.354s] (119/592) ken-elaborator::b2_acceptance value_projects_to_t_delegated_never_q
1	PASS [   8.517s] (120/592) ken-elaborator::cat_deque_acceptance transparent_deque_bodies_have_exact_derived_head_occurrence_populations
1	PASS [   1.650s] (121/592) ken-elaborator::cat_string_keys_closeout string_keys_owned_inventory_is_empty_and_standalone
1	PASS [   0.006s] (122/592) ken-elaborator::catalog_taxonomy catalog_package_root_lint_rejects_an_unlisted_probe
1	PASS [   5.994s] (123/592) ken-elaborator::cat_property_acceptance property_uses_derived_map_identity_for_gen_map
1	PASS [  11.631s] (124/592) ken-elaborator::cat_map_dom_member map_dom_membership_law_is_checked_without_direct_trust
1	PASS [   3.259s] (125/592) ken-elaborator::cc2_text_codec_numeric_acceptance cc2_checked_code_has_zero_axiom_and_zero_trusted_base_delta
1	PASS [   6.370s] (126/592) ken-elaborator::cc1_nonempty_validation_acceptance validation_loader_visible_inventory_is_exact_and_transparent
1	PASS [   3.456s] (127/592) ken-elaborator::cc2_text_codec_numeric_acceptance ordered_dependency_closure_elaborates_codec_then_numeric
1	PASS [   3.094s] (128/592) ken-elaborator::cc4_diagnostic_core_acceptance derived_fixture_retains_lawfulclasses_for_cc4_dependency_closure
1	PASS [   2.075s] (129/592) ken-elaborator::cc4_diagnostic_core_acceptance diagnostics_reuses_the_canonical_lawful_classes_relation
1	PASS [   3.227s] (130/592) ken-elaborator::cc5_pretty_doc_acceptance ordered_dependency_closure_elaborates_transparent_pretty_doc
1	PASS [   3.390s] (131/592) ken-elaborator::cc6a_process_arguments_exit_acceptance ordered_dependency_closure_elaborates_both_packages
1	PASS [   2.658s] (132/592) ken-elaborator::compare_ord_lexicographic_acceptance raw_compare_discriminates_all_results_and_strict_negatives
1	PASS [  87.255s] (133/592) ken-elaborator::b1_exact_denotation_alphabet target_closure_follows_callback_and_excludes_unused_sibling
1	PASS [  10.328s] (134/592) ken-elaborator::cc8_env_config_decoder_acceptance ordered_closure_elaborates_schema_before_both_clients
1	PASS [   3.892s] (135/592) ken-elaborator::conversions_acceptance ac4_saturating_add_clamps_at_boundary_every_width
1	PASS [   0.425s] (136/592) ken-elaborator::conversions_acceptance float_conversion_floor_out_of_scope
1	PASS [   7.915s] (137/592) ken-elaborator::conversions_acceptance ac4_checked_add_boundary_every_width
1	PASS [   0.502s] (138/592) ken-elaborator::def_path_constraint_binder_unification semicolon_compatibility_and_fail_closed_naming_and_type_boundaries
1	PASS [  11.326s] (139/592) ken-elaborator::cc8_env_config_decoder_acceptance two_missing_fields_accumulate_exact_environment_origins
1	PASS [   0.476s] (140/592) ken-elaborator::dependent_match_coherent_frame_acceptance genuinely_false_reachable_branch_stays_rejected
1	PASS [   0.636s] (141/592) ken-elaborator::dependent_match_context_telescope_acceptance indirect_dependency_closure_via_predicate_param
1	PASS [   1.789s] (142/592) ken-elaborator::decimal_char_acceptance int_to_char_rejects_surrogate_and_oor
1	PASS [   0.534s] (143/592) ken-elaborator::dependent_match_context_telescope_acceptance three_deep_transitive_closure_follows_index_refinement
1	PASS [   0.474s] (144/592) ken-elaborator::dependent_match_nonnullary_acceptance ac1_list_hypothesis_threading_elaborates_and_narrows_structurally
1	PASS [   0.487s] (145/592) ken-elaborator::dependent_match_context_telescope_acceptance transitive_closure_follows_index_refinement
1	PASS [   0.006s] (146/592) ken-elaborator::dotted_module_path_parser import_accepts_a_dotted_module_path
1	PASS [   0.471s] (147/592) ken-elaborator::dependent_match_nonnullary_acceptance ac2_mis_narrowed_cons_arm_stays_kernel_rejected
1	PASS [   4.237s] (148/592) ken-elaborator::conversions_acceptance ac4_saturating_sub_clamps_at_lower_boundary_every_width
1	PASS [   0.007s] (149/592) ken-elaborator::ds3_sum_combinators_acceptance zero_axiom_in_sums_ken
1	PASS [   0.480s] (150/592) ken-elaborator::dependent_match_wstyle_acceptance ac1_wtree_wstyle_match_elaborates_with_pi_shaped_ih_domain
1	PASS [   1.780s] (151/592) ken-elaborator::ds2_ord_nat_acceptance refl_trans_antisym_need_no_conversion
1	PASS [   0.466s] (152/592) ken-elaborator::ds5b_dependent_match_refinement_acceptance tail_constructor_injectivity_retypes_peeled_recursive_field
1	PASS [   2.921s] (153/592) ken-elaborator::ds3_sum_combinators_acceptance ac8_maperr_does_not_touch_ok_payload
1	PASS [   2.796s] (154/592) ken-elaborator::ds4_list_combinators_acceptance ac8_off_by_one_range_length_rejected
1	PASS [   2.820s] (155/592) ken-elaborator::ds4_list_combinators_acceptance ac8_zip_length_is_min_not_left_length
1	PASS [   0.472s] (156/592) ken-elaborator::ds6c_intlit_elaborator_emission trusted_base_delta_is_exactly_empty_not_a_shrink
1	PASS [   0.483s] (157/592) ken-elaborator::ds6c_intlit_elaborator_emission real_int_literal_elaborates_to_intlit_and_tt_checks_end_to_end
1	PASS [   0.015s] (158/592) ken-elaborator::ds8_traversable_acceptance compose_instance_head_still_genuinely_absent
1	PASS [   0.454s] (159/592) ken-elaborator::ds8b_pure_into_proc_widening ac8_negative_effectful_witness_still_rejected_for_fn_field
1	PASS [   0.007s] (160/592) ken-elaborator::either_catalog_package_acceptance zero_axiom_in_sums_ken
1	PASS [   2.838s] (161/592) ken-elaborator::ds6a_int_deceq_acceptance abstract_int_equality_stays_neutral
1	PASS [   0.458s] (162/592) ken-elaborator::es3_modules_acceptance private_name_access_rejected_at_surface
1	PASS [   0.456s] (163/592) ken-elaborator::es3_modules_acceptance top_level_local_import_clash_is_rejected_latently
1	PASS [   2.921s] (164/592) ken-elaborator::ds7_applicative_monad_acceptance wired_superclass_chain_and_nested_projection
1	PASS [   3.012s] (165/592) ken-elaborator::either_catalog_package_acceptance trusted_base_delta_is_empty_across_the_file
1	PASS [   0.812s] (166/592) ken-elaborator::es4_classes_acceptance char_ord_laws_reject_missing_law_field
1	PASS [   0.482s] (167/592) ken-elaborator::explicit_data_elaboration dependent_index_telescope_lifts_prior_index_in_motive_premise
1	PASS [   0.445s] (168/592) ken-elaborator::explicit_data_elaboration same_family_occurrence_in_result_index_rejects_before_install
1	PASS [   0.474s] (169/592) ken-elaborator::explicit_data_elaboration type_possible_indexed_constructor_is_still_required
1	PASS [   0.008s] (170/592) ken-elaborator::explicit_data_parser explicit_where_simple_constructor_accepts_named_field_sugar
1	PASS [   0.007s] (171/592) ken-elaborator::fr1_zero_ctor_data_acceptance both_spellings_parse_to_zero_constructor_decls
1	PASS [   0.470s] (172/592) ken-elaborator::fr1_zero_ctor_data_acceptance non_empty_data_forms_still_parse_and_elaborate
1	PASS [   0.476s] (173/592) ken-elaborator::fr2_absurd_collision_hygiene arity_three_eq_and_j_sugar_still_intercept_normally
1	PASS [   3.246s] (174/592) ken-elaborator::es4_classes_acceptance int_ord_instance_is_audited_delta_not_zero_delta
1	PASS [   2.790s] (175/592) ken-elaborator::es4_classes_acceptance ord_total_law_is_the_bool_or_equation
1	PASS [   0.472s] (176/592) ken-elaborator::fr2_absurd_collision_hygiene data_ctor_named_eq_or_j_elaborates_fine_not_a_collision
1	PASS [   0.532s] (177/592) ken-elaborator::fr2_absurd_collision_hygiene declaring_lower_arity_j_or_eq_elaborates_fine_not_a_collision
1	PASS [   0.476s] (178/592) ken-elaborator::generated_index_evidence_closure generated_record_index_reflexivity_closes_top_second_child
1	PASS [   0.749s] (179/592) ken-elaborator::fr2_absurd_collision_hygiene non_colliding_ctor_alongside_a_colliding_one_still_reports_only_the_real_collision
1	PASS [   0.007s] (180/592) ken-elaborator::k5_absurd_trusted_base absurd_proof_position_counted_in_trusted_base_delta
1	PASS [   0.006s] (181/592) ken-elaborator::k5_absurd_trusted_base absurd_with_no_postulate_reference_has_empty_delta
1	PASS [   0.483s] (182/592) ken-elaborator::k3_literal_char_view interpreter_view_and_codes_use_the_kernel_checked_payload
1	PASS [   0.578s] (183/592) ken-elaborator::ken_md_literate elaboration_errors_report_original_markdown_offsets
1	PASS [   0.016s] (184/592) ken-elaborator::kenfmt_b1_lossless block_and_doc_comments_are_counted_for_attachment
1	PASS [   0.014s] (185/592) ken-elaborator::kenfmt_b1_lossless public_consumer_depends_only_on_the_formattable_source_interface
1	PASS [   0.561s] (186/592) ken-elaborator::ken_md_literate ken_ignore_with_elaboration_breaking_body_is_never_checked
1	PASS [   0.654s] (187/592) ken-elaborator::kernel_conv_congruence_closure cast_congruence_is_reached_by_checked_ken_source
1	PASS [   0.463s] (188/592) ken-elaborator::ktr2_data_lowering_diagnostics unbound_lowercase_constructor_argument_is_unresolved
1	PASS [   0.547s] (189/592) ken-elaborator::l2_acceptance ac1_construct_then_eliminate_reduces
1	PASS [   0.654s] (190/592) ken-elaborator::l2_acceptance foreign_constructor_arm_rejected_before_single_column_reachability
1	PASS [   0.454s] (191/592) ken-elaborator::l2_acceptance non_first_ordinal_constructor_witness_indexes_correctly
1	PASS [   0.508s] (192/592) ken-elaborator::l3_strings_roundtrip_acceptance ac1_s2l_witness_is_always_a_valid_scalar
1	PASS [   0.463s] (193/592) ken-elaborator::l3_strings_roundtrip_acceptance ac3_mixed_multiscalar_and_empty_string
1	PASS [   0.477s] (194/592) ken-elaborator::l3_strings_roundtrip_acceptance ac3_surrogate_guard_across_corpus
1	PASS [   3.479s] (195/592) ken-elaborator::k3_literal_char_view checked_unicode_scalar_nfc_and_non_ascii_witness_refusal
1	PASS [   0.512s] (196/592) ken-elaborator::l3a_recursive_view_smoke poly_id_elaborates
1	PASS [   0.008s] (197/592) ken-elaborator::l6_acceptance bytes_immutable_concat_allocates_fresh
1	PASS [   0.477s] (198/592) ken-elaborator::l6_acceptance read_bytes_untracked_is_type_error
1	PASS [   0.469s] (199/592) ken-elaborator::l7_acceptance not_relied_on_foreign_absent_from_trusted_base_delta
1	PASS [   1.862s] (200/592) ken-elaborator::l4_export_reexport loader_executes_same_identity_carveout_and_distinct_source_flip
1	PASS [   0.939s] (201/592) ken-elaborator::l_match_ih_fix_acceptance ac3_discriminating_pair_accepts_valid_rejects_ill_typed_sibling
1	PASS [   0.007s] (202/592) ken-elaborator::lang_application_atom_if_rejection every_file_fixture_passes_the_one_directional_check
1	PASS [   0.007s] (203/592) ken-elaborator::lang_atom_start_classification_closure ac0_a_bare_truncation_is_an_argument_in_both_positions
1	PASS [   0.007s] (204/592) ken-elaborator::lang_atom_start_classification_closure ac9_positive_control_the_excluded_tokens_still_start_atoms_elsewhere
1	PASS [   0.009s] (205/592) ken-elaborator::lang_atom_start_classification_closure invariant_1_no_depth_zero_comma_precedes_the_first_arrow_in_an_arm_block
1	PASS [   0.007s] (206/592) ken-elaborator::lang_bare_operator_atom_rejection ac_span_rejection_is_at_the_leading_token_and_raised_by_the_atom_parser
1	PASS [   0.006s] (207/592) ken-elaborator::lang_bytes_hex_list_literal unbracketed_hex_integer_and_float_forms_are_unchanged
1	PASS [   0.468s] (208/592) ken-elaborator::l_resolver_globals ac1_cross_decl_lowercase_global_resolves
1	PASS [   2.806s] (209/592) ken-elaborator::l3_strings_surface_acceptance list_eq_is_codepoint_wise_not_nfc_folding
1	PASS [   0.006s] (210/592) ken-elaborator::lang_foreign_name_format_chars formatter_recovery_typed_error_uses_whole_fragment_coordinates
1	PASS [   0.006s] (211/592) ken-elaborator::lang_foreign_name_format_chars literate_hard_errors_rebase_to_document_spans_in_every_role
1	PASS [   0.007s] (212/592) ken-elaborator::lang_foreign_name_format_chars lossless_and_layout_consumers_account_for_the_leading_bom
1	PASS [  11.880s] (213/592) ken-elaborator::es2_acceptance map_replacement_is_derived_not_primitive
1	PASS [   0.007s] (214/592) ken-elaborator::lang_lex_numeric_forms separators_and_radix_integers_have_boundaries
1	PASS [   0.458s] (215/592) ken-elaborator::lang_foreign_name_control_chars non_nul_control_character_also_rejects
1	PASS [   0.458s] (216/592) ken-elaborator::lang_foreign_name_control_chars symbol_name_containing_escaped_nul_rejects
1	PASS [   0.523s] (217/592) ken-elaborator::lang_instance_search_second_path sole_explicit_constraint_retains_the_legacy_d_alias_row
1	PASS [   0.473s] (218/592) ken-elaborator::lang_match_as_pattern nested_constructor_alias_uses_its_depth_rebased_occurrence
1	PASS [   0.474s] (219/592) ken-elaborator::lang_match_as_pattern top_level_wildcard_alias_remains_fail_closed
1	PASS [   0.470s] (220/592) ken-elaborator::lang_match_record_pattern open_subset_subsumes_later_fuller_record_with_honest_cause
1	PASS [   0.474s] (221/592) ken-elaborator::lang_match_tuple_pattern arity_three_right_nests_and_supplies_every_body_binding
1	PASS [   0.461s] (222/592) ken-elaborator::lang_membership_operator_surface removing_the_catalog_role_fails_required_certification_naming_member
1	PASS [   0.445s] (223/592) ken-elaborator::lang_mod_nat_floor_realization public_wrapper_all_renamed_data_preserves_local_parentage
1	PASS [   0.472s] (224/592) ken-elaborator::lang_mod_nat_floor_realization public_wrapper_rejects_floor_constructor_before_allocation
1	PASS [   1.806s] (225/592) ken-elaborator::lang_membership_operator_surface membership_binding_is_defined_once_and_the_facade_reexports_its_identity
1	PASS [   0.466s] (226/592) ken-elaborator::lang_mod_nat_floor_realization public_wrapper_rejects_floor_parent_before_allocation
1	PASS [   0.472s] (227/592) ken-elaborator::lang_mod_pair_floor_realization definitionally_equal_pair_is_a_distinct_identity
1	PASS [   0.838s] (228/592) ken-elaborator::lang_mod_pair_floor_realization missing_proof_terms_file_rejects_despite_in_memory_preload
1	PASS [   0.438s] (229/592) ken-elaborator::lang_mod_pair_floor_realization pair_floor_remains_available_after_unrelated_loads
1	PASS [   0.465s] (230/592) ken-elaborator::lang_mod_pair_floor_realization prelude_signature_inventory_is_executable_and_closed
1	PASS [   1.755s] (231/592) ken-elaborator::lang_mod_pair_floor_realization strict_bare_pair_floor_name_matrix_accepts_exact_ids
1	PASS [   0.543s] (232/592) ken-elaborator::lang_mod_pub_eligibility eligible_pub_definition_is_accepted_and_exported
1	PASS [   5.466s] (233/592) ken-elaborator::lang_mod_pair_floor_realization pair_floor_closure_is_rederived_after_realization
1	PASS [   0.571s] (234/592) ken-elaborator::lang_mod_strict_resolution_d1 one_roots_run_cannot_mix_legacy_and_strict_cache_entries
1	PASS [   0.645s] (235/592) ken-elaborator::lang_nested_former_recursion_acceptance ac_totality_preserved_negative_position_is_rejected
1	PASS [   0.861s] (236/592) ken-elaborator::lang_prelude_collections d5b_trusted_base_full_enumeration_from_bare_env
1	PASS [   0.732s] (237/592) ken-elaborator::lang_qualified_constructor_privacy forge_buffer_decl
1	PASS [   0.472s] (238/592) ken-elaborator::lang_qualified_constructor_privacy forge_mapping_decl
1	PASS [   0.438s] (239/592) ken-elaborator::lang_qualified_constructor_privacy forge_trace_decl
1	PASS [   0.470s] (240/592) ken-elaborator::lang_qualified_constructors module_and_type_constructor_path_conflict_in_both_positions
1	PASS [  12.695s] (241/592) ken-elaborator::lang_membership_operator_surface raw_tree_is_refused_while_the_ordered_key_view_is_admitted
1	PASS [   0.471s] (242/592) ken-elaborator::lang_roots_loader_local_instance_dict_scope undeclared_dictionary_import_is_rejected
1	PASS [   0.476s] (243/592) ken-elaborator::lang_standard_infix_call_completion an_explicit_saturated_call_through_the_facade_path_elaborates
1	PASS [   0.007s] (244/592) ken-elaborator::lang_surface_block_comments ac4_unterminated_errors_have_spans_in_both_scanners
1	PASS [   2.234s] (245/592) ken-elaborator::lang_reserved_infix_names reserved_precedence_alias_collision_and_privacy_use_existing_diagnostics
1	PASS [   0.007s] (246/592) ken-elaborator::lang_surface_pair comments_do_not_reset_projection_token_context
1	PASS [   0.483s] (247/592) ken-elaborator::lang_surface_pair checked_dependent_and_inferred_nondependent_pairs_elaborate
1	PASS [   0.520s] (248/592) ken-elaborator::lang_symbolic_operator_names symbolic_prefix_reference_remains_ordinary_application
1	PASS [   0.476s] (249/592) ken-elaborator::lang_truncation_surface_syntax d1_annotation_trunc_as_let_annotation_elaborates
1	PASS [   0.463s] (250/592) ken-elaborator::lang_truncation_surface_syntax d1_formation_wraps_a_full_expression_and_nests
1	PASS [   0.481s] (251/592) ken-elaborator::lang_truncation_surface_syntax d1_truncation_headed_constrained_instance_resolves_by_a_consistent_head
1	PASS [   0.443s] (252/592) ken-elaborator::lang_truncation_surface_syntax d2_elim_trunc_surface_sugar_refuses_a_type_classified_target
1	PASS [   0.473s] (253/592) ken-elaborator::lang_type_projection_surface_form a_chained_projection_folds_left_and_resolves_through_both_fields
1	PASS [   0.007s] (254/592) ken-elaborator::literal_escapes_conformance d0_foreign_names_decode_escapes_uniformly
1	PASS [   0.007s] (255/592) ken-elaborator::literal_escapes_lexer_unit common_escapes_decode_in_every_kind
1	PASS [   0.465s] (256/592) ken-elaborator::lang_type_projection_surface_form a_conid_head_still_parses_as_a_qualified_name_not_a_projection
1	PASS [  15.834s] (257/592) ken-elaborator::lang_mod_nat_floor_realization floor_parent_and_constructor_clash_matrix_is_fail_closed
1	PASS [  12.270s] (258/592) ken-elaborator::map_build_acceptance lookupassocagree_law5_is_a_real_general_proof_term
1	PASS [   0.007s] (259/592) ken-elaborator::match_arm_glyph formatter_canonicalizes_ascii_maps_to_before_arrow
1	PASS [   0.006s] (260/592) ken-elaborator::match_arm_glyph pipe_grammar_remains_distinct_from_ascii_maps_to
1	PASS [   0.006s] (261/592) ken-elaborator::n2_in_repo_loader catalog_source_path_inverts_to_nearest_root_and_dotted_entry
1	PASS [  12.651s] (262/592) ken-elaborator::map_build_acceptance cat_rel_reachable_within_has_exact_fuel_recurrence
1	PASS [   0.008s] (263/592) ken-elaborator::nc13_core_expression_lowering generated_closure_arity_mismatch_stays_runtime_ir_error
1	PASS [   0.577s] (264/592) ken-elaborator::nat_arithmetic_laws_acceptance trusted_base_delta_is_empty_across_the_entry
1	PASS [   0.659s] (265/592) ken-elaborator::nc13_core_expression_lowering source_derived_closed_function_target_lowers_to_runtime_ir
1	PASS [   0.009s] (266/592) ken-elaborator::nc16_primitive_value_lowering unsupported_literal_and_host_dependent_primitive_reject_before_runtime_success
1	PASS [   0.009s] (267/592) ken-elaborator::nc17_recursion_dictionaries_modules dictionary_construction_lowers_only_runtime_fields_to_record_values
1	PASS [   0.008s] (268/592) ken-elaborator::nc17_recursion_dictionaries_modules runtime_evaluator_executes_terminating_recursive_declaration_ref
1	PASS [   0.011s] (269/592) ken-elaborator::nc5_erasure_runtime_ir proof_erasure_boundary_witness_rejects_missing_runtime_record_declaration
1	PASS [   0.011s] (270/592) ken-elaborator::nc5_erasure_runtime_ir proof_erasure_boundary_witness_rejects_stale_identity
1	PASS [   0.494s] (271/592) ken-elaborator::nc14_data_match_lowering nested_inductive_elaboration_preserves_trusted_base_set
1	PASS [  13.334s] (272/592) ken-elaborator::map_build_acceptance tolistordered_law4_is_a_real_general_proof_term
1	PASS [   0.007s] (273/592) ken-elaborator::px3_abi_scalars ac3_native_widening_and_private_raw_floors_preserve_boundary_values
1	PASS [   0.479s] (274/592) ken-elaborator::purity_keywords surf1_d2_fn_and_const_cannot_declare_effect_rows
1	PASS [   0.447s] (275/592) ken-elaborator::px3_abi_scalars ac4_trusted_delta_is_the_exact_named_twelve_entries
1	PASS [   0.944s] (276/592) ken-elaborator::proof_vocabulary homogeneous_mutual_proofs_admit_but_non_descending_proofs_fail_at_sct
1	PASS [   0.472s] (277/592) ken-elaborator::px8f_buffer_io_surface buffer_span_producer_closure_reduces_transparent_type_aliases
1	PASS [   0.473s] (278/592) ken-elaborator::px8f_buffer_io_surface buffer_span_producer_closure_resolves_public_constructors
1	PASS [   0.592s] (279/592) ken-elaborator::px8f_buffer_io_surface buffer_span_producer_closure_is_derived_from_public_globals
1	PASS [   0.477s] (280/592) ken-elaborator::px9_revoked_unification resource_lifecycle_keeps_exact_non_revoked_arms_and_zero_new_trust
1	PASS [   0.438s] (281/592) ken-elaborator::record_literal missing_duplicate_and_foreign_fields_refuse_at_source_spans
1	PASS [   1.131s] (282/592) ken-elaborator::r3_c1_source_arrival c1_source_nested_result_reaches_runtime_ir_under_library_selection
1	PASS [   0.455s] (283/592) ken-elaborator::record_literal record_literals_are_unparenthesized_application_arguments
1	PASS [   0.556s] (284/592) ken-elaborator::rt_dasm_d1b_role_a_runtime_symbols d1b_role_a_generic_package_emission_produces_the_package_qualified_nat_pair
1	PASS [   0.615s] (285/592) ken-elaborator::rt_dasm_d1b_role_c1_trusted_base_provenance c1_a_package_without_a_roster_is_refused
1	PASS [   0.618s] (286/592) ken-elaborator::rt_dasm_d1b_role_c1_trusted_base_provenance c1_a_retargeted_assumption_identity_is_refused
1	PASS [   0.613s] (287/592) ken-elaborator::rt_dasm_d1b_role_c1_trusted_base_provenance c1_a_severed_tuple_partner_is_refused
1	PASS [   0.639s] (288/592) ken-elaborator::rt_dasm_d1b_role_c1_trusted_base_provenance c1_the_user_foreign_still_fails_in_admission_before_the_residual_blockers
1	PASS [   0.007s] (289/592) ken-elaborator::sec1_acceptance by_proof_trichotomy_cross_case_sweep
1	PASS [   0.006s] (290/592) ken-elaborator::sec1_acceptance deferred_machinery_carries_reify_trigger
1	PASS [   0.006s] (291/592) ken-elaborator::sec2_acceptance unaudited_boundary_effect_is_impossible
1	PASS [   0.454s] (292/592) ken-elaborator::sct_completeness_repro shape_a_near_miss_recurses_on_unchanged_scrutinee_stays_rejected
1	PASS [   0.024s] (293/592) ken-elaborator::surf_space_cells_p1 ac_s1_spec_counter_example_parses_verbatim
1	PASS [   0.457s] (294/592) ken-elaborator::surf_space_cells_p1 ac_s4_write_core_is_bind_get_then_put
1	PASS [   0.953s] (295/592) ken-elaborator::sec4_acceptance kernel_resolved_graph_has_no_ken_generated_workspace_dependency
1	PASS [   0.438s] (296/592) ken-elaborator::surface_arrow_in_expr_acceptance arrow_passed_as_an_ordinary_function_argument
1	PASS [   0.588s] (297/592) ken-elaborator::surface_arrow_in_expr_acceptance dependent_arrow_in_expr_position_is_a_real_pi
1	PASS [   0.619s] (298/592) ken-elaborator::surface_def_refinement def_refinement_and_def_alias_elaborate_to_the_same_core_decl_as_type_used_to
1	PASS [   0.539s] (299/592) ken-elaborator::surface_def_refinement type_keyword_no_longer_parses_as_a_declaration
1	PASS [   0.652s] (300/592) ken-elaborator::surface_named_proof_claims attached_proof_subject_telescope_must_match
1	PASS [   0.440s] (301/592) ken-elaborator::surface_named_proof_claims module_selective_import_exposes_prop_intro_without_bare_intro
1	PASS [   0.694s] (302/592) ken-elaborator::surface_named_proof_claims module_selective_import_exposes_canonical_attached_proof_only
1	PASS [   0.495s] (303/592) ken-elaborator::surface_transport_acceptance standalone_malformed_j_is_rejected_by_the_final_kernel_check
1	PASS [   0.577s] (304/592) ken-elaborator::surface_transport_acceptance ill_typed_transport_wrong_witness_type_is_kernel_rejected
1	PASS [   0.009s] (305/592) ken-elaborator::surface_unicode surf1_d3_unicode_and_ascii_lex_to_same_tokens
1	PASS [   0.015s] (306/592) ken-elaborator::t1_acceptance additive_unknown_field_accepted
1	PASS [   0.484s] (307/592) ken-elaborator::surface_transport_acceptance stuck_match_transports_via_package_sym
1	PASS [   0.481s] (308/592) ken-elaborator::v1_acceptance refinement_lowers_to_carrier
1	PASS [   0.008s] (309/592) ken-elaborator::v2_acceptance inductive_postcond_hole_localization_placeholder
1	PASS [   0.474s] (310/592) ken-elaborator::v1_acceptance requires_elaborates_to_pi_proof_arg
1	PASS [   0.007s] (311/592) ken-elaborator::v3_acceptance unrecognized_shape_to_ho_default_no_skip
1	PASS [   0.480s] (312/592) ken-elaborator::v2_acceptance provenance_and_stable_ids
1	PASS [   2.707s] (313/592) ken-elaborator::v3_fo_checker_soundness_d1a_elaborator_divergence_finding control_fn_parameter_with_recursive_fn_equality_elaborates
1	PASS [   2.709s] (314/592) ken-elaborator::v3_fo_checker_soundness_d1a_elaborator_divergence_finding minimal_data_ctor_with_recursive_nat_eq_equality_elaborates
1	PASS [   2.730s] (315/592) ken-elaborator::v3_fo_checker_soundness_d2_bool_inversion fok_and_left_naive_prebound_form_is_kernel_rejected
1	PASS [   2.731s] (316/592) ken-elaborator::v3_fo_checker_soundness_d2_bool_inversion fok_and_right_naive_prebound_form_is_kernel_rejected
1	PASS [   2.710s] (317/592) ken-elaborator::v3_fo_checker_soundness_d2_bool_inversion fok_or_left_false_naive_prebound_form_is_kernel_rejected
1	PASS [   2.728s] (318/592) ken-elaborator::v3_fo_checker_soundness_d2_bool_inversion fok_or_right_false_naive_prebound_form_is_kernel_rejected
1	PASS [   0.008s] (319/592) ken-elaborator::v3_fo_kripke_slice_acceptance quote_fo_accepts_both_controls_refuses_outside_the_slice
1	PASS [   0.007s] (320/592) ken-elaborator::v3_fo_obligation_signature_discovery_acceptance accepted_certificate_through_public_route_yields_unknown_never_proved
1	PASS [   3.820s] (321/592) ken-elaborator::v3_fo_ken_level_checker_authoring fok_form_eq_agrees_with_rust_partial_eq_field_level
1	PASS [  10.488s] (322/592) ken-elaborator::v3_fo_route_consumption_apparatus handles_resolve_atomically_then_survive_source_name_removal
1	PASS [   2.726s] (323/592) ken-elaborator::v3_fo_route_proved_composition checker_acceptance_without_a_kernel_check_stays_withheld_unknown
1	PASS [   2.748s] (324/592) ken-elaborator::v3_fo_route_proved_composition quotation_refusal_and_no_certificate_keep_the_ipc_fallback
1	PASS [   7.958s] (325/592) ken-elaborator::v3_fo_sorted_eigenparameter_wrong_sort_controls out_of_scope_bound_reference_is_refused
1	PASS [   0.007s] (326/592) ken-elaborator::v4_acceptance fully_proved_program_zero_diagnostics
1	PASS [   0.006s] (327/592) ken-elaborator::v4_acceptance no_slice_action_for_refuted_goal
1	PASS [   0.006s] (328/592) ken-elaborator::v4_acceptance slice_missing_hypothesis_sufficiency_flip
1	PASS [   0.006s] (329/592) ken-elaborator::v4_acceptance three_regions_partition_keyed_to_verdict
1	PASS [   0.451s] (330/592) ken-elaborator::val1_string_literals ackermann_sct_gap_closed
1	PASS [   0.456s] (331/592) ken-elaborator::val1_string_literals is_even_nested_pattern_elaborates_and_reduces
1	PASS [   0.457s] (332/592) ken-elaborator::val1_string_literals print_line_type_checks_as_io_unit
1	PASS [   0.009s] (333/592) ken-foundation store::tests::intern_distinct_values_different_slots
1	PASS [   0.030s] (334/592) ken-foundation::acceptance dedup_rate_matches_expected
1	PASS [   0.014s] (335/592) ken-host abi_v1::tests::abi_a3_raw_dispatch_executes_all_four_directory_operations
1	PASS [   0.007s] (336/592) ken-host abi_v1::tests::abi_s6_d5a_native_anonymous_mapping_matches_in_process_semantics
1	PASS [   0.006s] (337/592) ken-host abi_v1::tests::every_deferred_operation_has_its_own_named_native_boundary_rejection
1	PASS [   0.009s] (338/592) ken-host abi_v1::tests::root_denial_writer_needs_no_live_process_context
1	PASS [   0.006s] (339/592) ken-host abi_v1::tests::scripted_effective_uid_discriminates_the_native_startup_posture
1	PASS [   0.006s] (340/592) ken-host abi_v1::tests::wrong_generation_is_capability_denied_before_filesystem_access
1	PASS [   0.009s] (341/592) ken-host effect_v1::tests::abi_s1_sync_modes_execute_and_share_the_write_right
1	PASS [   0.007s] (342/592) ken-host effect_v1::tests::abi_s6_d4_file_acquire_enforces_rights_exact_length_lineage_and_capacity
1	PASS [   0.006s] (343/592) ken-host effect_v1::tests::abi_s6_d4_file_acquire_identity_and_unavailable_posture_are_pinned
1	PASS [   0.006s] (344/592) ken-host effect_v1::tests::canonical_payloads_and_unknown_identities_preserve_discriminators
1	PASS [   0.006s] (345/592) ken-host effect_v1::tests::catalog_is_closed_and_availability_is_exact
1	PASS [   0.006s] (346/592) ken-host effect_v1::tests::released_acquisition_span_is_not_revived_by_slot_reuse
1	PASS [   0.006s] (347/592) ken-host effect_v1::tests::resource_admission_inventory_is_exact_and_abi_r3_closed
1	PASS [   0.006s] (348/592) ken-host effect_v1::tests::revoke_admission_order_preserves_write_and_exactly_once_settlement
1	PASS [   0.006s] (349/592) ken-host effect_wire::tests::abi_s1_sync_modes_round_trip_distinct_and_fail_closed
1	PASS [   0.006s] (350/592) ken-host effect_wire::tests::ac1_every_new_request_survives_an_encode_decode_round_trip
1	PASS [   0.006s] (351/592) ken-host effect_wire::tests::home_failure_wire_distinguishes_lookup_from_root_open_and_keeps_identity
1	PASS [   0.006s] (352/592) ken-host mapping_v1::tests::anonymous_mapping_flags_are_private_not_shared
1	PASS [   0.006s] (353/592) ken-host revocation_v1::tests::copy_preserves_node_identity_without_minting
1	PASS [   0.007s] (354/592) ken-host tests::rooted_operations_preserve_bytes_and_nofollow_policy
1	PASS [   0.008s] (355/592) ken-interp eff_tests::eff3_row_bounding_escape_rejects_at_elaboration
1	PASS [   0.456s] (356/592) ken-interp eval::nfc_construction_tests::bytes_decode_normalizes_and_preserves_string_retraction
1	PASS [   0.010s] (357/592) ken-interp eval::px5b_effect_observation_tests::ac3_sleep_until_is_refused_on_a_path_that_still_serves_an_available_op
1	PASS [   0.009s] (358/592) ken-interp eval::px5b_effect_observation_tests::buffer_reservation_failure_reifies_the_checked_allocation_error
1	PASS [   0.009s] (359/592) ken-interp eval::px5b_effect_observation_tests::positioned_backend_zero_write_reifies_absolute_no_progress
1	PASS [   0.008s] (360/592) ken-interp eval::px5b_effect_observation_tests::producer_returns_the_imported_observation
1	PASS [   0.011s] (361/592) ken-interp eval::px5b_effect_observation_tests::recording_is_behaviorally_inert
1	PASS [   0.009s] (362/592) ken-interp eval::px5b_effect_observation_tests::rt_parity_buffer_allocate_rejects_malformed_capacity_exactly
1	PASS [   0.014s] (363/592) ken-interp tests::det_canonical_order_independent
1	PASS [   0.013s] (364/592) ken-interp tests::empty_capture_closure_is_not_static_reference
1	PASS [   0.012s] (365/592) ken-interp tests::existing_anchors_still_green
1	PASS [   0.006s] (366/592) ken-interp::ds6b_intlit_eq_reduction_cross_layer kernel_and_interp_agree_on_distinct_bigints
1	PASS [   0.006s] (367/592) ken-interp::f1_bignum_acceptance f1_add_int_crosses_i128_ceiling
1	PASS [   0.008s] (368/592) ken-interp::f1_bignum_acceptance f1_oracle_eq_int_boundary
1	PASS [   0.005s] (369/592) ken-interp::f1_bignum_acceptance f1_oracle_sign_boundary
1	PASS [   0.006s] (370/592) ken-interp::f2f3_acceptance f3_legacy_add_sub_mul_unregistered_in_elaborator
1	PASS [   0.453s] (371/592) ken-interp::i2_console_floor broken_pipe_is_the_named_ioerror_value
1	PASS [   0.447s] (372/592) ken-interp::i2_console_floor console_surface_and_package_are_zero_trust_definitions
1	PASS [   0.450s] (373/592) ken-interp::i3_fs_floor surface_and_render_package_add_zero_trusted_base_entries
1	PASS [   0.456s] (374/592) ken-interp::i5_scoped_capability absolute_and_right_pairs_have_exact_pre_operation_denials
1	PASS [   0.010s] (375/592) ken-interp::k1p5_ih_wstyle_vis_fold_acceptance wstyle_unused_ih_is_dead_code_skipped
1	PASS [  31.854s] (376/592) ken-elaborator::v3_fo_route_consumption_apparatus encoder_covers_every_slice_source_constructor_and_route_consumes_composite
1	PASS [   0.007s] (377/592) ken-interp::leq_int_acceptance derived_lt_composes_leq_and_not
1	PASS [   0.009s] (378/592) ken-interp::nc12_runtime_ir_evaluator disagreement_report_names_artifact_target_and_both_observations
1	PASS [   0.006s] (379/592) ken-interp::nc12_runtime_ir_evaluator explicit_runtime_trap_is_an_observation_not_host_behavior
1	PASS [   0.006s] (380/592) ken-interp::nc12_runtime_ir_evaluator p2_an_ambiguous_example_key_is_refused_rather_than_resolved_by_order
1	PASS [   0.461s] (381/592) ken-interp::l1_acceptance sec61_literal_reduces_in_kernel
1	PASS [   0.651s] (382/592) ken-interp::nc7_differential_trust_report interpreter_backed_f1_report_uses_real_oracle_not_seed_observation
1	PASS [   0.478s] (383/592) ken-interp::nc9_proof_erasure_boundary_checker ken_checker_rejects_dropped_metadata_with_named_lane
1	PASS [   0.009s] (384/592) ken-kernel env::literal_rollback_tests::checked_payload_requires_live_literal_and_exact_string_carrier
1	PASS [   0.006s] (385/592) ken-kernel env::literal_rollback_tests::popped_literal_is_absent_from_raw_table_before_id_reuse
1	PASS [   0.007s] (386/592) ken-kernel inductive::tests::iota_reduct_wrong_ctor_arity_errors_not_panics
1	PASS [   0.006s] (387/592) ken-kernel inductive::tests::occurs_finds_former
1	PASS [   0.007s] (388/592) ken-kernel inductive::tests::positivity_nat_accepted
1	PASS [   0.007s] (389/592) ken-kernel sct::tests::is_exact_reconstruction_non_constructor_head_rejected
1	PASS [   0.015s] (390/592) ken-kernel::acceptance ac1_type_in_type_rejected
1	PASS [   0.011s] (391/592) ken-kernel::acceptance ac3_sigma_eta
1	PASS [   0.009s] (392/592) ken-kernel::acceptance ac4_elim_nat_iota_zero
1	PASS [   0.009s] (393/592) ken-kernel::acceptance ac4_elim_nat_type_checks
1	PASS [   0.012s] (394/592) ken-kernel::acceptance ac4_elim_vec_iota_vcons
1	PASS [   0.007s] (395/592) ken-kernel::acceptance ac5_positive_list_admitted
1	PASS [   0.009s] (396/592) ken-kernel::acceptance k2_quotient_eq_is_relation
1	PASS [   0.010s] (397/592) ken-kernel::acceptance k2_uip_definitional
1	PASS [   0.011s] (398/592) ken-kernel::ds6a_int_deceq_certificate trusted_base_delta_is_exactly_the_two_certificate_postulates
1	PASS [   0.007s] (399/592) ken-kernel::ds6a_int_deceq_certificate well_shaped_registration_succeeds_and_types_round_trip
1	PASS [   0.011s] (400/592) ken-kernel::ds6b_intlit_eq_reduction large_literal_does_not_diverge
1	PASS [   0.007s] (401/592) ken-kernel::ds6b_intlit_eq_reduction neutral_preserved_for_abstract_operands
1	PASS [   0.010s] (402/592) ken-kernel::k1p5_wstyle ac1_branching_domain_not_d_free_rejected
1	PASS [   0.007s] (403/592) ken-kernel::k1p5_wstyle ac2_indexed_wstyle_method_type_agreement
1	PASS [   0.007s] (404/592) ken-kernel::k1p5_wstyle ac2_two_motive_levels_accepted
1	PASS [   0.011s] (405/592) ken-kernel::k2c_conversion sct_accept_plus
1	PASS [   0.008s] (406/592) ken-kernel::k2c_conversion sct_accept_second_parameter
1	PASS [   0.012s] (407/592) ken-kernel::k5_omega_fragment neutral_index_equality_cannot_feed_type_absurd
1	PASS [   0.007s] (408/592) ken-kernel::k5_omega_fragment trusted_base_unaffected_by_prelude_tt
1	PASS [   0.011s] (409/592) ken-kernel::k7_eq_at_inductive_whnf bool_leq_fixture_reduces_as_designed
1	PASS [   0.008s] (410/592) ken-kernel::k7_eq_at_inductive_whnf eq_at_inductive_already_constructor_headed_operand_unaffected
1	PASS [   0.006s] (411/592) ken-kernel::k7_eq_at_inductive_whnf eq_at_inductive_collapses_operation_wrapped_same_constructor
1	PASS [   0.010s] (412/592) ken-kernel::ktr1_constructor_universe_gate same_level_universe_argument_is_rejected_with_specific_error
1	PASS [   0.012s] (413/592) ken-kernel::nested_inductives_d3b_d4 convertible_field_spellings_generate_convertible_lifts_and_iota_terms
1	PASS [   0.011s] (414/592) ken-kernel::nested_inductives_d3b_d4 declared_positive_former_lift_builds_dependent_host_evidence
1	PASS [   0.013s] (415/592) ken-kernel::nested_inductives_remaining checked_transparent_sigma_aliases_admit_renamed_nested_paths
1	PASS [   0.010s] (416/592) ken-kernel::sigma_sort k1_sigma_nat_nat_regression
1	PASS [   0.009s] (417/592) ken-runtime activation_abi::tests::selected_call_checked_services_gate_rejects_capacity_and_integrity
1	PASS [   0.008s] (418/592) ken-runtime activation_services::tests::the_two_services_are_at_distinct_offsets
1	PASS [   0.012s] (419/592) ken-runtime boundary_activation::tests::reservable_large_grants_publish_at_open_and_begin
1	PASS [   0.009s] (420/592) ken-runtime boundary_activation::tests::the_generated_root_ingress_excludes_the_native_arena
1	PASS [   0.006s] (421/592) ken-runtime boundary_resource_profile::tests::a_zero_limit_is_explicit_and_is_not_an_absent_profile
1	PASS [   0.009s] (422/592) ken-runtime boundary_value::invocation_aggregate_decode_tests::a_bare_constructor_aggregate_decodes_to_its_issued_symbol
1	PASS [   0.483s] (423/592) ken-interp::nc9_proof_erasure_boundary_checker native_trust_report_attachment_recheck_names_concrete_mismatch_lane
1	PASS [   0.011s] (424/592) ken-runtime boundary_value::invocation_aggregate_decode_tests::a_malformed_node_local_span_refuses
1	PASS [   0.009s] (425/592) ken-runtime boundary_value::invocation_aggregate_decode_tests::the_six_remaining_tags_and_an_unknown_byte_all_refuse
1	PASS [   0.128s] (426/592) ken-runtime boundary_value::invocation_aggregate_decode_tests::a_deep_chain_and_a_shared_child_both_decode
1	PASS [   0.043s] (427/592) ken-runtime boundary_value_clif::tests::b2v_ac10_a_constructible_node_cycle_is_refused_not_recursed
1	PASS [   0.074s] (428/592) ken-runtime boundary_value_clif::tests::b2v_a_separately_compiled_consumer_reads_a_spilled_int_by_content
1	PASS [   0.039s] (429/592) ken-runtime boundary_value_clif::tests::b2v_ac6_adoption_refuses_an_unsealed_region
1	PASS [   0.056s] (430/592) ken-runtime boundary_value_clif::tests::b2v_emitted_code_selects_the_host_result_arm_at_runtime
1	PASS [   0.058s] (431/592) ken-runtime boundary_value_clif::tests::b2v_helper_population_does_not_grow_with_the_value_population
1	PASS [   0.038s] (432/592) ken-runtime boundary_value_clif::tests::b2v_referent_owner_distinguishes_persistent_from_borrowed
1	PASS [   0.007s] (433/592) ken-runtime canonical::tests::ac_v1b_corpus_covers_every_value_variant
1	PASS [   0.010s] (434/592) ken-runtime canonical::tests::ac_v9_projection_refuses_a_closure_nested_below_the_root
1	PASS [   0.025s] (435/592) ken-runtime boundary_value_clif::tests::b2v_the_tag_class_relation_is_closed_over_the_whole_product
1	PASS [   0.010s] (436/592) ken-runtime cranelift_backend::artifact::api::tests::nc22_runtime_ir_report_identity_mismatch_rejects_before_native_lowering
1	PASS [   0.009s] (437/592) ken-runtime cranelift_backend::artifact::api::tests::nc8_certificate_rejects_add_int_wrong_arity_in_reachable_transparent_declaration
1	PASS [   0.009s] (438/592) ken-runtime cranelift_backend::artifact::api::tests::nc8_certificate_rejects_let_expression_in_validated_example
1	PASS [   0.007s] (439/592) ken-runtime cranelift_backend::artifact::api::tests::nc8_certificate_rejects_var_in_reachable_transparent_declaration
1	PASS [   0.007s] (440/592) ken-runtime cranelift_backend::grafted_spine_control_graph::tests::query_inputs_do_not_mutate_a_finished_synthetic_graph
1	PASS [   0.008s] (441/592) ken-runtime cranelift_backend::grafted_spine_control_graph::tests::shared_terminal_requires_injective_existing_control_words
1	PASS [   0.007s] (442/592) ken-runtime cranelift_backend::grafted_spine_control_graph::tests::unknown_typed_endpoint_fails_closed
1	PASS [   0.029s] (443/592) ken-runtime cranelift_backend::artifact::tests::b2f_ac8_the_inventory_enumerator_sees_a_second_emitters_declarations
1	PASS [   0.006s] (444/592) ken-runtime cranelift_backend::lowering::boundary::tests::recut2_derived_witnesses_come_from_the_production_authority
1	PASS [   0.031s] (445/592) ken-runtime cranelift_backend::lowering::calls::tests::d6_a_functionized_recursive_declaration_accepts_a_changing_argument_constructor
1	PASS [   0.026s] (446/592) ken-runtime cranelift_backend::lowering::core::primitive::tests::checked_partial_primitive_still_rejects_unknown_arguments
1	PASS [   0.009s] (447/592) ken-runtime cranelift_backend::lowering::core::tests::constructors::a_carried_capture_meeting_artifact_static_storage_rejects_on_lifetime
1	PASS [   0.025s] (448/592) ken-runtime cranelift_backend::lowering::core::tests::constructors::b2f_d9_a_real_native_big_crosses_as_an_owned_region_limbed_copy
1	PASS [   0.045s] (449/592) ken-runtime cranelift_backend::lowering::core::tests::constructors::c1_d3_ac_c4_each_case_binder_reads_its_own_constructor_field
1	PASS [   0.153s] (450/592) ken-runtime cranelift_backend::lowering::aggregates::tests::a_sibling_effect_seats_coordinate_is_rejected_at_construction
1	PASS [   0.030s] (451/592) ken-runtime cranelift_backend::lowering::core::tests::constructors::carried_bool_family_refuses_a_wrong_binder_count_pre_arm
1	PASS [   0.032s] (452/592) ken-runtime cranelift_backend::lowering::core::tests::constructors::carried_bool_mapping_oracle_reddens_on_reversed_role_mapping
1	PASS [   0.030s] (453/592) ken-runtime cranelift_backend::lowering::core::tests::constructors::constructor_field_composes_through_computational_consumer
1	PASS [   0.045s] (454/592) ken-runtime cranelift_backend::lowering::core::tests::constructors::carried_structural_nat_adapter_is_load_bearing
1	PASS [   0.022s] (455/592) ken-runtime cranelift_backend::lowering::core::tests::constructors::d4_a_seat_whose_need_is_not_a_byte_span_is_refused
1	PASS [   0.045s] (456/592) ken-runtime cranelift_backend::lowering::core::tests::constructors::d4_a_non_span_is_a_distinct_outcome_from_an_observable_span
1	PASS [   0.020s] (457/592) ken-runtime cranelift_backend::lowering::core::tests::constructors::dynamic_constructor_mixed_present_and_omitted_keeps_default_distinct
1	PASS [   0.007s] (458/592) ken-runtime cranelift_backend::lowering::core::tests::constructors::generated_context_pairing_keeps_selected_parameter_before_both_capture_runs
1	PASS [   0.009s] (459/592) ken-runtime cranelift_backend::lowering::core::tests::constructors::heterogeneous_first_ordinary_missing_selects_exact_default
1	PASS [   0.031s] (460/592) ken-runtime cranelift_backend::lowering::core::tests::constructors::invocation_return_transport_selection_is_per_producer_in_production
1	PASS [   0.034s] (461/592) ken-runtime cranelift_backend::lowering::core::tests::constructors::nested_computational_producer_well_formed_control_emits
1	PASS [   0.009s] (462/592) ken-runtime cranelift_backend::lowering::core::tests::constructors::static_worker_as_aggregate_field_is_transported_and_non_materializable
1	PASS [   0.009s] (463/592) ken-runtime cranelift_backend::lowering::core::tests::constructors::static_worker_fails_closed_in_value_position
1	PASS [   0.007s] (464/592) ken-runtime cranelift_backend::lowering::core::tests::control::checked_marker_census_rejects_duplicate_call_and_slot_occurrences_before_cfg
1	PASS [   0.042s] (465/592) ken-runtime cranelift_backend::lowering::core::tests::constructors::selected_worker_generated_gate_rejects_reused_slot_generation
1	PASS [   0.009s] (466/592) ken-runtime cranelift_backend::lowering::core::tests::control::oriented_endpoint_corruption_and_affine_reuse_fail_closed
1	PASS [   0.033s] (467/592) ken-runtime cranelift_backend::lowering::core::tests::control::computational_match_declaration_ref_emits_and_runs_the_declaration_owned_unit
1	PASS [   0.025s] (468/592) ken-runtime cranelift_backend::lowering::core::tests::control::process_lowering_without_checked_root_authority_rejects_before_cfg
1	PASS [   0.039s] (469/592) ken-runtime cranelift_backend::lowering::core::tests::control::px8j_owned_scope_deletion_fails_closed_before_another_frame_is_emitted
1	PASS [   0.008s] (470/592) ken-runtime cranelift_backend::lowering::core::tests::control::the_item_head_enumerator_sees_every_ruled_form
1	PASS [   0.049s] (471/592) ken-runtime cranelift_backend::lowering::core::tests::control::px8j_siblings_share_an_origin_and_nested_ih_gets_a_child_origin
1	PASS [   0.011s] (472/592) ken-runtime cranelift_backend::lowering::core::tests::control::the_partition_still_refuses_a_capture_bearing_recursive_position
1	PASS [   0.062s] (473/592) ken-runtime cranelift_backend::lowering::core::tests::effects::ac1_a_specialized_constructor_scrutinee_still_selects_and_delivers
1	PASS [   0.007s] (474/592) ken-runtime cranelift_backend::lowering::core::tests::effects::ac_4_byte_span_seats_are_activated_exactly_where_evidence_proved_them
1	PASS [   0.346s] (475/592) ken-runtime cranelift_backend::lowering::core::tests::control::the_owner_classification_has_a_closed_production_naming_inventory
1	PASS [   0.036s] (476/592) ken-runtime cranelift_backend::lowering::core::tests::effects::borrowed_ingress_bytes_at_preserves_safe_none_bounds
1	PASS [   0.306s] (477/592) ken-runtime cranelift_backend::lowering::core::tests::effects::an_incomplete_duplicate_discarded_or_misobserved_visit_rejects
1	PASS [   0.059s] (478/592) ken-runtime cranelift_backend::lowering::core::tests::effects::carried_constructor_dispatch_is_load_bearing_without_widening_avail
1	PASS [   0.051s] (479/592) ken-runtime cranelift_backend::lowering::core::tests::effects::console_read_rejects_a_response_referent_misclassified_as_a_scalar
1	PASS [   0.069s] (480/592) ken-runtime cranelift_backend::lowering::core::tests::effects::px8i_host_narrowing_rejects_negative_and_over_u64_before_dispatch
1	PASS [   0.057s] (481/592) ken-runtime cranelift_backend::lowering::core::tests::effects::px8n_fs_read_at_arm_rejects_over_bound_span_before_observation
1	PASS [   0.175s] (482/592) ken-runtime cranelift_backend::lowering::core::tests::effects::native_nullary_resource_error_set_rejects_payloads_and_unknown_identities
1	PASS [   0.049s] (483/592) ken-runtime cranelift_backend::lowering::core::tests::effects::recursive_computational_host_result_keeps_established_dynamic_lane
1	PASS [   0.027s] (484/592) ken-runtime cranelift_backend::lowering::core::tests::effects::resource_token_seat_reads_the_transport_tag_not_semantic_node_identity
1	PASS [   0.027s] (485/592) ken-runtime cranelift_backend::lowering::core::tests::effects::unsupported_effect_is_distinct_from_backend_failure
1	PASS [   0.057s] (486/592) ken-runtime cranelift_backend::lowering::core::tests::host_call_carrier::d4_a_lexical_closure_declaration_retains_a_binding_and_still_runs
1	PASS [   0.100s] (487/592) ken-runtime cranelift_backend::lowering::core::tests::host_call_carrier::d5_c2_the_witness_reaches_the_seam_and_emits_the_exact_planner_target
1	PASS [   0.061s] (488/592) ken-runtime cranelift_backend::lowering::core::tests::host_call_carrier::d5_the_recursion_group_axis_is_inert_on_a_self_call_and_causal_on_the_mutual_pair
1	PASS [   0.150s] (489/592) ken-runtime cranelift_backend::lowering::core::tests::host_call_carrier::d5_the_checked_call_closeout_rejects_omission_duplication_and_a_substituted_callee
1	PASS [   0.036s] (490/592) ken-runtime cranelift_backend::lowering::core::tests::host_call_carrier::rt_d2_trace_shows_the_marker_propagated_and_never_reaching_the_composed_consumer
1	PASS [   0.639s] (491/592) ken-runtime cranelift_backend::lowering::core::tests::host_call_carrier::d8_every_required_join_plan_is_consumed_exactly_once
1	PASS [   0.121s] (492/592) ken-runtime cranelift_backend::lowering::core::tests::host_call_carrier::typed_trap_exit_identity_and_caller_protocol_mutations_are_discriminating
1	PASS [   0.046s] (493/592) ken-runtime cranelift_backend::lowering::core::tests::positional_candidate_settlement::ced_d2_the_inline_candidate_settles_after_the_bridge_and_is_not_a_call_obligation
1	PASS [   0.775s] (494/592) ken-runtime cranelift_backend::lowering::core::tests::host_call_carrier::rt_scale_b_governed_n3_through_n7_collect_every_d2_metric
1	PASS [   0.056s] (495/592) ken-runtime cranelift_backend::lowering::core::tests::positional_candidate_settlement::ced_d3_m4_omitting_the_direct_settlement_preserves_the_call_and_fails_candidate_totality
1	PASS [   0.018s] (496/592) ken-runtime cranelift_backend::lowering::core::tests::recursor_fusion::contkey_rows_four_and_five_carry_the_exact_outer_consuming_occurrence
1	PASS [   0.120s] (497/592) ken-runtime cranelift_backend::lowering::core::tests::recursor_fusion::r3_fused_outer_selector_refuses_an_escaped_selected_claim
1	PASS [   0.178s] (498/592) ken-runtime cranelift_backend::lowering::core::tests::recursor_fusion::r3_fused_capture_projection_refuses_before_emission
1	PASS [   0.060s] (499/592) ken-runtime cranelift_backend::lowering::core::tests::source_frame_bridge::d8g_the_functionized_population_binds_its_table_and_suffix_at_the_shared_emitter
1	PASS [   0.105s] (500/592) ken-runtime cranelift_backend::lowering::core::tests::source_frame_bridge::d8m_the_ordinary_bridge_arm_is_reached_and_untouched
1	PASS [   0.177s] (501/592) ken-runtime cranelift_backend::lowering::core::tests::source_frame_bridge::d8l2_the_composed_call_returns_the_ordinary_payload_it_consumed
1	PASS [   0.100s] (502/592) ken-runtime cranelift_backend::lowering::core::tests::source_frame_bridge::d8p_binding_is_zero_one_or_declined_per_application_occurrence
1	PASS [   0.107s] (503/592) ken-runtime cranelift_backend::lowering::core::tests::specialization_binding::d3b_the_consumer_refuses_an_index_the_emission_seat_does_not_hold
1	PASS [   0.085s] (504/592) ken-runtime cranelift_backend::lowering::core::tests::specialization_binding::d4b_the_generated_frame_consumer_runs_on_a_real_compile
1	PASS [   0.013s] (505/592) ken-runtime cranelift_backend::lowering::core::tests::specialization_binding::d5a_a_specialization_is_interned_before_the_descent_that_produced_it
1	PASS [   0.049s] (506/592) ken-runtime cranelift_backend::lowering::core::tests::specialization_binding::d6a_dropping_only_the_call_result_route_emits_direct_header_control
1	PASS [   0.049s] (507/592) ken-runtime cranelift_backend::lowering::core::tests::specialization_binding::d6a_the_exact_claimed_call_result_reaches_the_carried_consumer_as_checked
1	PASS [   0.014s] (508/592) ken-runtime cranelift_backend::lowering::core::tests::swapping_two_same_shaped_children_swaps_their_derived_origins
1	PASS [   0.007s] (509/592) ken-runtime cranelift_backend::lowering::seed_material::tests::nesting_is_accepted_below_the_cap_and_rejected_above_it
1	PASS [   0.008s] (510/592) ken-runtime cranelift_backend::lowering::seed_material::tests::size_is_accepted_below_the_cap_and_rejected_above_it
1	PASS [   0.035s] (511/592) ken-runtime cranelift_backend::lowering::core::tests::specialization_binding::d8e_a_neighbouring_callee_installs_the_binding_and_consumes_nothing
1	PASS [   0.007s] (512/592) ken-runtime cranelift_backend::lowering::source::tests::generated_entry_capsule_guard_rejects_every_specialized_sibling
1	PASS [   0.007s] (513/592) ken-runtime cranelift_backend::lowering::units::admitted_matches_role_sequence::a_short_admitted_run_is_refused_against_the_roles
1	PASS [   0.007s] (514/592) ken-runtime cranelift_backend::planning::plan_extraction_tests::native_join_plan_absent_when_no_metadata_carries_the_header
1	PASS [   0.007s] (515/592) ken-runtime cranelift_backend::planning::plan_extraction_tests::oriented_plan_rejects_two_plans_in_one_package
1	PASS [   0.007s] (516/592) ken-runtime cranelift_backend::planning::plan_extraction_tests::oriented_plan_round_trips_the_encoded_plan
1	PASS [   0.013s] (517/592) ken-runtime cranelift_backend::planning::static_transition::aggregates::checked_ih_captured_env_schema::a_mixed_run_carries_the_per_capture_lifetime_and_the_escaping_meet
1	PASS [   0.011s] (518/592) ken-runtime cranelift_backend::planning::static_transition::aggregates::checked_ih_captured_env_schema::a_unit_boundary_environment_program_receives_no_checked_ih_record
1	PASS [   0.009s] (519/592) ken-runtime cranelift_backend::planning::static_transition::aggregates::checked_ih_captured_env_schema::bind_continuation_production_rejects_response_field_origin_mismatch
1	PASS [   0.010s] (520/592) ken-runtime cranelift_backend::planning::static_transition::aggregates::checked_ih_captured_env_schema::transport_lookup_is_per_producer_inside_a_mixed_plan
1	PASS [   0.008s] (521/592) ken-runtime cranelift_backend::planning::static_transition::aggregates::tests::substrate_same_shape_aggregates_keep_distinct_lifetimes
1	PASS [   0.023s] (522/592) ken-runtime cranelift_backend::planning::static_transition::closure::tests::boundary_b1_semantics_are_discovery_order_and_dynamic_state_independent
1	PASS [   0.008s] (523/592) ken-runtime cranelift_backend::planning::static_transition::closure::tests::boundary_c1_producer_and_eliminator_share_one_constructor_identity
1	PASS [   0.012s] (524/592) ken-runtime cranelift_backend::planning::static_transition::closure::tests::d2h_ac2_the_three_expressible_refusals_mint_nothing
1	PASS [   0.009s] (525/592) ken-runtime cranelift_backend::planning::static_transition::closure::tests::d7_1c_the_member_population_closes_and_ordinary_closures_are_outside_it
1	PASS [   0.023s] (526/592) ken-runtime cranelift_backend::planning::static_transition::closure::tests::distinct_activations_share_one_helper_key_and_source_return_is_not_terminal
1	PASS [   0.009s] (527/592) ken-runtime cranelift_backend::planning::static_transition::construction::tests::a_static_body_target_whose_body_is_computational_takes_its_issued_pair
1	PASS [   0.014s] (528/592) ken-runtime cranelift_backend::planning::static_transition::continuations::fusion::tests::d2g_ac1_checked_twin_reaches_the_same_producer_to_ih_consumer_relation
1	PASS [   0.011s] (529/592) ken-runtime cranelift_backend::planning::static_transition::continuations::fusion::tests::d2g_ac2_a_broken_slot_to_frame_relation_resolves_nothing
1	PASS [   0.014s] (530/592) ken-runtime cranelift_backend::planning::static_transition::continuations::fusion::tests::d2g_ac2_transport_resolves_plan_backed_on_the_twin_and_is_absent_on_the_witness
1	PASS [   0.014s] (531/592) ken-runtime cranelift_backend::planning::static_transition::continuations::fusion::tests::d2g_ac3_the_twins_coordinates_are_fresh_and_some_coincide
1	PASS [   0.010s] (532/592) ken-runtime cranelift_backend::planning::static_transition::continuations::tests::contsrc_d2_populates_both_producer_local_binding_kinds
1	PASS [   0.010s] (533/592) ken-runtime cranelift_backend::planning::static_transition::continuations::tests::contsrc_d2b_generated_context_capture_separates_root_from_immediate
1	PASS [   0.008s] (534/592) ken-runtime cranelift_backend::planning::static_transition::continuations::tests::d3_the_callable_declaration_boundary_carries_typed_transport
1	PASS [   0.011s] (535/592) ken-runtime cranelift_backend::planning::static_transition::immediate_bridge::tests::a_duplicate_identity_refuses_rather_than_overwriting
1	PASS [   0.006s] (536/592) ken-runtime cranelift_backend::planning::static_transition::immediate_bridge::tests::lifted_call_closure_construct_producer_is_heterogeneous
1	PASS [   0.006s] (537/592) ken-runtime cranelift_backend::planning::static_transition::immediate_bridge::tests::lifted_compile_time_constructor_match_producer_is_heterogeneous
1	PASS [   0.006s] (538/592) ken-runtime cranelift_backend::planning::static_transition::immediate_bridge::tests::new_intent_the_ordinary_closure_spelling_is_also_heterogeneous
1	PASS [   0.010s] (539/592) ken-runtime cranelift_backend::planning::static_transition::immediate_bridge::tests::the_built_relation_is_keyed_by_the_complete_call_identity
1	PASS [   0.008s] (540/592) ken-runtime cranelift_backend::planning::static_transition::occurrences::tests::a_body_occurrence_naming_an_in_range_control_node_is_refused
1	PASS [   0.007s] (541/592) ken-runtime cranelift_backend::planning::static_transition::occurrences::tests::one_role_at_two_seats_is_two_non_aliasing_occurrences
1	PASS [   0.008s] (542/592) ken-runtime cranelift_backend::planning::static_transition::occurrences::tests::substrate_equal_case_lists_keep_distinct_occurrence_partitions
1	PASS [   0.008s] (543/592) ken-runtime cranelift_backend::planning::static_transition::occurrences::tests::substrate_occurrence_owner_and_lifetime_are_exact
1	PASS [   0.013s] (544/592) ken-runtime cranelift_backend::planning::static_transition::selected_pending_calls::tests::same_pending_leaves_admit_owner_and_refuse_ordinary_callee
1	PASS [   0.009s] (545/592) ken-runtime cranelift_backend::planning::static_transition::selected_pending_calls::tests::wrong_template_slot_refuses_at_the_production_walker
1	PASS [   0.009s] (546/592) ken-runtime cranelift_backend::planning::static_transition::units::tests::b2r_ac11_every_advertised_d5_rejection_class_names_the_arm_that_actually_fires
1	PASS [   0.353s] (547/592) ken-runtime cranelift_backend::lowering::source::tests::lrc_d2a_forwards_each_arrival_and_excludes_projection_owned_early_refusals
1	PASS [   0.010s] (548/592) ken-runtime cranelift_backend::planning::static_transition::units::tests::b2r_ac1_every_function_unit_has_exactly_one_descriptor_and_conversely
1	PASS [   0.012s] (549/592) ken-runtime cranelift_backend::planning::static_transition::units::tests::b2r_ac4_the_abi_is_invariant_under_payload_and_depth_and_rejects_an_implicit_tail
1	PASS [   0.011s] (550/592) ken-runtime executable_artifact_contract::tests::available_toolchain_fact_rejects_unavailable_or_unsupported_lanes
1	PASS [   0.015s] (551/592) ken-runtime cranelift_backend::planning::static_transition::units::tests::contspec_abi_preflight_makes_boundary_construction_allocation_free
1	PASS [   0.007s] (552/592) ken-runtime executable_entrypoint_packaging::tests::mismatched_report_contract_closure_identity_rejects_after_hash_refresh
1	PASS [   0.009s] (553/592) ken-runtime executable_artifact_contract::tests::stale_runtime_identity_rejects_before_native_status
1	PASS [   0.007s] (554/592) ken-runtime invocation_tickets::tests::selected_call_is_one_use_and_wrong_target_cannot_invoke
1	PASS [   0.010s] (555/592) ken-runtime ir::tests::acf2_computational_recursive_position_arity_is_load_bearing
1	PASS [   0.010s] (556/592) ken-runtime ir::tests::checked_ih_binder_morphism_refuses_a_stale_source_occurrence
1	PASS [   0.008s] (557/592) ken-runtime ir::tests::primitive_partiality_is_explicit_in_ir
1	PASS [   2.903s] (558/592) ken-runtime native_execution_differential::tests::closeout_frames_prerequisite_when_interpreter_lane_is_unavailable
1	PASS [   3.063s] (559/592) ken-runtime native_execution_differential::tests::closeout_classifies_deferred_effect_policy_as_unavailable
1	PASS [   2.543s] (560/592) ken-runtime native_execution_differential::tests::forged_object_linker_hash_rejects_unsupported_package_kind
1	PASS [   0.008s] (561/592) ken-runtime native_execution_differential::tests::pinned_effect_body_is_native_tested_by_exact_operation_identity
1	PASS [   2.886s] (562/592) ken-runtime native_execution_differential::tests::foreign_boundary_target_reports_policy_unavailable_before_native_execution
1	PASS [   2.532s] (563/592) ken-runtime native_execution_differential::tests::recomputed_hash_with_contradictory_backend_verifier_rejects_before_report
1	PASS [   0.007s] (564/592) ken-runtime native_process_entrypoint::tests::argv_environment_and_cwd_are_byte_accurate_and_field_ordered
1	PASS [   0.026s] (565/592) ken-runtime native_process_entrypoint::tests::host_effect_execution_remains_a_named_unavailable_lane
1	PASS [   0.007s] (566/592) ken-runtime object_linker_packaging::tests::stale_mutated_entrypoint_payload_rejects_before_linking
1	PASS [   0.007s] (567/592) ken-runtime object_linker_packaging::tests::unsupported_platform_target_rejects_before_object_emission
1	PASS [   0.007s] (568/592) ken-runtime platform_runtime_support::tests::imported_declaration_ref_rejects_even_under_closed_entrypoint_claim
1	PASS [   0.008s] (569/592) ken-runtime platform_runtime_support::tests::refreshed_non_executable_entrypoint_payload_rejects
1	PASS [   0.007s] (570/592) ken-runtime platform_runtime_support::tests::stable_abi_target_rejects_before_native_execution
1	PASS [   0.009s] (571/592) ken-runtime store::tests::equality_is_slot_id_compare
1	PASS [   0.009s] (572/592) ken-runtime store::tests::loud_refusal_not_silent
1	PASS [   0.014s] (573/592) ken-runtime store::tests::space_bounded_reclamation
1	PASS [   0.006s] (574/592) ken-runtime unknown::tests::unknown_or_false_is_unknown
1	PASS [   2.610s] (575/592) ken-runtime native_execution_differential::tests::recomputed_hash_with_mismatched_host_toolchain_rejects_before_report
1	PASS [   0.204s] (576/592) ken-runtime::value_depth_totality ac_v12_witness_equality_is_total_at_depth_d
1	PASS [   0.357s] (577/592) ken-runtime::value_depth_totality ac_p3a_host_recursive_debug_dies_at_depth_d_through_all_child_positions
1	PASS [   0.242s] (578/592) ken-runtime::value_depth_totality ac_v1_a_host_recursive_traversal_dies_on_this_population_at_depth_d
1	PASS [   0.051s] (579/592) ken-runtime::value_depth_totality ac_v3d_drop_alone_is_total_at_depth_d
1	PASS [   0.327s] (580/592) ken-runtime::value_depth_totality ac_v1_new_encoder_exact_bytes_at_depth_d_through_all_child_positions
1	PASS [   0.143s] (581/592) ken-runtime::value_depth_totality ac_v9_a_closure_at_depth_d_minus_one_is_refused_transitively
1	PASS [   0.014s] (582/592) ken-runtime::value_depth_totality all_chain_variants_covers_every_arm_the_mixed_fixture_nests
1	PASS [   0.026s] (583/592) ken-verify filesystem::tests::twin_roots_preserve_raw_paths_files_directories_and_symlinks
1	PASS [   0.243s] (584/592) ken-runtime::value_depth_totality ac_v9_projection_completes_at_depth_d_with_exact_closed_form_bytes
1	PASS [   1.114s] (585/592) ken-verify scenario::tests::cwd_and_absolute_root_spellings_emit_byte_identical_observations
1	PASS [  95.748s] (586/592) ken-elaborator::px8x_static_export_projection real_body_rejects_missing_plan_and_unreachable_operation_by_named_error
1	PASS [  53.221s] (587/592) ken-verify scenario::tests::fs_append_file_real_artifact_content_count_differential_discriminates
1	PASS [  53.877s] (588/592) ken-verify scenario::tests::real_captured_evidence_mutations_bite_while_return_proxy_stays_green
1	PASS [  53.727s] (589/592) ken-verify scenario::tests::real_scope_denial_is_typed_and_precedes_any_host_action
1	PASS [ 151.248s] (590/592) ken-verify scenario::tests::fs_remove_file_real_artifact_distinguishes_success_wrong_kind_and_missing
1	PASS [ 204.712s] (591/592) ken-verify scenario::tests::fs_remove_directory_real_artifact_honors_the_nontransactional_carve_out
1	PASS [ 591.502s] (592/592) ken-elaborator::lang_mod_strict_resolution_d0 catalog_ambient_passthrough_migration_census
7	PASS [   0.300s] (  1/593) ken-cli entrypoint_tests::apartial_write_returns_named_denial_before_capture_host_syscall
7	PASS [   0.005s] (  2/593) ken-cli::dasm_c2_observation_artifact_identity dasm_c2_artifact_identity_worker
7	PASS [   0.560s] (  3/593) ken-cli entrypoint_tests::checked_admission_projects_root_marker_without_changing_program_caps
7	PASS [   0.304s] (  4/593) ken-cli::effect_composition_state_console_e2e state_console_pairing_runs_through_run_state_then_run_io
7	PASS [   0.008s] (  5/593) ken-cli::ken_check_mode check_missing_argument_uses_own_subcommand_name
7	PASS [   0.290s] (  6/593) ken-cli::i8_clock_effect undeclared_clock_row_is_a_named_effect_escape
7	PASS [   0.010s] (  7/593) ken-cli::ken_fmt fmt_check_names_every_offender_and_never_writes
7	PASS [   0.006s] (  8/593) ken-cli::ken_fmt fmt_rewrites_plain_and_literate_sources_through_landed_entry_points
7	PASS [   0.250s] (  9/593) ken-cli::ken_check_mode ken_run_rejects_a_pure_library_without_named_main
7	PASS [   1.049s] ( 10/593) ken-cli::library_documentation_gates ledger_set_mismatch_when_a_citation_is_removed_but_its_ledger_row_stays
7	PASS [  54.305s] ( 11/593) ken-cli::px4b_native_production fs_write_and_read_resume_through_the_native_capability
7	PASS [  57.017s] ( 12/593) ken-cli::abi_s6_mapping_surface_native window_direct_map_bytes_executes_natively_and_matches_the_interpreter
7	PASS [  60.034s] ( 13/593) ken-cli::abi_s6_mapping_surface_native window_read_then_offset_direct_map_write_executes_in_source_order
7	PASS [  27.438s] ( 14/593) ken-cli::px4b_native_production one_vis_reaches_the_px5_native_host_dispatch
7	PASS [  31.723s] ( 15/593) ken-cli::px4b_native_production two_vis_nodes_resume_once_in_source_order
7	PASS [  28.835s] ( 16/593) ken-cli::px7o_heterogeneous_eliminator_frames ignored_payload_twin_remains_an_opposite_only
7	PASS [  15.173s] ( 17/593) ken-cli::rosetta rosetta_examples_match_their_oracles
7	PASS [   0.498s] ( 18/593) ken-cli::rt_native_string_construction native_string_bytes_decode_normalizes_like_the_interpreter
7	PASS [   0.096s] ( 19/593) ken-cli::rt_native_string_construction native_string_bytes_f3_decode_encode_holds_in_both_native_engines
7	PASS [   0.931s] ( 20/593) ken-cli::rt_native_string_construction native_string_scalar_above_u8_is_not_refused
7	PASS [   0.838s] ( 21/593) ken-cli::t2_acceptance ac4_malformed_input_no_panic
7	PASS [   0.642s] ( 22/593) ken-cli::t2_acceptance ac4_unbound_name_no_panic
7	PASS [   0.736s] ( 23/593) ken-cli::t2_acceptance ac6_eval_path_is_real_interpreter
7	PASS [   0.012s] ( 24/593) ken-elaborator checked_core::tests::annotations_do_not_change_semantic_fingerprint_but_do_change_artifact
7	PASS [   0.016s] ( 25/593) ken-elaborator checked_core::tests::body_view_recovers_recursive_imported_and_dictionary_package_seams
7	PASS [   0.010s] ( 26/593) ken-elaborator checked_core::tests::body_view_rejects_body_outside_selected_closure
7	PASS [   0.008s] ( 27/593) ken-elaborator checked_core::tests::body_view_rejects_stale_or_missing_dependency_identity
7	PASS [   0.008s] ( 28/593) ken-elaborator checked_core::tests::body_view_rejects_stale_package_identity_and_hash_facts
7	PASS [   0.010s] ( 29/593) ken-elaborator checked_core::tests::body_view_rejects_stale_primitive_metadata
7	PASS [   0.009s] ( 30/593) ken-elaborator checked_core::tests::body_view_rejects_unsupported_transparent_body_shape
7	PASS [   0.016s] ( 31/593) ken-elaborator checked_core::tests::emitter_materializes_missing_compiler_metadata_as_unsupported
7	PASS [   0.016s] ( 32/593) ken-elaborator checked_core::tests::int_lit_skip_term_consumes_exactly_its_own_bytes
7	PASS [   0.017s] ( 33/593) ken-elaborator checked_core::tests::validator_rejects_bad_kind_empty_header_and_incomplete_lowerability
7	PASS [   0.807s] ( 34/593) ken-elaborator compiler_driver::tests::executable_entrypoint_reports_unresolved_dependency_lane
7	PASS [   0.774s] ( 35/593) ken-elaborator compiler_driver::tests::native_literal_metadata_uses_only_live_checked_provenance_after_rollback
7	PASS [   0.739s] ( 36/593) ken-elaborator compiler_driver::tests::real_source_reaches_checked_core_and_selects_stable_target
7	PASS [   0.576s] ( 37/593) ken-elaborator compiler_driver::tests::target_closure_reports_imported_refs_and_dictionary_runtime_fields
7	PASS [   0.031s] ( 38/593) ken-elaborator elab::nested_lift_association_tests::duplicate_lift_association_reverse_injectivity_rejects
7	PASS [   0.824s] ( 39/593) ken-elaborator elab::nested_lift_association_tests::selected_result_sort_accepts_type_spelling_and_rejects_inverse
7	PASS [   0.716s] ( 40/593) ken-elaborator elab::nested_lift_association_tests::selector_distinguishes_nonuniverse_classifier_from_kernel_failure
7	PASS [   0.892s] ( 41/593) ken-elaborator elab::omega_index_refinement_tests::omega_branch_goal_plan_reuses_the_pinned_direct_j_constructor
7	PASS [   0.572s] ( 42/593) ken-elaborator elab::result_transport_control_flow_tests::active_premise_embedding_rejects_forward_unknown_and_noninvertible_terms
7	PASS [   0.009s] ( 43/593) ken-elaborator erasure::px7l_tests::arbitrary_precision_integer_literal_erases_losslessly
7	PASS [   0.010s] ( 44/593) ken-elaborator erasure::px7l_tests::erased_constructor_parameter_and_live_ih_argument_emit_one_runtime_marker
7	PASS [   1.411s] ( 45/593) ken-elaborator erasure::px7l_tests::omitting_the_injected_result_is_refused_by_the_runtime_marker_gate
7	PASS [   1.471s] ( 46/593) ken-elaborator erasure::px7l_tests::the_unmutated_host_vis_marker_passes_the_runtime_marker_gate
7	PASS [   0.029s] ( 47/593) ken-elaborator export::exact_inventory_tests::abi_s6_d4_file_acquire_has_exact_fs_family_and_spelling
7	PASS [  44.827s] ( 48/593) ken-cli::px8ta_oriented_subcontinuation public_one_level_bracket_finishes_and_releases
7	PASS [   0.013s] ( 49/593) ken-elaborator export::resource_lifetime_hash_tests::one_descriptor_field_mutation_changes_the_t_hash
7	PASS [   0.014s] ( 50/593) ken-elaborator fo_kripke::tests::negative_control_obtains_no_certificate
7	PASS [   0.012s] ( 51/593) ken-elaborator fo_kripke::tests::quote_iform_refuses_top_id_enforcing_the_collector_criterion
7	PASS [   0.012s] ( 52/593) ken-elaborator format::tests::token_kind_table_is_exhaustive_for_current_notation_variants
7	PASS [   0.011s] ( 53/593) ken-elaborator layout::tests::two_arm_match_is_mandatorily_broken
7	PASS [   0.560s] ( 54/593) ken-elaborator modules::namespace_effect_tests::apply_import_rejects_stale_ambient_identity_above_current_local
7	PASS [   2.031s] ( 55/593) ken-elaborator modules::namespace_effect_tests::current_local_refuses_stale_same_spelling_import_in_either_order
7	PASS [   0.542s] ( 56/593) ken-elaborator modules::namespace_effect_tests::file_import_uses_catalog_source_despite_unrelated_inline_name
7	PASS [   0.471s] ( 57/593) ken-elaborator modules::namespace_effect_tests::file_import_uses_checked_provider_effect_row_under_name_collision
7	PASS [   0.309s] ( 58/593) ken-elaborator modules::namespace_effect_tests::file_unit_root_import_keeps_its_declared_inline_child
7	PASS [   0.298s] ( 59/593) ken-elaborator modules::namespace_effect_tests::same_head_class_instances_search_by_selected_provider_identity
7	PASS [   0.345s] ( 60/593) ken-elaborator modules::namespace_effect_tests::selective_import_distinguishes_same_spelling_providers_and_same_idempotence
7	PASS [   0.652s] ( 61/593) ken-elaborator modules::namespace_effect_tests::strict_proved_name_requires_exact_kernel_intro_identity
7	PASS [   0.011s] ( 62/593) ken-elaborator parser::as_pattern_precedence_tests::constructor_application_binds_tighter_than_as
7	PASS [   0.008s] ( 63/593) ken-elaborator parser::atom_form_closure::the_contextual_selectors_shadow_the_ordinary_variable
7	PASS [   0.009s] ( 64/593) ken-elaborator parser::atom_start_premise::no_operator_token_is_admitted_as_an_atom_start
7	PASS [   0.652s] ( 65/593) ken-elaborator r_layer_tests::acceptance::base_type_app
7	PASS [   0.859s] ( 66/593) ken-elaborator r_layer_tests::acceptance::const_elaborates_checks
7	PASS [   0.871s] ( 67/593) ken-elaborator r_layer_tests::acceptance::constrained_view_requires_initialized_class_env_without_mutation
7	PASS [   0.008s] ( 68/593) ken-elaborator r_layer_tests::acceptance::level_equality_decidable
7	PASS [   0.810s] ( 69/593) ken-elaborator r_layer_tests::acceptance::ordinary_let_remains_accepted_by_legacy_entry_point
7	PASS [   1.357s] ( 70/593) ken-elaborator r_layer_tests::acceptance::shadow_outer_not_captured
7	PASS [   0.841s] ( 71/593) ken-elaborator r_layer_tests::acceptance::unbound_name_rejected_at_resolution
7	PASS [   2.259s] ( 72/593) ken-elaborator r_layer_tests::cat_bytes_keys_closeout::bytes_keys_loader_visible_inventory_is_empty
7	PASS [  52.753s] ( 73/593) ken-cli::rt_escape_second_resource_native escape_resource_plus_plain_matches_interpreter
7	PASS [   2.524s] ( 74/593) ken-elaborator r_layer_tests::cat_bytes_keys_closeout::bytes_keys_owned_inventory_is_empty_and_standalone
7	PASS [   3.625s] ( 75/593) ken-elaborator r_layer_tests::cat_lawful_functors_pub_export::lawful_functors_list_instance_selects_derived_map_and_both_laws
7	PASS [   3.378s] ( 76/593) ken-elaborator r_layer_tests::cat_priority_queue_acceptance::direct_declarations_and_private_names_reach_the_import_boundary
7	PASS [  57.694s] ( 77/593) ken-elaborator export::exact_inventory_tests::target_semantic_and_node_mutations_reject_before_hash
7	PASS [  30.901s] ( 78/593) ken-elaborator r_layer_tests::cat_tier_d_decoder_import::parsing_decoder_unconsumed_siblings_remain_private
7	PASS [   6.608s] ( 79/593) ken-elaborator r_layer_tests::cat_tier_d_parsing_group_import::parsing_numeric_provider_closure_is_exact_and_sibling_disjoint
7	PASS [   3.845s] ( 80/593) ken-elaborator r_layer_tests::cat_tier_d_parsing_group_import::process_arguments_implementation_helper_remains_private
7	PASS [   3.153s] ( 81/593) ken-elaborator r_layer_tests::cat_tier_d_parsing_group_import::process_arguments_provider_closure_is_exact_and_sibling_disjoint
7	PASS [   0.426s] ( 82/593) ken-elaborator r_layer_tests::cat_tier_d_process_environment_import::process_environment_checked_provider_ledger_is_empty
7	PASS [   0.006s] ( 83/593) ken-elaborator r_layer_tests::cat_tier_d_process_environment_import::process_environment_import_ledger_is_empty
7	PASS [   9.629s] ( 84/593) ken-elaborator r_layer_tests::cat_tier_e_argparse_import::argparse_checked_provider_and_schema_closure_is_exact
7	PASS [   0.029s] ( 85/593) ken-elaborator r_layer_tests::cat_tier_e_argparse_import::argparse_selective_import_ledger_is_exact
7	PASS [  11.906s] ( 86/593) ken-elaborator r_layer_tests::cat_tier_d_posix_import::filesystem_path_posix_imports_are_exact_canonical_and_internals_private
7	PASS [   0.286s] ( 87/593) ken-elaborator r_layer_tests::constrained_instance_elaboration::independently_named_ill_typed_field_is_kernel_rejected
7	PASS [   0.006s] ( 88/593) ken-elaborator r_layer_tests::effects::eff_undeclared_escapes_rejected
7	PASS [   0.005s] ( 89/593) ken-elaborator r_layer_tests::effects::itree_bind_vis_distributes
7	PASS [   0.006s] ( 90/593) ken-elaborator r_layer_tests::effects::lower_elim_itree_ret_kernel_accepts
7	PASS [   0.005s] ( 91/593) ken-elaborator r_layer_tests::effects::lower_handler_fold_uniform_kernel_checks_and_reduces
7	PASS [   0.005s] ( 92/593) ken-elaborator r_layer_tests::effects::row_poly_concrete_caller_substitution
7	PASS [   0.006s] ( 93/593) ken-elaborator r_layer_tests::kenfmt_b3_layout::ac6_independent_oracle_mandatory_forms_are_exact_fixed_points
7	PASS [   0.007s] ( 94/593) ken-elaborator r_layer_tests::kenfmt_b3_layout::terminal_type_parens_in_alias_survive_formatting
7	PASS [   0.006s] ( 95/593) ken-elaborator r_layer_tests::kenfmt_b4_splicing::ac5_empty_fences_are_first_pass_fixed_points_in_all_roles
7	PASS [   0.330s] ( 96/593) ken-elaborator r_layer_tests::lang_fixity_decl_surface::distinct_user_operator_identities_use_distinct_precedence_entries
7	PASS [   2.128s] ( 97/593) ken-elaborator r_layer_tests::cc6b_path_posix_acceptance::validity_rejects_the_old_counterexamples_and_accepts_dotdot
7	PASS [   0.574s] ( 98/593) ken-elaborator r_layer_tests::lang_fixity_decl_surface::imported_fixity_cannot_be_redeclared_at_the_use_site
7	PASS [   0.005s] ( 99/593) ken-elaborator r_layer_tests::lang_fixity_decl_surface::pure_fixed_arithmetic_retains_merge_base_shape_and_skips_reassociation
7	PASS [ 195.818s] (100/593) ken-cli::mrc_4a1_feature_gate_artifact mrc_4a1_feature_gate_holds_at_the_artifact
7	PASS [   0.295s] (101/593) ken-elaborator r_layer_tests::lang_fixity_decl_surface::undeclared_operator_uses_default_only_on_table_miss
7	PASS [   0.312s] (102/593) ken-elaborator r_layer_tests::lang_structural_result_elab::resolved_binding_without_association_is_out_of_scope
7	PASS [   0.903s] (103/593) ken-elaborator r_layer_tests::lang_fixity_decl_surface::non_associative_chain_requires_parentheses
7	PASS [   0.618s] (104/593) ken-elaborator r_layer_tests::lc_acceptance::ac1_same_key_resolves_same_canonical
7	PASS [   0.289s] (105/593) ken-elaborator r_layer_tests::let4_multi_binding::ac2_separate_nested_body_may_shadow_a_group_name
7	PASS [   0.584s] (106/593) ken-elaborator r_layer_tests::let4_multi_binding::ac1_ac2_rejections_are_specific
7	PASS [   0.281s] (107/593) ken-elaborator r_layer_tests::n4_program_admits::multi_provider_direct_use_without_a_boundary_fails_closed
7	PASS [   0.008s] (108/593) ken-elaborator seal2_tests::producer_closure::certificate_fails_closed_on_an_unresolvable_module_form
7	PASS [   0.279s] (109/593) ken-elaborator r_layer_tests::n4_program_admits::sole_external_source_provider_self_admits_without_boundary
7	PASS [   0.291s] (110/593) ken-elaborator seal2_tests::adversary_repros::wrapped_return_is_seen_by_the_closed_oracle
7	PASS [   0.311s] (111/593) ken-elaborator seal2_tests::producer_closure::closed_oracle_unfolds_a_transparent_alias_in_a_nonhead_position
7	PASS [   0.341s] (112/593) ken-elaborator seal2_tests::producer_closure::position_closure_holds_under_every_structural_former
7	PASS [  71.268s] (113/593) ken-elaborator r_layer_tests::cat_priority_queue_acceptance::bounded_4216_traces_match_independent_literal_multisets
7	PASS [   0.006s] (114/593) ken-elaborator::b2_acceptance always_elaborates_to_not_until_not
7	PASS [   0.005s] (115/593) ken-elaborator::bare_proof_selector_atom ac5_a_grouped_selector_argument_does_not_swallow_the_following_argument
7	PASS [   0.257s] (116/593) ken-elaborator::case_eq_dependent_match_sugar three_constructor_enum_is_not_bool_hardcoded
7	PASS [   1.722s] (117/593) ken-elaborator::cat3_collections_package cat3_d1_positive_surfaces_check_against_real_package_defs
7	PASS [   1.560s] (118/593) ken-elaborator::cat3_collections_package cat3_d1_structural_collections_package_elaborates_zero_delta
7	PASS [   1.642s] (119/593) ken-elaborator::cat3_collections_package slice_width_is_end_minus_start_through_production_slice
7	PASS [  24.984s] (120/593) ken-elaborator::b1_acceptance open_hole_postcondition_rides_p_as_unknown
7	PASS [   3.047s] (121/593) ken-elaborator::cat5_parsing_package cat5_d1_old_unconstrained_source_constructor_rejected
7	PASS [   0.832s] (122/593) ken-elaborator::cat_codec_import codec_direct_provider_is_exact_canonical_transport_cong
7	PASS [   2.845s] (123/593) ken-elaborator::cat5_parsing_package cat5_d2_legacy_unguarded_repeat_is_not_exported
7	PASS [   1.776s] (124/593) ken-elaborator::cat_deque_acceptance both_homomorphisms_and_both_pop_inverses_instantiate_generically
7	PASS [   3.344s] (125/593) ken-elaborator::cat_deque_closeout deque_owned_inventory_is_exact_and_standalone_with_zero_local_trust
7	PASS [   1.704s] (126/593) ken-elaborator::cat_derived_pub_export derived_loader_publishes_exactly_its_authorized_export_surface
7	PASS [   5.537s] (127/593) ken-elaborator::cat_deque_closeout deque_direct_provider_inventory_is_exact_and_canonical
7	PASS [   1.718s] (128/593) ken-elaborator::cat_derived_sort_laws a_non_total_comparator_sorts_the_fixture_but_not_its_proof
7	PASS [   1.738s] (129/593) ken-elaborator::cat_gcd_acceptance gcd_vectors_compute_and_divisibility_law_artifacts_remain_checked
7	PASS [   0.567s] (130/593) ken-elaborator::cat_idf_trust_free_provider cold_vector_trust_set_equals_separately_fresh_compiler_base
7	PASS [   1.752s] (131/593) ken-elaborator::cat_sort_insertion_sort_acceptance entry_elaborates_with_exact_inventory_and_canonical_providers
7	PASS [   3.831s] (132/593) ken-elaborator::cc1_nonempty_validation_acceptance cc1_packages_have_zero_trusted_base_delta
7	PASS [   0.100s] (133/593) ken-elaborator::cc2_text_codec_numeric_acceptance verified_roundtrip_stays_structural_and_key_instances_stay_out_of_numeric
7	PASS [   3.682s] (134/593) ken-elaborator::cc1_nonempty_validation_acceptance nonempty_owner_keeps_raw_constructor_while_clients_cannot_name_it
7	PASS [   1.791s] (135/593) ken-elaborator::cc3_parsing_cursor_decoder_acceptance derived_fixture_retains_lawfulclasses_for_cc3_dependency_closure
7	PASS [   2.008s] (136/593) ken-elaborator::cc6a_process_arguments_exit_acceptance derived_fixture_retains_lawfulclasses_for_cc6a_dependency_closure
7	PASS [  44.076s] (137/593) ken-elaborator::b1_exact_denotation_alphabet non_host_l5_perform_uses_its_typed_inductive_identity
7	PASS [  44.193s] (138/593) ken-elaborator::b1_exact_denotation_alphabet same_family_host_operations_have_distinct_signatures_and_hashes
7	PASS [   2.136s] (139/593) ken-elaborator::cc6a_process_arguments_exit_acceptance exit_policy_is_total_explicit_and_keeps_uint8_payloads
7	PASS [   5.313s] (140/593) ken-elaborator::cc4_diagnostic_core_acceptance cc4_clients_use_canonical_diagnostics_without_duplicate_carriers
7	PASS [   6.160s] (141/593) ken-elaborator::cc7_argparse_acceptance cc7_is_a_zero_trust_specialization_with_no_second_universe
7	PASS [   0.317s] (142/593) ken-elaborator::class_field_purity surf2_d1_proc_traverse_parses_elaborates_and_registers_metadata
7	PASS [   6.937s] (143/593) ken-elaborator::cc7_argparse_acceptance forge_parses_flags_raw_values_and_positionals_and_renders_derived_help
7	PASS [   0.281s] (144/593) ken-elaborator::conversions_acceptance ac4_saturating_add_no_overflow_still_exact
7	PASS [   6.666s] (145/593) ken-elaborator::cc7_argparse_acceptance ordered_closure_elaborates_the_renderer_specialization_and_multifile_client
7	PASS [   0.536s] (146/593) ken-elaborator::decimal_char_acceptance char_is_isscalar_refinement
7	PASS [   0.275s] (147/593) ken-elaborator::decimal_char_acceptance decimal_eq_same_value_both_alignments_true
7	PASS [   6.469s] (148/593) ken-elaborator::cc8_env_config_decoder_acceptance schema_help_growth_reaches_both_clients_behaviorally
7	PASS [   1.685s] (149/593) ken-elaborator::compare_ord_lexicographic_acceptance list_instance_routes_the_canonical_compare_into_raw_list_compare
7	PASS [   0.326s] (150/593) ken-elaborator::dependent_match_coherent_frame_acceptance forced_index_telescope_relation_extension_elaborates
7	PASS [   0.004s] (151/593) ken-elaborator::dotted_module_path_parser import_rejects_a_lowercase_path_component
7	PASS [   0.004s] (152/593) ken-elaborator::dotted_module_path_parser use_is_retired_before_dotted_module_path_parsing
7	PASS [   0.236s] (153/593) ken-elaborator::dependent_match_coherent_frame_acceptance single_elimination_cross_structure_elaborates
7	PASS [   0.355s] (154/593) ken-elaborator::dependent_match_coherent_frame_acceptance nontrivial_direct_fin_index_elaborates
7	PASS [   0.276s] (155/593) ken-elaborator::ds5b_dependent_match_refinement_acceptance omega_branch_goal_uses_tagged_direct_j_restoration
7	PASS [   0.707s] (156/593) ken-elaborator::dependent_match_motive_rebase_acceptance control_no_match_reflexive_self_equality_still_elaborates
7	PASS [   0.875s] (157/593) ken-elaborator::ds2_ord_nat_acceptance entry_elaborates_with_every_checked_fence
7	PASS [   0.609s] (158/593) ken-elaborator::ds9_json_codec_acceptance intrinsic_all_lift_former_nested_pi_domain_remains_rejected
7	PASS [   1.429s] (159/593) ken-elaborator::ds3_sum_combinators_acceptance all_combinators_and_laws_are_real_globals
7	PASS [   0.395s] (160/593) ken-elaborator::es2_acceptance sort_refinement_unfolds_issorted_and_perm
7	PASS [   0.815s] (161/593) ken-elaborator::es3_modules_acceptance client_match_hidden_ctor_rejected_at_surface
7	PASS [   0.725s] (162/593) ken-elaborator::es3_modules_acceptance nullary_abstract_export_is_transparent_to_owner_and_opaque_to_client
7	PASS [   0.272s] (163/593) ken-elaborator::es3_modules_acceptance strict_roots_parameterized_abstract_export_keeps_two_faces
7	PASS [   1.965s] (164/593) ken-elaborator::ds9_json_codec_acceptance json_size_consumes_array_and_pair_nested_object_results
7	PASS [   0.389s] (165/593) ken-elaborator::explicit_data_elaboration explicit_where_named_constructor_field_sugar_lowers_to_positional_constructor
7	PASS [   0.287s] (166/593) ken-elaborator::explicit_data_elaboration indexed_vector_family_records_indices_and_constructor_targets
7	PASS [   0.256s] (167/593) ken-elaborator::explicit_data_elaboration legacy_named_constructor_field_sugar_lowers_to_positional_constructor
7	PASS [   0.046s] (168/593) ken-elaborator::explicit_data_parser explicit_signature_constructor_rejects_record_style_field_list
7	PASS [   0.004s] (169/593) ken-elaborator::i4d_boundary_header_parser boundary_header_is_accepted_before_imports_and_rejected_after_them
7	PASS [   0.005s] (170/593) ken-elaborator::i4d_boundary_header_parser boundary_keywords_are_reserved_and_four_program_shapes_are_independent
7	PASS [   0.004s] (171/593) ken-elaborator::i4d_boundary_header_parser package_boundary_has_admission_only_and_capabilities_fail_closed
7	PASS [   0.274s] (172/593) ken-elaborator::explicit_data_elaboration legacy_simple_data_still_elaborates
7	PASS [   0.006s] (173/593) ken-elaborator::ken_md_literate extraction_preserves_length_newlines_and_utf8
7	PASS [   0.278s] (174/593) ken-elaborator::ken_md_literate ken_reject_with_stale_valid_body_check_fails
7	PASS [   1.552s] (175/593) ken-elaborator::es4_classes_acceptance ord_bool_provable_laws_are_real_proofs_not_postulates
7	PASS [   0.004s] (176/593) ken-elaborator::kenfmt_b2_token_kind ac1_dispatches_on_kind_and_never_identifier_bytes
7	PASS [   0.004s] (177/593) ken-elaborator::kenfmt_b2_token_kind ac3_protected_payloads_are_byte_identical
7	PASS [   3.766s] (178/593) ken-elaborator::ds7_applicative_monad_acceptance trusted_base_delta_is_empty_across_the_entry
7	PASS [   1.706s] (179/593) ken-elaborator::k3_literal_char_view neutral_bound_string_and_char_do_not_compute_or_fabricate_a_witness
7	PASS [   0.008s] (180/593) ken-elaborator::kenfmt_signature_layout r3_r5_nested_applications_fit_recursively_inside_a_broken_parent
7	PASS [   0.299s] (181/593) ken-elaborator::km_sigma_eq_pair_refl pair_refl_and_full_pair_lens_laws_elaborate
7	PASS [   1.921s] (182/593) ken-elaborator::kenfmt_c_capstone balanced_corpus_rejects_the_known_over_width_splay_shape
7	PASS [   0.525s] (183/593) ken-elaborator::ktr2_data_lowering_diagnostics explicit_type_one_family_accepts_type_payload
7	PASS [   0.279s] (184/593) ken-elaborator::ktr2_data_lowering_diagnostics undefined_uppercase_constructor_argument_is_unresolved
7	PASS [   0.285s] (185/593) ken-elaborator::l2_acceptance ac1_nil_arm_reduces_to_default
7	PASS [   0.266s] (186/593) ken-elaborator::l2_acceptance ac4_all_distinct_arms_accept
7	PASS [   0.273s] (187/593) ken-elaborator::l2_acceptance ac4_duplicate_arm_is_reachability_error
7	PASS [   0.283s] (188/593) ken-elaborator::l2_acceptance foreign_constructor_arm_rejected_before_matrix_path_reachability
7	PASS [   0.261s] (189/593) ken-elaborator::l2_acceptance foreign_family_ctor_arm_rejected_naming_both_ctor_and_type
7	PASS [   0.285s] (190/593) ken-elaborator::l2_acceptance nested_ctor_pattern_shadowed_by_earlier_flat_arm_is_reachability_error
7	PASS [   0.261s] (191/593) ken-elaborator::l2_acceptance well_typed_match_unaffected_by_foreign_ctor_family_check
7	PASS [   3.244s] (192/593) ken-elaborator::kenfmt_b1_lossless whole_catalog_and_every_parseable_ken_fence_round_trip_byte_exactly
7	PASS [   0.277s] (193/593) ken-elaborator::l3_strings_roundtrip_acceptance ac2_round_trip_l2s_s2l_identity
7	PASS [   0.281s] (194/593) ken-elaborator::l3_strings_roundtrip_acceptance ac3_utf8_length_boundary_corpus
7	PASS [   0.272s] (195/593) ken-elaborator::l3_strings_roundtrip_acceptance derived_list_char_surface_out_of_scope
7	PASS [   0.243s] (196/593) ken-elaborator::l3a_acceptance sort_emits_issorted_and_perm
7	PASS [   0.403s] (197/593) ken-elaborator::l3a_recursive_view_smoke poly_id_list_elaborates
7	PASS [   0.277s] (198/593) ken-elaborator::l3a_recursive_view_smoke poly_match_return_elaborates
7	PASS [   0.283s] (199/593) ken-elaborator::l3a_recursive_view_smoke recursive_view_reduces_on_constructor
7	PASS [   0.004s] (200/593) ken-elaborator::l6_acceptance bytes_prim_neutral_on_stuck
7	PASS [   0.285s] (201/593) ken-elaborator::l6_acceptance bytes_slice_inbounds_and_oob
7	PASS [   0.005s] (202/593) ken-elaborator::l6_acceptance encode_is_total_named_op
7	PASS [   0.567s] (203/593) ken-elaborator::l3b_acceptance user_deceq_instance_keys_map_via_real_search
7	PASS [   0.214s] (204/593) ken-elaborator::l6_acceptance reverse_roundtrip_is_not_a_law
7	PASS [   0.404s] (205/593) ken-elaborator::l7_acceptance verified_component_foreign_call_and_roundtrip_proof
7	PASS [   0.556s] (206/593) ken-elaborator::l7_acceptance trusted_base_delta_flips_on_dependency_not_scope
7	PASS [   1.743s] (207/593) ken-elaborator::l3_strings_surface_acceptance list_append_and_bytes_concat_are_distinct_pure_operations
7	PASS [   0.005s] (208/593) ken-elaborator::lang_application_atom_if_rejection extractor_reaches_continuation_lines
7	PASS [   0.040s] (209/593) ken-elaborator::lang_atom_start_classification_closure ac0_the_bare_proof_selector_is_refused_as_an_argument_at_every_depth
7	PASS [   0.004s] (210/593) ken-elaborator::lang_atom_start_classification_closure ac9_the_binder_name_exclusion_admits_separator_free_class_fields
7	PASS [   0.006s] (211/593) ken-elaborator::lang_atom_start_classification_closure invariant_2_an_empty_brace_is_not_a_legal_record_literal
7	PASS [   0.005s] (212/593) ken-elaborator::lang_atom_start_classification_closure self_guarding_changed_one_thing_and_this_is_it
7	PASS [   0.006s] (213/593) ken-elaborator::lang_bytes_hex_list_literal malformed_hex_byte_lists_name_the_bytes_form_specifically
7	PASS [   0.260s] (214/593) ken-elaborator::l7_acceptance wrong_pure_confined_and_listed
7	PASS [   0.277s] (215/593) ken-elaborator::lang_constructor_namespace_shadowing_guard distinct_constructor_spellings_across_families_compile
7	PASS [   0.255s] (216/593) ken-elaborator::lang_constructor_namespace_shadowing_guard same_constructor_spelling_across_two_sum_families_is_rejected_with_both_sites
7	PASS [   0.062s] (217/593) ken-elaborator::lang_foreign_name_format_chars byte_string_inverse_uses_only_a_representable_byte_escape
7	PASS [   0.004s] (218/593) ken-elaborator::lang_foreign_name_format_chars ignore_recovery_composes_suffix_rewrite_and_document_coordinates
7	PASS [   0.004s] (219/593) ken-elaborator::lang_foreign_name_format_chars offset_zero_feff_is_consumed_as_a_bom
7	PASS [   0.004s] (220/593) ken-elaborator::lang_lex_numeric_forms exponent_values_are_not_zeroed
7	PASS [   0.281s] (221/593) ken-elaborator::lang_match_as_pattern alias_collision_with_sibling_binder_is_rejected_by_name
7	PASS [   0.806s] (222/593) ken-elaborator::l_match_ih_fix_acceptance ac4_no_regression_0_and_1_recursive_field_types
7	PASS [   0.466s] (223/593) ken-elaborator::lang_match_as_pattern alias_delegates_to_the_inner_patterns_subsumption_cause
7	PASS [   0.225s] (224/593) ken-elaborator::lang_match_or_pattern alternatives_feed_one_body_slot_over_the_same_occurrence
7	PASS [   0.558s] (225/593) ken-elaborator::lang_match_guards guard_composes_with_or_pattern_occurrence_slots
7	PASS [   0.279s] (226/593) ken-elaborator::lang_match_or_pattern common_context_includes_prior_dependent_pattern_columns
7	PASS [   0.273s] (227/593) ken-elaborator::lang_match_or_pattern fully_subsumed_union_is_subsumed_never_no_inhabitants
7	PASS [   1.071s] (228/593) ken-elaborator::lang_match_literal_patterns decomposed_string_pattern_compares_at_nfc_value
7	PASS [   0.274s] (229/593) ken-elaborator::lang_match_record_pattern duplicate_and_unknown_labels_have_distinct_surface_diagnostics
7	PASS [   0.419s] (230/593) ken-elaborator::lang_match_or_pattern top_level_wildcard_and_variable_alternatives_remain_refused
7	PASS [   0.289s] (231/593) ken-elaborator::lang_mod_catalog_completeness canonical_ord_result_is_strict_standalone_and_exports_one_identity
7	PASS [   0.826s] (232/593) ken-elaborator::lang_match_record_pattern top_level_catchalls_remain_refused_and_empty_record_is_not_inferred
7	PASS [   0.389s] (233/593) ken-elaborator::lang_mod_or_canonical_home core_logic_or_loads_standalone_with_exact_relevant_shape
7	PASS [   0.005s] (234/593) ken-elaborator::lang_mod_pub_eligibility every_parsed_ineligible_pub_placement_is_a_surface_error
7	PASS [   1.056s] (235/593) ken-elaborator::lang_mod_nat_floor_realization selective_import_floor_collision_rejects_but_renamed_and_qualified_access_accept
7	PASS [   0.551s] (236/593) ken-elaborator::lang_mod_strict_resolution_d0 vector_strict_floor_provider_transition_sentinel
7	PASS [   0.263s] (237/593) ken-elaborator::lang_prelude_floor_fifteen flat_empty_constructor_cannot_replace_checked_residual_identity
7	PASS [   0.259s] (238/593) ken-elaborator::lang_prelude_floor_fifteen space_residual_survives_missing_empty_global_spelling
7	PASS [   0.265s] (239/593) ken-elaborator::lang_qualified_constructor_privacy hidden_roster_sweeps_all_kernel_constructor_identities
7	PASS [   1.279s] (240/593) ken-elaborator::lang_prelude_floor_fifteen five_floor_name_redeclarations_fail_before_allocation
7	PASS [   0.723s] (241/593) ken-elaborator::lang_qualified_constructors module_and_type_path_conflict_even_when_both_select_one_id
7	PASS [   1.065s] (242/593) ken-elaborator::lang_qualified_constructors imported_type_qualified_expression_keeps_provider_identity
7	PASS [   0.280s] (243/593) ken-elaborator::lang_qualified_constructors qualified_resource_type_matches_prescoping_bare_checked_term
7	PASS [   1.044s] (244/593) ken-elaborator::lang_reserved_infix_names generic_and_fixed_operator_paths_remain_distinct
7	PASS [   0.270s] (245/593) ken-elaborator::lang_roots_loader_local_instance_dict_scope duplicate_structure_dictionary_is_rejected_by_exact_class_head
7	PASS [   0.266s] (246/593) ken-elaborator::lang_roots_loader_local_instance_dict_scope private_class_dictionary_stays_off_the_owner_surface
7	PASS [   1.872s] (247/593) ken-elaborator::lang_reserved_infix_names reserved_names_preserve_qualified_selected_and_renamed_global_identity
7	PASS [   0.368s] (248/593) ken-elaborator::lang_standard_infix_call_completion a_fixed_instance_argument_matches_an_alias_by_global_identity
7	PASS [   6.628s] (249/593) ken-elaborator::lang_membership_operator_surface three_named_providers_are_carrier_first_and_retain_their_own_comparator
7	PASS [   0.092s] (250/593) ken-elaborator::lang_surface_block_comments ac5_prefix_relations_enumerated
7	PASS [   1.290s] (251/593) ken-elaborator::lang_standard_infix_call_completion ac7_the_boolean_operators_have_the_complete_expected_truth_tables
7	PASS [   1.363s] (252/593) ken-elaborator::lang_standard_infix_call_completion the_real_catalog_facade_certifies_against_the_shape_contract
7	PASS [   0.381s] (253/593) ken-elaborator::lang_surface_int_precision zero_and_succ_constructor_result_indices_still_elaborate
7	PASS [   0.454s] (254/593) ken-elaborator::lang_surface_if true_and_false_select_their_respective_branches
7	PASS [   0.006s] (255/593) ken-elaborator::lang_symbolic_operator_names retired_match_arm_spellings_remain_lexically_reserved
7	PASS [   0.396s] (256/593) ken-elaborator::lang_surface_pair non_pair_projection_has_pair_specific_diagnostic
7	PASS [   0.272s] (257/593) ken-elaborator::lang_type_projection_surface_form a_non_type_field_control_the_type_valued_field_on_the_same_class_accepts
7	PASS [   0.331s] (258/593) ken-elaborator::lang_symbolic_operator_names fixed_eqeq_still_elaborates_as_structural_equality
7	PASS [   0.056s] (259/593) ken-elaborator::literal_escapes_lexer_unit malformed_unicode_escape_spans_end_at_the_offending_character
7	PASS [   0.005s] (260/593) ken-elaborator::literal_escapes_lexer_unit no_pending_escape_twins_stay_ordinary_unterminated
7	PASS [   0.325s] (261/593) ken-elaborator::lang_type_projection_surface_form a_non_type_field_in_type_position_is_refused_by_the_kernel_not_located
7	PASS [  20.839s] (262/593) ken-elaborator::kenfmt_c_capstone canonical_live_corpus_is_a_fixed_point
7	PASS [   7.111s] (263/593) ken-elaborator::map_build_acceptance overwrite_last_writer_wins
7	PASS [   7.260s] (264/593) ken-elaborator::map_build_acceptance lookup_order_distinct_key_is_none
7	PASS [   7.266s] (265/593) ken-elaborator::map_build_acceptance lookup_empty_law_is_a_real_reducing_proof
7	PASS [   0.262s] (266/593) ken-elaborator::mutual_recursion_surface_acceptance is_even_is_odd_compute_correct_values
7	PASS [   0.332s] (267/593) ken-elaborator::n2_in_repo_loader dotted_module_path_maps_to_its_unique_leaf_file
7	PASS [   0.344s] (268/593) ken-elaborator::nat_arithmetic_laws_acceptance canonical_operations_compute_on_concrete_naturals
7	PASS [   0.006s] (269/593) ken-elaborator::nc13_core_expression_lowering transparent_declaration_body_lowers_and_evaluates_through_runtime_ir
7	PASS [   0.005s] (270/593) ken-elaborator::nc15_record_sigma_lowering erased_law_field_projection_rejects_before_runtime_program_success
7	PASS [   0.005s] (271/593) ken-elaborator::nc15_record_sigma_lowering stale_record_field_order_rejects_before_runtime_program_success
7	PASS [   0.008s] (272/593) ken-elaborator::nc18_effects_foreign_boundary_ir hidden_foreign_fact_rejects_before_runtime_success
7	PASS [   0.114s] (273/593) ken-elaborator::nc5_erasure_runtime_ir checked_partial_primitive_lowers_to_explicit_trap_face
7	PASS [   0.014s] (274/593) ken-elaborator::nc5_erasure_runtime_ir proof_erasure_boundary_witness_names_dropped_metadata_lanes
7	PASS [   0.007s] (275/593) ken-elaborator::nc5_erasure_runtime_ir proof_erasure_boundary_witness_rejects_missing_record_declaration_and_target_metadata
7	PASS [   0.006s] (276/593) ken-elaborator::nc5_erasure_runtime_ir reachable_lowerability_blocker_rejects_before_runtime_ir
7	PASS [   0.790s] (277/593) ken-elaborator::n3_import_exclusion prelude_is_unshadowable_but_lexical_binders_still_shadow_imports
7	PASS [   0.287s] (278/593) ken-elaborator::purity_keywords surf1_d2_pure_arity_mismatches_reject
7	PASS [   0.725s] (279/593) ken-elaborator::proof_vocabulary attached_proof_uses_occurs_applied_and_mixed_cycles_fail_closed
7	PASS [   0.004s] (280/593) ken-elaborator::px7f_system_resource_acceptance shipped_source_states_the_runtime_honesty_boundary
7	PASS [   0.189s] (281/593) ken-elaborator::px7f_system_resource_acceptance system_resource_is_opaque_and_only_the_bracket_mints_it
7	PASS [   0.748s] (282/593) ken-elaborator::px3_abi_scalars ac3_raw_narrowing_is_private_and_ac5_refl_stays_rejected
7	PASS [   0.440s] (283/593) ken-elaborator::px8f_buffer_io_surface checked_surface_is_public_but_proof_carrying_constructors_stay_private
7	PASS [   0.255s] (284/593) ken-elaborator::px9_file_error_to_system bridge_is_total_transparent_and_preserves_every_file_error_field
7	PASS [   0.259s] (285/593) ken-elaborator::px9_system_error_classification total_classifiers_compute_the_complete_ruled_matrices
7	PASS [   0.595s] (286/593) ken-elaborator::record_decl_form records_are_unavailable_to_instance_constraint_and_derive_paths
7	PASS [   0.281s] (287/593) ken-elaborator::record_index_sigma_closure first_sigma_component_retypes_an_existing_field
7	PASS [   0.277s] (288/593) ken-elaborator::record_index_sigma_closure recursive_record_field_uses_projected_evidence_not_whole_record_j
7	PASS [   0.276s] (289/593) ken-elaborator::record_index_sigma_closure unsupported_pi_beneath_sigma_rejects_the_entire_plan
7	PASS [   0.689s] (290/593) ken-elaborator::rt_dasm_d1b_role_b_role_decode d1b_role_b_every_decoded_role_resolves_in_the_packages_own_checked_facts
7	PASS [   0.781s] (291/593) ken-elaborator::sct_completeness_repro control_flat_both_siblings_recurse
7	PASS [   0.394s] (292/593) ken-elaborator::sct_reconstruction_descent control_shape_a_near_miss_still_rejected
7	PASS [   0.284s] (293/593) ken-elaborator::sct_reconstruction_descent shape_b_second_lexicographic_shape_evaluates_correctly
7	PASS [   0.051s] (294/593) ken-elaborator::sec1_acceptance distinguishing_pair_disproved_with_witness
7	PASS [   0.006s] (295/593) ken-elaborator::sec1_acceptance forged_label_or_cert_kernel_rejected
7	PASS [   0.010s] (296/593) ken-elaborator::sec1_acceptance implicit_flow_pc_rejected
7	PASS [   0.012s] (297/593) ken-elaborator::sec1_acceptance reduction_faithfulness_interfering_disproved
7	PASS [   0.008s] (298/593) ken-elaborator::sec2_acceptance revoke_is_transitive_static_contract
7	PASS [   6.648s] (299/593) ken-elaborator::map_build_acceptance pair_roundtrip
7	PASS [   7.197s] (300/593) ken-elaborator::map_build_acceptance set_is_map_unit
7	PASS [   0.323s] (301/593) ken-elaborator::surf_space_cells_p1 ac_s6_becomes_outside_space_is_a_specific_error_with_a_span
7	PASS [   0.596s] (302/593) ken-elaborator::surf_space_cells_p1 generated_initial_state_does_not_claim_the_initial_member
7	PASS [   2.207s] (303/593) ken-elaborator::structural_deceq_acceptance structural_instances_are_checked_transparent_and_zero_delta
7	PASS [   0.551s] (304/593) ken-elaborator::surface_arrow_and_infix_acceptance star_binds_tighter_than_plus_and_minus
7	PASS [   2.505s] (305/593) ken-elaborator::sub1_bytes_structural_view ac1_ac3_structural_fold_terminates_runs_and_adds_no_axiom
7	PASS [   0.457s] (306/593) ken-elaborator::surface_named_proof_claims attached_proof_canonical_path_and_selector_both_resolve
7	PASS [   0.006s] (307/593) ken-elaborator::t1_acceptance countermodel_kind_round_trips_lossless
7	PASS [   0.004s] (308/593) ken-elaborator::t1_acceptance hole_kind_round_trips_and_lists_in_delta
7	PASS [   0.374s] (309/593) ken-elaborator::surface_named_proof_claims prop_seed_shape_elaborates_without_trusted_base_growth
7	PASS [   0.446s] (310/593) ken-elaborator::surface_named_proof_claims qualified_prop_intro_follows_alias_and_reexported_family_identity
7	PASS [   0.401s] (311/593) ken-elaborator::v1_acceptance law_all_omega_fields_is_proposition
7	PASS [   0.422s] (312/593) ken-elaborator::v1_acceptance prove_goal_obligation_and_postulate_binding
7	PASS [   0.338s] (313/593) ken-elaborator::v1_acceptance result_out_of_ensures_rejects
7	PASS [   0.346s] (314/593) ken-elaborator::v2_acceptance v2_enriches_v1_obligations_with_context
7	PASS [   0.168s] (315/593) ken-elaborator::v3_acceptance ipc_lem_invalid_not_refuted_unknown
7	PASS [   0.184s] (316/593) ken-elaborator::v3_acceptance verdict_keyed_by_id_no_side_channel
7	PASS [   1.555s] (317/593) ken-elaborator::v3_fo_checker_soundness_d1b_reflection fok_derives_is_exact_truncation_of_the_indexed_rule_tree
7	PASS [   1.609s] (318/593) ken-elaborator::v3_fo_checker_soundness_d3 fragment_witness_excludes_nested_forall_world_right
7	PASS [   1.811s] (319/593) ken-elaborator::v3_fo_checker_soundness_d0_buildability_probe probe2_propositional_truncation_literal_spec_syntax
7	PASS [   1.669s] (320/593) ken-elaborator::v3_fo_checker_soundness_d4 accepted_forall_world_right_reaches_full_checker_soundness
7	PASS [   1.605s] (321/593) ken-elaborator::v3_fo_embedding_adequacy_d1 empty_carrier_and_total_scoped_atom_environment_are_writable
7	PASS [   1.986s] (322/593) ken-elaborator::v3_fo_embedding_adequacy_d1 fin_lookup_preserves_binder_order_and_atom_identity
7	PASS [   1.657s] (323/593) ken-elaborator::v3_fo_ken_level_checker_authoring fok_embed_agrees_with_rust_embed_on_quoted_inputs
7	PASS [   1.657s] (324/593) ken-elaborator::v3_fo_ken_level_checker_authoring fok_rule_has_exactly_three_slice_variants
7	PASS [   0.012s] (325/593) ken-elaborator::v3_fo_kripke_slice_acceptance attempt_fo_with_signature_returns_unknown_never_proved_for_accepted_slice_certificate
7	PASS [   0.005s] (326/593) ken-elaborator::v3_fo_obligation_signature_discovery_acceptance predicate_applied_to_non_var_argument_is_refused_not_widened
7	PASS [   1.640s] (327/593) ken-elaborator::v3_fo_ken_level_checker_authoring fok_sequent_and_init_preserve_positional_field_order
7	PASS [   4.827s] (328/593) ken-elaborator::v3_fo_sorted_eigenparameter_wrong_sort_controls malformed_atomic_argument_role_is_refused
7	PASS [   0.010s] (329/593) ken-elaborator::v4_acceptance open_hole_typechecks_runs_in_trusted_base
7	PASS [   0.013s] (330/593) ken-elaborator::v4_acceptance unknown_absorption_on_known_operand
7	PASS [   0.012s] (331/593) ken-elaborator::v4_acceptance unknown_propagates_in_strict_position
7	PASS [   0.007s] (332/593) ken-elaborator::v4_acceptance unknown_verdict_not_relabeled_false
7	PASS [   0.390s] (333/593) ken-elaborator::val1_string_literals print_line_prim_reduction_builds_itree
7	PASS [   0.517s] (334/593) ken-elaborator::val1_string_literals string_literal_evaluates_to_str_val
7	PASS [   0.012s] (335/593) ken-foundation store::tests::map_ordering_shares_slot
7	PASS [   0.129s] (336/593) ken-host abi_m1_d0_probe::family_projection_hashes_compose_and_one_family_mutation_is_local
7	PASS [   0.018s] (337/593) ken-host abi_v1::tests::caller_control_trap_keeps_terminal_primary_and_appends_cleanup_failure
7	PASS [   0.011s] (338/593) ken-host abi_v1::tests::clock_wall_now_raw_dispatch_returns_a_plausible_instant_response
7	PASS [   0.008s] (339/593) ken-host abi_v1::tests::fs_append_file_raw_dispatch_appends_exact_bytes
7	PASS [   0.009s] (340/593) ken-host abi_v1::tests::fs_metadata_raw_dispatch_returns_exact_file_and_directory_fields
7	PASS [   0.009s] (341/593) ken-host abi_v1::tests::generated_effect_layout_matches_every_live_wire_record
7	PASS [   0.010s] (342/593) ken-host abi_v1::tests::whole_file_create_or_keep_preserves_a_concurrently_appearing_file
7	PASS [   0.007s] (343/593) ken-host account_db_v1::tests::production_lookup_is_owned_and_is_success_or_exact_no_record
7	PASS [   0.016s] (344/593) ken-host effect_v1::tests::abi_s6_d4_file_acquire_reads_real_source_from_offset_zero
7	PASS [   0.007s] (345/593) ken-host effect_v1::tests::abi_s6_d5a_mapping_accounting_is_fixed_4kib_and_buffer_is_byte_granular
7	PASS [   0.035s] (346/593) ken-host effect_v1::tests::every_represented_unavailable_operation_is_refused_by_the_executor_entry
7	PASS [   0.004s] (347/593) ken-host effect_v1::tests::foreign_acquisition_span_rejects_on_both_consumers_before_bytes_or_backend
7	PASS [   0.006s] (348/593) ken-host effect_v1::tests::revoked_path_admission_is_distinct_and_preserves_an_admitted_result
7	PASS [   0.004s] (349/593) ken-host effect_wire::tests::ac3b_the_sleep_request_carries_a_deadline_and_no_cancellation_surface
7	PASS [   0.006s] (350/593) ken-host effect_wire::tests::capacity_terminal_round_trips_and_rejects_forged_wire_tags
7	PASS [   0.005s] (351/593) ken-host effect_wire::tests::linked_trace_codec_preserves_resource_origin_canonical_revoked_identity
7	PASS [   0.005s] (352/593) ken-host effect_wire::tests::sole_codec_rejects_terminal_role_length_and_class_drift
7	PASS [   0.008s] (353/593) ken-host revocation_v1::tests::node_ids_are_monotonic_never_reused_and_nominally_distinct
7	PASS [   0.089s] (354/593) ken-host tests::generated_manifest_is_closed_and_probe_comparison_discriminates
7	PASS [   0.007s] (355/593) ken-interp console_io_tests::val1_c2_write_prints_and_resumes
7	PASS [   0.016s] (356/593) ken-interp eff_tests::eff1_perform_rule_uniform_across_classes
7	PASS [   0.006s] (357/593) ken-interp eff_tests::eff2_bind_graft_threads_response
7	PASS [   0.005s] (358/593) ken-interp eval::capacity_tests::interp_at_limit_repeat_does_not_trip
7	PASS [   0.006s] (359/593) ken-interp eval::nested_lift_coordinate_tests::direct_lift_refuses_mismatched_parameterized_host_before_method_type
7	PASS [   0.004s] (360/593) ken-interp eval::px5b_effect_observation_tests::d1_a_wall_instant_is_not_decodable_as_a_monotonic_deadline
7	PASS [   0.005s] (361/593) ken-interp eval::px5b_effect_observation_tests::positioned_backend_broken_pipe_reifies_distinct_from_interrupted
7	PASS [   0.006s] (362/593) ken-interp tests::can_quotient_elim_computes
7	PASS [   0.007s] (363/593) ken-interp tests::det_sharing_dedups_by_slot
7	PASS [   0.008s] (364/593) ken-interp tests::unknown_from_hole_dependent
7	PASS [   0.008s] (365/593) ken-interp::b3_acceptance no_event_outside_perform_point
7	PASS [   8.717s] (366/593) ken-elaborator::v3_fo_route_proved_composition accepted_certificate_returns_exact_kernel_checked_composite
7	PASS [   0.005s] (367/593) ken-interp::ds6b_intlit_eq_reduction_cross_layer kernel_and_interp_agree_on_negative_and_zero
7	PASS [   0.256s] (368/593) ken-interp::elim_bool_dispatch_acceptance computed_bool_false_dispatches_to_second_method
7	PASS [   0.004s] (369/593) ken-interp::f1_bignum_acceptance f1_oracle_magnitude_boundary_matrix
7	PASS [   0.004s] (370/593) ken-interp::f2f3_acceptance ac4_bare_add_int8_overflow_degrades_not_wraps
7	PASS [   0.257s] (371/593) ken-interp::i2_console_floor capture_read_is_bounded_and_eof_is_named_not_empty_chunk
7	PASS [   0.265s] (372/593) ken-interp::l1_acceptance ac2_literal_types_distinct
7	PASS [   0.290s] (373/593) ken-interp::l1_acceptance ac3_overflow_obligation_dischargeable_structure
7	PASS [   0.007s] (374/593) ken-interp::nc12_runtime_ir_evaluator caller_supplied_interpreter_agreement_binds_identities_without_live_path_claim
7	PASS [   0.004s] (375/593) ken-interp::nc12_runtime_ir_evaluator p2_selection_evaluates_the_program_owned_ir_not_the_callers
7	PASS [   0.008s] (376/593) ken-interp::nc12_runtime_ir_evaluator package_level_trust_metadata_rejects_before_runtime_ir_success
7	PASS [   0.309s] (377/593) ken-interp::nc12_runtime_ir_evaluator source_derived_package_identity_survives_into_runtime_ir_report
7	PASS [   0.006s] (378/593) ken-interp::nc12_runtime_ir_evaluator stale_oracle_identity_rejects_before_runtime_ir_evaluation
7	PASS [   0.352s] (379/593) ken-interp::nc7_differential_trust_report mismatch_report_names_compare_stage_after_both_sides_run
7	PASS [   0.342s] (380/593) ken-interp::nc7_differential_trust_report unsupported_preflight_report_emits_no_differential_claim
7	PASS [   0.267s] (381/593) ken-interp::nc9_proof_erasure_boundary_checker ken_checker_rejects_witness_program_mismatch_with_named_lane
7	PASS [   0.620s] (382/593) ken-interp::nc9_proof_erasure_boundary_checker native_trust_report_records_nc9_separately_from_nc8_and_f1
7	PASS [   0.277s] (383/593) ken-interp::px7f_system_resource caller_control_release_failure_preserves_success_and_body_error_ordering
7	PASS [   0.280s] (384/593) ken-interp::px7f_system_resource read_only_handle_metadata_surfaces_exact_right_not_held_masks
7	PASS [   0.697s] (385/593) ken-interp::px8i_native_int_differential interpreter_and_native_agree_beyond_i128_and_on_canonical_image
7	PASS [  25.271s] (386/593) ken-elaborator::r3_c2_source_mixed_branch c2_gate_4a_preparation_consumes_every_compiler_derived_slot
7	PASS [   0.148s] (387/593) ken-kernel conv::tests::control_genuinely_different_recursive_function_is_false_without_refusal
7	PASS [   0.088s] (388/593) ken-kernel conv::tests::framed_case2_same_const_spine_does_zero_delta_unfold
7	PASS [   0.004s] (389/593) ken-kernel conv::tests::level_max_same_var_higher_offset_dominates
7	PASS [   0.005s] (390/593) ken-kernel conv::tests::k3_closed_iota_to_neutral_argument_does_not_report_iota_progress
7	PASS [   0.004s] (391/593) ken-kernel conv::tests::pi_eta_convert
7	PASS [   0.004s] (392/593) ken-kernel inductive::tests::iota_reduct_wrong_level_arity_errors_not_panics
7	PASS [   0.003s] (393/593) ken-kernel inductive::tests::positivity_bad3_in_application_rejected
7	PASS [   0.007s] (394/593) ken-kernel inductive::tests::positivity_bad4_in_own_indices_rejected
7	PASS [   0.004s] (395/593) ken-kernel sct::tests::strict_self_loop_accepted
7	PASS [   0.004s] (396/593) ken-kernel subst::tests::subst_tel_length3_dependent_spine
7	PASS [   0.209s] (397/593) ken-kernel::acceptance ac5_d_in_own_indices_rejected
7	PASS [   0.213s] (398/593) ken-kernel::acceptance ac3_pi_eta
7	PASS [   0.006s] (399/593) ken-kernel::acceptance ac6_subject_reduction_iota_nat
7	PASS [   0.005s] (400/593) ken-kernel::acceptance ac7_eta_expansion_terminates
7	PASS [   0.005s] (401/593) ken-kernel::acceptance k2_seam1b_eq_inductive_dependent_stuck
7	PASS [   0.005s] (402/593) ken-kernel::acceptance k2_seam3_omega_quot_elim_accepted
7	PASS [   0.049s] (403/593) ken-kernel::acceptance ac5_nested_negative_in_application_rejected
7	PASS [   0.031s] (404/593) ken-kernel::ds6a_int_deceq_certificate wrong_arity_eq_op_is_rejected_at_registration
7	PASS [   0.007s] (405/593) ken-kernel::ds6b_intlit_eq_reduction under_equate_same_literal_accepted
7	PASS [   0.007s] (406/593) ken-kernel::eq_at_inductive_multifield_binder one_field_reflexive_eq_stays_well_typed_either_way
7	PASS [   0.008s] (407/593) ken-kernel::k1p5_wstyle ac1_negative_bad_rejected
7	PASS [   0.004s] (408/593) ken-kernel::k1p5_wstyle ac2_elim_uses_ih_flips
7	PASS [   0.004s] (409/593) ken-kernel::k1p5_wstyle ac4_k1_suite_regression
7	PASS [   0.006s] (410/593) ken-kernel::k1p5_wstyle ac3_wstyle_iota_in_conversion
7	PASS [   0.008s] (411/593) ken-kernel::k2c_conversion sct_accept_permuted
7	PASS [   0.008s] (412/593) ken-kernel::k5_omega_fragment absurd_type_motive_can_mention_context_variables
7	PASS [   0.004s] (413/593) ken-kernel::k5_omega_fragment sct_rejects_self_reference_laundered_through_absurd
7	PASS [   0.007s] (414/593) ken-kernel::k7_eq_at_inductive_whnf eq_at_inductive_stays_neutral_on_genuinely_neutral_operand
7	PASS [   0.007s] (415/593) ken-kernel::ktr1_constructor_universe_gate incomparable_symbolic_level_is_rejected_closed
7	PASS [   0.005s] (416/593) ken-kernel::ktr1_constructor_universe_gate parameters_are_context_not_constructor_fields
7	PASS [   0.005s] (417/593) ken-kernel::ktr1_constructor_universe_gate symbolic_sublevel_accepts_when_join_proves_it
7	PASS [   0.008s] (418/593) ken-kernel::nested_inductives_all generated_all_sorts_retain_both_independent_symbolic_levels
7	PASS [   0.009s] (419/593) ken-kernel::nested_inductives_all generated_support_failure_rolls_back_the_whole_host_transaction
7	PASS [   0.012s] (420/593) ken-kernel::nested_inductives_d3b_d4 sigma_lift_method_and_iota_are_one_kernel_checked_pair
7	PASS [   0.010s] (421/593) ken-kernel::nested_inductives_remaining declared_positive_paths_admit_list_pair_and_fresh_container_nesting
7	PASS [   0.009s] (422/593) ken-kernel::positivity_demand_driven negative_occurrence_exposed_at_the_head_stays_rejected
7	PASS [   0.004s] (423/593) ken-runtime activation_abi::tests::every_entry_point_refuses_null_rather_than_dereferencing_it
7	PASS [   0.005s] (424/593) ken-runtime activation_abi::tests::zero_epoch_profile_child
7	PASS [   0.029s] (425/593) ken-runtime activation_abi::tests::c_open_and_begin_return_owned_typed_region_refusals
7	PASS [   0.014s] (426/593) ken-runtime activation_abi::tests::zero_epoch_profile_refuses_before_publishing_an_activation_handle
7	PASS [   0.008s] (427/593) ken-runtime boundary_activation::tests::finishing_withdraws_the_services_pointer_and_seals_the_image
7	PASS [   0.006s] (428/593) ken-runtime boundary_activation::tests::the_services_record_carries_the_boundary_base_and_not_the_native_one
7	PASS [   0.033s] (429/593) ken-runtime boundary_value::invocation_aggregate_decode_tests::a_cycle_refuses
7	PASS [   0.034s] (430/593) ken-runtime boundary_value::invocation_aggregate_decode_tests::a_record_aggregate_decodes_to_its_named_fields
7	PASS [   0.005s] (431/593) ken-runtime boundary_value::reservation_units_tests::reservation_failure_reports_nodes_in_logical_nodes_not_backing_cells
7	PASS [   0.004s] (432/593) ken-runtime boundary_value_clif::tests::b2v_ac6_equal_ordinals_in_two_artifacts_do_not_collide
7	PASS [   0.029s] (433/593) ken-runtime boundary_value_clif::tests::b2v_acv5_an_already_owned_ground_root_still_takes_the_fast_path
7	PASS [   0.063s] (434/593) ken-runtime boundary_value_clif::tests::b2v_ac6_a_refused_graph_installs_no_identity_at_all
7	PASS [   0.012s] (435/593) ken-runtime boundary_value_clif::tests::b2v_emitted_immediate_construction_refuses_what_it_cannot_represent
7	PASS [   0.056s] (436/593) ken-runtime boundary_value_clif::tests::b2v_emitted_code_cannot_assign_store_identity
7	PASS [   0.022s] (437/593) ken-runtime boundary_value_clif::tests::b2v_the_frozen_prefix_refuses_emitted_mutation
7	PASS [   0.013s] (438/593) ken-runtime boundary_value_clif::tests::b2v_the_immediate_handle_choice_tracks_magnitude_only
7	PASS [   0.067s] (439/593) ken-runtime boundary_value_clif::tests::b2v_the_layout_inventory_is_the_sole_authority
7	PASS [   0.226s] (440/593) ken-runtime boundary_value_clif::tests::b2v_the_emitted_relation_is_the_plans_per_cell
7	PASS [   0.012s] (441/593) ken-runtime cranelift_backend::artifact::api::tests::missing_lowerability_metadata_rejects_before_backend_lowering
7	PASS [   0.120s] (442/593) ken-runtime cranelift_backend::artifact::api::tests::nc22_imported_dependency_lowers_as_stable_unsupported_native_lane
7	PASS [   0.005s] (443/593) ken-runtime cranelift_backend::artifact::api::tests::nc8_certificate_false_supported_claim_rejects_by_recomputation
7	PASS [   0.004s] (444/593) ken-runtime cranelift_backend::artifact::api::tests::nc8_certificate_rejects_top_level_var_example
7	PASS [   0.262s] (445/593) ken-runtime cranelift_backend::artifact::api::tests::jit_epoch_policy_is_explicit_and_prelaunch_refusal_is_typed
7	PASS [   0.007s] (446/593) ken-runtime cranelift_backend::grafted_spine_control_graph::tests::mismatched_return_rejects_at_exact_return_layer
7	PASS [   0.265s] (447/593) ken-runtime cranelift_backend::artifact::api::tests::program_runner_preflights_metadata_before_backend_lowering
7	PASS [   0.005s] (448/593) ken-runtime cranelift_backend::lowering::boundary::tests::recut2_every_admitted_row_closes_every_required_phase
7	PASS [   0.005s] (449/593) ken-runtime cranelift_backend::lowering::boundary::tests::recut2_identity_is_a_function_of_owner_and_needs_no_second_wiring
7	PASS [   0.004s] (450/593) ken-runtime cranelift_backend::lowering::boundary::tests::recut2_only_the_store_minted_handle_requires_the_whole_lifecycle
7	PASS [   0.031s] (451/593) ken-runtime cranelift_backend::lowering::core::primitive::tests::cranelift_runs_closure_seed_with_explicit_runtime_capture_environment
7	PASS [   0.296s] (452/593) ken-runtime cranelift_backend::lowering::aggregates::tests::a_sibling_aggregates_producer_certificate_is_refused_before_any_allocation
7	PASS [   0.019s] (453/593) ken-runtime cranelift_backend::lowering::core::primitive::tests::int_to_uint64_raw_preserves_the_exact_big_native_int
7	PASS [   0.015s] (454/593) ken-runtime cranelift_backend::lowering::core::tests::constructors::a_dynamic_alternative_with_no_planned_record_refuses
7	PASS [   0.006s] (455/593) ken-runtime cranelift_backend::lowering::core::tests::constructors::a_mixed_phase_capture_run_installs_and_keeps_each_capture_at_its_own_phase
7	PASS [   0.095s] (456/593) ken-runtime cranelift_backend::lowering::core::tests::constructors::a_capture_operand_reconciles_only_against_its_own_ruled_position
7	PASS [   0.067s] (457/593) ken-runtime cranelift_backend::lowering::core::tests::constructors::architect_probe_direct_none_frame_ret_vis_carried_match_compiles
7	PASS [   0.004s] (458/593) ken-runtime cranelift_backend::lowering::core::tests::constructors::b2f_d9_no_spillable_tag_can_make_the_immediate_producer_answer_shape
7	PASS [   0.017s] (459/593) ken-runtime cranelift_backend::lowering::core::tests::constructors::b2f_d9_a_value_past_the_field_takes_the_spill_arm
7	PASS [   0.006s] (460/593) ken-runtime cranelift_backend::lowering::core::tests::constructors::c1_d3_producer_screens_admissibility_before_it_touches_the_carrier
7	PASS [   0.016s] (461/593) ken-runtime cranelift_backend::lowering::core::tests::constructors::c1_d3_ac_c4_the_recursive_positions_ownership_comes_from_the_frame
7	PASS [   0.020s] (462/593) ken-runtime cranelift_backend::lowering::core::tests::constructors::carried_non_bool_match_refuses_int_and_exit_status_immediates
7	PASS [   0.032s] (463/593) ken-runtime cranelift_backend::lowering::core::tests::constructors::carried_bool_dispatch_refuses_real_tag_seven_nodes_with_bool_shaped_scalars
7	PASS [   0.023s] (464/593) ken-runtime cranelift_backend::lowering::core::tests::constructors::constructor_field_missing_case_owns_default_before_fields
7	PASS [   0.161s] (465/593) ken-runtime cranelift_backend::lowering::core::tests::constructors::dynamic_host_result_producer_well_formed_control_emits
7	PASS [   0.007s] (466/593) ken-runtime cranelift_backend::lowering::core::tests::constructors::heterogeneous_later_ordinary_missing_selects_exact_default
7	PASS [   0.018s] (467/593) ken-runtime cranelift_backend::lowering::core::tests::constructors::nested_computational_outer_arity_rejects_specifically
7	PASS [   0.209s] (468/593) ken-runtime cranelift_backend::lowering::core::tests::constructors::dynamic_constructor_dispatches_producer_continuation_with_all_frames
7	PASS [   0.057s] (469/593) ken-runtime cranelift_backend::lowering::core::tests::constructors::selected_worker_call_obeys_generated_generation_gate
7	PASS [   0.062s] (470/593) ken-runtime cranelift_backend::lowering::core::tests::constructors::nested_worker_depends_on_both_levels
7	PASS [   0.006s] (471/593) ken-runtime cranelift_backend::lowering::core::tests::constructors::static_worker_construction_installs_on_agreeing_descriptor
7	PASS [   0.009s] (472/593) ken-runtime cranelift_backend::lowering::core::tests::constructors::source_machine_recognized_worker_enters_the_constructor_template
7	PASS [   0.006s] (473/593) ken-runtime cranelift_backend::lowering::core::tests::constructors::static_worker_construction_rejects_wrong_capture_count
7	PASS [   0.027s] (474/593) ken-runtime cranelift_backend::lowering::core::tests::constructors::static_worker_unused_binding_succeeds
7	PASS [   0.026s] (475/593) ken-runtime cranelift_backend::lowering::core::tests::constructors::unconditionally_separate_checked_successor_lowering_recreates_the_regression
7	PASS [   0.007s] (476/593) ken-runtime cranelift_backend::lowering::core::tests::control::checked_frame_branch_scope_harness_uses_live_lowering_ledger
7	PASS [   0.006s] (477/593) ken-runtime cranelift_backend::lowering::core::tests::control::nested_computational_inner_missing_selects_exact_inner_default
7	PASS [   0.008s] (478/593) ken-runtime cranelift_backend::lowering::core::tests::control::oriented_fresh_ih_semantics_retain_all_inherited_control_obligations
7	PASS [   0.077s] (479/593) ken-runtime cranelift_backend::lowering::core::tests::constructors::two_same_shape_workers_are_distinguished
7	PASS [   0.006s] (480/593) ken-runtime cranelift_backend::lowering::core::tests::control::the_entry_keyed_collection_detector_catches_the_shape_it_is_looking_for
7	PASS [   0.072s] (481/593) ken-runtime cranelift_backend::lowering::core::tests::control::px8j_selected_scope_partitions_differ_across_the_real_return_hole
7	PASS [   0.105s] (482/593) ken-runtime cranelift_backend::lowering::core::tests::d5_c4_abi_domain_mutations_each_refuse_before_any_call_is_emitted
7	PASS [   0.072s] (483/593) ken-runtime cranelift_backend::lowering::core::tests::effects::buffer_freeze_carried_start_and_length_dispatch_or_invalid_bounds
7	PASS [   0.141s] (484/593) ken-runtime cranelift_backend::lowering::core::tests::effects::carried_constructor_dispatch_traps_non_matching_roots_before_host_dispatch
7	PASS [   0.282s] (485/593) ken-runtime cranelift_backend::lowering::core::tests::effects::a_carried_capacity_narrows_exactly_as_a_specialized_one_over_both_representations
7	PASS [   0.100s] (486/593) ken-runtime cranelift_backend::lowering::core::tests::effects::dynamic_host_result_residual_carries_the_planner_trap_identity
7	PASS [   0.005s] (487/593) ken-runtime cranelift_backend::lowering::core::tests::effects::every_admitted_host_operation_has_a_gapless_seat_contract_derived_from_its_key
7	PASS [   0.004s] (488/593) ken-runtime cranelift_backend::lowering::core::tests::effects::mapping_window_seats_are_either_phase
7	PASS [   0.049s] (489/593) ken-runtime cranelift_backend::lowering::core::tests::effects::native_resource_origin_projects_resource_host_io_revoked
7	PASS [   0.015s] (490/593) ken-runtime cranelift_backend::lowering::core::tests::effects::px8n_bounded_nat_observes_exact_zero_successor_and_recursive_order
7	PASS [   0.015s] (491/593) ken-runtime cranelift_backend::lowering::core::tests::effects::px8n_decrement_and_raw_scalar_mutations_fail_the_structural_oracle
7	PASS [   0.223s] (492/593) ken-runtime cranelift_backend::lowering::core::tests::effects::directory_entries_decoder_is_bounded_and_consumes_the_whole_payload
7	PASS [   0.050s] (493/593) ken-runtime cranelift_backend::lowering::core::tests::host_call_carrier::d4_an_unrecorded_continuation_emission_reds_the_clif_sweep
7	PASS [   0.023s] (494/593) ken-runtime cranelift_backend::lowering::core::tests::host_call_carrier::d5_c4_a_duplicated_checked_occurrence_is_refused_after_its_lawful_first
7	PASS [   0.028s] (495/593) ken-runtime cranelift_backend::lowering::core::tests::host_call_carrier::the_resolved_call_edge_population_moves_with_the_program
7	PASS [   0.097s] (496/593) ken-runtime cranelift_backend::lowering::core::tests::host_call_carrier::d4_claiming_the_same_causal_token_twice_reds_the_ledger
7	PASS [   0.027s] (497/593) ken-runtime cranelift_backend::lowering::core::tests::host_call_carrier::typed_trap_exit_rejects_a_deleted_or_root_misclassified_unit_lane
7	PASS [   0.029s] (498/593) ken-runtime cranelift_backend::lowering::core::tests::positional_candidate_settlement::d3_both_binding_seats_obey_one_conversion_law
7	PASS [   0.048s] (499/593) ken-runtime cranelift_backend::lowering::core::tests::positional_candidate_settlement::r3_the_base_uncomposed_slot_population_stays_singleton_and_rehomed_expects_no_inner_frame
7	PASS [   0.005s] (500/593) ken-runtime cranelift_backend::lowering::core::tests::recursor_fusion::contkey_wrong_inner_match_eliminator_seed_is_rejected
7	PASS [   0.041s] (501/593) ken-runtime cranelift_backend::lowering::core::tests::recursor_fusion::d2f_the_two_binder_projections_share_one_source_field_transport
7	PASS [   0.163s] (502/593) ken-runtime cranelift_backend::lowering::core::tests::positional_candidate_settlement::ced_d3_m2_settling_inline_on_bridge_entry_collides_at_promotion_from_the_entry_seat
7	PASS [   0.083s] (503/593) ken-runtime cranelift_backend::lowering::core::tests::recursor_fusion::r3_fused_parameter_projection_refuses_before_claim_consumption
7	PASS [   0.072s] (504/593) ken-runtime cranelift_backend::lowering::core::tests::recursor_fusion::r3_fused_post_field_direct_call_reintroduction_refuses_before_emission
7	PASS [   0.033s] (505/593) ken-runtime cranelift_backend::lowering::core::tests::source_frame_bridge::d6b_every_raw_emission_sits_where_the_tables_agree_and_every_context_emission_where_they_differ
7	PASS [   0.047s] (506/593) ken-runtime cranelift_backend::lowering::core::tests::recursor_fusion::required_consumer_projection_reaches_the_depth_two_funnel
7	PASS [   0.036s] (507/593) ken-runtime cranelift_backend::lowering::core::tests::source_frame_bridge::d6b_the_mixed_pair_is_over_one_body_and_only_a_retarget_makes_the_two_tables_disagree
7	PASS [   0.026s] (508/593) ken-runtime cranelift_backend::lowering::core::tests::source_frame_bridge::d8p_a_checked_application_binds_and_emits_in_every_defining_body
7	PASS [   0.056s] (509/593) ken-runtime cranelift_backend::lowering::core::tests::source_frame_bridge::d8m_the_bridge_arm_populations_move_only_with_the_marker
7	PASS [   0.028s] (510/593) ken-runtime cranelift_backend::lowering::core::tests::specialization_binding::d5a_a_transplanted_generated_context_binding_refuses_at_the_retarget
7	PASS [   0.032s] (511/593) ken-runtime cranelift_backend::lowering::core::tests::specialization_binding::d5a_the_retargeted_worker_call_carries_the_raw_run_plus_the_context_capture_suffix
7	PASS [   0.011s] (512/593) ken-runtime cranelift_backend::lowering::core::tests::specialization_binding::d7a_the_composed_worker_view_is_the_selecting_units_own_worker_or_a_named_refusal
7	PASS [   0.051s] (513/593) ken-runtime cranelift_backend::lowering::core::tests::specialization_binding::d8d_the_composed_binding_site_tracks_the_narrowed_intersection_route
7	PASS [   0.023s] (514/593) ken-runtime cranelift_backend::lowering::core::tests::specialization_binding::d8e_the_composed_binding_is_installed_consumed_and_clears_its_own_causal_edge
7	PASS [   0.152s] (515/593) ken-runtime cranelift_backend::lowering::core::tests::specialization_binding::d3c_an_entry_abi_root_position_is_not_the_immediate_position_under_a_binder
7	PASS [   0.005s] (516/593) ken-runtime cranelift_backend::lowering::seed_material::tests::seed_material_alignment_matches_the_declared_carrier
7	PASS [   0.099s] (517/593) ken-runtime cranelift_backend::lowering::source::tests::d2b_capability_gate_the_two_position_shape_refuses_before_its_case_body
7	PASS [   0.007s] (518/593) ken-runtime cranelift_backend::lowering::source::tests::ordinary_match_backedge_forward_preserves_both_routing_axes
7	PASS [   0.121s] (519/593) ken-runtime cranelift_backend::lowering::core::tests::specialization_binding::d8j_the_composed_authority_is_discharged_once_after_the_call
7	PASS [   0.010s] (520/593) ken-runtime cranelift_backend::lowering::source::tests::px8j_source_machine_install_rejects_wrong_control_roles_and_origins
7	PASS [   0.005s] (521/593) ken-runtime cranelift_backend::lowering::units::admitted_matches_role_sequence::a_source_only_permutation_is_refused
7	PASS [   0.008s] (522/593) ken-runtime cranelift_backend::planning::static_transition::aggregates::checked_ih_captured_env_schema::a_seed_sourced_capture_is_refused_rather_than_admitted
7	PASS [   0.008s] (523/593) ken-runtime cranelift_backend::planning::static_transition::aggregates::checked_ih_captured_env_schema::an_arity_above_the_positional_run_refuses_rather_than_truncating
7	PASS [   0.012s] (524/593) ken-runtime cranelift_backend::planning::static_transition::aggregates::checked_ih_captured_env_schema::transport_field_order_and_input_morphism_are_fail_closed
7	PASS [   0.016s] (525/593) ken-runtime cranelift_backend::planning::static_transition::aggregates::checked_ih_captured_env_schema::each_records_ordered_run_matches_the_authoritative_roles
7	PASS [   0.007s] (526/593) ken-runtime cranelift_backend::planning::static_transition::aggregates::tests::a_path_step_kind_is_load_bearing_not_an_index
7	PASS [   0.013s] (527/593) ken-runtime cranelift_backend::planning::static_transition::aggregates::checked_ih_captured_env_schema::transport_lookup_is_exact_and_has_no_seat_fallback
7	PASS [   0.009s] (528/593) ken-runtime cranelift_backend::planning::static_transition::aggregates::tests::a_site_bound_child_is_resolved_against_the_seat_not_pruned
7	PASS [   0.008s] (529/593) ken-runtime cranelift_backend::planning::static_transition::aggregates::tests::the_planner_owns_the_ordered_alternative_population
7	PASS [   0.257s] (530/593) ken-runtime cranelift_backend::planning::static_transition::closure::tests::boundary_a_nested_resource_brackets_n3_through_n7_are_closed_and_affine
7	PASS [   0.017s] (531/593) ken-runtime cranelift_backend::planning::static_transition::closure::tests::boundary_b1_negative_controls_fail_at_named_semantic_artifacts
7	PASS [   0.006s] (532/593) ken-runtime cranelift_backend::planning::static_transition::closure::tests::boundary_c1_identity_abi_word_round_trips_and_reserves_zero
7	PASS [   0.009s] (533/593) ken-runtime cranelift_backend::planning::static_transition::closure::tests::d2h_the_key_id_descriptor_bijection_round_trips
7	PASS [   0.009s] (534/593) ken-runtime cranelift_backend::planning::static_transition::closure::tests::d7_1c_an_omitted_or_misclassified_member_reds_in_planning
7	PASS [   0.006s] (535/593) ken-runtime cranelift_backend::planning::static_transition::closure::tests::process_ingress_is_role_keyed_and_absent_from_value_roots
7	PASS [   0.005s] (536/593) ken-runtime cranelift_backend::planning::static_transition::closure::tests::substrate_case_emission_closes_the_exact_alternative_union
7	PASS [   0.005s] (537/593) ken-runtime cranelift_backend::planning::static_transition::construction::tests::a_non_root_computational_declaration_body_differs_from_its_entry
7	PASS [   0.006s] (538/593) ken-runtime cranelift_backend::planning::static_transition::construction::tests::d4_the_declaration_call_partition_follows_the_seed_class
7	PASS [   0.004s] (539/593) ken-runtime cranelift_backend::planning::static_transition::continuations::fusion::tests::d2g_ac4_transport_validator_refuses_markers_without_a_plan
7	PASS [   0.007s] (540/593) ken-runtime cranelift_backend::planning::static_transition::continuations::fusion::tests::d2i_the_future_enumerators_root_source_is_richer_than_the_seed_frontier
7	PASS [   0.023s] (541/593) ken-runtime cranelift_backend::planning::static_transition::continuations::fusion::tests::d2j_the_source_side_causes_refuse_before_any_id_exists
7	PASS [   0.009s] (542/593) ken-runtime cranelift_backend::planning::static_transition::continuations::tests::contsrc_d4a_a_producer_local_environment_is_admitted_and_r_still_declines
7	PASS [   0.007s] (543/593) ken-runtime cranelift_backend::planning::static_transition::continuations::tests::contsrc_producer_local_coordinate_is_refused_by_both_planner_consumers
7	PASS [   0.004s] (544/593) ken-runtime cranelift_backend::planning::static_transition::immediate_bridge::tests::checked_ih_slots_wrapper_suppresses_the_heterogeneous_test
7	PASS [   0.007s] (545/593) ken-runtime cranelift_backend::planning::static_transition::immediate_bridge::tests::every_plan_mutation_moves_the_published_relation_and_applies_once
7	PASS [   0.004s] (546/593) ken-runtime cranelift_backend::planning::static_transition::immediate_bridge::tests::lifted_differential_same_expr_opposite_verdicts_across_one_binder
7	PASS [   0.004s] (547/593) ken-runtime cranelift_backend::planning::static_transition::immediate_bridge::tests::new_intent_a_var_producer_is_not_heterogeneous
7	PASS [   0.004s] (548/593) ken-runtime cranelift_backend::planning::static_transition::immediate_bridge::tests::refuses_a_body_that_is_none_of_the_four_spellings
7	PASS [   0.015s] (549/593) ken-runtime cranelift_backend::planning::static_transition::joins_traps::tests::d8_join_plan_is_a_bijection_with_source_join_occurrences
7	PASS [   0.007s] (550/593) ken-runtime cranelift_backend::planning::static_transition::joins_traps::tests::d8_let_environment_provenance_reaches_the_exact_nested_join
7	PASS [   0.160s] (551/593) ken-runtime cranelift_backend::planning::static_transition::joins_traps::tests::d8_variable_seed_mutation_reds_at_the_plan_boundary
7	PASS [   0.007s] (552/593) ken-runtime cranelift_backend::planning::static_transition::occurrences::tests::nested_computational_occurrences_stay_injective_under_a_shared_entry
7	PASS [   0.007s] (553/593) ken-runtime cranelift_backend::planning::static_transition::occurrences::tests::swapping_two_declaration_occurrences_is_refused
7	PASS [   0.004s] (554/593) ken-runtime cranelift_backend::planning::static_transition::selected_pending_calls::tests::agreeing_unit_preserves_the_existing_l2_nonpending_route
7	PASS [   0.004s] (555/593) ken-runtime cranelift_backend::planning::static_transition::selected_pending_calls::tests::one_emission_owner_refuses_mixed_response_and_ordinary_returns
7	PASS [   0.010s] (556/593) ken-runtime cranelift_backend::planning::static_transition::selected_pending_calls::tests::px8tr_gather_and_retarget_nonproducer_transition_sentinel
7	PASS [   0.006s] (557/593) ken-runtime cranelift_backend::planning::static_transition::units::tests::b2r_ac3_both_capture_provenances_declare_slots_and_select_distinct_carriers
7	PASS [   0.007s] (558/593) ken-runtime cranelift_backend::planning::static_transition::units::tests::contspec_abi_added_capture_moves_slot_count_by_exactly_one
7	PASS [   0.007s] (559/593) ken-runtime cranelift_backend::planning::static_transition::units::tests::contspec_parameter_affinity_comes_from_its_exact_source_slot
7	PASS [   0.004s] (560/593) ken-runtime cranelift_backend::surface::surface_diagnostics_tests::backend_errors_are_usable_as_std_error_trait_objects
7	PASS [   0.004s] (561/593) ken-runtime executable_artifact_contract::tests::native_artifact_available_without_hash_rejects
7	PASS [   0.007s] (562/593) ken-runtime executable_artifact_contract::tests::report_and_contract_hashes_use_canonical_field_encoding
7	PASS [   0.005s] (563/593) ken-runtime executable_artifact_contract::tests::valid_contract_binds_runtime_report_and_explicit_unavailable_lanes
7	PASS [   0.005s] (564/593) ken-runtime executable_entrypoint_packaging::tests::runtime_entrypoint_package_binds_entrypoint_runtime_report_and_contract
7	PASS [   0.004s] (565/593) ken-runtime invocation_tickets::tests::exact_slot_and_generation_limits_refuse_before_half_issuance
7	PASS [   0.004s] (566/593) ken-runtime invocation_tickets::tests::slot_reuse_generation_and_cross_activation_epoch_prevent_aba
7	PASS [   0.004s] (567/593) ken-runtime ir::tests::acf2_ordinary_case_count_is_load_bearing
7	PASS [   0.004s] (568/593) ken-runtime ir::tests::frame_header_encoding_is_unambiguous_at_field_boundaries
7	PASS [   1.219s] (569/593) ken-runtime cranelift_backend::planning::static_transition::closure::tests::b2r_ac6_the_abi_plane_declares_no_emission_construct
7	PASS [   1.662s] (570/593) ken-runtime native_execution_differential::tests::hidden_deferred_effect_body_reports_named_unavailable_without_native_execution
7	PASS [   1.805s] (571/593) ken-runtime native_execution_differential::tests::runtime_ir_mismatch_names_package_target_artifact_and_lane
7	PASS [   0.016s] (572/593) ken-runtime object_linker_packaging::tests::forged_entrypoint_package_version_rejects_before_linking
7	PASS [   2.071s] (573/593) ken-runtime native_execution_differential::tests::stale_object_linker_package_hash_rejects_before_execution
7	PASS [   1.995s] (574/593) ken-runtime object_linker_packaging::tests::generic_object_executes_the_same_exact_big_int_helper_graph
7	PASS [   1.359s] (575/593) ken-runtime object_linker_packaging::tests::linked_process_artifact_drives_real_resource_open_use_release
7	PASS [   2.804s] (576/593) ken-runtime object_linker_packaging::tests::nested_post_effect_checked_recursor_reaches_success_and_retains_exact_trap_provenance
7	PASS [   0.028s] (577/593) ken-runtime object_linker_packaging::tests::shared_helper_wrapping_mutation_turns_generic_object_discriminator_red
7	PASS [   0.005s] (578/593) ken-runtime object_linker_packaging::tests::signed_root_trap_decoder_refuses_every_unbound_identity_class
7	PASS [   0.006s] (579/593) ken-runtime object_linker_packaging::tests::stale_platform_support_hash_rejects_before_linking
7	PASS [   0.004s] (580/593) ken-runtime oriented_subcontinuation_plan::tests::computational_ih_parent_edge_deletion_corruption_and_swap_reject
7	PASS [   0.004s] (581/593) ken-runtime oriented_subcontinuation_plan::tests::control_parent_cannot_cross_prompt_regions
7	PASS [   0.005s] (582/593) ken-runtime platform_runtime_support::tests::platform_support_binds_entrypoint_and_represents_starter_shapes
7	PASS [   0.006s] (583/593) ken-runtime platform_runtime_support::tests::stale_entrypoint_metadata_payload_rejects_before_runtime_support
7	PASS [   0.004s] (584/593) ken-runtime unknown::tests::unknown_or_unknown_is_unknown
7	PASS [   0.006s] (585/593) ken-verify canonical::tests::comparator_reports_enum_trace_delta_and_corrected_payload_identity
7	PASS [   0.007s] (586/593) ken-verify filesystem::tests::canonical_snapshot_projects_mode_but_never_owner_namespace
7	PASS [   2.852s] (587/593) ken-runtime object_linker_packaging::tests::nonprocess_starter_preserves_actual_one_past_epoch_fault
7	PASS [  22.184s] (588/593) ken-interp::b3_acceptance non_host_trace_event_uses_exact_b1_signature_and_rejects_sibling
7	PASS [  31.285s] (589/593) ken-verify scenario::tests::console_read_normalized_real_artifact_differential_discriminates
7	PASS [  26.825s] (590/593) ken-verify scenario::tests::fs_rename_real_artifact_state_transition_discriminates
7	PASS [  82.277s] (591/593) ken-verify scenario::tests::fs_create_directory_exercises_every_path_policy_refusal
7	PASS [ 121.090s] (592/593) ken-verify scenario::tests::fs_rename_real_artifact_exercises_both_path_policy_operands
7	PASS [ 150.123s] (593/593) ken-elaborator::v3_fo_ken_level_checker_authoring_d4_d5_conversion_measured measure_kernel_conversion_load_on_real_source_programs
3	PASS [   0.346s] (  1/593) ken-cli entrypoint_tests::anone_readfile_reaches_named_denial_before_capture_host_syscall
3	PASS [   0.348s] (  2/593) ken-cli entrypoint_tests::fs_effect_without_declared_family_is_named_static_rejection
3	PASS [   0.354s] (  3/593) ken-cli entrypoint_tests::declared_afull_mints_runner_caps_and_writes_through_capture_host
3	PASS [   0.681s] (  4/593) ken-cli entrypoint_tests::missing_and_duplicate_main_have_distinct_specific_errors
3	PASS [   0.356s] (  5/593) ken-cli entrypoint_tests::runner_has_no_implicit_fs_authority_default
3	PASS [   0.357s] (  6/593) ken-cli::cli_i1_entrypoint_abi named_main_runs_when_it_is_not_the_last_declaration
3	PASS [   0.878s] (  7/593) ken-cli::fs_read_file_lines_flip_e2e missing_file_surfaces_total_not_found
3	PASS [   0.702s] (  8/593) ken-cli::library_documentation_gates check_and_write_modes_never_mutate_the_ledger
3	PASS [   1.686s] (  9/593) ken-cli::library_documentation_gates checked_examples_detector_rejects_invalid_example_and_stale_reject
3	PASS [   0.011s] ( 10/593) ken-cli::library_documentation_gates invalid_kind_detector_rejects_case_variant
3	PASS [   0.511s] ( 11/593) ken-cli::library_documentation_gates ledger_rejects_a_doubled_slash_row
3	PASS [   0.018s] ( 12/593) ken-cli::mrc_d8_manifest_premise mrc_d8_control_moving_the_featured_edge_reds_fact_three
3	PASS [   0.018s] ( 13/593) ken-cli::mrc_d8_manifest_premise mrc_d8_d9_the_census_transport_premise_holds_on_every_declared_manifest
3	PASS [   1.115s] ( 14/593) ken-cli::px4b_native_production authority_mismatch_fails_before_any_artifact_is_written
3	PASS [  67.145s] ( 15/593) ken-cli::k3_literal_char_native checked_literal_view_codes_match_interpreter_and_native
3	PASS [  62.246s] ( 16/593) ken-cli::px4b_native_production fs_scope_denial_reaches_ken_as_the_named_error
3	PASS [   0.008s] ( 17/593) ken-cli::px4b_native_production string_literal_end_recognizes_every_raw_string_prefix
3	PASS [  41.518s] ( 18/593) ken-cli::px4b_native_production real_source_builds_one_identity_bound_linked_process_artifact
3	PASS [  50.422s] ( 19/593) ken-cli::px7p_constructor_field_composition selected_err_field_reaches_both_real_executors
3	PASS [  50.460s] ( 20/593) ken-cli::px8l_recursive_decl_native dynamic_multistep_seed_preserves_updated_parameter_order
3	PASS [ 162.423s] ( 21/593) ken-cli::abi_s6_mapping_surface_native suppressing_bounded_response_owner_drive_restores_the_pending_vis_trap
3	PASS [  57.290s] ( 22/593) ken-cli::px8l_recursive_decl_native dynamic_zero_seed_takes_the_base_case
3	PASS [  54.039s] ( 23/593) ken-cli::px8ta_oriented_subcontinuation px8ds_retired_flat_order_does_not_gain_m4_representation
3	PASS [  59.969s] ( 24/593) ken-cli::px8x_single_schema_observation linked_route_exposes_real_ordered_role_labelled_bindings
3	PASS [  57.469s] ( 25/593) ken-cli::rt_branched_scrutinee_unit_body_port suppressing_match_branch_entry_is_a_recorder_positive_control
3	PASS [   0.007s] ( 26/593) ken-cli::rt_native_string_construction native_string_ground_ingress_normalizes
3	PASS [  40.076s] ( 27/593) ken-cli::rt_planner_seed_binding_order two_same_type_parameters_read_after_a_bind_keep_their_values
3	PASS [   0.346s] ( 28/593) ken-cli::t2_acceptance ac1_ill_typed_def_rejected_not_registered
3	PASS [   0.317s] ( 29/593) ken-cli::t2_acceptance ac4_type_error_no_panic
3	PASS [   0.007s] ( 30/593) ken-elaborator checked_core::tests::body_view_recovers_package_bound_primitive_literal_and_application
3	PASS [   0.006s] ( 31/593) ken-elaborator checked_core::tests::body_view_rejects_stale_constructor_identity
3	PASS [   0.006s] ( 32/593) ken-elaborator checked_core::tests::body_view_rejects_unsupported_dependent_motive
3	PASS [   0.006s] ( 33/593) ken-elaborator checked_core::tests::body_view_rejects_unsupported_primitive_name
3	PASS [   0.006s] ( 34/593) ken-elaborator checked_core::tests::global_id_drift_does_not_enter_canonical_term_identity
3	PASS [   0.006s] ( 35/593) ken-elaborator checked_core::tests::runtime_meaning_metadata_changes_semantic_fingerprint
3	PASS [   0.006s] ( 36/593) ken-elaborator checked_core::tests::semantic_sections_are_order_independent
3	PASS [   1.104s] ( 37/593) ken-elaborator compiler_driver::tests::executable_entrypoint_metadata_identity_is_deterministic_and_content_addressed
3	PASS [   0.432s] ( 38/593) ken-elaborator compiler_driver::tests::executable_entrypoint_reports_imported_dependency_as_non_closed
3	PASS [   0.678s] ( 39/593) ken-elaborator compiler_driver::tests::stale_or_foreign_package_identity_rejects_target_selection
3	PASS [   0.448s] ( 40/593) ken-elaborator compiler_driver::tests::target_closure_reports_non_lowerable_reachable_members
3	PASS [   0.006s] ( 41/593) ken-elaborator conversions::tests::manifested_width_changes_the_generated_bounds
3	PASS [   0.006s] ( 42/593) ken-elaborator elab::match_matrix_occurrence_tests::two_level_split_rebases_top_nested_child_and_tail_occurrences
3	PASS [   0.330s] ( 43/593) ken-elaborator elab::nested_lift_association_tests::completed_lifted_eliminator_validation_closes_outer_result_premise
3	PASS [   0.006s] ( 44/593) ken-elaborator elab::nested_lift_association_tests::foreign_lift_association_mutation_rejects
3	PASS [   0.317s] ( 45/593) ken-elaborator elab::nested_lift_association_tests::nested_all_leaf_self_call_uses_the_same_specialized_contract
3	PASS [   0.320s] ( 46/593) ken-elaborator elab::nested_lift_association_tests::recursive_ih_multiple_index_evidence_is_applied_once_in_telescope_order
3	PASS [   0.317s] ( 47/593) ken-elaborator elab::nested_lift_association_tests::recursive_ih_neutral_or_unequal_index_evidence_is_preserved
3	PASS [   0.623s] ( 48/593) ken-elaborator elab::result_transport_control_flow_tests::current_inference_preserves_type_and_omega_classifier_kinds
3	PASS [   0.318s] ( 49/593) ken-elaborator elab::result_transport_control_flow_tests::large_convoy_validation_returns_the_owner_preserving_base
3	PASS [   0.317s] ( 50/593) ken-elaborator elab::result_transport_control_flow_tests::non_family_result_shape_still_uses_whole_index_fallback
3	PASS [   0.318s] ( 51/593) ken-elaborator elab::result_transport_control_flow_tests::two_active_result_refinements_compose_cumulatively
3	PASS [   0.008s] ( 52/593) ken-elaborator erasure::px7l_tests::a_real_nullary_host_vis_continuation_is_one_operand_throughout
3	PASS [   0.006s] ( 53/593) ken-elaborator erasure::px7l_tests::checked_host_identity_failures_remain_specific_and_closed
3	PASS [   0.006s] ( 54/593) ken-elaborator erasure::px7l_tests::runtime_selected_response_binder_is_not_shifted_with_its_free_environment
3	PASS [ 287.182s] ( 55/593) ken-cli::dasm_c2_observation_artifact_identity dasm_c2_observation_is_native_artifact_identical
3	PASS [   0.007s] ( 56/593) ken-elaborator export::resource_lifetime_hash_tests::descriptor_participates_in_hash_and_specializes_in_canonical_order
3	PASS [   0.006s] ( 57/593) ken-elaborator fo_kripke::tests::subst_form_at_matches_hand_written_expectations_at_binder_depth
3	PASS [   0.331s] ( 58/593) ken-elaborator modules::namespace_effect_tests::apply_import_accepts_an_ambient_local_at_the_same_identity
3	PASS [  74.368s] ( 59/593) ken-cli::rt_cold_lowering_path_enumeration rt_cap41_offset_out_of_range_stage
3	PASS [   0.344s] ( 60/593) ken-elaborator modules::namespace_effect_tests::apply_import_accepts_the_same_identity_during_instance_replay
3	PASS [   0.344s] ( 61/593) ken-elaborator modules::namespace_effect_tests::file_attached_proof_selector_retains_checked_provider_id
3	PASS [   0.340s] ( 62/593) ken-elaborator modules::namespace_effect_tests::file_backed_child_never_counts_as_inline_descendant_of_imported_owner
3	PASS [   0.344s] ( 63/593) ken-elaborator modules::namespace_effect_tests::file_prop_intro_reexports_retain_checked_helper_identity
3	PASS [   0.341s] ( 64/593) ken-elaborator modules::namespace_effect_tests::file_q_after_memory_owner_selects_file_provenance
3	PASS [   0.344s] ( 65/593) ken-elaborator modules::namespace_effect_tests::file_root_import_uses_its_own_exports_after_memory_shadow
3	PASS [   0.675s] ( 66/593) ken-elaborator modules::namespace_effect_tests::imported_file_owner_refuses_an_external_same_spelling_grandchild
3	PASS [  67.547s] ( 67/593) ken-cli::rt_cold_lowering_path_enumeration rt_read_window_stage
3	PASS [   1.288s] ( 68/593) ken-elaborator modules::namespace_effect_tests::imported_classes_and_instances_keep_provider_id_after_same_name_shadow
3	PASS [   0.009s] ( 69/593) ken-elaborator modules::namespace_effect_tests::pub_wrapper_preserves_complete_owned_leaf_effects
3	PASS [   0.341s] ( 70/593) ken-elaborator modules::namespace_effect_tests::private_roster_requires_every_name_and_sweeps_identity_aliases
3	PASS [   0.985s] ( 71/593) ken-elaborator modules::namespace_effect_tests::imported_owner_grants_only_its_bound_inline_child_path
3	PASS [   0.007s] ( 72/593) ken-elaborator parser::as_pattern_precedence_tests::record_pattern_retains_source_order_and_pun_distinction
3	PASS [   0.006s] ( 73/593) ken-elaborator parser::as_pattern_precedence_tests::tuple_pattern_retains_surface_arity_while_parentheses_group
3	PASS [   0.006s] ( 74/593) ken-elaborator parser::atom_form_closure::every_form_is_reachable_by_some_token
3	PASS [   0.011s] ( 75/593) ken-elaborator parser::atom_form_closure::the_derived_roster_refuses_what_no_form_claims
3	PASS [   0.324s] ( 76/593) ken-elaborator r_layer_tests::acceptance::two_distinct_levels
3	PASS [   0.321s] ( 77/593) ken-elaborator r_layer_tests::acceptance::type_mismatch_rejected
3	PASS [   0.989s] ( 78/593) ken-elaborator modules::namespace_effect_tests::strict_roots_refuses_checked_same_top_proved_forgery_before_load_or_reuse
3	PASS [   1.302s] ( 79/593) ken-elaborator modules::namespace_effect_tests::qualified_alias_and_selective_imports_bind_their_distinct_access_paths
3	PASS [   1.366s] ( 80/593) ken-elaborator r_layer_tests::cat_order_pub_export::order_facade_exports_all_four_owned_operation_identities
3	PASS [   2.619s] ( 81/593) ken-elaborator r_layer_tests::cat_ord_nat_canonical_owner::compatibility_roots_still_build_lawful_classes_and_order
3	PASS [   4.488s] ( 82/593) ken-elaborator r_layer_tests::cat_effectful_classes_import::effectful_classes_import_closure_is_exact_and_identity_preserving
3	PASS [   4.216s] ( 83/593) ken-elaborator r_layer_tests::cat_priority_queue_acceptance::kernel_checked_program_structure_derives_right_spine_costs
3	PASS [   3.817s] ( 84/593) ken-elaborator r_layer_tests::cat_tier_d_cursor_import::diagnostics_core_publication_is_visibility_only
3	PASS [   2.776s] ( 85/593) ken-elaborator r_layer_tests::cat_tier_d_decoder_import::decoder_alt_zero_progress_keeps_failure_instead_of_fallback
3	PASS [   6.679s] ( 86/593) ken-elaborator r_layer_tests::cat_tier_d_render_import::diagnostics_render_imports_are_exact_canonical_and_helpers_private
3	PASS [  13.303s] ( 87/593) ken-elaborator r_layer_tests::cat_tier_e_argparse_import::argparse_loader_visible_inventory_is_exact
3	PASS [  10.429s] ( 88/593) ken-elaborator r_layer_tests::cat_tier_e_decoder_import::decoder_checked_provider_and_schema_closure_is_exact
3	PASS [   0.010s] ( 89/593) ken-elaborator r_layer_tests::cat_tier_e_json_import::json_selective_import_ledger_is_exact
3	PASS [  18.068s] ( 90/593) ken-elaborator r_layer_tests::cat_tier_d_parsing_group_import::parsing_numeric_implementation_siblings_remain_private
3	PASS [   5.102s] ( 91/593) ken-elaborator r_layer_tests::cat_tier_e_decoder_import::decoder_selective_import_ledger_is_exact
3	PASS [   2.484s] ( 92/593) ken-elaborator r_layer_tests::cc6b_path_posix_acceptance::invalid_utf8_survives_the_structured_boundary_without_decoding
3	PASS [   2.366s] ( 93/593) ken-elaborator r_layer_tests::cc6b_path_posix_acceptance::package_roots_loads_and_adds_zero_trust
3	PASS [   0.318s] ( 94/593) ken-elaborator r_layer_tests::constrained_instance_elaboration::swapped_constraint_names_fail_closed
3	PASS [   0.007s] ( 95/593) ken-elaborator r_layer_tests::ds1_empty_dec_acceptance::ac1_mechanism_probe_no_method_wrong_domain_rejected
3	PASS [   0.006s] ( 96/593) ken-elaborator r_layer_tests::effects::eff_row_inferred_transitively
3	PASS [   0.005s] ( 97/593) ken-elaborator r_layer_tests::effects::handler_fold_discharges_effect
3	PASS [   0.006s] ( 98/593) ken-elaborator r_layer_tests::effects::higher_order_guard_coexists_with_first_order_callee
3	PASS [   0.005s] ( 99/593) ken-elaborator r_layer_tests::effects::row_poly_apply_twice_infers_row_var
3	PASS [   0.006s] (100/593) ken-elaborator r_layer_tests::effects::space_operation_row_inference_and_escape
3	PASS [   0.007s] (101/593) ken-elaborator r_layer_tests::effects::surf1_surface_visits_bare_row_var_reaches_row_type
3	PASS [   0.006s] (102/593) ken-elaborator r_layer_tests::effects::surf1_surface_visits_open_row_reaches_join_and_stays_conservative
3	PASS [   5.080s] (103/593) ken-elaborator r_layer_tests::cat_tier_e_schema_import::schema_issue_sequence_law_has_a_two_rejection_client
3	PASS [   0.007s] (104/593) ken-elaborator r_layer_tests::kenfmt_b3_layout::ac6_comma_boundary_break_carries_the_module_surface_wrap
3	PASS [   0.658s] (105/593) ken-elaborator r_layer_tests::kenfmt_b3_layout::ac4_all_source_parentheses_and_precedence_are_preserved
3	PASS [   0.009s] (106/593) ken-elaborator r_layer_tests::kenfmt_let_layout::ac5_nested_bindings_in_a_match_arm_are_structurally_indented
3	PASS [   0.014s] (107/593) ken-elaborator r_layer_tests::kenfmt_let_layout::ac6_ac7_worked_six_binding_proof_has_an_exact_readable_fixed_point
3	PASS [   2.912s] (108/593) ken-elaborator r_layer_tests::cc6b_path_posix_acceptance::parse_render_and_normalize_are_byte_exact_at_posix_edges
3	PASS [   0.676s] (109/593) ken-elaborator r_layer_tests::kenfmt_let_layout::ac1_ac2_single_let_fit_and_structural_break_are_exact
3	PASS [   0.328s] (110/593) ken-elaborator r_layer_tests::lang_structural_result_elab::d2_mixed_direct_wstyle_and_nested_structural_paths_reach_and_retain_behavior
3	PASS [   0.348s] (111/593) ken-elaborator r_layer_tests::lang_structural_result_elab::d2_nested_join_method_selects_each_exact_trailing_result_binder
3	PASS [   0.663s] (112/593) ken-elaborator r_layer_tests::lang_fixity_decl_surface::fixity_precedence_range_is_zero_through_nine
3	PASS [   0.007s] (113/593) ken-elaborator r_layer_tests::lang_structural_result_elab::selector_is_contextual_and_resolves_the_surface_binding_identity
3	PASS [   0.320s] (114/593) ken-elaborator r_layer_tests::lang_structural_result_elab::d2_wstyle_without_a_trailing_result_binder_is_exactly_out_of_scope
3	PASS [   0.341s] (115/593) ken-elaborator r_layer_tests::lang_structural_result_elab::multiple_wildcard_slots_never_publish_a_latest_surface_binding
3	PASS [   0.340s] (116/593) ken-elaborator r_layer_tests::lang_structural_result_elab::wildcard_slot_is_not_a_surface_addressable_recursive_result_operand
3	PASS [   0.333s] (117/593) ken-elaborator r_layer_tests::lang_structural_result_elab::wildcard_slot_preserves_named_field_recursive_result_alignment
3	PASS [   0.007s] (118/593) ken-elaborator seal2_tests::producer_closure::certificate_flags_an_ex_falso_bottom_path_producer
3	PASS [   0.351s] (119/593) ken-elaborator seal2_tests::adversary_repros::class_field_producer_is_seen_by_the_closed_oracle
3	PASS [   0.317s] (120/593) ken-elaborator seal2_tests::producer_closure::class_entry_view_preserves_the_seal2_producer_population
3	PASS [   0.007s] (121/593) ken-elaborator seal2_tests::producer_closure::source_root_allowlist_is_the_controlled_taxonomy
3	PASS [   0.341s] (122/593) ken-elaborator seal2_tests::producer_closure::one_field_class_has_the_exact_singleton_owner_field_population
3	PASS [   0.319s] (123/593) ken-elaborator::ax2_axiom_named_postulates standalone_api_requires_and_preserves_its_caller_owner
3	PASS [   1.338s] (124/593) ken-elaborator r_layer_tests::lc_acceptance::ac3_overlap_check_first_ok_second_errors
3	PASS [   0.006s] (125/593) ken-elaborator::b2_acceptance eventually_elaborates_to_until_true
3	PASS [   0.005s] (126/593) ken-elaborator::b2_acceptance temporal_spec_constructor_shape
3	PASS [   0.485s] (127/593) ken-elaborator::b1_exact_denotation_alphabet dynamic_operation_input_fails_closed_without_family_widening
3	PASS [   0.323s] (128/593) ken-elaborator::bare_proof_selector_atom bare_grouped_and_canonical_selectors_have_identical_ast_and_elaboration
3	PASS [   0.323s] (129/593) ken-elaborator::case_eq_dependent_match_sugar mismatched_equation_branch_is_kernel_rejected
3	PASS [   0.323s] (130/593) ken-elaborator::cat1_constructor_classes explicit_class_param_kind_accepts_bare_indformer_instance_head
3	PASS [   0.016s] (131/593) ken-elaborator::cat3_collections_package cat3_d1_law_surfaces_are_proof_returning_not_prop_wrappers
3	PASS [   2.031s] (132/593) ken-elaborator::bytes_primitive_contracts byte_primitives_satisfy_each_contract_on_independent_inputs
3	PASS [   1.995s] (133/593) ken-elaborator::cat3_collections_package cat3_d2_bad_sorted_and_bad_perm_witnesses_rejected
3	PASS [   2.355s] (134/593) ken-elaborator::cat3_collections_package derived_owns_checked_map_and_filter_identities
3	PASS [   3.973s] (135/593) ken-elaborator::cat5_parsing_package cat5_d1_concrete_nonempty_source_constructs_and_projects
3	PASS [   0.353s] (136/593) ken-elaborator::cat_codec_import codec_loader_visible_inventory_is_empty
3	PASS [   0.340s] (137/593) ken-elaborator::cat_codec_import codec_transport_import_withdrawal_restores_unresolved_cong
3	PASS [   3.443s] (138/593) ken-elaborator::cat5_parsing_package cat5_d1_source_span_package_elaborates_zero_delta
3	PASS [   2.176s] (139/593) ken-elaborator::cat_deque_closeout deque_loader_visible_inventory_is_empty
3	PASS [   2.047s] (140/593) ken-elaborator::cat_derived_pub_export derived_exports_all_ten_operation_identities
3	PASS [   1.331s] (141/593) ken-elaborator::cat_string_bijection_pub_export string_keys_closure_retains_the_published_injectivity_identity
3	PASS [   0.401s] (142/593) ken-elaborator::cat_sums_combinators_closeout sums_owned_inventory_and_compiler_floor_closure_are_exact
3	PASS [   6.787s] (143/593) ken-elaborator::cat_logic_prelude_move decision_family_imports_select_one_catalog_identity
3	PASS [   5.972s] (144/593) ken-elaborator::cc1_nonempty_validation_acceptance ordered_dependency_closure_elaborates_both_packages_and_all_laws
3	PASS [   3.268s] (145/593) ken-elaborator::cc3_parsing_cursor_decoder_acceptance cc3_checked_identity_closure_and_trust_are_structural
3	PASS [   3.506s] (146/593) ken-elaborator::cc4_diagnostic_core_acceptance exact_non_degenerate_injections_preserve_every_location_field
3	PASS [   2.451s] (147/593) ken-elaborator::cc6a_process_arguments_exit_acceptance arguments_reuses_the_canonical_lawful_classes_relation
3	PASS [  68.138s] (148/593) ken-elaborator export::exact_inventory_tests::exact_fixture_preserves_hash_and_headroom_changes_only_alphabet
3	PASS [   0.368s] (149/593) ken-elaborator::class_field_purity surf2_d1_const_fn_and_malformed_markers_follow_field_signature
3	PASS [   0.341s] (150/593) ken-elaborator::def_path_constraint_binder_unification all_def_keywords_share_named_auto_and_sole_dictionary_bindings
3	PASS [   0.341s] (151/593) ken-elaborator::def_path_constraint_binder_unification dictionaries_scope_over_contracts_refinement_and_body_but_not_siblings
3	PASS [   0.355s] (152/593) ken-elaborator::dependent_match_coherent_frame_acceptance forced_index_telescope_recursive_step_only_false_stays_kernel_rejected
3	PASS [   0.322s] (153/593) ken-elaborator::dependent_match_context_telescope_acceptance captured_env_index_couples_goal_type_argument
3	PASS [   0.344s] (154/593) ken-elaborator::dependent_match_declared_index_plain_acceptance universe_polymorphic_declared_index_pair_preserves_levels
3	PASS [   0.394s] (155/593) ken-elaborator::dependent_match_eigen_guard_localization dependent_guard_without_context_extension_uses_constructor_local_view
3	PASS [   0.356s] (156/593) ken-elaborator::dependent_match_eigen_guard_localization nonextending_recursive_sibling_remains_elaborable
3	PASS [   0.374s] (157/593) ken-elaborator::dependent_match_motive_rebase_acceptance control_uncoupled_result_index_goal_is_left_unchanged
3	PASS [   0.006s] (158/593) ken-elaborator::dotted_module_path_parser import_as_accepts_a_dotted_module_path
3	PASS [   7.404s] (159/593) ken-elaborator::cc7_argparse_acceptance adding_one_option_to_the_spec_changes_help_without_a_second_help_edit
3	PASS [   1.487s] (160/593) ken-elaborator::ds2_ord_nat_acceptance trusted_base_delta_is_empty_across_the_entry
3	PASS [   0.325s] (161/593) ken-elaborator::ds5b_dependent_match_refinement_acceptance over_refinement_stays_kernel_rejected
3	PASS [   0.320s] (162/593) ken-elaborator::ds6c_intlit_elaborator_emission int_literal_mints_no_postulate_and_no_num_values_entry
3	PASS [   8.021s] (163/593) ken-elaborator::cc8_env_config_decoder_acceptance config_failures_keep_config_key_origins_distinct_from_environment
3	PASS [   2.938s] (164/593) ken-elaborator::ds4_list_combinators_acceptance zip_truncates_at_shorter_list_concrete_example
3	PASS [   0.020s] (165/593) ken-elaborator::ds7_applicative_monad_acceptance zero_axiom_in_checked_fences
3	PASS [   4.384s] (166/593) ken-elaborator::ds7_applicative_monad_acceptance ac8_axiom_masking_a_law_is_rejected_by_the_zero_delta_check
3	PASS [   5.016s] (167/593) ken-elaborator::ds7_applicative_monad_acceptance entry_elaborates_with_every_checked_fence
3	PASS [   0.339s] (168/593) ken-elaborator::ds8b_pure_into_proc_widening zero_sort_delta_class_record_kind_unchanged_by_pure_instance_registration
3	PASS [   4.605s] (169/593) ken-elaborator::ds8_traversable_acceptance ac8_identity_law_witness_swap_is_rejected
3	PASS [   2.493s] (170/593) ken-elaborator::ds9_json_codec_acceptance intrinsic_all_lift_admits_public_json_nested_pair_and_direct_list_control
3	PASS [   2.498s] (171/593) ken-elaborator::ds9_json_codec_acceptance json_and_all_six_constructors_are_real_globals
3	PASS [   0.490s] (172/593) ken-elaborator::es2_acceptance demoted_predicates_absent_from_trusted_base
3	PASS [   4.436s] (173/593) ken-elaborator::ds8_traversable_acceptance trusted_base_delta_is_empty_across_the_entry
3	PASS [   1.319s] (174/593) ken-elaborator::es3_modules_acceptance module_elaborates_to_identical_flat_sigma
3	PASS [   2.049s] (175/593) ken-elaborator::es4_classes_acceptance char_ord_laws_carried_not_stubbed_transport_accepts
3	PASS [   0.344s] (176/593) ken-elaborator::explicit_data_elaboration negative_recursive_occurrence_rejects_through_kernel_gate
3	PASS [   0.006s] (177/593) ken-elaborator::explicit_data_parser legacy_data_accepts_named_constructor_field_sugar
3	PASS [   2.384s] (178/593) ken-elaborator::es4_classes_acceptance classes_are_transparent_structure_records_zero_delta
3	PASS [   0.365s] (179/593) ken-elaborator::fr2_absurd_collision_hygiene cast_and_ascript_are_not_reserved_and_elaborate_fine
3	PASS [   0.343s] (180/593) ken-elaborator::generated_index_evidence_closure generated_evidence_rejection_vocabulary_is_not_user_refl_vocabulary
3	PASS [   0.005s] (181/593) ken-elaborator::i4d_boundary_header_parser every_boundary_surface_failure_has_its_named_diagnostic
3	PASS [   0.670s] (182/593) ken-elaborator::fr2_absurd_collision_hygiene declaring_refl_or_axiom_are_hard_errors
3	PASS [   1.983s] (183/593) ken-elaborator::es4_classes_acceptance dec_eq_bool_sound_complete_are_real_proofs_not_postulates
3	PASS [   0.444s] (184/593) ken-elaborator::k3_literal_char_view occurrences_convert_from_values_not_literal_ids_and_other_ops_remain_neutral
3	PASS [   0.018s] (185/593) ken-elaborator::ken_md_literate unrecognized_ken_role_is_a_hard_extraction_error
3	PASS [   0.015s] (186/593) ken-elaborator::kenfmt_b2_token_kind ac2_and_ac4_preserve_identifiers_and_layout_while_spelling_notation
3	PASS [   0.499s] (187/593) ken-elaborator::ken_md_literate declarations_may_not_straddle_compiled_fences
3	PASS [   0.460s] (188/593) ken-elaborator::ken_md_literate ken_example_with_invalid_body_check_fails
3	PASS [   0.119s] (189/593) ken-elaborator::kenfmt_signature_layout batch3_stage1_breaks_high_and_keeps_each_fitting_child_horizontal
3	PASS [   0.419s] (190/593) ken-elaborator::ktr2_data_lowering_diagnostics ordinary_legacy_type_zero_data_still_elaborates
3	PASS [   0.475s] (191/593) ken-elaborator::l2_acceptance ac1_data_decl_registers_former_and_ctors
3	PASS [   0.516s] (192/593) ken-elaborator::l2_acceptance ac2_match_head_is_term_elim
3	PASS [   0.523s] (193/593) ken-elaborator::l2_acceptance ac8_option_table_branch_motive_elaborates
3	PASS [   2.121s] (194/593) ken-elaborator::l3_strings_surface_acceptance concat_slice_compose_and_floor_totality
3	PASS [   2.223s] (195/593) ken-elaborator::l3_strings_surface_acceptance derived_string_ops_reduce_over_real_roundtrip
3	PASS [   2.053s] (196/593) ken-elaborator::l3_strings_surface_acceptance list_combinator_floor_derived_over_real_elim
3	PASS [   0.367s] (197/593) ken-elaborator::l3a_acceptance fuel_bounded_unfold_produces_finite_prefix
3	PASS [   0.338s] (198/593) ken-elaborator::l3a_acceptance structurally_equal_lists_share_slot
3	PASS [   0.368s] (199/593) ken-elaborator::l3b_acceptance user_ord_sort_emits_both_conjuncts
3	PASS [   0.665s] (200/593) ken-elaborator::l4_export_reexport distinct_identities_collide_at_reexport_in_both_source_orders
3	PASS [   1.029s] (201/593) ken-elaborator::l4_export_reexport admitted_reexport_carries_only_the_named_instance_surface
3	PASS [   0.668s] (202/593) ken-elaborator::l4_export_reexport rename_and_same_identity_paths_preserve_the_defined_at_global_id
3	PASS [   0.350s] (203/593) ken-elaborator::l6_acceptance decode_invalid_utf8_returns_error
3	PASS [   1.332s] (204/593) ken-elaborator::l4_export_reexport loader_executes_facade_and_in_scope_body_scope_discriminator
3	PASS [   0.333s] (205/593) ken-elaborator::l6_acceptance fs_and_console_real_producer_rows_are_distinct
3	PASS [   0.372s] (206/593) ken-elaborator::l_match_ih_fix_acceptance ac2_tree_size_uses_both_ihs_and_computes_right_value
3	PASS [   0.369s] (207/593) ken-elaborator::l_resolver_globals ac1_absent_name_still_errors
3	PASS [   0.010s] (208/593) ken-elaborator::lang_application_atom_if_rejection grouped_and_leading_if_are_unaffected
3	PASS [   0.006s] (209/593) ken-elaborator::lang_application_atom_if_rejection predicate_never_misses_a_forbidden_shape
3	PASS [   0.005s] (210/593) ken-elaborator::lang_atom_start_classification_closure ac2_the_truncation_closes_and_the_loop_continues
3	PASS [   0.005s] (211/593) ken-elaborator::lang_atom_start_classification_closure ac6_a_constructor_pattern_still_takes_several_arguments
3	PASS [   0.008s] (212/593) ken-elaborator::lang_bare_operator_atom_rejection ac_bare_operator_rejects_affirmatively
3	PASS [   0.008s] (213/593) ken-elaborator::lang_comment_classifier_shared ac7_ordinary_string_positive_control_asserts_the_decoded_value
3	PASS [   0.328s] (214/593) ken-elaborator::l_resolver_globals ac3_type_position_global_unchanged
3	PASS [   0.371s] (215/593) ken-elaborator::lang_foreign_name_control_chars library_name_containing_escaped_nul_rejects
3	PASS [   0.007s] (216/593) ken-elaborator::lang_foreign_name_format_chars formatter_inverse_preserves_string_and_character_values
3	PASS [   0.005s] (217/593) ken-elaborator::lang_foreign_name_format_chars hard_error_after_prior_repair_maps_to_document_coordinates
3	PASS [   0.005s] (218/593) ken-elaborator::lang_foreign_name_format_chars raw_twin_of_escaped_format_character_is_rejected
3	PASS [   0.005s] (219/593) ken-elaborator::lang_foreign_name_format_chars reports_the_first_raw_format_character
3	PASS [   0.016s] (220/593) ken-elaborator::lang_infix_application_default default_symbolic_infix_is_structurally_left_associative
3	PASS [   3.960s] (221/593) ken-elaborator::l3_strings_surface_acceptance list_floor_recursion_in_sct_sound_zone
3	PASS [   0.339s] (222/593) ken-elaborator::lang_foreign_name_control_chars ordinary_string_literal_with_nul_still_elaborates
3	PASS [   0.371s] (223/593) ken-elaborator::lang_instance_registry_identity_key the_same_nested_program_checks_without_rebinding
3	PASS [   0.339s] (224/593) ken-elaborator::lang_instance_search_second_path explicit_constraint_binder_retains_its_projection_row
3	PASS [   0.325s] (225/593) ken-elaborator::lang_match_as_pattern alias_collision_with_inner_binder_is_rejected_by_name
3	PASS [   0.375s] (226/593) ken-elaborator::lang_match_guards guard_composes_after_whole_pattern_and_module_rewriting_reaches_it
3	PASS [   0.344s] (227/593) ken-elaborator::lang_match_record_pattern omitted_fields_bind_nothing_and_do_not_shift_outer_variables
3	PASS [   0.350s] (228/593) ken-elaborator::lang_match_or_pattern or_patterns_compose_inside_tuple_record_constructor_and_as_patterns
3	PASS [   0.318s] (229/593) ken-elaborator::lang_match_tuple_pattern tuple_descent_composes_with_outer_constructors_and_inner_aliases
3	PASS [   0.343s] (230/593) ken-elaborator::lang_match_tuple_pattern top_level_tuple_binds_components_by_projection_without_pair_elimination
3	PASS [   0.316s] (231/593) ken-elaborator::lang_mod_or_omega_param_elab multi_constructor_omega_result_remains_rejected
3	PASS [   0.006s] (232/593) ken-elaborator::lang_mod_pub_eligibility per_item_pub_import_and_export_are_surface_errors
3	PASS [   0.683s] (233/593) ken-elaborator::lang_mod_nat_floor_realization strict_floor_export_allocates_nothing_and_nonmember_prod_rejects
3	PASS [   0.344s] (234/593) ken-elaborator::lang_mod_pair_floor_realization pair_reexport_is_identity_preserving_republication
3	PASS [   0.317s] (235/593) ken-elaborator::lang_mod_pub_eligibility postfix_derive_accepts_ordinary_and_rejects_public_clause
3	PASS [   0.345s] (236/593) ken-elaborator::lang_mod_strict_resolution_d1 strict_admits_floor_kernel_locals_and_explicit_imports_without_new_trust
3	PASS [   0.007s] (237/593) ken-elaborator::lang_old_operand_start_admission existing_old_atom_and_projection_shapes_are_preserved
3	PASS [   0.376s] (238/593) ken-elaborator::lang_prelude_floor_fifteen inhabited_source_empty_cannot_replace_checked_residual_identity
3	PASS [   0.649s] (239/593) ken-elaborator::lang_nested_former_recursion_acceptance ac_executes_at_runtime_and_dropping_nested_ih_changes_the_value
3	PASS [   0.343s] (240/593) ken-elaborator::lang_prelude_floor_fifteen space_alone_uses_pre_source_empty_residual
3	PASS [   0.332s] (241/593) ken-elaborator::lang_qualified_constructors abstract_export_keeps_qualified_constructor_private
3	PASS [   0.344s] (242/593) ken-elaborator::lang_standard_infix_call_completion ac1_a_bare_comparison_completes_its_omitted_prefix
3	PASS [   0.339s] (243/593) ken-elaborator::lang_standard_infix_call_completion two_parameter_head_preserves_prerequisite_instantiation_order
3	PASS [   0.021s] (244/593) ken-elaborator::lang_surface_block_comments ac1_two_scanners_agree_over_the_corpus
3	PASS [   1.359s] (245/593) ken-elaborator::lang_surface_decimal_precision narrow_decimal_pairs_and_i32_exponents_remain_exact
3	PASS [   3.158s] (246/593) ken-elaborator::lang_mod_strict_resolution_d1 strict_class_choke_covers_every_d0_direct_class_representation
3	PASS [   0.352s] (247/593) ken-elaborator::lang_surface_if argument_let_and_nested_else_binding_are_reachable
3	PASS [   0.007s] (248/593) ken-elaborator::lang_symbolic_operator_names fixed_ascii_symbolic_token_inventory_is_unchanged
3	PASS [   0.366s] (249/593) ken-elaborator::lang_symbolic_operator_names fixed_plus_percent_still_elaborates_as_wrapping_addition
3	PASS [   2.613s] (250/593) ken-elaborator::lang_standard_infix_call_completion ac7_both_operands_are_checked_even_when_the_first_settles_the_result
3	PASS [   0.013s] (251/593) ken-elaborator::lang_symbolic_operator_names symbolic_character_run_lexes_to_one_carried_name
3	PASS [   0.324s] (252/593) ken-elaborator::lang_symbolic_operator_names fixed_plus_still_elaborates_as_addition
3	PASS [   0.005s] (253/593) ken-elaborator::lang_trivia_kind_mapping_pin d1_same_line_after_doc_comment_attaches_leading_to_following_declaration
3	PASS [   0.005s] (254/593) ken-elaborator::lang_truncation_surface_syntax ac6_ascii_truncbar_canonicalizes_to_the_unicode_glyph
3	PASS [   0.317s] (255/593) ken-elaborator::lang_truncation_surface_syntax d1_annotation_trunc_as_ascription_elaborates
3	PASS [   0.705s] (256/593) ken-elaborator::lang_symbolic_operator_names symbolic_name_uses_existing_export_import_and_resolution_identity
3	PASS [   0.330s] (257/593) ken-elaborator::lang_truncation_surface_syntax d2_trunc_intro_argument_is_checked_against_the_recovered_carrier
3	PASS [   0.361s] (258/593) ken-elaborator::lang_truncation_surface_syntax d2_trunc_intro_checks_against_a_trunc_shaped_goal
3	PASS [   0.369s] (259/593) ken-elaborator::lang_type_projection_surface_form a_lowercase_head_without_a_dot_is_still_a_type_variable
3	PASS [   0.006s] (260/593) ken-elaborator::literal_escapes_lexer_unit incomplete_escape_three_leg_matrix
3	PASS [   0.344s] (261/593) ken-elaborator::let5_checking_mode_let grouped_let_preserves_checked_body_goal
3	PASS [   2.398s] (262/593) ken-elaborator::lang_surface_int_precision fixed_width_literal_representability_is_decided_before_emission
3	PASS [   8.120s] (263/593) ken-elaborator::map_build_acceptance cat_rel_size_and_dom_count_only_outer_relation_keys
3	PASS [   8.594s] (264/593) ken-elaborator::map_build_acceptance cat4_union_intersection_difference_execute_over_nat
3	PASS [   8.608s] (265/593) ken-elaborator::map_build_acceptance cat_rel_public_api_is_usable_while_tree_constructors_stay_private
3	PASS [   0.006s] (266/593) ken-elaborator::match_arm_glyph match_arm_spellings_parse_and_retired_spellings_reject
3	PASS [   0.342s] (267/593) ken-elaborator::n2_in_repo_loader cross_file_import_resolves_lazily_through_plural_root_api_and_caches
3	PASS [   0.047s] (268/593) ken-elaborator::nc14_data_match_lowering missing_match_branch_data_rejects_before_runtime_program_success
3	PASS [   0.008s] (269/593) ken-elaborator::nc14_data_match_lowering stale_constructor_identity_rejects_before_runtime_program_success
3	PASS [   0.866s] (270/593) ken-elaborator::nc14_data_match_lowering user_data_two_payload_binders_preserve_de_bruijn_order
3	PASS [   0.006s] (271/593) ken-elaborator::nc15_record_sigma_lowering runtime_record_projection_from_constructed_sigma_lowers_and_evaluates
3	PASS [   0.020s] (272/593) ken-elaborator::nc17_recursion_dictionaries_modules checked_core_imported_value_crosses_an_accepted_var_capture
3	PASS [   0.010s] (273/593) ken-elaborator::nc18_effects_foreign_boundary_ir missing_runtime_check_fact_rejects_before_runtime_success
3	PASS [   0.008s] (274/593) ken-elaborator::nc18_effects_foreign_boundary_ir stale_interpreter_identity_still_rejects_before_unavailable_effect_report
3	PASS [   0.024s] (275/593) ken-elaborator::nc5_erasure_runtime_ir nested_constructor_lowerability_blocker_rejects
3	PASS [   0.008s] (276/593) ken-elaborator::nc5_erasure_runtime_ir proof_erasure_boundary_pair_only_emitter_rejects_ambiguous_record_targets
3	PASS [   0.009s] (277/593) ken-elaborator::nc5_erasure_runtime_ir proof_erasure_boundary_witness_rejects_field_status_drift
3	PASS [   0.344s] (278/593) ken-elaborator::purity_keywords surf1_d2_recursive_proc_group_with_visits_reaches_checker
3	PASS [  66.621s] (279/593) ken-elaborator::b1_acceptance removing_assume_shrinks_p_and_changes_hash
3	PASS [   0.369s] (280/593) ken-elaborator::px8f_buffer_io_surface buffer_span_producer_closure_rejects_unknown_public_ids
3	PASS [   0.324s] (281/593) ken-elaborator::px8p_checked_buffer_producer with_buffer_has_the_ruled_surface_and_keeps_raw_allocation_private
3	PASS [   0.952s] (282/593) ken-elaborator::px8f_buffer_io_surface checked_source_cannot_forge_or_project_buffer_handles
3	PASS [   0.351s] (283/593) ken-elaborator::px9_system_error_classification system_error_shape_wraps_filesystem_slots_and_preserves_ioerror_identity
3	PASS [   1.399s] (284/593) ken-elaborator::r3_c2_source_mixed_branch c2_source_mixed_branch_walk_gates_one_to_three
3	PASS [   0.319s] (285/593) ken-elaborator::record_decl_form class_instance_projection_is_unchanged_in_a_record_program
3	PASS [   0.323s] (286/593) ken-elaborator::record_decl_form record_keyword_preserves_declaration_neighbours
3	PASS [   0.356s] (287/593) ken-elaborator::record_index_sigma_closure multi_constructor_component_projection_boundary_remains_fail_closed
3	PASS [   0.344s] (288/593) ken-elaborator::record_index_sigma_closure nested_result_transport_composes_two_hidden_refinement_frames
3	PASS [   0.322s] (289/593) ken-elaborator::rt_dasm_d1b_role_a_role_authority d1b_role_a_every_canonical_role_is_covered_by_shadowing_or_floor_immutability
3	PASS [   0.794s] (290/593) ken-elaborator::rt_dasm_d1b_role_a_runtime_symbols d1b_role_a_the_record_is_covered_by_the_semantic_core_hash
3	PASS [   0.825s] (291/593) ken-elaborator::rt_dasm_d1b_role_b_role_decode d1b_role_b_erasure_carries_the_exact_nat_role_identity_without_widening_the_closure
3	PASS [   8.299s] (292/593) ken-elaborator::map_build_acceptance fromlist_last_writer_and_ordered
3	PASS [   0.336s] (293/593) ken-elaborator::sct_reconstruction_descent shape_b_ackermann_accepts
3	PASS [   0.005s] (294/593) ken-elaborator::sec1_acceptance by_typing_meta_theorem_is_trusted_scope
3	PASS [   0.005s] (295/593) ken-elaborator::sec1_acceptance combine_raises_label
3	PASS [   0.007s] (296/593) ken-elaborator::sec1_acceptance declassify_without_capability_rejected
3	PASS [   0.008s] (297/593) ken-elaborator::sec1_acceptance related_pair_proved
3	PASS [   0.007s] (298/593) ken-elaborator::sec2_acceptance attenuate_bound_discharge_mirrors_elaborator
3	PASS [   0.005s] (299/593) ken-elaborator::sec2_acceptance attenuated_cap_at_weak_sink_accepts
3	PASS [   0.007s] (300/593) ken-elaborator::sec2_acceptance declassify_every_use_audited_and_in_delta
3	PASS [   0.005s] (301/593) ken-elaborator::sec2_acceptance file_write_needs_capability_and_clearance
3	PASS [   8.460s] (302/593) ken-elaborator::map_build_acceptance tolist_of_empty_is_nil
3	PASS [   0.336s] (303/593) ken-elaborator::sct_reconstruction_descent shape_b_second_lexicographic_shape_accepts
3	PASS [   1.281s] (304/593) ken-elaborator::sub1b_uint8_deceq ac2_ac3_catalog_derivation_adds_zero_trust_and_has_real_laws
3	PASS [   1.302s] (305/593) ken-elaborator::sub1b_uint8_deceq ac4_deceq_bytes_decides_raw_bytes_non_vacuously
3	PASS [   0.343s] (306/593) ken-elaborator::surf_space_cells_p1 public_block_space_is_a_specific_surface_refusal
3	PASS [   2.026s] (307/593) ken-elaborator::structural_deceq_acceptance structural_instances_compute_positive_and_negative_bool_examples
3	PASS [   0.737s] (308/593) ken-elaborator::surf_space_cells_p1 ac_s7_old_in_space_uses_the_bound_pre_state
3	PASS [   0.344s] (309/593) ken-elaborator::surface_arrow_and_infix_acceptance minus_and_plus_are_left_associative
3	PASS [   0.338s] (310/593) ken-elaborator::surface_arrow_in_expr_acceptance arrow_is_right_associative
3	PASS [   0.344s] (311/593) ken-elaborator::surface_arrow_in_expr_acceptance arrow_let_bound_is_a_real_pi
3	PASS [   0.347s] (312/593) ken-elaborator::surface_named_proof_claims helper_theorem_can_bridge_same_subject_attached_proofs
3	PASS [   0.366s] (313/593) ken-elaborator::surface_named_proof_claims qualified_module_import_exposes_prop_intro_through_family_path
3	PASS [   0.323s] (314/593) ken-elaborator::surface_transport_acceptance ill_typed_transport_wrong_equation_is_kernel_rejected
3	PASS [   0.012s] (315/593) ken-elaborator::t1_acceptance agent_pivots_on_status_no_text_scraping
3	PASS [   0.009s] (316/593) ken-elaborator::t1_acceptance mixed_rollup_refuted_dominates
3	PASS [   0.013s] (317/593) ken-elaborator::t1_acceptance refuted_goal_false_tag_forcing_world
3	PASS [   0.416s] (318/593) ken-elaborator::v1_acceptance obligation_hole_set_exposed_to_v2
3	PASS [   0.566s] (319/593) ken-elaborator::surface_transport_acceptance stuck_match_over_abstract_key_transports_via_hand_written_motive
3	PASS [   0.329s] (320/593) ken-elaborator::v1_acceptance v0_behavior_unchanged
3	PASS [   1.426s] (321/593) ken-elaborator::surface_named_proof_claims qualified_prop_intro_rejects_private_unknown_and_unimported_paths
3	PASS [   0.323s] (322/593) ken-elaborator::v2_acceptance exhaustive_traversal_no_silent_skip
3	PASS [   0.671s] (323/593) ken-elaborator::v2_acceptance decoupled_from_sigma_sort
3	PASS [   0.013s] (324/593) ken-elaborator::v2_acceptance recursive_fn_per_ctor_obligation_with_ih_placeholder
3	PASS [   0.347s] (325/593) ken-elaborator::v2_acceptance prove_and_law_emit_one_obligation_per_goal
3	PASS [   0.466s] (326/593) ken-elaborator::v2_acceptance let_binding_adds_equation_to_gamma_placeholder
3	PASS [   0.006s] (327/593) ken-elaborator::v3_acceptance bare_unsat_no_cert_is_unknown_not_proved
3	PASS [   0.006s] (328/593) ken-elaborator::v3_acceptance classically_valid_topos_invalid_cert_rejected
3	PASS [   0.005s] (329/593) ken-elaborator::v3_acceptance induction_descent_with_ih_and_localized_partiality_placeholder
3	PASS [   0.418s] (330/593) ken-elaborator::v2_acceptance refined_param_is_hypothesis_not_obligation
3	PASS [   0.005s] (331/593) ken-elaborator::v3_acceptance kripke_embedding_cert_rechecks_fo_placeholder
3	PASS [   0.343s] (332/593) ken-elaborator::v2_acceptance refinement_return_type_emits_phi
3	PASS [   0.315s] (333/593) ken-elaborator::v3_d_open_goal_witness_route assignment_is_substituted_before_kernel_checked_refutation
3	PASS [   2.003s] (334/593) ken-elaborator::v3_fo_checker_soundness_d1b_reflection d1b_reflection_adds_no_trusted_base_entry
3	PASS [   2.050s] (335/593) ken-elaborator::v3_fo_checker_soundness_d2_bool_inversion fok_or_right_false_applies_to_a_concrete_false_false_instance
3	PASS [   2.052s] (336/593) ken-elaborator::v3_fo_checker_soundness_d4 eigenparameter_in_conclusion_rejects_an_otherwise_valid_child
3	PASS [   0.509s] (337/593) ken-elaborator::v3_fo_conversion_load_measured measure_rust_reference_checker_load_on_real_source_programs
3	PASS [   2.016s] (338/593) ken-elaborator::v3_fo_embedding_adequacy_d1 truncation_conversion_preserves_quotation
3	PASS [   0.006s] (339/593) ken-elaborator::v3_fo_obligation_signature_discovery_acceptance ambiguous_two_sort_obligation_is_refused_by_discovery_not_guessed
3	PASS [   1.995s] (340/593) ken-elaborator::v3_fo_ken_level_checker_authoring fok_check_cert_kernel_checks_with_no_trusted_base_delta
3	PASS [   0.018s] (341/593) ken-elaborator::v4_acceptance disproved_verdict_projects_false_tag
3	PASS [   2.050s] (342/593) ken-elaborator::v3_fo_ken_level_checker_authoring fok_check_cert_totally_rejects_malformed_certificates
3	PASS [   0.351s] (343/593) ken-elaborator::val1_string_literals fizzbuzz_classification_elaborates
3	PASS [   0.006s] (344/593) ken-foundation canonical::tests::record_field_order_is_declaration
3	PASS [   0.007s] (345/593) ken-foundation store::tests::loud_at_limit
3	PASS [   0.007s] (346/593) ken-foundation::acceptance equality_is_constant_time
3	PASS [   0.007s] (347/593) ken-host abi_v1::tests::abi_s6_d3_mapping_raw_request_layout_is_exact
3	PASS [   0.008s] (348/593) ken-host abi_v1::tests::directory_entries_reply_is_arena_backed_exact_and_fail_closed
3	PASS [   0.007s] (349/593) ken-host abi_v1::tests::native_resource_open_metadata_release_and_stale_use_share_one_real_context
3	PASS [   0.006s] (350/593) ken-host abi_v1::tests::posture_failure_prevents_context_publication
3	PASS [   0.005s] (351/593) ken-host abi_v1::tests::scripted_home_success_mints_only_after_one_real_resolution
3	PASS [   0.005s] (352/593) ken-host abi_v1::tests::selected_call_integrity_finishes_the_live_host_observation_with_effect_prefix
3	PASS [   0.008s] (353/593) ken-host effect_v1::tests::abi_s1_seek_and_set_length_preserve_cursor_extent_and_rights
3	PASS [   0.006s] (354/593) ken-host effect_v1::tests::abi_s6_d1_unmap_failure_is_typed_and_terminal
3	PASS [   0.007s] (355/593) ken-host effect_v1::tests::all_pre_resource_operations_share_one_semantic_dispatch
3	PASS [   0.006s] (356/593) ken-host effect_v1::tests::buffer_allocation_failure_is_reachable_ordered_and_atomic
3	PASS [   0.005s] (357/593) ken-host effect_v1::tests::caller_control_release_invalidates_before_close_and_never_retries
3	PASS [   0.005s] (358/593) ken-host effect_v1::tests::capability_admission_inventory_is_exact_and_abi_r3_closed
3	PASS [   0.006s] (359/593) ken-host effect_v1::tests::explicit_finalizer_settles_every_live_owner_once_and_records_failure
3	PASS [   0.006s] (360/593) ken-host effect_wire::tests::abi_s1_inheritance_policy_wire_is_typed_distinct_and_fail_closed
3	PASS [   0.008s] (361/593) ken-host effect_wire::tests::abi_s6_d1_mapping_resource_kind_wire_is_distinct_and_fail_closed
3	PASS [   0.007s] (362/593) ken-host effect_wire::tests::abi_s6_d3_mapping_requests_round_trip_and_protection_fails_closed
3	PASS [   0.006s] (363/593) ken-host mapping_v1::tests::consumed_mapping_is_actually_unmapped
3	PASS [   0.012s] (364/593) ken-host tests::producer_inventory_is_bidirectional_and_sync_drift_is_discriminating
3	PASS [   0.013s] (365/593) ken-interp eval::px0_target_classification_tests::px1_named_unavailable_lane_maps_to_ken_unsupported
3	PASS [   0.007s] (366/593) ken-interp eval::px5b_effect_observation_tests::abi_s6_d1_mapping_resource_errors_reify_with_exact_kind_identity
3	PASS [   0.338s] (367/593) ken-elaborator::val1_string_literals gcd_views_elaborate
3	PASS [   0.006s] (368/593) ken-interp eval::px5b_effect_observation_tests::ac3b_the_deadline_decoder_refuses_a_second_argument
3	PASS [   0.011s] (369/593) ken-interp eval::px5b_effect_observation_tests::actual_raw_requests_survive_descriptor_collision
3	PASS [   0.010s] (370/593) ken-interp eval::px5b_effect_observation_tests::budget_eff_capped_full_read_reifies_effective_not_raw_remaining
3	PASS [   0.008s] (371/593) ken-interp eval::px5b_effect_observation_tests::resource_inserted_by_one_dispatch_call_stays_visible_across_later_dispatch_calls
3	PASS [   0.007s] (372/593) ken-interp eval::px5b_effect_observation_tests::revoked_path_dispatch_reifies_exact_revoked_file_error
3	PASS [   0.010s] (373/593) ken-interp eval::px5b_effect_observation_tests::rt_parity_malformed_write_offset_precedes_missing_right
3	PASS [   0.013s] (374/593) ken-interp eval::px5b_effect_observation_tests::route_classifies_all_terminal_arms
3	PASS [   0.011s] (375/593) ken-interp tests::can_eq_by_type_computes
3	PASS [   0.013s] (376/593) ken-interp tests::agree_with_kernel_reduction
3	PASS [   0.008s] (377/593) ken-interp tests::det_same_term_same_value
3	PASS [   0.011s] (378/593) ken-interp tests::det_closures_get_no_slot_while_closure_free_values_still_do
3	PASS [  10.265s] (379/593) ken-elaborator::v3_fo_route_proved_composition public_catalog_route_returns_a_kernel_backed_proved_verdict
3	PASS [   0.006s] (380/593) ken-interp::ds6b_intlit_eq_reduction_cross_layer kernel_and_interp_agree_across_a_spread_of_values
3	PASS [   0.346s] (381/593) ken-interp::effect_composition_synthetic_peel_probe nested_wrap_peels_through_multiple_layers_to_the_synthetic_base_tag
3	PASS [   0.352s] (382/593) ken-interp::fs_driver_build_acceptance positive_read_returns_exact_fixture_bytes
3	PASS [   0.364s] (383/593) ken-interp::i3_fs_floor full_authority_drives_every_fs_arm_with_exact_state_and_trace
3	PASS [   0.322s] (384/593) ken-interp::i5_scoped_capability change_mode_is_distinct_handle_bound_and_validated_before_dispatch
3	PASS [   0.006s] (385/593) ken-interp::i5_scoped_capability product_attenuation_narrows_and_deviant_widenings_are_unknown
3	PASS [   0.320s] (386/593) ken-interp::l1_acceptance sec62_abstract_add_is_neutral
3	PASS [   0.016s] (387/593) ken-interp::nc12_runtime_ir_evaluator add_int_overflow_promotes_without_host_panic_or_wrap
3	PASS [   0.005s] (388/593) ken-interp::nc12_runtime_ir_evaluator runtime_ir_evaluator_runs_nc5_seed_subset_without_native_claims
3	PASS [   0.436s] (389/593) ken-interp::nc7_differential_trust_report oracle_identity_mismatch_emits_no_f1_and_does_not_run_native
3	PASS [   0.329s] (390/593) ken-interp::nc9_proof_erasure_boundary_checker ken_checker_rejects_stale_identity_with_named_lane
3	PASS [   0.008s] (391/593) ken-kernel check::tests::let_check_rejects_wrong_outer_expected_type
3	PASS [   0.007s] (392/593) ken-kernel conv::tests::control_delegating_map_g_flips_open_comparison_to_true
3	PASS [   0.005s] (393/593) ken-kernel conv::tests::level_semilattice_eq
3	PASS [   0.006s] (394/593) ken-kernel conv::tests::open_recursive_distinct_maps_refuse_once_and_return_false
3	PASS [   0.009s] (395/593) ken-kernel conv::tests::quotient_elim_congruence_compares_all_four_fields_directionally
3	PASS [   0.005s] (396/593) ken-kernel conv::tests::sigma_beta_whnf
3	PASS [   0.006s] (397/593) ken-kernel sct::tests::ctor_wrap_compose_rejected
3	PASS [   0.006s] (398/593) ken-kernel sct::tests::is_exact_reconstruction_reorder_rejected
3	PASS [   0.006s] (399/593) ken-kernel sct::tests::is_exact_reconstruction_structural_increase_rejected
3	PASS [   0.010s] (400/593) ken-kernel::acceptance ac5_nested_double_positive_admitted
3	PASS [   0.006s] (401/593) ken-kernel::acceptance ac6_subject_reduction_k1_property
3	PASS [   0.006s] (402/593) ken-kernel::acceptance ac6_subject_reduction_sigma_beta
3	PASS [   0.008s] (403/593) ken-kernel::acceptance ac7_beta_reduction_terminates
3	PASS [   0.007s] (404/593) ken-kernel::acceptance ac7_delta_unfolding_terminates
3	PASS [   0.007s] (405/593) ken-kernel::acceptance ac7_iota_reduction_terminates
3	PASS [   0.007s] (406/593) ken-kernel::acceptance k2_cast_refl_regularity
3	PASS [   0.007s] (407/593) ken-kernel::acceptance k2_quotient_elim_on_class
3	PASS [   0.006s] (408/593) ken-kernel::acceptance k2_trunc_elim_on_proj
3	PASS [   0.007s] (409/593) ken-kernel::ax2_named_postulate_inertness trusted_base_stays_id_shaped_and_resolves_shared_labels
3	PASS [   0.009s] (410/593) ken-kernel::ds6b_intlit_eq_reduction intlit_infer_fails_closed_when_unregistered
3	PASS [   0.009s] (411/593) ken-kernel::k1p5_wstyle ac2_tree_iota_leaf
3	PASS [   0.008s] (412/593) ken-kernel::k2c_conversion sct_accept_lexicographic
3	PASS [   0.006s] (413/593) ken-kernel::k2c_conversion sct_accepts_mutual_arity_isolation_consumer
3	PASS [   0.008s] (414/593) ken-kernel::k2c_conversion sct_reject_combinator_laundered
3	PASS [   0.005s] (415/593) ken-kernel::k2c_conversion unit_eta_two_vars_convert
3	PASS [   0.012s] (416/593) ken-kernel::k2c_series2 cast_inductive_open_index_stuck
3	PASS [   0.006s] (417/593) ken-kernel::k2c_series2 quotient_respect_direction_cast
3	PASS [   0.008s] (418/593) ken-kernel::k3_literal_char_registration checked_carriers_reject_wrong_shape_and_char_range_without_partial_admission
3	PASS [   0.008s] (419/593) ken-kernel::k4_omega_motive omega_motive_iota_is_the_existing_constructor_selects_method_rule
3	PASS [   0.010s] (420/593) ken-kernel::k7_eq_at_inductive_whnf eq_at_inductive_collapses_operation_wrapped_distinct_constructors
3	PASS [   0.008s] (421/593) ken-kernel::ktr1_constructor_universe_gate w_style_recursive_argument_at_family_level_is_accepted
3	PASS [   0.010s] (422/593) ken-kernel::nested_inductives_all neutral_all_inhabitant_checks_at_the_literal_family_application
3	PASS [   0.010s] (423/593) ken-kernel::nested_inductives_d1a admission_records_positive_and_non_positive_parameters
3	PASS [   0.011s] (424/593) ken-kernel::nested_inductives_remaining nested_negative_unknown_and_non_positive_paths_reject_separately
3	PASS [   0.009s] (425/593) ken-kernel::obs_eq_termination_congruence allkeys_two_predicate_spellings_converts
3	PASS [   0.008s] (426/593) ken-kernel::positivity_demand_driven negative_occurrence_hidden_in_a_transparent_argument_stays_rejected
3	PASS [   0.014s] (427/593) ken-runtime activation_abi::export_rendering_tests::padding_the_top_limb_too_would_change_the_bytes
3	PASS [   0.006s] (428/593) ken-runtime activation_abi::tests::a_profile_from_a_layout_this_runtime_does_not_implement_is_refused
3	PASS [   0.022s] (429/593) ken-runtime activation_abi::tests::the_abi_statuses_are_distinct
3	PASS [   0.006s] (430/593) ken-runtime activation_services::tests::the_record_fields_sit_at_the_offsets_emitted_code_loads
3	PASS [   0.021s] (431/593) ken-runtime boundary_activation::tests::a_first_cap_of_one_cannot_be_raised_to_two_after_use
3	PASS [   0.006s] (432/593) ken-runtime boundary_activation::tests::cap_one_cannot_be_raised_child
3	PASS [   0.009s] (433/593) ken-runtime boundary_activation::tests::moving_the_activation_does_not_move_what_generated_code_was_given
3	PASS [   0.092s] (434/593) ken-runtime boundary_value_clif::tests::ac4_each_reachable_limit_refuses_at_limit_plus_one_naming_its_own_resource
3	PASS [   0.016s] (435/593) ken-runtime boundary_value_clif::tests::b2v_a_persistent_slot_resolves_back_through_the_store
3	PASS [   0.024s] (436/593) ken-runtime boundary_value_clif::tests::b2v_ac6_a_ground_node_still_adopts_through_the_same_harness
3	PASS [   0.130s] (437/593) ken-runtime boundary_value_clif::tests::b2v_ac6_every_emitted_writer_is_refused_after_the_sealed_handoff
3	PASS [   0.030s] (438/593) ken-runtime boundary_value_clif::tests::b2v_emitted_code_admits_exactly_the_closed_tag_set
3	PASS [   0.041s] (439/593) ken-runtime boundary_value_clif::tests::b2v_emitted_code_projects_a_nested_aggregate
3	PASS [   0.079s] (440/593) ken-runtime boundary_value_clif::tests::b2v_every_emitted_class_guard_is_the_plans
3	PASS [   0.009s] (441/593) ken-runtime boundary_value_clif::tests::c1_d2_the_store_consumes_identities_and_refuses_to_mint_them
3	PASS [   0.024s] (442/593) ken-runtime boundary_value_clif::tests::d3_an_undecodable_word_is_refused_before_any_node_is_read
3	PASS [   0.011s] (443/593) ken-runtime canonical::tests::ac_v1b_iterative_encoding_is_byte_identical_to_the_recursive_reference
3	PASS [   0.005s] (444/593) ken-runtime canonical::tests::ac_v8_nfc_distinct_spellings_agree_with_canonical_identity
3	PASS [   0.005s] (445/593) ken-runtime canonical::tests::kind_tags_disambiguate
3	PASS [   0.006s] (446/593) ken-runtime canonical::tests::map_ordering_deterministic
3	PASS [   0.005s] (447/593) ken-runtime canonical::tests::record_field_order_is_declaration_order
3	PASS [   0.006s] (448/593) ken-runtime cranelift_backend::artifact::api::tests::reachable_foreign_checked_core_metadata_rejects_before_backend_lowering
3	PASS [   0.010s] (449/593) ken-runtime cranelift_backend::artifact::tests::b2f_ac8_the_native_int_module_declares_exactly_its_nine_functions
3	PASS [   0.008s] (450/593) ken-runtime cranelift_backend::grafted_spine_control_graph::tests::deleted_intermediate_call_return_rejects_at_terminal_reachability_layer
3	PASS [   0.010s] (451/593) ken-runtime cranelift_backend::grafted_spine_control_graph::tests::duplicate_terminal_rejects_at_member_affinity_layer
3	PASS [   0.170s] (452/593) ken-runtime cranelift_backend::lowering::aggregates::tests::a_call_use_coordinate_substitution_is_inert_for_a_self_authorizing_aggregate
3	PASS [   0.041s] (453/593) ken-runtime cranelift_backend::lowering::aggregates::tests::a_sibling_records_field_schema_is_refused_before_any_allocation
3	PASS [   0.006s] (454/593) ken-runtime cranelift_backend::lowering::boundary::tests::b2v_ac10_every_boundary_input_receives_one_policy_entailed_outcome
3	PASS [   0.007s] (455/593) ken-runtime cranelift_backend::lowering::boundary::tests::c1_d5_a_closure_free_constructor_is_admissible
3	PASS [   0.043s] (456/593) ken-runtime cranelift_backend::lowering::boundary::tests::recut2_the_emitted_helper_graph_changes_when_the_tag_sets_change
3	PASS [   0.006s] (457/593) ken-runtime cranelift_backend::lowering::core::branched_scrutinee_unit_body_observer_tests::direct_construct_missing_recursive_position_still_refuses
3	PASS [   0.005s] (458/593) ken-runtime cranelift_backend::lowering::core::branched_scrutinee_unit_body_port_tests::plain_match_declared_body_units_refuse_disagreement_and_the_mutation_discriminates
3	PASS [   0.089s] (459/593) ken-runtime cranelift_backend::lowering::core::primitive::tests::px8i_big_small_big_mul_and_canonical_narrow_are_exact
3	PASS [   0.010s] (460/593) ken-runtime cranelift_backend::lowering::core::tests::constructors::a_capture_contract_declaring_too_few_slots_rejects
3	PASS [   0.007s] (461/593) ken-runtime cranelift_backend::lowering::core::tests::constructors::a_capture_contract_whose_slot_ordinals_are_permuted_rejects
3	PASS [   0.021s] (462/593) ken-runtime cranelift_backend::lowering::core::tests::constructors::b2f_d9_the_same_body_takes_the_small_arm_on_a_trimmed_pair
3	PASS [   0.024s] (463/593) ken-runtime cranelift_backend::lowering::core::tests::constructors::c1_d3_ac_c3_a_constructor_outside_the_case_set_reaches_the_closed_default
3	PASS [   0.036s] (464/593) ken-runtime cranelift_backend::lowering::core::tests::constructors::c1_d3_ac_c7_computational_match_eliminates_a_carried_value_non_recursively
3	PASS [   0.021s] (465/593) ken-runtime cranelift_backend::lowering::core::tests::constructors::c1_d4_ac_c5_a_reordered_record_projects_the_same_field
3	PASS [   0.008s] (466/593) ken-runtime cranelift_backend::lowering::core::tests::constructors::c2_ac2_closed_roles_are_injective_by_spelling_and_canonical_for_duplicates
3	PASS [   0.021s] (467/593) ken-runtime cranelift_backend::lowering::core::tests::constructors::carried_bool_dispatch_refuses_payload_two
3	PASS [   0.027s] (468/593) ken-runtime cranelift_backend::lowering::core::tests::constructors::constructor_field_aggregate_unconsumed_sibling_stays_ordinary
3	PASS [   0.043s] (469/593) ken-runtime cranelift_backend::lowering::core::tests::constructors::cranelift_runs_constructor_match_and_record_projection_seeds
3	PASS [   0.021s] (470/593) ken-runtime cranelift_backend::lowering::core::tests::constructors::d2_a_runtime_byte_span_crosses_by_copy_into_a_persistent_bytes_node
3	PASS [   0.006s] (471/593) ken-runtime cranelift_backend::lowering::core::tests::constructors::dynamic_constructor_duplicate_tag_and_identity_reject_exactly
3	PASS [   0.023s] (472/593) ken-runtime cranelift_backend::lowering::core::tests::constructors::dynamic_host_result_producer_wrong_arity_rejects_specifically
3	PASS [   0.024s] (473/593) ken-runtime cranelift_backend::lowering::core::tests::constructors::nested_computational_payload_kind_rejects_specifically
3	PASS [   0.032s] (474/593) ken-runtime cranelift_backend::lowering::core::tests::constructors::selected_worker_generated_gate_rejects_copied_ticket_after_activation_reuse
3	PASS [   0.009s] (475/593) ken-runtime cranelift_backend::lowering::core::tests::constructors::static_worker_call_rejects_undeclared_target
3	PASS [   0.007s] (476/593) ken-runtime cranelift_backend::lowering::core::tests::constructors::static_worker_construction_rejects_wrong_body_origin
3	PASS [   0.036s] (477/593) ken-runtime cranelift_backend::lowering::core::tests::constructors::static_worker_twice_called_binding_succeeds
3	PASS [   0.008s] (478/593) ken-runtime cranelift_backend::lowering::core::tests::constructors::static_worker_witness_contains_no_continuation_machinery
3	PASS [   0.022s] (479/593) ken-runtime cranelift_backend::lowering::core::tests::control::checked_join_marker_without_exact_plan_site_rejects_before_emission
3	PASS [   0.005s] (480/593) ken-runtime cranelift_backend::lowering::core::tests::control::escaping_a_source_borrow_into_the_compiled_artifact_does_not_typecheck
3	PASS [   0.050s] (481/593) ken-runtime cranelift_backend::lowering::core::tests::control::oriented_edge_mutations_reject_in_all_three_direct_consumers
3	PASS [   0.012s] (482/593) ken-runtime cranelift_backend::lowering::core::tests::control::oriented_phase_misclassification_recovers_endpoint_and_missing_semantic_rejections
3	PASS [   0.078s] (483/593) ken-runtime cranelift_backend::lowering::core::tests::control::px8j_one_two_three_scope_segments_reach_selection_hole_and_unwind
3	PASS [   0.008s] (484/593) ken-runtime cranelift_backend::lowering::core::tests::control::refusal_pins_rehomed_static_worker_without_selector_exclusion
3	PASS [   0.021s] (485/593) ken-runtime cranelift_backend::lowering::core::tests::control::self_consistent_appended_orphan_join_site_rejects_before_emission
3	PASS [   0.036s] (486/593) ken-runtime cranelift_backend::lowering::core::tests::control::the_retained_body_helper_is_visible_only_inside_lowering
3	PASS [   0.052s] (487/593) ken-runtime cranelift_backend::lowering::core::tests::effects::a_dead_arm_traps_while_the_same_arm_constructed_still_refuses_strictly
3	PASS [   0.047s] (488/593) ken-runtime cranelift_backend::lowering::core::tests::effects::ac_2_withdrawing_the_byte_span_availability_restores_the_exact_original_refusal
3	PASS [   0.016s] (489/593) ken-runtime cranelift_backend::lowering::core::tests::effects::budget_eff_native_wrote_capped_full_and_short_reify_effective_not_raw_remaining
3	PASS [   0.081s] (490/593) ken-runtime cranelift_backend::lowering::core::tests::effects::d5_the_two_byte_span_refusals_are_distinct_typed_values_without_dispatch
3	PASS [   0.106s] (491/593) ken-runtime cranelift_backend::lowering::core::tests::effects::px8i_positioned_start_and_metadata_promote_u64_above_i64_max
3	PASS [   0.080s] (492/593) ken-runtime cranelift_backend::lowering::core::tests::effects::px8n_fs_write_at_arm_constructs_short_wrote_and_exact_no_progress
3	PASS [   0.032s] (493/593) ken-runtime cranelift_backend::lowering::core::tests::effects::repeating_a_complete_visit_is_lawful
3	PASS [   0.147s] (494/593) ken-runtime cranelift_backend::lowering::core::tests::every_origin_to_expression_resolution_goes_through_the_single_route
3	PASS [   0.042s] (495/593) ken-runtime cranelift_backend::lowering::core::tests::host_call_carrier::a_seed_capture_borrows_from_artifact_static_storage_rather_than_folding
3	PASS [   0.038s] (496/593) ken-runtime cranelift_backend::lowering::core::tests::host_call_carrier::b2f_emits_one_defined_target_unit_per_planned_function_unit
3	PASS [   0.473s] (497/593) ken-runtime cranelift_backend::lowering::core::tests::host_call_carrier::governed_nested_brackets_n3_through_n7_emit_complete_functionized_bundles
3	PASS [   0.009s] (498/593) ken-runtime cranelift_backend::lowering::core::tests::host_call_carrier::rtfp_exchanging_the_two_occurrence_identities_rejects
3	PASS [   0.030s] (499/593) ken-runtime cranelift_backend::lowering::core::tests::host_call_carrier::the_generated_root_translates_a_runtime_reached_trap_exactly
3	PASS [   0.029s] (500/593) ken-runtime cranelift_backend::lowering::core::tests::host_call_carrier::typed_trap_exit_preserves_the_planner_identity_across_two_unit_calls
3	PASS [   0.009s] (501/593) ken-runtime cranelift_backend::lowering::core::tests::perturbing_a_borrowed_address_does_not_move_any_derived_origin
3	PASS [   0.054s] (502/593) ken-runtime cranelift_backend::lowering::core::tests::positional_candidate_settlement::coc_d3_the_trailing_suffix_is_continued_and_the_mutation_restores_the_refusal
3	PASS [   0.055s] (503/593) ken-runtime cranelift_backend::lowering::core::tests::recursor_fusion::d0_r3_fusion_gate_resolves_zero_for_the_seed_and_one_for_the_checked_twin
3	PASS [   0.071s] (504/593) ken-runtime cranelift_backend::lowering::core::tests::recursor_fusion::d2f_armed_compile_completes_and_its_populations_are_pinned
3	PASS [   0.020s] (505/593) ken-runtime cranelift_backend::lowering::core::tests::recursor_fusion::planned_closure_preexistence_routes_recursors_to_the_durable_lane
3	PASS [   0.065s] (506/593) ken-runtime cranelift_backend::lowering::core::tests::recursor_fusion::r3_fused_nonempty_producer_captures_refuse_before_emission
3	PASS [   0.008s] (507/593) ken-runtime cranelift_backend::lowering::core::tests::retained_closures_carry_a_static_origin_and_no_body_term
3	PASS [   0.036s] (508/593) ken-runtime cranelift_backend::lowering::core::tests::source_frame_bridge::d8g_the_composed_selected_argument_reaches_its_target_at_the_shared_emitter
3	PASS [   0.164s] (509/593) ken-runtime cranelift_backend::lowering::core::tests::source_frame_bridge::d8l2_the_ordinary_envelope_names_source_positions_in_every_orientation
3	PASS [   0.136s] (510/593) ken-runtime cranelift_backend::lowering::core::tests::source_frame_bridge::d8m_the_checked_bridge_refuses_every_way_the_transported_identity_can_go_wrong
3	PASS [   0.079s] (511/593) ken-runtime cranelift_backend::lowering::core::tests::source_frame_bridge::d8m_the_source_frame_identity_survives_the_bridge
3	PASS [   0.063s] (512/593) ken-runtime cranelift_backend::lowering::core::tests::source_frame_bridge::d8o_every_emitted_body_binds_its_own_planner_issued_authority
3	PASS [   0.006s] (513/593) ken-runtime cranelift_backend::lowering::core::tests::specialization_binding::continuation_case_binder_run_hard_stops_rather_than_leaving_a_hole
3	PASS [   0.031s] (514/593) ken-runtime cranelift_backend::lowering::core::tests::specialization_binding::contsrc_the_emission_resolver_refuses_a_producer_local_coordinate
3	PASS [   0.012s] (515/593) ken-runtime cranelift_backend::lowering::core::tests::specialization_binding::d3b_every_generated_frame_requirement_resolves_to_exactly_one_context
3	PASS [   0.119s] (516/593) ken-runtime cranelift_backend::lowering::core::tests::specialization_binding::d4a_the_nearest_alias_slot_holds_the_operand_built_for_that_binding
3	PASS [   0.033s] (517/593) ken-runtime cranelift_backend::lowering::core::tests::specialization_binding::d5a_perturbing_the_retained_source_coordinates_fails_closed_rather_than_calling_raw
3	PASS [   0.143s] (518/593) ken-runtime cranelift_backend::lowering::core::tests::specialization_binding::d5a_the_detached_result_seats_five_guards_are_each_reached_by_a_real_mutation
3	PASS [   0.090s] (519/593) ken-runtime cranelift_backend::lowering::core::tests::specialization_binding::d8i_the_discharge_facet_is_transported_stated_and_refuses_both_ways
3	PASS [   0.055s] (520/593) ken-runtime cranelift_backend::lowering::core::tests::specialization_binding::rt_seed_two_entry_parameters_agree_with_emitted_loads_on_both_routes
3	PASS [   0.006s] (521/593) ken-runtime cranelift_backend::lowering::seed_material::tests::a_nested_difference_reaches_the_encoded_bytes
3	PASS [   0.005s] (522/593) ken-runtime cranelift_backend::lowering::seed_material::tests::scalar_payload_sits_at_the_declared_offset
3	PASS [   0.110s] (523/593) ken-runtime cranelift_backend::lowering::source::tests::d2b_row_b_a_live_nonbackedge_let_runs_its_body_and_consumes_its_join
3	PASS [   0.071s] (524/593) ken-runtime cranelift_backend::lowering::source::tests::d8f_the_declined_call_does_not_answer_for_the_checked_identity
3	PASS [   0.006s] (525/593) ken-runtime cranelift_backend::lowering::units::captured_environment_bijection::the_admitted_run_measured_on_the_checked_family_validates
3	PASS [   0.006s] (526/593) ken-runtime cranelift_backend::planning::plan_extraction_tests::native_join_plan_surfaces_a_decode_failure_rather_than_dropping_it
3	PASS [   0.006s] (527/593) ken-runtime cranelift_backend::planning::plan_extraction_tests::oriented_plan_surfaces_a_decode_failure_rather_than_dropping_it
3	PASS [   0.009s] (528/593) ken-runtime cranelift_backend::planning::static_transition::aggregates::checked_ih_captured_env_schema::bind_continuation_production_rejects_multiple_static_targets
3	PASS [   0.010s] (529/593) ken-runtime cranelift_backend::planning::static_transition::aggregates::checked_ih_captured_env_schema::transport_edges_reference_one_force_record_and_issue_no_destination_record
3	PASS [   0.008s] (530/593) ken-runtime cranelift_backend::planning::static_transition::aggregates::tests::a_records_lookup_key_includes_its_path_not_only_its_role
3	PASS [   0.009s] (531/593) ken-runtime cranelift_backend::planning::static_transition::aggregates::tests::the_flattening_reproduces_the_measured_tree
3	PASS [   0.009s] (532/593) ken-runtime cranelift_backend::planning::static_transition::aggregates::tests::unit_boundary_environment_uses_the_same_inline_emission_authority
3	PASS [   0.008s] (533/593) ken-runtime cranelift_backend::planning::static_transition::closure::tests::b2o_ac5_each_ownership_law_reddens_on_its_own
3	PASS [   0.020s] (534/593) ken-runtime cranelift_backend::planning::static_transition::closure::tests::boundary_b1r_control_3_duplicating_a_material_record_origin_is_rejected
3	PASS [   0.008s] (535/593) ken-runtime cranelift_backend::planning::static_transition::closure::tests::boundary_c1_declared_and_projected_field_share_one_identity
3	PASS [   0.007s] (536/593) ken-runtime cranelift_backend::planning::static_transition::closure::tests::entry_and_reachability_closure_rejects_balancing_invalid_root
3	PASS [   0.025s] (537/593) ken-runtime cranelift_backend::planning::static_transition::closure::tests::source_return_ownership_guards_fail_closed_on_exact_cross_wires
3	PASS [   0.010s] (538/593) ken-runtime cranelift_backend::planning::static_transition::construction::tests::d2_the_owner_split_is_causal_in_both_directions
3	PASS [   0.006s] (539/593) ken-runtime cranelift_backend::planning::static_transition::continuations::fusion::tests::d2e_binder_role_hypothesis_prefix_is_reverse_declaration_order
3	PASS [   0.009s] (540/593) ken-runtime cranelift_backend::planning::static_transition::continuations::fusion::tests::d2e_ih_binding_does_not_leak_into_a_closure_body
3	PASS [   0.030s] (541/593) ken-runtime cranelift_backend::planning::static_transition::continuations::fusion::tests::d2f_1_the_fused_frame_is_the_producers_run_and_refuses_an_activation_input
3	PASS [   0.011s] (542/593) ken-runtime cranelift_backend::planning::static_transition::continuations::fusion::tests::d2i_ac3_a_second_matching_static_body_edge_is_refused
3	PASS [   0.014s] (543/593) ken-runtime cranelift_backend::planning::static_transition::continuations::fusion::tests::d2j_the_witness_projects_a_non_empty_ordered_input_run
3	PASS [   0.006s] (544/593) ken-runtime cranelift_backend::planning::static_transition::continuations::fusion::tests::governed_nested_bracket_uses_canonical_four_seat_binder_roles
3	PASS [   0.010s] (545/593) ken-runtime cranelift_backend::planning::static_transition::continuations::tests::contspec_assigned_key_mutation_plans_an_edge_to_the_wrong_alternative
3	PASS [   0.012s] (546/593) ken-runtime cranelift_backend::planning::static_transition::continuations::tests::contspec_open_and_ambiguous_sources_refuse_only_the_candidate
3	PASS [   0.010s] (547/593) ken-runtime cranelift_backend::planning::static_transition::continuations::tests::contsrc_the_two_coordinate_domains_never_compare_equal
3	PASS [   0.007s] (548/593) ken-runtime cranelift_backend::planning::static_transition::continuations::tests::d3_a_seed_provenance_declaration_transports_with_its_own_carrier
3	PASS [   0.008s] (549/593) ken-runtime cranelift_backend::planning::static_transition::continuations::tests::d3_an_imported_capture_on_a_declaration_owned_unit_is_refused
3	PASS [   0.009s] (550/593) ken-runtime cranelift_backend::planning::static_transition::immediate_bridge::tests::a_non_bridge_case_body_is_skipped_rather_than_refused
3	PASS [   0.009s] (551/593) ken-runtime cranelift_backend::planning::static_transition::immediate_bridge::tests::a_plan_mutation_does_not_leak_past_its_scope
3	PASS [   0.005s] (552/593) ken-runtime cranelift_backend::planning::static_transition::immediate_bridge::tests::refuses_when_the_binder_offset_underflows_the_scrutinee_index
3	PASS [   0.009s] (553/593) ken-runtime cranelift_backend::planning::static_transition::immediate_bridge::tests::the_installed_plane_is_a_re_derivation_from_final_inputs
3	PASS [   0.008s] (554/593) ken-runtime cranelift_backend::planning::static_transition::occurrences::tests::occurrence_table_negative_controls_fail_at_named_artifacts
3	PASS [   0.008s] (555/593) ken-runtime cranelift_backend::planning::static_transition::occurrences::tests::root_and_declaration_computational_bodies_take_the_resume_occurrence
3	PASS [   0.008s] (556/593) ken-runtime cranelift_backend::planning::static_transition::units::tests::b2o_check_imported_binding_var_capture_has_a_value_word_carrier
3	PASS [   0.005s] (557/593) ken-runtime cranelift_backend::surface::surface_diagnostics_tests::error_constructors_build_the_arms_they_name
3	PASS [   0.005s] (558/593) ken-runtime cranelift_backend::surface::surface_diagnostics_tests::unsupported_lowering_renders_construct_then_reason
3	PASS [   0.007s] (559/593) ken-runtime executable_artifact_contract::tests::selected_target_absent_from_report_rejects_available_native_artifact_claim
3	PASS [   0.006s] (560/593) ken-runtime executable_entrypoint_packaging::tests::blocked_runtime_lowerability_rejects_even_with_closed_entrypoint_claim
3	PASS [   0.006s] (561/593) ken-runtime executable_entrypoint_packaging::tests::non_closed_or_imported_entrypoint_rejects_before_native_work
3	PASS [   0.005s] (562/593) ken-runtime hash::tests::fnv1a_empty
3	PASS [   0.005s] (563/593) ken-runtime ir::tests::acf2_default_trap_code_is_load_bearing
3	PASS [   0.005s] (564/593) ken-runtime ir::tests::acf2_ordinary_case_order_is_load_bearing
3	PASS [   0.005s] (565/593) ken-runtime native_effect_v1::tests::denial_precedes_host_action
3	PASS [   2.477s] (566/593) ken-runtime native_execution_differential::tests::asserted_available_interpreter_target_mismatch_rejects
3	PASS [   2.137s] (567/593) ken-runtime native_execution_differential::tests::effect_policy_unavailable_still_rejects_stale_executable_artifact
3	PASS [   2.460s] (568/593) ken-runtime native_execution_differential::tests::reports_tested_native_runtime_and_interpreter_agreement
3	PASS [   2.456s] (569/593) ken-runtime native_execution_differential::tests::trap_observation_is_first_class_unavailable_native_lane
3	PASS [   2.162s] (570/593) ken-runtime native_execution_differential::tests::trap_observation_still_rejects_stale_executable_artifact
3	PASS [   0.006s] (571/593) ken-runtime native_int::tests::comparisons_use_every_limb
3	PASS [   0.005s] (572/593) ken-runtime native_int::tests::terminal_decoder_requires_a_complete_canonical_export_view
3	PASS [   0.007s] (573/593) ken-runtime native_join_plan::tests::occurrence_transplants_reject_with_unchanged_frame
3	PASS [   0.026s] (574/593) ken-runtime native_process_entrypoint::tests::byte_environment_reaches_the_native_entry
3	PASS [   2.166s] (575/593) ken-runtime object_linker_packaging::tests::each_authorized_deployment_limit_is_part_of_the_package_identity
3	PASS [   0.008s] (576/593) ken-runtime object_linker_packaging::tests::forged_platform_support_kind_version_rejects_before_linking
3	PASS [  34.653s] (577/593) ken-interp::b3_acceptance trace_events_are_checked_against_the_one_b1_alphabet
3	PASS [  35.136s] (578/593) ken-interp::b3_acceptance monitor_verdict_never_promoted_to_proved
3	PASS [   0.006s] (579/593) ken-runtime object_linker_packaging::tests::signed_root_trap_decoder_returns_exact_catalog_provenance
3	PASS [   0.008s] (580/593) ken-runtime platform_runtime_support::tests::runtime_ir_run_report_must_evaluate_packaged_entrypoint
3	PASS [   0.008s] (581/593) ken-runtime platform_runtime_support::tests::trap_observation_stays_runtime_report_comparable
3	PASS [   0.009s] (582/593) ken-runtime store::tests::auto_gc_not_present
3	PASS [   0.010s] (583/593) ken-runtime store::tests::int_small_to_bignum_promotion
3	PASS [   0.006s] (584/593) ken-runtime unknown::tests::standard_boolean_cases_hold
3	PASS [   0.009s] (585/593) ken-runtime unknown::tests::unknown_or_true_is_true
3	PASS [   0.008s] (586/593) ken-verify catalog::tests::confirmation_requires_real_artifact_equality_and_observed_operation
3	PASS [   0.007s] (587/593) ken-verify filesystem::tests::traversal_and_absolute_seed_paths_fail_closed
3	PASS [   5.943s] (588/593) ken-runtime object_linker_packaging::tests::nonprocess_starter_preserves_in_flight_selected_generation_fault
3	PASS [   4.012s] (589/593) ken-runtime object_linker_packaging::tests::nonprocess_starter_preserves_selected_call_integrity_from_real_gate
3	PASS [  75.537s] (590/593) ken-elaborator::px8x_static_export_projection real_checked_buffer_denotation_emits_direct_delegated_body
3	PASS [  36.302s] (591/593) ken-verify scenario::tests::clock_wall_now_normalized_real_artifact_differential_discriminates
3	PASS [  92.578s] (592/593) ken-verify scenario::tests::fs_append_file_real_artifact_exercises_all_path_policy_refusals
3	PASS [ 118.721s] (593/593) ken-verify scenario::tests::fs_create_directory_real_artifact_matches_the_landed_inert_flag_contract
5	PASS [   0.485s] (  1/594) ken-cli entrypoint_tests::apartial_cannot_apply_afull_writefile_wrapper
5	PASS [   0.932s] (  2/594) ken-cli entrypoint_tests::root_admission_precedes_host_leaves_and_marker_flips_the_same_program
5	PASS [   0.724s] (  3/594) ken-cli::console_exec closed_stdout_is_an_io_failure_not_sigpipe_termination
5	PASS [   0.898s] (  4/594) ken-cli::i8_clock_effect scripted_wall_clock_is_byte_identical_and_reaches_the_injected_host
5	PASS [   0.449s] (  5/594) ken-cli::ken_check_mode check_existing_catalog_entry_through_roots_loader
5	PASS [   0.438s] (  6/594) ken-cli::ken_check_mode check_io_shaped_file_also_exits_zero_without_running_io
5	PASS [   0.437s] (  7/594) ken-cli::ken_md_literate_cli ken_run_treats_unrecognized_ken_role_as_a_hard_error
5	PASS [   0.007s] (  8/594) ken-cli::library_documentation_gates agent_key_space_detectors_reject_duplicate_pack_and_task_ids
5	PASS [   0.008s] (  9/594) ken-cli::library_documentation_gates agent_schema_contract_rejects_each_declared_constraint_class
5	PASS [   0.181s] ( 10/594) ken-cli::library_documentation_gates content_currency_gate_rejects_a_symlink_source_even_when_its_target_is_unchanged
5	PASS [   0.122s] ( 11/594) ken-cli::library_documentation_gates ledger_rejects_a_dot_slash_alias_row_even_though_the_manifest_matches_it
5	PASS [   0.006s] ( 12/594) ken-cli::library_documentation_gates status_record_population_detector_rejects_second_status_record
5	PASS [   0.009s] ( 13/594) ken-cli::library_documentation_gates symlink_escape_is_rejected_by_confinement_and_by_the_walk
5	PASS [  50.545s] ( 14/594) ken-cli::px4b_native_production host_reply_selects_the_continuation_outcome
5	PASS [  72.525s] ( 15/594) ken-cli::abi_s6_mapping_surface_native offset_direct_map_write_then_window_read_preserves_process_local_bytes
5	PASS [  76.906s] ( 16/594) ken-cli::abi_s6_mapping_surface_native second_mapping_effect_rechecks_bounds
5	PASS [   0.010s] ( 17/594) ken-cli::record_literal_parser_depth record_literal_parser_retains_nested_match_depth
5	PASS [   0.016s] ( 18/594) ken-cli::rt_cold_lowering_checked_family_enumeration family_rows_are_unique_by_source_content_and_have_exact_expectations
5	PASS [  80.531s] ( 19/594) ken-cli::abi_s6_mapping_surface_native second_mapping_effect_rechecks_read_only_rights
5	PASS [   0.007s] ( 20/594) ken-cli::rt_cold_lowering_path_enumeration the_expectation_table_covers_exactly_the_population
5	PASS [  56.648s] ( 21/594) ken-cli::px7l_checked_host_recursive_bind runtime_selected_non_unit_response_is_consumed_across_real_executors
5	PASS [   0.028s] ( 22/594) ken-cli::rt_native_string_construction native_string_literal_ingress_normalizes
5	PASS [  58.333s] ( 23/594) ken-cli::px7o_heterogeneous_eliminator_frames nested_ok_payload_reaches_both_real_executors
5	PASS [  48.875s] ( 24/594) ken-cli::rt_selected_pending_call_admission checked_double_bind_is_refused_upstream_not_admitted
5	PASS [  87.619s] ( 25/594) ken-cli::rt_cold_lowering_path_enumeration rt_cap41_offset_endpoint_stage
5	PASS [   0.513s] ( 26/594) ken-cli::rt_span_prov_native sp_a_own_span_write_succeeds_with_bytes_interp
5	PASS [   0.434s] ( 27/594) ken-cli::t2_acceptance ac1_well_typed_def_registers
5	PASS [   0.433s] ( 28/594) ken-cli::t2_acceptance ac3_eval_goes_through_real_interpreter
5	PASS [   0.430s] ( 29/594) ken-cli::t2_acceptance ac5_definition_usable_in_check
5	PASS [   0.434s] ( 30/594) ken-cli::t2_acceptance ac5_session_state_persists
5	PASS [   0.006s] ( 31/594) ken-cli::bin/ken run_argument_tests::program_arguments_after_separator_preserve_non_utf8_bytes
5	PASS [   0.008s] ( 32/594) ken-elaborator checked_core::tests::acceptance_examples_fit_metadata_without_runtime_layout
5	PASS [   0.008s] ( 33/594) ken-elaborator checked_core::tests::body_view_preserves_arbitrary_precision_integer_literals
5	PASS [   0.007s] ( 34/594) ken-elaborator checked_core::tests::body_view_rejects_target_outside_selected_closure
5	PASS [   0.009s] ( 35/594) ken-elaborator checked_core::tests::body_view_rejects_unsupported_eliminator_shape
5	PASS [   0.009s] ( 36/594) ken-elaborator checked_core::tests::emitter_adds_v0_schema_hashes_and_validates_representative_fixtures
5	PASS [   0.008s] ( 37/594) ken-elaborator checked_core::tests::int_lit_encode_decode_round_trips
5	PASS [   0.007s] ( 38/594) ken-elaborator checked_core::tests::lowerability_metadata_is_semantic_and_stably_ordered
5	PASS [   0.014s] ( 39/594) ken-elaborator checked_core::tests::validator_rejects_dependency_hash_lane_mismatch_after_hash_recompute
5	PASS [   0.008s] ( 40/594) ken-elaborator checked_core::tests::validator_rejects_orphan_metadata_after_emission
5	PASS [   0.007s] ( 41/594) ken-elaborator compiler_driver::tests::root_execution_marker_is_part_of_the_plan_transport_hash
5	PASS [   0.426s] ( 42/594) ken-elaborator elab::nested_lift_association_tests::type_resident_support_does_not_override_omega_result_sort
5	PASS [   0.429s] ( 43/594) ken-elaborator elab::omega_index_refinement_tests::branch_goal_classifier_outside_type_or_omega_fails_closed
5	PASS [   0.429s] ( 44/594) ken-elaborator elab::omega_index_refinement_tests::checked_index_refined_variable_selects_both_expected_views
5	PASS [   0.009s] ( 45/594) ken-elaborator elab::omega_index_refinement_tests::direct_omega_transport_builds_the_ruled_j_motive_exactly
5	PASS [   0.434s] ( 46/594) ken-elaborator elab::result_transport_control_flow_tests::active_premise_frame_authority_fails_closed
5	PASS [   0.432s] ( 47/594) ken-elaborator elab::result_transport_control_flow_tests::active_premise_view_relocates_context_entries_and_inferred_outputs
5	PASS [   0.008s] ( 48/594) ken-elaborator erasure::d1b_role_b_decoder_alignment::every_role_decodes_into_the_field_it_was_encoded_from
5	PASS [   0.008s] ( 49/594) ken-elaborator erasure::selected_host_binder_depth_tests::selected_host_leaf_free_var_resolves_through_actual_match_and_let_environments
5	PASS [   0.007s] ( 50/594) ken-elaborator export::resource_lifetime_hash_tests::buffer_use_without_acquire_is_a_named_pre_export_error
5	PASS [   0.008s] ( 51/594) ken-elaborator layout::tests::formats_blocks_with_two_space_relative_nesting
5	PASS [   0.007s] ( 52/594) ken-elaborator lossless::tests::partition_rejects_gap_and_overlap
5	PASS [   0.007s] ( 53/594) ken-elaborator modules::namespace_effect_tests::ambient_local_import_of_distinct_identity_refuses_with_honest_sources
5	PASS [   0.432s] ( 54/594) ken-elaborator modules::namespace_effect_tests::checked_class_and_record_owners_survive_same_spelling_occupancy
5	PASS [   0.431s] ( 55/594) ken-elaborator modules::namespace_effect_tests::class_field_cannot_borrow_the_other_same_name_provider
5	PASS [   0.425s] ( 56/594) ken-elaborator modules::namespace_effect_tests::file_import_retains_checked_type_identity_across_same_name_memory_owner
5	PASS [   0.429s] ( 57/594) ken-elaborator modules::namespace_effect_tests::file_reexports_preserve_provider_id_through_facade_and_in_scope
5	PASS [   0.839s] ( 58/594) ken-elaborator modules::namespace_effect_tests::file_unit_refuses_external_inline_grandchild_cold_and_preloaded
5	PASS [   0.842s] ( 59/594) ken-elaborator modules::namespace_effect_tests::file_unit_root_import_requires_its_own_inline_declaration
5	PASS [   0.427s] ( 60/594) ken-elaborator modules::namespace_effect_tests::forward_local_export_cannot_authorize_unavailable_self_facade
5	PASS [   0.427s] ( 61/594) ken-elaborator modules::namespace_effect_tests::generated_instance_same_checked_identity_reimport_is_idempotent
5	PASS [   0.428s] ( 62/594) ken-elaborator modules::namespace_effect_tests::in_memory_import_preserves_its_own_inline_grandchild
5	PASS [   0.836s] ( 63/594) ken-elaborator modules::namespace_effect_tests::inline_sibling_does_not_inherit_owner_declaration_access
5	PASS [   0.436s] ( 64/594) ken-elaborator modules::namespace_effect_tests::inline_sibling_import_requires_prior_declaration
5	PASS [   1.283s] ( 65/594) ken-elaborator modules::namespace_effect_tests::selective_or_loaded_owner_does_not_grant_inline_child_access
5	PASS [   0.009s] ( 66/594) ken-elaborator parser::atom_form_closure::every_literal_token_carries_its_declared_payload_in_both_positions
5	PASS [   0.007s] ( 67/594) ken-elaborator parser::atom_form_closure::every_pattern_form_is_reachable_through_at
5	PASS [   0.427s] ( 68/594) ken-elaborator r_layer_tests::acceptance::apply_elaborates_checks
5	PASS [   0.008s] ( 69/594) ken-elaborator r_layer_tests::acceptance::shadow_resolver_emits_outer_index
5	PASS [   0.429s] ( 70/594) ken-elaborator r_layer_tests::acceptance::under_applied_lambda_rejected
5	PASS [   0.427s] ( 71/594) ken-elaborator r_layer_tests::acceptance::wrong_return_app_rejected
5	PASS [  48.193s] ( 72/594) ken-cli::rt_selected_pending_call_admission owner_scoped_false_ordinary_answer_restores_join_refusal
5	PASS [   6.600s] ( 73/594) ken-elaborator r_layer_tests::cat_bool_pub_export::primitive_class_owner_instances_are_canonical_across_isolated_consumers
5	PASS [   6.026s] ( 74/594) ken-elaborator r_layer_tests::cat_effectful_classes_import::effectful_classes_local_dictionary_inventory_is_exact
5	PASS [ 108.501s] ( 75/594) ken-cli::rt_mapping_multiop_dispatch repeated_fs_metadata_effects_match_the_interpreter
5	PASS [   6.070s] ( 76/594) ken-elaborator r_layer_tests::cat_effectful_classes_pub_export::effectful_classes_publication_adds_zero_trust
5	PASS [   1.789s] ( 77/594) ken-elaborator r_layer_tests::cat_ord_nat_canonical_owner::registry_has_one_lawful_classes_owned_ord_nat_dictionary
5	PASS [   6.415s] ( 78/594) ken-elaborator r_layer_tests::cat_ord_nat_canonical_owner::pair_floor_advances_the_structural_compare_boundary
5	PASS [   1.853s] ( 79/594) ken-elaborator r_layer_tests::cat_order_pub_export::order_facade_does_not_mint_a_totality_bridge
5	PASS [   0.029s] ( 80/594) ken-elaborator r_layer_tests::cat_tier_e_schema_import::schema_selective_import_ledger_is_exact
5	PASS [   0.906s] ( 81/594) ken-elaborator r_layer_tests::cat_tier_d_process_environment_import::process_environment_loader_visible_surface_is_exact_and_usable
5	PASS [   0.009s] ( 82/594) ken-elaborator r_layer_tests::ds1_empty_dec_acceptance::ac1_dec_admits_and_elim_dec_large_eliminates_into_type0
5	PASS [   0.455s] ( 83/594) ken-elaborator r_layer_tests::ds1_empty_dec_acceptance::ac3_trusted_base_delta_is_ordinary_inductive_admission_only
5	PASS [   0.008s] ( 84/594) ken-elaborator r_layer_tests::effects::cap_op_without_token_rejected
5	PASS [   0.008s] ( 85/594) ken-elaborator r_layer_tests::effects::eff_overdeclared_upper_bound_accepted
5	PASS [   0.432s] ( 86/594) ken-elaborator r_layer_tests::effects::existing_surface_invariants_still_green
5	PASS [   0.008s] ( 87/594) ken-elaborator r_layer_tests::effects::handler_multishot_rejected
5	PASS [   0.007s] ( 88/594) ken-elaborator r_layer_tests::effects::handler_tail_resumptive_folds
5	PASS [   0.007s] ( 89/594) ken-elaborator r_layer_tests::effects::itree_ret_is_pure
5	PASS [   0.009s] ( 90/594) ken-elaborator r_layer_tests::effects::row_poly_pure_caller_is_pure
5	PASS [   0.911s] ( 91/594) ken-elaborator r_layer_tests::kenfmt_b3_layout::ac4_old_atom_boundary_parentheses_preserve_meaning
5	PASS [   0.009s] ( 92/594) ken-elaborator r_layer_tests::kenfmt_b3_layout::ac5_interstitial_comment_forces_the_application_group
5	PASS [   0.019s] ( 93/594) ken-elaborator r_layer_tests::kenfmt_b3_layout::ac6_reachable_fmt9_fences_remain_parse_preserved_after_horizontal_supersession
5	PASS [   3.235s] ( 94/594) ken-elaborator r_layer_tests::cc6b_path_posix_acceptance::ordered_dependency_closure_elaborates_path_package
5	PASS [   0.008s] ( 95/594) ken-elaborator r_layer_tests::kenfmt_b4_splicing::ac1_extractor_exposes_all_four_roles_and_marker_spans_additively
5	PASS [   4.544s] ( 96/594) ken-elaborator r_layer_tests::cat_tier_d_decoder_import::decoder_preservation_laws_elaborate_for_parsing_source_and_span_client
5	PASS [   0.426s] ( 97/594) ken-elaborator r_layer_tests::lang_mod_catalog_evidence_frontier::compiler_internal_base_support_is_an_exact_allowed_inventory
5	PASS [   0.008s] ( 98/594) ken-elaborator r_layer_tests::lang_mod_catalog_evidence_frontier::global_ledger_collector_reaches_every_decl_variant_and_inductive_field
5	PASS [   0.008s] ( 99/594) ken-elaborator r_layer_tests::lang_structural_result_elab::unbound_operand_remains_unbound_name
5	PASS [   1.702s] (100/594) ken-elaborator r_layer_tests::let4_multi_binding::ac4_strict_evaluation_and_effectful_lowering_keep_source_order
5	PASS [   0.442s] (101/594) ken-elaborator r_layer_tests::n4_program_admits::single_source_package_self_admits_without_program
5	PASS [   0.875s] (102/594) ken-elaborator r_layer_tests::n4_program_admits::unadmitted_direct_dispatch_rejects_after_selection_and_one_line_admit_flips
5	PASS [   0.440s] (103/594) ken-elaborator seal2_tests::producer_closure::a_source_visible_producer_is_rejected_by_the_upstream_inventory
5	PASS [   0.008s] (104/594) ken-elaborator seal2_tests::producer_closure::certificate_flags_a_concrete_instance_of_a_generic_class
5	PASS [   0.008s] (105/594) ken-elaborator seal2_tests::producer_closure::certificate_flags_an_unannotated_producer_via_its_carrier_parameter
5	PASS [   0.453s] (106/594) ken-elaborator seal2_tests::producer_closure::closed_oracle_reaches_the_class_field_namespace
5	PASS [   0.436s] (107/594) ken-elaborator::abi_s3_deadline_shape abi_s3_the_deadline_type_carries_exactly_its_reading_and_no_cancellation_field
5	PASS [  48.762s] (108/594) ken-cli::rt_selected_pending_call_admission selected_pending_call_admits_validated_owner_without_a_package
5	PASS [  43.713s] (109/594) ken-elaborator::b1_acceptance generators_carry_support_not_measure
5	PASS [  40.118s] (110/594) ken-elaborator::b1_exact_denotation_alphabet declared_headroom_cannot_manufacture_a_metadata_perform_or_plan_point
5	PASS [   0.007s] (111/594) ken-elaborator::b2_acceptance leadsto_elaborates_to_box_of_or_diamond
5	PASS [   0.007s] (112/594) ken-elaborator::bare_proof_selector_atom a_declaration_beginning_with_proof_terminates_the_previous_declarations_body
5	PASS [   4.805s] (113/594) ken-elaborator::bytes_primitive_contracts four_late_contracts_and_fresh_ascii_client_check
5	PASS [   0.461s] (114/594) ken-elaborator::case_eq_dependent_match_sugar reverted_hypothesis_shape_elaborates_with_a_real_byte_reduction
5	PASS [   2.917s] (115/594) ken-elaborator::cat3_collections_package cat3_d2_bool_sort_surfaces_check_against_real_package_defs
5	PASS [  85.425s] (116/594) ken-elaborator::b1_acceptance same_program_same_export_hash
5	PASS [   2.784s] (117/594) ken-elaborator::cat3_collections_package cat3_d3_wrong_lens_endpoint_rejected
5	PASS [   4.735s] (118/594) ken-elaborator::cat5_parsing_package cat5_d1_start_after_end_rejected
5	PASS [   4.449s] (119/594) ken-elaborator::cat5_parsing_package cat5_d2_failure_with_wrong_source_rejected_by_law
5	PASS [   3.782s] (120/594) ken-elaborator::cat5_parsing_package derived_fixture_retains_lawfulclasses_for_cat5_dependency_closure
5	PASS [   5.762s] (121/594) ken-elaborator::cat5_parsing_package cat5_d3_bool_parser_printer_formatter_roundtrip_on_source_bytes
5	PASS [   2.285s] (122/594) ken-elaborator::cat_bsearch_acceptance entry_loads_through_declared_import_and_uses_canonical_order_provider
5	PASS [   2.623s] (123/594) ken-elaborator::cat_concat_map_append_law concat_map_append_has_the_exact_raw_checked_proposition
5	PASS [   2.838s] (124/594) ken-elaborator::cat_derived_filter_membership_law compatibility_premise_distinguishes_true_and_false_instances
5	PASS [   0.529s] (125/594) ken-elaborator::cat_vec_acceptance roots_loader_registers_the_indexed_public_surface
5	PASS [   0.533s] (126/594) ken-elaborator::cat_vector_closeout vec_map_identity_raw_checked_proposition_is_not_reflexive_filler
5	PASS [   3.844s] (127/594) ken-elaborator::cat_vector_closeout vector_imports_exact_checked_providers_and_publishes_nothing
5	PASS [  11.559s] (128/594) ken-elaborator::cat_deque_closeout all_deque_provider_imports_are_individually_load_bearing
5	PASS [   3.181s] (129/594) ken-elaborator::cc1_nonempty_validation_acceptance nonempty_loader_visible_inventory_is_exact
5	PASS [   1.674s] (130/594) ken-elaborator::cc2_text_codec_numeric_acceptance bijection_prerequisite_is_the_single_separately_homed_assumption
5	PASS [   6.646s] (131/594) ken-elaborator::cc1_nonempty_validation_acceptance validation_ap_distinct_nonempty_nat_errors_keep_both_heads_in_order
5	PASS [   0.468s] (132/594) ken-elaborator::conversions_acceptance ac3_explicit_conversion_accepts_as_option
5	PASS [   0.463s] (133/594) ken-elaborator::conversions_acceptance ac3_no_implicit_cross_type_coercion_rejects
5	PASS [   1.854s] (134/594) ken-elaborator::conversions_acceptance ac5_neg_intn_degrades_on_min_every_signed_width
5	PASS [   2.161s] (135/594) ken-elaborator::conversions_acceptance neg_uintn_out_of_scope_unregistered
5	PASS [   0.458s] (136/594) ken-elaborator::coproduct_effect_signature_acceptance coproduct_is_the_live_two_param_effect_signature_type
5	PASS [   0.007s] (137/594) ken-elaborator::decimal_char_acceptance char_deceq_pin1_structural_encoding
5	PASS [   0.487s] (138/594) ken-elaborator::decimal_char_acceptance decimal_eq_distinct_flips_vs_false_true
5	PASS [   0.683s] (139/594) ken-elaborator::dependent_match_coherent_frame_acceptance cross_structure_coupled_nested_elaborates
5	PASS [   0.457s] (140/594) ken-elaborator::dependent_match_coherent_frame_acceptance direct_same_context_control_stays_elaborable
5	PASS [   0.431s] (141/594) ken-elaborator::dependent_match_context_telescope_acceptance dependent_let_convoy_member_positive
5	PASS [   0.420s] (142/594) ken-elaborator::dependent_match_declared_index_plain_acceptance constant_motive_stays_green
5	PASS [   0.423s] (143/594) ken-elaborator::dependent_match_declared_index_plain_acceptance coupled_successor_motive_elaborates_and_wrong_index_rejects
5	PASS [   0.425s] (144/594) ken-elaborator::dependent_match_nonnullary_acceptance ac2b_tree_dual_recursive_descent_passes_sct
5	PASS [   0.420s] (145/594) ken-elaborator::dependent_match_nonnullary_pre_scrutinee_context goal_closing_over_pre_scrutinee_type_param_narrows_correctly
5	PASS [   0.006s] (146/594) ken-elaborator::dotted_module_path_parser undotted_forms_still_parse
5	PASS [  12.970s] (147/594) ken-elaborator::cc4_diagnostic_core_acceptance checked_cc4_chain_has_zero_trusted_base_delta
5	PASS [   0.521s] (148/594) ken-elaborator::ds5b_dependent_match_refinement_acceptance intervening_let_fresh_binder_inherits_branch_index_refinement
5	PASS [   2.583s] (149/594) ken-elaborator::ds4_list_combinators_acceptance ac8_non_involutive_witness_rejected_for_reverse_involutive
5	PASS [   0.427s] (150/594) ken-elaborator::ds5b_dependent_match_refinement_acceptance trusted_base_delta_is_empty_across_all_three_capabilities
5	PASS [   2.775s] (151/594) ken-elaborator::ds5b_dependent_match_refinement_acceptance real_fok_recursive_omega_consumer_uses_all_three_child_paths
5	PASS [   0.450s] (152/594) ken-elaborator::ds6c_intlit_elaborator_emission refl_still_accepted_on_a_genuinely_abstract_eq_shaped_goal
5	PASS [   0.012s] (153/594) ken-elaborator::ds7_applicative_monad_acceptance ac5_no_second_itree_bind_minted
5	PASS [   2.853s] (154/594) ken-elaborator::ds6a_int_deceq_acceptance unregistered_primitive_equality_stays_neutral
5	PASS [   0.422s] (155/594) ken-elaborator::ds8b_pure_into_proc_widening ac8_negative_effectful_witness_still_rejected_for_const_field
5	PASS [   0.424s] (156/594) ken-elaborator::ds8b_pure_into_proc_widening non_regression_malformed_proc_field_marker_still_rejected_at_class_decl
5	PASS [   4.235s] (157/594) ken-elaborator::ds9_json_codec_acceptance json_roots_loads_from_only_its_declared_imports
5	PASS [   0.631s] (158/594) ken-elaborator::effect_composition_resp_coproduct_acceptance resp_coproduct_inl_reduces_to_rg_applied_to_payload
5	PASS [   9.132s] (159/594) ken-elaborator::ds7_applicative_monad_acceptance derived_concat_map_import_identity_and_concrete_vector_are_pinned
5	PASS [   0.697s] (160/594) ken-elaborator::es2_acceptance bool_is_a_real_inductive
5	PASS [   0.686s] (161/594) ken-elaborator::es2_acceptance issorted_and_perm_applications_reduce_past_their_own_head
5	PASS [   3.088s] (162/594) ken-elaborator::either_catalog_package_acceptance ac8_mapleft_leaves_right_untouched
5	PASS [   0.419s] (163/594) ken-elaborator::es3_modules_acceptance three_import_forms_resolve_to_one_binding
5	PASS [   0.672s] (164/594) ken-elaborator::es2_acceptance match_on_comparison_result_elaborates
5	PASS [   0.474s] (165/594) ken-elaborator::explicit_data_elaboration concrete_non_empty_vector_index_omits_empty_constructor
5	PASS [   0.471s] (166/594) ken-elaborator::explicit_data_elaboration non_indexed_explicit_family_elaborates_and_constructor_is_usable
5	PASS [   0.481s] (167/594) ken-elaborator::explicit_data_elaboration same_level_universe_constructor_rejects_before_decoder_can_form
5	PASS [   0.459s] (168/594) ken-elaborator::explicit_data_elaboration type_possible_arity_one_constructor_witness_is_the_applied_pattern
5	PASS [   0.007s] (169/594) ken-elaborator::explicit_data_parser explicit_family_rejects_bare_head_parameters
5	PASS [   0.006s] (170/594) ken-elaborator::explicit_data_parser legacy_data_form_stays_simple_and_rejects_explicit_signatures
5	PASS [   0.461s] (171/594) ken-elaborator::fr1_zero_ctor_data_acceptance explicit_family_zero_ctor_data_elaborates_and_eliminates
5	PASS [   0.462s] (172/594) ken-elaborator::fr1_zero_ctor_data_acceptance legacy_zero_ctor_data_elaborates_and_eliminates
5	PASS [   3.057s] (173/594) ken-elaborator::es4_classes_acceptance eq_and_deceq_int_instances_are_the_ds6a_certificate_posture
5	PASS [   0.472s] (174/594) ken-elaborator::fr2_absurd_collision_hygiene legacy_data_ctor_named_refl_is_a_hard_error
5	PASS [   0.491s] (175/594) ken-elaborator::generated_index_evidence_closure generated_record_index_reflexivity_closes_top_first_child
5	PASS [   0.469s] (176/594) ken-elaborator::k3_literal_char_view checked_char_literal_and_view_head_reduce_via_derived_char_to_int
5	PASS [   0.007s] (177/594) ken-elaborator::ken_md_literate token_spans_keep_original_markdown_offsets
5	PASS [   0.007s] (178/594) ken-elaborator::ken_md_literate token_stream_matches_supported_fence_contents
5	PASS [   0.008s] (179/594) ken-elaborator::kenfmt_signature_layout layout_changes_only_whitespace_and_token_spelling_by_existing_token_kind
5	PASS [   0.476s] (180/594) ken-elaborator::ken_md_literate ken_reject_with_invalid_body_check_passes
5	PASS [   0.466s] (181/594) ken-elaborator::kernel_conv_congruence_closure quotient_congruence_is_reached_by_checked_ken_source
5	PASS [   0.479s] (182/594) ken-elaborator::kernel_conv_congruence_closure quotient_elim_congruence_is_reached_by_checked_ken_source
5	PASS [   0.485s] (183/594) ken-elaborator::km_literal_trust_accounting foreign_axiom_and_open_obligation_trust_entries_still_count
5	PASS [   0.475s] (184/594) ken-elaborator::l2_acceptance ac7_plain_carrier_no_obligation
5	PASS [   0.470s] (185/594) ken-elaborator::l2_acceptance ac7_refinement_intro_emits_obligation
5	PASS [   0.518s] (186/594) ken-elaborator::l2_acceptance ac8_direct_lookup_member_reflection_helper_elaborates
5	PASS [   0.472s] (187/594) ken-elaborator::l2_acceptance ac8_wrong_specialized_branch_still_rejects
5	PASS [   0.471s] (188/594) ken-elaborator::l2_acceptance data_two_arg_ctor_match_accepted
5	PASS [   3.079s] (189/594) ken-elaborator::l3_strings_surface_acceptance string_compare_3way_lexicographic_triple
5	PASS [   2.922s] (190/594) ken-elaborator::l3a_acceptance functor_law_emits_obligation_cross_decl_resolves
5	PASS [   0.443s] (191/594) ken-elaborator::l3a_recursive_view_smoke recursive_view_self_ref_resolves_and_sct_accepts
5	PASS [   0.456s] (192/594) ken-elaborator::l3b_acceptance user_deceq_keyed_map_canonical_identity
5	PASS [   0.888s] (193/594) ken-elaborator::l4_export_reexport abstract_reexport_preserves_hidden_constructor_boundary
5	PASS [   1.536s] (194/594) ken-elaborator::l4_export_reexport facade_publishes_without_binding_while_in_scope_export_republishes_binding
5	PASS [   1.393s] (195/594) ken-elaborator::l4_export_reexport roots_loader_prop_intro_follows_only_imported_family_paths
5	PASS [   0.008s] (196/594) ken-elaborator::l6_acceptance bytes_prim_reduces_over_literals
5	PASS [   0.914s] (197/594) ken-elaborator::l4_export_reexport unresolved_sources_fail_closed_at_the_export_site
5	PASS [   0.436s] (198/594) ken-elaborator::l6_acceptance decode_encode_roundtrip_provable
5	PASS [   0.463s] (199/594) ken-elaborator::l7_acceptance foreign_world_action_needs_row_and_capability
5	PASS [   0.430s] (200/594) ken-elaborator::l7_acceptance unprovable_foreign_ensures_emits_runtime_check
5	PASS [   0.467s] (201/594) ken-elaborator::l_match_ih_fix_acceptance ac4_three_recursive_fields_also_elaborates
5	PASS [   0.434s] (202/594) ken-elaborator::l_resolver_globals ac2_local_let_binding_shadows_global
5	PASS [   0.008s] (203/594) ken-elaborator::lang_application_atom_if_rejection argument_position_predicate_admits_only_the_forbidden_shape
5	PASS [   0.007s] (204/594) ken-elaborator::lang_atom_start_classification_closure ac2_the_enclosed_form_is_withheld_and_at_two_arguments_it_re_associates
5	PASS [   0.007s] (205/594) ken-elaborator::lang_atom_start_classification_closure ac3_if_is_still_refused_as_an_argument_and_still_admitted_as_a_head
5	PASS [   0.468s] (206/594) ken-elaborator::lang_application_atom_if_rejection ac_inline_ken_census_reaches_rust_test_sources
5	PASS [   0.007s] (207/594) ken-elaborator::lang_bare_operator_atom_rejection ac_baseline_unrelated_sources_are_unaffected
5	PASS [   0.431s] (208/594) ken-elaborator::lang_atom_start_classification_closure ac6_the_as_alias_exclusion_governs_the_pattern_position
5	PASS [   0.006s] (209/594) ken-elaborator::lang_foreign_name_format_chars formatter_split_keeps_non_literal_occurrences_as_typed_errors
5	PASS [   0.006s] (210/594) ken-elaborator::lang_foreign_name_format_chars literate_recovery_auto_fixes_literal_payloads_and_keeps_canonicalization
5	PASS [   0.006s] (211/594) ken-elaborator::lang_foreign_name_format_chars raw_bidi_override_rejects_in_every_required_source_context
5	PASS [   0.006s] (212/594) ken-elaborator::lang_foreign_name_format_chars raw_character_and_byte_literal_bodies_use_the_whole_source_guard
5	PASS [   0.007s] (213/594) ken-elaborator::lang_foreign_name_format_chars reject_recovery_composes_suffix_rewrite_and_document_coordinates
5	PASS [   0.436s] (214/594) ken-elaborator::lang_instance_registry_identity_key rebound_declaration_entry_refuses_the_old_dictionary_identity
5	PASS [   0.865s] (215/594) ken-elaborator::lang_match_guards fully_guarded_sum_is_incomplete_and_unguarded_fallbacks_close_it
5	PASS [   1.782s] (216/594) ken-elaborator::lang_facade_export_load_order available_inline_facade_selects_its_checked_id_in_every_entry_order
5	PASS [   0.438s] (217/594) ken-elaborator::lang_match_guards guard_must_be_bool_and_does_not_refine_its_truth
5	PASS [   0.008s] (218/594) ken-elaborator::lang_match_guards guarded_arm_round_trips_and_owns_guard_trivia_losslessly
5	PASS [   0.450s] (219/594) ken-elaborator::lang_match_literal_patterns literals_compose_with_as_or_tuple_record_and_guard_slices
5	PASS [   0.927s] (220/594) ken-elaborator::lang_match_guards guard_presence_flips_constructor_coverage
5	PASS [   0.431s] (221/594) ken-elaborator::lang_match_or_pattern anonymous_alternatives_do_not_shift_outer_variables
5	PASS [   0.440s] (222/594) ken-elaborator::lang_match_record_pattern module_rewriting_recurses_through_record_field_patterns
5	PASS [   1.662s] (223/594) ken-elaborator::lang_mod_catalog_completeness lawful_local_pair_proofs_do_not_extend_the_derived_subject_namespace
5	PASS [   1.264s] (224/594) ken-elaborator::lang_mod_catalog_realization distinct_import_identities_with_one_spelling_still_collide
5	PASS [   4.458s] (225/594) ken-elaborator::lang_mod_nat_floor_realization strict_roots_accept_original_ten_canonical_families_and_constructors
5	PASS [   0.547s] (226/594) ken-elaborator::lang_mod_pair_floor_realization closed_floor_accepts_pair_but_arbitrary_globals_and_prod_do_not
5	PASS [   0.458s] (227/594) ken-elaborator::lang_mod_strict_resolution_d0 closed_floor_and_kernel_vocabulary_are_buildable_from_roots
5	PASS [   1.816s] (228/594) ken-elaborator::lang_mod_strict_resolution_d0 every_ambient_name_representation_reaches_its_current_route
5	PASS [   0.901s] (229/594) ken-elaborator::lang_mod_strict_resolution_d0 root_and_legacy_are_distinct_entries_with_ambient_passthrough_still_live
5	PASS [   0.010s] (230/594) ken-elaborator::lang_old_operand_start_admission bare_head_only_operands_reject_locally_and_grouped_forms_parse
5	PASS [   0.907s] (231/594) ken-elaborator::lang_prelude_floor_fifteen strict_five_proposition_members_resolve_canonically_and_and_does_not
5	PASS [   0.457s] (232/594) ken-elaborator::lang_qualified_constructor_privacy buffer_capacity_decl
5	PASS [   0.471s] (233/594) ken-elaborator::lang_qualified_constructor_privacy forge_mapping_file
5	PASS [  14.773s] (234/594) ken-elaborator::lang_membership_operator_surface overlap_and_unadmitted_provider_are_ordinary_instance_errors
5	PASS [   0.484s] (235/594) ken-elaborator::lang_qualified_constructors module_and_type_constructor_conflict_in_type_argument
5	PASS [   0.462s] (236/594) ken-elaborator::lang_qualified_constructors scoped_member_spellings_are_available_to_user_declarations
5	PASS [   0.839s] (237/594) ken-elaborator::lang_qualified_constructors strict_roots_type_constructor_selection_keeps_public_and_private_faces
5	PASS [   0.838s] (238/594) ken-elaborator::lang_reserved_infix_names formatter_canonicalizes_alias_tokens_and_protects_comments_and_literals
5	PASS [   6.509s] (239/594) ken-elaborator::lang_qualified_constructor_privacy hidden_and_nonexistent_leaves_have_the_same_failure_class
5	PASS [   2.754s] (240/594) ken-elaborator::lang_reserved_infix_names rename_and_reexport_may_target_a_reserved_global_name
5	PASS [   1.022s] (241/594) ken-elaborator::lang_roots_loader_local_instance_dict_scope later_inline_class_import_refuses_an_external_file_provider
5	PASS [   0.475s] (242/594) ken-elaborator::lang_roots_loader_local_instance_dict_scope strict_same_unit_instance_and_derive_names_select_the_synthesized_canonicals
5	PASS [   0.424s] (243/594) ken-elaborator::lang_standard_infix_call_completion a_facade_glyph_rename_republishes_the_defining_globalid
5	PASS [   2.653s] (244/594) ken-elaborator::lang_reserved_infix_names reserved_fixities_keep_left_right_and_nonassociative_behavior
5	PASS [   0.008s] (245/594) ken-elaborator::lang_surface_block_comments ac3_doc_comment_attaches_to_following_declaration_discriminatingly
5	PASS [   0.007s] (246/594) ken-elaborator::lang_surface_block_comments ac7_formatter_round_trips_a_block_comment
5	PASS [   0.480s] (247/594) ken-elaborator::lang_standard_infix_call_completion ac9_a_role_bound_to_a_wrong_shaped_binding_is_refused_naming_the_role
5	PASS [   0.008s] (248/594) ken-elaborator::lang_truncation_surface_syntax ac5_truncation_head_bare_argument_and_grouped_argument_all_parse
5	PASS [   0.007s] (249/594) ken-elaborator::lang_truncation_surface_syntax ac6_unicode_truncbar_source_is_a_canonicalization_fixed_point
5	PASS [   0.485s] (250/594) ken-elaborator::lang_symbolic_operator_names fixed_star_still_elaborates_as_multiplication
5	PASS [   0.467s] (251/594) ken-elaborator::lang_truncation_surface_syntax d1_ascii_formation_elaborates_and_kernel_checks
5	PASS [   0.929s] (252/594) ken-elaborator::lang_truncation_surface_syntax d1_annotation_trunc_as_declaration_return_type_elaborates
5	PASS [   0.469s] (253/594) ken-elaborator::lang_truncation_surface_syntax d2_trunc_intro_against_a_non_trunc_goal_names_its_remedy
5	PASS [   0.472s] (254/594) ken-elaborator::lang_truncation_surface_syntax d2_trunc_intro_in_infer_position_names_its_remedy
5	PASS [   0.475s] (255/594) ken-elaborator::lang_truncation_surface_syntax d2_trunc_intro_is_reserved_sugar_declaring_it_is_a_hard_error
5	PASS [   0.462s] (256/594) ken-elaborator::lang_type_projection_surface_form ac2_positive_control_the_same_shape_accepts_a_valid_projection
5	PASS [   1.852s] (257/594) ken-elaborator::lang_type_projection_surface_form ac1_a_lowercase_field_reaches_the_same_positions
5	PASS [   0.479s] (258/594) ken-elaborator::let5_checking_mode_let singleton_let_preserves_checked_introduction_goal
5	PASS [   0.008s] (259/594) ken-elaborator::literal_escapes_lexer_unit wrong_kind_well_shaped_escape_spans_the_complete_escape
5	PASS [   2.733s] (260/594) ken-elaborator::lang_type_projection_surface_form the_two_projection_grammars_are_not_subsets_of_each_other
5	PASS [  11.477s] (261/594) ken-elaborator::map_build_acceptance cat4_delete_dropkey_filters_all_equivalent_keys
5	PASS [  12.380s] (262/594) ken-elaborator::map_build_acceptance cat4_keys_values_are_aligned_tolist_projections
5	PASS [  11.580s] (263/594) ken-elaborator::map_build_acceptance cat_bool_reuse_d2_resolves_exact_is_some_provider_without_equivalent_local
5	PASS [  15.628s] (264/594) ken-elaborator::map_build_acceptance cat_bool_reuse_d2_import_withdrawal_and_wrong_name_fail_at_is_some
5	PASS [  11.806s] (265/594) ken-elaborator::map_build_acceptance cat_rel_reachable_plus_has_exact_public_predicate
5	PASS [  11.251s] (266/594) ken-elaborator::map_build_acceptance cat_rel_seed_non_root_successor_path_executes
5	PASS [ 240.651s] (267/594) ken-elaborator r_layer_tests::kenfmt_b3_layout::ac7_whole_catalog_is_parse_preserved_idempotent_and_width_bounded
5	PASS [   0.458s] (268/594) ken-elaborator::mutual_recursion_surface_acceptance single_recursion_still_works_unaffected_by_the_grouping_pass
5	PASS [   0.459s] (269/594) ken-elaborator::n1_duplicate_definition class_and_constructor_share_the_duplicate_definition_funnel
5	PASS [   0.909s] (270/594) ken-elaborator::n3_import_exclusion deselection_and_rename_resolve_the_clash_with_distinct_identities
5	PASS [   0.557s] (271/594) ken-elaborator::nat_arithmetic_laws_acceptance all_laws_kernel_check_before_literate_examples
5	PASS [   0.008s] (272/594) ken-elaborator::nc13_core_expression_lowering implicit_lexical_capture_rejects_loudly
5	PASS [   0.007s] (273/594) ken-elaborator::nc13_core_expression_lowering mutual_direct_call_cycle_rejects_loudly
5	PASS [   0.007s] (274/594) ken-elaborator::nc13_core_expression_lowering unbound_variable_rejects_before_runtime_program_success
5	PASS [   1.364s] (275/594) ken-elaborator::nc14_data_match_lowering checked_ih_abi_and_match_refusal_site_are_discriminated_before_authority
5	PASS [  11.796s] (276/594) ken-elaborator::map_build_acceptance tolist_ascending_by_key_on_hand_built_tree
5	PASS [   0.010s] (277/594) ken-elaborator::nc14_data_match_lowering impossible_branch_misuse_rejects_before_runtime_program_success
5	PASS [   1.141s] (278/594) ken-elaborator::nc14_data_match_lowering d5_native_scalar_merge_admits_checked_structural_nat
5	PASS [  11.429s] (279/594) ken-elaborator::map_build_acceptance tolist_ascending_via_real_insert
5	PASS [   0.790s] (280/594) ken-elaborator::nc14_data_match_lowering peano_shaped_user_data_remains_an_exact_constructor
5	PASS [   0.012s] (281/594) ken-elaborator::nc18_effects_foreign_boundary_ir foreign_boundary_facts_survive_without_becoming_ffi_execution
5	PASS [   0.010s] (282/594) ken-elaborator::nc18_effects_foreign_boundary_ir pure_program_report_keeps_starter_subset_ready
5	PASS [   0.010s] (283/594) ken-elaborator::nc18_effects_foreign_boundary_ir transparent_effect_body_blocks_supported_runtime_and_native_ready_report
5	PASS [   0.011s] (284/594) ken-elaborator::nc5_erasure_runtime_ir proof_erasure_boundary_witness_report_rejects_witness_program_mismatch
5	PASS [   1.783s] (285/594) ken-elaborator::nc14_data_match_lowering nested_recursive_bag_dropped_join_fold_reaches_nat_one
5	PASS [   0.474s] (286/594) ken-elaborator::purity_keywords surf1_d2_const_and_fn_accept_by_value_arity
5	PASS [   1.122s] (287/594) ken-elaborator::nc14_data_match_lowering result_match_payload_binding_lowers_and_matches_interpreter
5	PASS [   0.468s] (288/594) ken-elaborator::purity_keywords surf1_d2_proc_empty_row_must_earn_impurity
5	PASS [   0.007s] (289/594) ken-elaborator::px8f_buffer_io_surface positioned_operations_keep_the_landed_wire_identities
5	PASS [   0.469s] (290/594) ken-elaborator::purity_keywords view_is_an_ordinary_free_identifier
5	PASS [   0.477s] (291/594) ken-elaborator::px3_abi_scalars ac2_types_are_distinct_nominal_opaque_primitives
5	PASS [   0.479s] (292/594) ken-elaborator::record_decl_form shared_field_labels_keep_class_and_record_owners_distinct
5	PASS [   0.477s] (293/594) ken-elaborator::record_literal dependent_field_values_use_prior_literal_fields
5	PASS [   0.008s] (294/594) ken-elaborator::sec1_acceptance progress_sensitive_divergence_is_a_leak
5	PASS [   0.006s] (295/594) ken-elaborator::sec1ct_acceptance ct_in_parameter_promise_checked_emits_q
5	PASS [   0.006s] (296/594) ken-elaborator::sec1ct_acceptance ct_value_into_var_time_primitive_rejected
5	PASS [   0.007s] (297/594) ken-elaborator::sec1ct_acceptance ct_value_steers_memory_index_rejected
5	PASS [   0.008s] (298/594) ken-elaborator::sec2_acceptance capabilities_cross_case_sweep
5	PASS [   0.007s] (299/594) ken-elaborator::sec2_acceptance world_action_without_capability_rejected
5	PASS [   0.452s] (300/594) ken-elaborator::sct_reconstruction_descent shape_b_ackermann_accepts_and_evaluates_correctly
5	PASS [   1.123s] (301/594) ken-elaborator::r3_c1_source_arrival c1_source_nested_result_reaches_runtime_ir_under_executable_selection
5	PASS [   0.021s] (302/594) ken-elaborator::state_effect_build_acceptance full_state_prelude_declares_and_typechecks
5	PASS [   0.438s] (303/594) ken-elaborator::sec4_acceptance discharged_elaborated_hole_empties_trusted_base_delta
5	PASS [   0.469s] (304/594) ken-elaborator::surface_arrow_in_expr_acceptance arrow_returned_from_view_body_is_a_real_pi
5	PASS [   0.718s] (305/594) ken-elaborator::sub1_bytes_structural_view ac4_roundtrip_propositions_are_usable_but_not_refl_reductions
5	PASS [   0.462s] (306/594) ken-elaborator::surface_named_proof_claims attached_proof_can_depend_on_same_subject_attached_proof
5	PASS [   0.475s] (307/594) ken-elaborator::surface_named_proof_claims non_proof_theorem_result_is_rejected
5	PASS [   0.453s] (308/594) ken-elaborator::surface_named_proof_claims prop_constructor_shape_outside_seed_subset_rejects
5	PASS [   0.007s] (309/594) ken-elaborator::surface_unicode surf_ident_tr39_shape_b_names_the_ascii_only_identifier_rule
5	PASS [   0.007s] (310/594) ken-elaborator::t1_acceptance decomposition_and_slice_kinds_round_trip
5	PASS [   0.006s] (311/594) ken-elaborator::t1_acceptance non_discharged_implies_non_null_diagnostic
5	PASS [   0.006s] (312/594) ken-elaborator::t1_acceptance proved_result_empty_diagnostics_and_delta
5	PASS [   0.006s] (313/594) ken-elaborator::t1_acceptance stable_field_drop_or_rename_rejected
5	PASS [   0.473s] (314/594) ken-elaborator::surface_named_proof_claims standalone_theorem_is_checked_in_ordinary_namespace
5	PASS [   1.893s] (315/594) ken-elaborator::surf_space_cells_p1 ac_s5_space_label_is_emitted_and_required
5	PASS [   0.465s] (316/594) ken-elaborator::v1_acceptance bogus_cert_not_proved
5	PASS [   0.468s] (317/594) ken-elaborator::v1_acceptance ensures_emits_obligation_not_sigma
5	PASS [   0.470s] (318/594) ken-elaborator::v1_acceptance unknown_hole_distinct_from_proved
5	PASS [   0.473s] (319/594) ken-elaborator::v2_acceptance forgetful_coercion_emits_nothing
5	PASS [   0.007s] (320/594) ken-elaborator::v3_acceptance classify_routes_each_shape_d_fo_ho
5	PASS [   0.007s] (321/594) ken-elaborator::v3_acceptance corrupted_cert_kernel_rejects_unknown
5	PASS [   0.007s] (322/594) ken-elaborator::v3_acceptance discharged_goal_cert_kernel_accepts
5	PASS [   0.007s] (323/594) ken-elaborator::v3_acceptance unknown_hole_trusted_base_distinct_from_proved
5	PASS [   0.474s] (324/594) ken-elaborator::v2_acceptance partial_primitive_nonzero_placeholder
5	PASS [   0.471s] (325/594) ken-elaborator::v2_acceptance present_cert_yields_zero_new_obligations
5	PASS [   2.847s] (326/594) ken-elaborator::v3_fo_checker_soundness_d0_buildability_probe probe2b_propositional_truncation_ascii_spelling_probe
5	PASS [   3.102s] (327/594) ken-elaborator::v3_fo_checker_soundness_d1a_elaborator_divergence_finding control_data_ctor_with_nonrecursive_fn_equality_elaborates
5	PASS [   2.998s] (328/594) ken-elaborator::v3_fo_checker_soundness_d1a_rule_correspondence forall_obj_right_constructor_and_checker_reject_a_nonfresh_eigenparameter
5	PASS [   2.832s] (329/594) ken-elaborator::v3_fo_checker_soundness_d1a_rule_correspondence imp_right_constructor_and_checker_reject_a_missing_recursive_premise
5	PASS [   2.728s] (330/594) ken-elaborator::v3_fo_checker_soundness_d1b_reflection fok_classically_valid_is_empty_to_singleton_derivability
5	PASS [   3.193s] (331/594) ken-elaborator::v3_fo_checker_soundness_d1a_rule_correspondence init_constructor_and_checker_reject_a_changed_principal_index
5	PASS [   2.773s] (332/594) ken-elaborator::v3_fo_checker_soundness_d2_bool_inversion fok_and_right_applies_to_a_concrete_true_true_instance
5	PASS [   2.788s] (333/594) ken-elaborator::v3_fo_checker_soundness_d3 accepted_imp_right_init_tree_instantiates_full_checker_soundness
5	PASS [   2.870s] (334/594) ken-elaborator::v3_fo_checker_soundness_d4 accepted_forall_object_right_reaches_full_checker_soundness
5	PASS [   2.789s] (335/594) ken-elaborator::v3_fo_ken_level_checker_authoring certificate_sort_validation_bound_scope_pair
5	PASS [   0.007s] (336/594) ken-elaborator::v3_fo_obligation_signature_discovery_acceptance real_positive_obligation_reaches_fo_boundary_through_public_route
5	PASS [   0.007s] (337/594) ken-elaborator::v3_fo_sorted_eigenparameter_refuting_cert corrected_search_finds_a_planted_comparable_witness
5	PASS [   2.799s] (338/594) ken-elaborator::v3_fo_ken_level_checker_authoring certificate_sort_validation_object_in_world_pair
5	PASS [   2.745s] (339/594) ken-elaborator::v3_fo_ken_level_checker_authoring fok_iform_has_exactly_five_slice_constructors
5	PASS [   0.007s] (340/594) ken-elaborator::v4_acceptance evidence_consumed_unchanged_from_v3
5	PASS [   0.456s] (341/594) ken-elaborator::v4_acceptance refuted_goal_false_with_forcing_world
5	PASS [   0.006s] (342/594) ken-foundation hash::tests::fnv1a_deterministic
5	PASS [   0.006s] (343/594) ken-foundation hash::tests::fnv1a_known_value
5	PASS [   0.011s] (344/594) ken-foundation store::tests::reset_releases_memory
5	PASS [   0.008s] (345/594) ken-host abi_m1_d0_probe::the_family_inventory_is_derived_and_duplicate_free
5	PASS [   0.007s] (346/594) ken-host abi_m1_d0_probe::the_family_projections_partition_the_flat_facts
5	PASS [   0.008s] (347/594) ken-host abi_v1::tests::full_native_init_uses_only_the_scripted_observer_seam
5	PASS [   0.007s] (348/594) ken-host abi_v1::tests::resource_error_reply_decoder_is_canonical_and_fail_closed
5	PASS [   0.007s] (349/594) ken-host abi_v1::tests::resource_errors_use_the_distinct_fully_initialized_reply_projection
5	PASS [   0.007s] (350/594) ken-host account_db_v1::tests::scripted_backend_covers_growth_cap_and_record_validation
5	PASS [   0.007s] (351/594) ken-host effect_v1::tests::abi_s1_d6_reuses_native_fs_handle_metadata_and_adds_no_operation
5	PASS [   0.009s] (352/594) ken-host effect_v1::tests::abi_s6_d1_default_backend_unmap_is_unavailable_not_a_silent_drop
5	PASS [   0.009s] (353/594) ken-host effect_v1::tests::abi_s6_d3_mapping_dispatch_is_ambient_non_minting_and_view_bounded
5	PASS [   0.006s] (354/594) ken-host effect_v1::tests::abi_s6_d5a_mapping_limits_share_page_charges_and_release_restores_capacity
5	PASS [   0.009s] (355/594) ken-host effect_v1::tests::distinct_host_roots_have_byte_identical_resource_lifecycle_observations
5	PASS [   0.009s] (356/594) ken-host effect_v1::tests::resource_tokens_admit_through_acquiring_lineage_without_error_collapse
5	PASS [   0.007s] (357/594) ken-host effect_wire::tests::linked_trace_codec_roundtrips_identity_bytes_and_outcomes
5	PASS [   0.007s] (358/594) ken-host effect_wire::tests::wire_decoder_rejects_read_some_effective_request_zero_below_count_and_above_raw
5	PASS [   0.007s] (359/594) ken-host mapping_v1::tests::file_mapping_flags_are_private_not_shared_or_anonymous
5	PASS [   0.009s] (360/594) ken-host revocation_v1::tests::attenuation_creates_a_child_with_the_supplied_parent_link
5	PASS [   0.006s] (361/594) ken-host tests::public_components_reject_unrooted_or_ambiguous_inputs
5	PASS [   0.010s] (362/594) ken-interp console_io_tests::val1_c1_ret_returns_result
5	PASS [   0.463s] (363/594) ken-interp eval::nfc_construction_tests::normalized_list_ingress_value_preserves_string_retraction
5	PASS [   0.009s] (364/594) ken-interp eval::px5b_effect_observation_tests::abi_s6_d2_mapping_view_results_use_existing_interp_values_and_refusals
5	PASS [   0.009s] (365/594) ken-interp eval::px5b_effect_observation_tests::budget_eff_capped_short_read_reifies_effective_not_raw_remaining
5	PASS [   0.009s] (366/594) ken-interp eval::px5b_effect_observation_tests::rt_parity_fs_read_at_rejects_malformed_offset_exactly
5	PASS [   0.009s] (367/594) ken-interp eval::px5b_effect_observation_tests::rt_parity_fs_write_at_rejects_malformed_offset_exactly
5	PASS [   0.009s] (368/594) ken-interp eval::px5b_effect_observation_tests::rt_parity_malformed_read_offset_precedes_closed_resource
5	PASS [   0.006s] (369/594) ken-interp eval::px8r_create_or_keep_race_tests::posix_whole_file_create_or_keep_preserves_an_already_appeared_leaf
5	PASS [   0.010s] (370/594) ken-interp tests::agree_observational_corpus
5	PASS [   0.010s] (371/594) ken-interp tests::can_closed_inductive_to_constructor
5	PASS [   0.013s] (372/594) ken-interp tests::closure_publication_rejected_transitively
5	PASS [   0.010s] (373/594) ken-interp tests::lazy_if_taken_arm_only
5	PASS [   0.010s] (374/594) ken-interp tests::shortcircuit_and_or
5	PASS [   4.333s] (375/594) ken-elaborator::v3_fo_sorted_eigenparameter_wrong_sort_controls collapsing_the_sort_check_reddens_the_wrong_sort_controls
5	PASS [   0.579s] (376/594) ken-interp::effect_composition_synthetic_peel_probe single_wrap_peels_to_the_synthetic_base_tag
5	PASS [   0.985s] (377/594) ken-interp::elim_bool_dispatch_acceptance computed_bool_via_leq_int_dispatches_correctly
5	PASS [   0.007s] (378/594) ken-interp::f2f3_acceptance ac3_all_bare_fixed_width_arms_degrade_on_overflow
5	PASS [   0.566s] (379/594) ken-interp::fs_driver_build_acceptance pure_reduction_builds_vis_before_any_syscall
5	PASS [   0.015s] (380/594) ken-interp::i5_scoped_capability posix_resolution_is_descriptor_relative_and_nofollow
5	PASS [   0.698s] (381/594) ken-interp::i5_scoped_capability symlink_policy_pairs_reach_the_real_dispatch_and_resolver
5	PASS [   0.748s] (382/594) ken-interp::l1_acceptance ac5_no_implicit_cross_type_coercion
5	PASS [   0.486s] (383/594) ken-interp::l1_acceptance sweep_int8_overflow_emits_obligation
5	PASS [   0.493s] (384/594) ken-interp::nc9_proof_erasure_boundary_checker ken_checker_accepts_bounded_proof_erasure_witness
5	PASS [   9.448s] (385/594) ken-elaborator::v3_fo_sorted_eigenparameter_refuting_cert ken_checker_accepts_a_planted_comparable_cert_and_refuses_a_near_miss
5	PASS [   0.010s] (386/594) ken-kernel check::tests::k2_piproduct_over_omega_lands_in_omega
5	PASS [   0.009s] (387/594) ken-kernel conv::tests::closed_nil_positive_reduces_by_iota_without_refusal
5	PASS [   0.008s] (388/594) ken-kernel conv::tests::framed_case3_distinct_convertible_consts_unfold_but_never_refuse
5	PASS [   0.007s] (389/594) ken-kernel conv::tests::omega_congruence_accepts_level_equivalence_and_rejects_distinct_levels
5	PASS [   0.006s] (390/594) ken-kernel conv::tests::quotient_congruence_compares_carrier_and_relation_directionally
5	PASS [   0.006s] (391/594) ken-kernel inductive::tests::method_ih_usage_tracks_each_binder_under_later_lambdas
5	PASS [   0.006s] (392/594) ken-kernel inductive::tests::positivity_bad_rejected
5	PASS [   0.007s] (393/594) ken-kernel sct::tests::canonical_eta_head_preserves_canonical_body_inner
5	PASS [   0.007s] (394/594) ken-kernel sct::tests::is_exact_reconstruction_wrong_field_rejected
5	PASS [   0.014s] (395/594) ken-kernel::acceptance ac4_elim_nat_iota_suc
5	PASS [   0.007s] (396/594) ken-kernel::acceptance ac5_negative_bad_rejected
5	PASS [   0.008s] (397/594) ken-kernel::acceptance k2_cast_computes_quotient_class_preserved
5	PASS [   0.008s] (398/594) ken-kernel::acceptance k2_eq_inductive_same_ctor_nat_suc
5	PASS [   0.010s] (399/594) ken-kernel::acceptance k2_funext_definitional
5	PASS [   0.008s] (400/594) ken-kernel::acceptance k2_funext_with_levels
5	PASS [   0.008s] (401/594) ken-kernel::acceptance k2_j_on_refl_is_base
5	PASS [   0.012s] (402/594) ken-kernel::acceptance k2_trunc_eq_is_top
5	PASS [   0.010s] (403/594) ken-kernel::conv_eq_congruence eq_congruence_both_sides_reconstructed_converts
5	PASS [   0.008s] (404/594) ken-kernel::conv_eq_congruence eq_congruence_distinct_endpoint_stays_rejected
5	PASS [   0.008s] (405/594) ken-kernel::conv_eq_congruence eq_congruence_reconstructed_lhs_converts
5	PASS [   0.010s] (406/594) ken-kernel::k1p5_wstyle ac3_inner_elim_fires_through_ctor_producing_k
5	PASS [   0.008s] (407/594) ken-kernel::k1p5_wstyle ac5_elim_itree_ret_and_vis_compute
5	PASS [   0.007s] (408/594) ken-kernel::k1p5_wstyle qa_mixed_direct_and_wstyle_recursive_args
5	PASS [   0.006s] (409/594) ken-kernel::k1p5_wstyle qa_wstyle_double_pi_branching_telescope
5	PASS [   0.010s] (410/594) ken-kernel::k2c_conversion unit_eta_tt_and_var
5	PASS [   0.012s] (411/594) ken-kernel::k2c_series2 cast_inductive_index_rewrite
5	PASS [   0.011s] (412/594) ken-kernel::k2c_series2 quotient_omega_target_respect_free
5	PASS [   0.008s] (413/594) ken-kernel::k2c_series2 quotient_respect_type_target
5	PASS [   0.010s] (414/594) ken-kernel::k3_literal_char_registration checked_string_literal_normalizes_immutable_payload_and_refuses_absent_carrier
5	PASS [   0.010s] (415/594) ken-kernel::k4_omega_motive non_omega_foil_distinct_reducts_do_not_convert
5	PASS [   0.007s] (416/594) ken-kernel::k4_omega_motive omega_motive_excluded_middle_shaped_admitted
5	PASS [   0.012s] (417/594) ken-kernel::k5_omega_fragment refl_does_not_inhabit_constructor_disjoint_equality
5	PASS [   0.010s] (418/594) ken-kernel::ktr1_constructor_universe_gate proposition_payload_at_family_level_is_accepted
5	PASS [   0.010s] (419/594) ken-kernel::nested_inductives_all zero_evidence_constructor_remains_source_aligned
5	PASS [   0.011s] (420/594) ken-kernel::nested_inductives_d1a recorded_polarity_is_a_causal_admission_input
5	PASS [   0.011s] (421/594) ken-kernel::nested_inductives_remaining checked_transparent_sigma_alias_rejects_inner_arrow_negative
5	PASS [   0.011s] (422/594) ken-kernel::nested_inductives_remaining seed_fresh_bag_rose_and_deep_paths_admit_structurally
5	PASS [   0.022s] (423/594) ken-kernel::recursive_head_totality_d0 d0_distinct_recursive_map_requires_normal_child_exit
5	PASS [   0.009s] (424/594) ken-kernel::sigma_eq_pair_refl sigma_eq_component_proof_checks_under_first_proof_binder
5	PASS [   0.006s] (425/594) ken-kernel::sigma_eq_pair_refl sigma_eq_component_proof_does_not_prove_unrelated_pair_equality
5	PASS [   0.011s] (426/594) ken-kernel::sigma_sort sigma_conjunction_both_omega_stays_omega
5	PASS [   0.541s] (427/594) ken-interp::px7f_system_resource public_bracket_success_and_early_release_settle_once
5	PASS [   0.013s] (428/594) ken-runtime activation_abi::tests::c_abi_refuses_epoch_ceiling_mismatch_before_publishing_a_store
5	PASS [   0.010s] (429/594) ken-runtime activation_abi::tests::the_c_abi_drives_the_whole_lifecycle_with_handles_and_statuses_only
5	PASS [   0.010s] (430/594) ken-runtime boundary_activation::tests::bounded_epoch_child
5	PASS [   0.008s] (431/594) ken-runtime boundary_resource_profile::tests::the_eight_limits_are_eight_and_each_is_separately_addressable
5	PASS [   0.018s] (432/594) ken-runtime boundary_activation::tests::bounded_epochs_have_exact_at_limit_and_one_past_across_stores
5	PASS [   0.010s] (433/594) ken-runtime boundary_resource_profile::tests::the_lookup_agrees_with_the_named_field_a_deployment_wrote
5	PASS [   0.010s] (434/594) ken-runtime boundary_value::invocation_aggregate_decode_tests::a_nested_aggregate_carries_an_adopted_persistent_child
5	PASS [   0.040s] (435/594) ken-runtime boundary_value_clif::tests::b2v_a_persistent_node_refuses_an_invocation_owned_child
5	PASS [   0.055s] (436/594) ken-runtime boundary_value_clif::tests::b2v_a_wide_persistent_int_materializes_and_reads_back_by_content
5	PASS [   0.029s] (437/594) ken-runtime boundary_value_clif::tests::b2v_borrowed_ingress_fails_closed_on_escape_with_an_exact_error
5	PASS [   0.011s] (438/594) ken-runtime boundary_value_clif::tests::b2v_equal_values_share_one_persistent_referent
5	PASS [   0.060s] (439/594) ken-runtime boundary_value_clif::tests::b2v_emitted_code_constructs_a_record_readable_by_name
5	PASS [   0.024s] (440/594) ken-runtime boundary_value_clif::tests::d3_a_wrong_owner_node_is_refused_on_the_owner_axis
5	PASS [   0.007s] (441/594) ken-runtime canonical::tests::ac_v1b_corpus_is_non_vacuous_and_discriminating
5	PASS [   0.073s] (442/594) ken-runtime boundary_value_clif::tests::b2v_the_two_string_producers_agree_byte_for_byte
5	PASS [   0.007s] (443/594) ken-runtime canonical::tests::ac_v8_bigint_trailing_zero_limbs_agree_with_canonical_identity
5	PASS [   0.007s] (444/594) ken-runtime cranelift_backend::artifact::api::tests::nc8_certificate_rejects_project_from_non_record_example
5	PASS [   0.009s] (445/594) ken-runtime canonical::tests::float_minus_zero_distinct_from_plus_zero
5	PASS [   0.007s] (446/594) ken-runtime cranelift_backend::artifact::api::tests::nc8_certificate_rejects_unknown_runtime_value_by_recomputation
5	PASS [   0.008s] (447/594) ken-runtime cranelift_backend::artifact::api::tests::nc8_certificate_wrong_identity_rejects_before_native_run
5	PASS [   0.007s] (448/594) ken-runtime cranelift_backend::artifact::api::tests::reachable_effectful_checked_core_metadata_rejects_before_backend_lowering
5	PASS [   0.009s] (449/594) ken-runtime cranelift_backend::lowering::aggregates::tests::a_child_owner_set_outside_the_planned_meet_is_refused_before_any_allocation
5	PASS [   0.010s] (450/594) ken-runtime cranelift_backend::lowering::aggregates::tests::an_aggregate_with_no_producer_certificate_cannot_reach_the_carrier
5	PASS [   0.037s] (451/594) ken-runtime cranelift_backend::artifact::api::tests::nc8_valid_certificate_records_f2_validation_separate_from_f1
5	PASS [   0.009s] (452/594) ken-runtime cranelift_backend::lowering::boundary::tests::c1_d5_a_closure_is_inadmissible_at_the_root_and_at_every_depth
5	PASS [   0.058s] (453/594) ken-runtime cranelift_backend::lowering::boundary::tests::recut2_the_emitted_helper_graph_changes_when_the_authority_changes
5	PASS [   0.008s] (454/594) ken-runtime cranelift_backend::lowering::core::branched_scrutinee_unit_body_observer_tests::plain_match_branch_entry_is_retained_when_the_same_resolution_reaches_route1
5	PASS [   0.054s] (455/594) ken-runtime cranelift_backend::lowering::core::primitive::tests::cranelift_reports_bytes_and_string_immediates_as_ground_values
5	PASS [   0.055s] (456/594) ken-runtime cranelift_backend::lowering::core::primitive::tests::safe_bytes_slice_and_decode_native_results_are_explicit
5	PASS [   0.010s] (457/594) ken-runtime cranelift_backend::lowering::core::tests::constructors::a_capture_contract_declaring_the_seed_lane_for_a_lexical_callable_rejects
5	PASS [   0.009s] (458/594) ken-runtime cranelift_backend::lowering::core::tests::constructors::a_construction_time_occurrence_lookup_fails_closed
5	PASS [   0.009s] (459/594) ken-runtime cranelift_backend::lowering::core::tests::constructors::a_mixed_phase_capture_run_without_a_planner_issued_contract_rejects
5	PASS [   0.095s] (460/594) ken-runtime cranelift_backend::lowering::core::tests::constructors::ac5_redirecting_the_resolved_worker_target_reds_the_same_shape_witness
5	PASS [   0.363s] (461/594) ken-runtime cranelift_backend::lowering::aggregates::tests::each_governed_site_reaches_the_choke_and_cannot_bypass_it
5	PASS [   0.032s] (462/594) ken-runtime cranelift_backend::lowering::core::tests::constructors::b2f_d9_one_compiled_body_takes_both_arms_at_runtime
5	PASS [   0.086s] (463/594) ken-runtime cranelift_backend::lowering::core::tests::constructors::ac5_restoring_carried_capture_narrowing_reds_the_ordinary_witness
5	PASS [   0.010s] (464/594) ken-runtime cranelift_backend::lowering::core::tests::constructors::c1_d3_a_carried_operand_survives_case_env_and_nested_lowering
5	PASS [   0.049s] (465/594) ken-runtime cranelift_backend::lowering::core::tests::constructors::c1_d3_ac_c7_match_eliminates_a_carried_value_and_selects_the_right_case
5	PASS [   0.058s] (466/594) ken-runtime cranelift_backend::lowering::core::tests::constructors::c2_ac4_runtime_host_result_selects_a_separately_generated_nested_payload
5	PASS [   0.026s] (467/594) ken-runtime cranelift_backend::lowering::core::tests::constructors::carried_bool_family_refuses_a_mixed_extra_case_pre_arm
5	PASS [   0.028s] (468/594) ken-runtime cranelift_backend::lowering::core::tests::constructors::constructor_field_binder_shift_mutation_recovers_exact_refusal
5	PASS [   0.035s] (469/594) ken-runtime cranelift_backend::lowering::core::tests::constructors::constructor_field_middle_binder_preserves_trailing_environment_order
5	PASS [   0.025s] (470/594) ken-runtime cranelift_backend::lowering::core::tests::constructors::d2_a_negative_runtime_length_fails_closed_rather_than_looping
5	PASS [   0.019s] (471/594) ken-runtime cranelift_backend::lowering::core::tests::constructors::dynamic_constructor_all_known_omitted_runs_source_default_without_panic
5	PASS [   0.045s] (472/594) ken-runtime cranelift_backend::lowering::core::tests::constructors::d2_an_unselected_reply_arm_copies_no_bytes
5	PASS [   0.031s] (473/594) ken-runtime cranelift_backend::lowering::core::tests::constructors::dynamic_constructor_binder_arity_rejects_exactly
5	PASS [   0.038s] (474/594) ken-runtime cranelift_backend::lowering::core::tests::constructors::heterogeneous_bridge_removal_uses_the_runtime_constructor_route
5	PASS [   0.037s] (475/594) ken-runtime cranelift_backend::lowering::core::tests::constructors::heterogeneous_eliminator_well_formed_control_emits
5	PASS [   0.042s] (476/594) ken-runtime cranelift_backend::lowering::core::tests::constructors::heterogeneous_frame_environment_and_binder_order_are_preserved
5	PASS [   0.011s] (477/594) ken-runtime cranelift_backend::lowering::core::tests::constructors::static_worker_call_rejects_arity_disagreement
5	PASS [   0.054s] (478/594) ken-runtime cranelift_backend::lowering::core::tests::constructors::host_result_transfer_materializes_only_the_runtime_selected_payload
5	PASS [   0.009s] (479/594) ken-runtime cranelift_backend::lowering::core::tests::constructors::static_worker_construction_rejects_wrong_arity
5	PASS [   0.008s] (480/594) ken-runtime cranelift_backend::lowering::core::tests::control::distinguished_root_cannot_discharge_missing_match_site_marker
5	PASS [   0.010s] (481/594) ken-runtime cranelift_backend::lowering::core::tests::control::oriented_same_depth_siblings_require_exact_dynamic_edges
5	PASS [   0.016s] (482/594) ken-runtime cranelift_backend::lowering::core::tests::control::px8j_release_validator_rejects_repeated_and_broken_scope_lineage
5	PASS [   0.086s] (483/594) ken-runtime cranelift_backend::lowering::core::tests::control::px8j_all_three_producer_paths_reach_real_consumers
5	PASS [   0.064s] (484/594) ken-runtime cranelift_backend::lowering::core::tests::d5_c4_a_retargeted_declaration_call_is_refused_before_emission
5	PASS [   0.024s] (485/594) ken-runtime cranelift_backend::lowering::core::tests::effects::budget_eff_native_fails_closed_on_effective_zero_below_count_and_above_raw
5	PASS [   0.034s] (486/594) ken-runtime cranelift_backend::lowering::core::tests::effects::dynamic_host_result_producer_missing_case_routes_to_default
5	PASS [   0.152s] (487/594) ken-runtime cranelift_backend::lowering::core::tests::effects::native_resource_error_projection_follows_the_generated_wire_tail
5	PASS [   0.037s] (488/594) ken-runtime cranelift_backend::lowering::core::tests::host_call_carrier::d2_ac6_1_the_canonical_seed_runs_through_the_ported_callee_unit
5	PASS [   0.080s] (489/594) ken-runtime cranelift_backend::lowering::core::tests::host_call_carrier::d4_failing_to_accumulate_emissions_reds_the_closeout_set_equality
5	PASS [   0.084s] (490/594) ken-runtime cranelift_backend::lowering::core::tests::host_call_carrier::d6a_a_specialization_binds_two_leading_static_workers_for_the_ih_and_its_recursive_argument
5	PASS [   0.090s] (491/594) ken-runtime cranelift_backend::lowering::core::tests::host_call_carrier::d7_binding_a_distinct_same_shaped_body_changes_the_executed_result
5	PASS [   0.066s] (492/594) ken-runtime cranelift_backend::lowering::core::tests::host_call_carrier::d8_mixed_host_result_uses_one_uniform_carrier_conversion_per_predecessor
5	PASS [   0.029s] (493/594) ken-runtime cranelift_backend::lowering::core::tests::host_call_carrier::d8_unsupported_carrier_production_publishes_no_unit_function
5	PASS [   0.009s] (494/594) ken-runtime cranelift_backend::lowering::core::tests::host_call_carrier::rtfp_both_exact_occurrences_lower_under_equal_header_fingerprints
5	PASS [   0.746s] (495/594) ken-runtime cranelift_backend::lowering::core::tests::control::the_entry_carrying_types_are_module_private
5	PASS [   0.009s] (496/594) ken-runtime cranelift_backend::lowering::core::tests::host_call_carrier::rtfp_header_drift_after_identity_selection_rejects_by_fingerprint
5	PASS [   0.012s] (497/594) ken-runtime cranelift_backend::lowering::core::tests::positional_candidate_settlement::ced_d2_an_unclaimed_planned_token_is_missing_from_the_exact_equality_in_isolation
5	PASS [   0.082s] (498/594) ken-runtime cranelift_backend::lowering::core::tests::positional_candidate_settlement::ced_d1_d8e_keeps_its_one_binding_and_still_refuses_in_value_position
5	PASS [   0.015s] (499/594) ken-runtime cranelift_backend::lowering::core::tests::positional_candidate_settlement::d2k_1c_0_conservation_pairs_each_consumption_to_one_minted_transport
5	PASS [   0.037s] (500/594) ken-runtime cranelift_backend::lowering::core::tests::positional_candidate_settlement::d3_the_process_root_keeps_descriptor_order_while_source_bodies_do_not
5	PASS [   0.026s] (501/594) ken-runtime cranelift_backend::lowering::core::tests::recursor_fusion::contkey_row_four_discovery_carries_the_outer_boundary_then_previous_consumers
5	PASS [   0.165s] (502/594) ken-runtime cranelift_backend::lowering::core::tests::positional_candidate_settlement::d2k_1b_i_every_recognized_static_worker_reaches_a_disposition
5	PASS [   0.035s] (503/594) ken-runtime cranelift_backend::lowering::core::tests::recursor_fusion::d2f_a_production_compile_builds_the_fusion_identity_plane
5	PASS [   0.031s] (504/594) ken-runtime cranelift_backend::lowering::core::tests::recursor_fusion::required_consumer_projection_censuses_each_governed_row
5	PASS [   0.186s] (505/594) ken-runtime cranelift_backend::lowering::core::tests::recursor_fusion::d2f_0_the_applied_root_production_path_gate
5	PASS [   0.072s] (506/594) ken-runtime cranelift_backend::lowering::core::tests::source_frame_bridge::d8n_checked_frame_consumption_is_per_function_not_per_compile
5	PASS [   0.215s] (507/594) ken-runtime cranelift_backend::lowering::core::tests::source_frame_bridge::d6c_each_moved_selection_input_is_refused_by_the_guard_that_owns_it_before_emission
5	PASS [   0.007s] (508/594) ken-runtime cranelift_backend::lowering::core::tests::specialization_binding::continuation_case_binder_run_agrees_with_the_rejected_reading_at_source_position_zero
5	PASS [   0.007s] (509/594) ken-runtime cranelift_backend::lowering::core::tests::specialization_binding::continuation_case_binder_run_resolves_a_field_by_source_position_not_envelope_ordinal
5	PASS [   0.012s] (510/594) ken-runtime cranelift_backend::lowering::core::tests::specialization_binding::d5a_a_generated_context_resolves_only_under_the_identity_that_encloses_it
5	PASS [   0.036s] (511/594) ken-runtime cranelift_backend::lowering::core::tests::specialization_binding::d5a_an_unmarked_static_worker_call_is_untouched_by_the_marker_seam
5	PASS [   0.129s] (512/594) ken-runtime cranelift_backend::lowering::core::tests::source_frame_bridge::d8o_remeasures_the_two_owner_keyed_guards_on_the_descendant
5	PASS [   0.048s] (513/594) ken-runtime cranelift_backend::lowering::core::tests::specialization_binding::d6a_the_frame_field_must_not_overwrite_an_incoming_checked_route
5	PASS [   0.053s] (514/594) ken-runtime cranelift_backend::lowering::core::tests::specialization_binding::d6a_the_recursor_layer_producer_stays_green_independently
5	PASS [   0.033s] (515/594) ken-runtime cranelift_backend::lowering::core::tests::specialization_binding::d8e_off_the_source_machine_path_the_binding_is_refused_in_value_position
5	PASS [   0.048s] (516/594) ken-runtime cranelift_backend::lowering::core::tests::specialization_binding::d8k_the_causal_population_is_a_disjoint_partition_of_direct_and_composed
5	PASS [   0.008s] (517/594) ken-runtime cranelift_backend::lowering::units::captured_environment_bijection::a_lexical_capture_admits_its_planner_issued_occurrence
5	PASS [   0.055s] (518/594) ken-runtime cranelift_backend::lowering::core::tests::specialization_binding::rt_seed_direct_and_context_gather_use_the_same_entry_words
5	PASS [   0.008s] (519/594) ken-runtime cranelift_backend::lowering::units::captured_environment_bijection::a_short_run_is_refused_against_the_capture_count
5	PASS [   0.008s] (520/594) ken-runtime cranelift_backend::planning::plan_extraction_tests::native_join_plan_rejects_two_plans_in_one_package
5	PASS [   0.008s] (521/594) ken-runtime cranelift_backend::planning::static_transition::aggregates::tests::a_host_response_referent_has_exactly_persistent_store_owner
5	PASS [   0.012s] (522/594) ken-runtime cranelift_backend::planning::static_transition::aggregates::checked_ih_captured_env_schema::bind_continuation_authorization_is_reaching_and_not_generic
5	PASS [   0.010s] (523/594) ken-runtime cranelift_backend::planning::static_transition::aggregates::tests::an_absent_node_is_never_a_child
5	PASS [   0.012s] (524/594) ken-runtime cranelift_backend::planning::static_transition::closure::tests::b2o_ac4_each_seed_class_adds_exactly_one_function_unit
5	PASS [   0.011s] (525/594) ken-runtime cranelift_backend::planning::static_transition::closure::tests::b2o_check_every_function_unit_error_site_has_an_exact_disposition
5	PASS [   0.010s] (526/594) ken-runtime cranelift_backend::planning::static_transition::closure::tests::boundary_b1r_control_1_swapping_equal_shaped_occurrence_material_is_rejected
5	PASS [   0.010s] (527/594) ken-runtime cranelift_backend::planning::static_transition::closure::tests::boundary_b1r_primitive_partiality_is_occurrence_exact_material
5	PASS [   0.023s] (528/594) ken-runtime cranelift_backend::planning::static_transition::closure::tests::boundary_b1r_control_2_dropping_one_origins_material_record_is_rejected
5	PASS [   0.014s] (529/594) ken-runtime cranelift_backend::planning::static_transition::closure::tests::d2h_the_independent_rederivation_catches_a_mutated_primary_derivation
5	PASS [   0.027s] (530/594) ken-runtime cranelift_backend::planning::static_transition::closure::tests::planner_invariant_failures_have_compiler_bug_attribution
5	PASS [   0.033s] (531/594) ken-runtime cranelift_backend::planning::static_transition::closure::tests::d7_1c_the_planning_refusal_is_what_the_whole_lowering_entry_reports
5	PASS [   0.018s] (532/594) ken-runtime cranelift_backend::planning::static_transition::construction::tests::boundary_a_topology_is_identical_to_the_pre_d9_planner
5	PASS [   0.017s] (533/594) ken-runtime cranelift_backend::planning::static_transition::construction::tests::call_identity_stays_on_the_entry_axis_after_the_body_axis_moved
5	PASS [   0.007s] (534/594) ken-runtime cranelift_backend::planning::static_transition::continuations::fusion::tests::d2e_binder_role_separates_a_hypothesis_from_an_ordinary_child
5	PASS [   0.010s] (535/594) ken-runtime cranelift_backend::planning::static_transition::construction::tests::nested_registration_issues_the_outer_pair_and_excludes_the_inner_resume
5	PASS [   0.007s] (536/594) ken-runtime cranelift_backend::planning::static_transition::continuations::fusion::tests::d2g_ac2_relocating_the_runtime_marker_against_a_fixed_plan_is_refused
5	PASS [   0.007s] (537/594) ken-runtime cranelift_backend::planning::static_transition::continuations::fusion::tests::d2g_each_slot_carries_its_own_frames_constructor
5	PASS [   0.022s] (538/594) ken-runtime cranelift_backend::planning::static_transition::continuations::fusion::tests::d2f_6_a_spent_ledger_cannot_half_install_into_a_second_plan
5	PASS [   0.018s] (539/594) ken-runtime cranelift_backend::planning::static_transition::continuations::fusion::tests::d2j_every_member_matches_its_authoritative_planner_fact
5	PASS [   0.020s] (540/594) ken-runtime cranelift_backend::planning::static_transition::continuations::fusion::tests::d3_the_fusion_mints_exactly_two_composed_edges_one_per_checked_binding
5	PASS [   0.036s] (541/594) ken-runtime cranelift_backend::planning::static_transition::continuations::fusion::tests::d3_the_consuming_binder_must_resolve_to_the_redirected_producer_body
5	PASS [   0.013s] (542/594) ken-runtime cranelift_backend::planning::static_transition::continuations::tests::a_detached_projection_is_in_the_map_and_refused_by_the_direct_outer_accessor
5	PASS [   0.011s] (543/594) ken-runtime cranelift_backend::planning::static_transition::continuations::tests::contspec_prefix_only_interning_would_select_the_wrong_target
5	PASS [   0.013s] (544/594) ken-runtime cranelift_backend::planning::static_transition::continuations::tests::contsrc_d3a_validator_rederives_a_producer_local_source
5	PASS [   0.012s] (545/594) ken-runtime cranelift_backend::planning::static_transition::continuations::tests::d3b_the_duplicated_entry_source_selects_the_nearest_alias
5	PASS [   0.008s] (546/594) ken-runtime cranelift_backend::planning::static_transition::immediate_bridge::tests::refuses_a_scrutinee_that_is_not_a_var
5	PASS [   0.014s] (547/594) ken-runtime cranelift_backend::planning::static_transition::immediate_bridge::tests::the_accessors_read_the_stored_plane_and_never_re_derive
5	PASS [   0.011s] (548/594) ken-runtime cranelift_backend::planning::static_transition::immediate_bridge::tests::the_plan_accessors_return_the_installed_row
5	PASS [   0.011s] (549/594) ken-runtime cranelift_backend::planning::static_transition::joins_traps::tests::d8_abi_parameter_provenance_reaches_the_exact_nested_join
5	PASS [   0.010s] (550/594) ken-runtime cranelift_backend::planning::static_transition::occurrences::tests::a_source_tree_at_a_different_address_yields_identical_origins
5	PASS [   0.008s] (551/594) ken-runtime cranelift_backend::planning::static_transition::occurrences::tests::filing_two_occurrences_under_one_origin_is_refused
5	PASS [   0.007s] (552/594) ken-runtime cranelift_backend::surface::surface_diagnostics_tests::backend_failure_renders_every_variant_distinctly
5	PASS [   0.011s] (553/594) ken-runtime cranelift_backend::planning::static_transition::occurrences::tests::the_semantic_seed_api_accepts_only_occurrence_origins
5	PASS [   0.007s] (554/594) ken-runtime cranelift_backend::surface::surface_diagnostics_tests::cranelift_backend_error_prefixes_both_arms
5	PASS [   0.008s] (555/594) ken-runtime executable_artifact_contract::tests::contract_hash_is_stable_under_canonical_map_insertion_order
5	PASS [   0.007s] (556/594) ken-runtime executable_artifact_contract::tests::missing_unavailable_marker_rejects
5	PASS [   0.007s] (557/594) ken-runtime hash::tests::fnv1a_distinct_inputs
5	PASS [   0.007s] (558/594) ken-runtime invocation_tickets::tests::generation_counter_overflow_is_refused_without_wrapping
5	PASS [   0.007s] (559/594) ken-runtime ir::tests::acf2_computational_recursive_position_values_are_load_bearing
5	PASS [   0.007s] (560/594) ken-runtime ir::tests::acf2_default_trap_message_is_load_bearing
5	PASS [   0.007s] (561/594) ken-runtime native_effect_v1::tests::checked_plan_identity_fails_before_host_construction
5	PASS [   2.758s] (562/594) ken-runtime native_execution_differential::tests::recomputed_hash_with_overclaimed_proof_lane_rejects_before_report
5	PASS [   3.015s] (563/594) ken-runtime native_execution_differential::tests::non_supported_effect_foreign_lowerability_is_unsupported_not_native_tested
5	PASS [   3.081s] (564/594) ken-runtime native_execution_differential::tests::unavailable_interpreter_lane_stays_first_class_not_passed
5	PASS [   6.107s] (565/594) ken-runtime native_execution_differential::tests::suite_runner_preserves_per_case_lane_reports
5	PASS [   0.008s] (566/594) ken-runtime native_int::tests::exact_arithmetic_promotes_and_canonicalizes
5	PASS [   0.008s] (567/594) ken-runtime native_int::tests::multiplication_has_no_i128_ceiling
5	PASS [   0.007s] (568/594) ken-runtime native_process_entrypoint::tests::runtime_init_makes_trap_reporting_available_before_entry
5	PASS [   0.058s] (569/594) ken-runtime native_process_entrypoint::tests::two_distinct_argv_vectors_reach_the_native_entry
5	PASS [   0.010s] (570/594) ken-runtime object_linker_packaging::tests::forged_support_for_non_executable_payload_rejects_before_linking
5	PASS [   2.992s] (571/594) ken-runtime native_execution_differential::tests::unsupported_capability_facts_remain_unavailable_not_native_tested
5	PASS [   2.692s] (572/594) ken-runtime object_linker_packaging::tests::packages_and_smokes_scalar_starter_executable
5	PASS [   6.644s] (573/594) ken-runtime object_linker_packaging::tests::linked_transport_classifies_all_terminal_arms
5	PASS [   0.008s] (574/594) ken-runtime platform_runtime_support::tests::runtime_ir_run_report_must_bind_exact_runtime_artifact
5	PASS [   0.008s] (575/594) ken-runtime platform_runtime_support::tests::stale_entrypoint_package_hash_rejects_before_runtime_support
5	PASS [   0.009s] (576/594) ken-runtime store::tests::immediate_vs_interned_boundary
5	PASS [   0.007s] (577/594) ken-runtime target_abi::tests::native_identity_accepts_match_and_rejects_mismatch
5	PASS [   0.007s] (578/594) ken-runtime unknown::tests::unknown_and_unknown_is_unknown
5	PASS [   0.213s] (579/594) ken-runtime::value_depth_totality ac_p3a_host_recursive_debug_dies_at_depth_d
5	PASS [   0.237s] (580/594) ken-runtime::value_depth_totality ac_v3c_derived_drop_glue_dies_on_the_analogue_at_depth_d
5	PASS [   0.247s] (581/594) ken-runtime::value_depth_totality ac_v3c_recursive_clone_dies_on_the_real_carrier_at_depth_d
5	PASS [   0.135s] (582/594) ken-runtime::value_depth_totality ac_v3d_drop_alone_is_total_at_depth_d_through_all_child_positions
5	PASS [   0.020s] (583/594) ken-runtime::value_depth_totality harness_can_observe_a_survivor
5	PASS [   0.009s] (584/594) ken-runtime::value_depth_totality scenario_worker
5	PASS [   0.007s] (585/594) ken-verify canonical::tests::wrong_capability_and_denial_are_proven_before_host_action
5	PASS [  16.112s] (586/594) ken-runtime object_linker_packaging::tests::process_artifact_maps_exitcode_and_reports_terminal_traps
5	PASS [ 323.634s] (587/594) ken-elaborator r_layer_tests::lang_mod_catalog_evidence_frontier::population_pin_rejects_omission_replacement_and_duplicate
5	PASS [  88.419s] (588/594) ken-interp::b3_acceptance monitor_changes_when_t_changes
5	PASS [  56.276s] (589/594) ken-verify scenario::tests::fs_metadata_real_artifact_fields_are_exact_and_discriminating
5	PASS [  54.888s] (590/594) ken-verify scenario::tests::real_artifact_five_op_observation_matches_interp_on_twin_roots
5	PASS [  61.193s] (591/594) ken-verify scenario::tests::fs_read_directory_real_artifact_is_order_independent_and_discriminating
5	PASS [ 155.133s] (592/594) ken-verify scenario::tests::fs_metadata_real_artifact_exercises_the_honest_policy_contract
5	PASS [  45.084s] (593/594) ken-verify scenario::tests::real_producers_preserve_raw_requests_across_descriptor_collision
5	PASS [ 151.540s] (594/594) ken-verify scenario::tests::fs_read_directory_exercises_every_path_policy_refusal
6	PASS [   0.243s] (  1/593) ken-cli::i8_clock_effect clock_package_is_structural_zero_trust_and_declares_no_ordering_law
6	PASS [   0.243s] (  2/593) ken-cli::console_exec ken_run_executes_console_program_and_prints_stdout
6	PASS [   0.224s] (  3/593) ken-cli::ken_check_mode failing_example_in_catalog_entry_is_still_refused_after_roots_loading
6	PASS [   0.245s] (  4/593) ken-cli::ken_check_mode check_file_with_failing_fence_exits_one_same_error_path
6	PASS [   0.490s] (  5/593) ken-cli entrypoint_tests::non_root_proceeds_and_process_input_cannot_forge_the_marker
6	PASS [   0.037s] (  6/593) ken-cli::ken_fmt every_checked_runnable_root_declares_its_fs_authority
6	PASS [   0.006s] (  7/593) ken-cli::library_documentation_gates agent_controlled_paths_fail_loudly_on_escape
6	PASS [   0.229s] (  8/593) ken-cli::ken_check_mode ken_run_still_drives_io_on_an_io_shaped_file_unchanged
6	PASS [   0.004s] (  9/593) ken-cli::library_documentation_gates field_lines_inside_open_arrays_detects_the_reported_shape
6	PASS [   0.172s] ( 10/593) ken-cli::library_documentation_gates content_currency_gate_rejects_revision_predating_librarys_own_introduction
6	PASS [   0.221s] ( 11/593) ken-cli::ken_check_mode stale_reject_in_catalog_entry_is_still_refused_after_roots_loading
6	PASS [   0.005s] ( 12/593) ken-cli::mrc_d8_manifest_premise mrc_d8_control_the_reader_is_not_satisfied_by_a_comment_or_a_neighbouring_table
6	PASS [   0.004s] ( 13/593) ken-cli::mrc_d8_manifest_premise mrc_d8_real_control_fact_two_reds_on_the_shipped_runtime_manifest
6	PASS [   0.005s] ( 14/593) ken-cli::px4b_native_production non_raw_byte_and_c_strings_do_not_leak_a_comment_scan
6	PASS [   0.406s] ( 15/593) ken-cli::library_documentation_gates shallow_clone_self_heals_when_object_present_but_ancestry_unprovable
6	PASS [  27.272s] ( 16/593) ken-cli::px7f_resource_native linked_public_escape_is_exact_closed
6	PASS [  27.278s] ( 17/593) ken-cli::px7m_hostresult_computational_match owner_ret_check_bypass_reaches_the_inner_vis_trap_natively
6	PASS [  38.100s] ( 18/593) ken-cli::abi_s6_mapping_surface_native negative_window_skips_mapping_read_dispatch_in_both_engines
6	PASS [  28.174s] ( 19/593) ken-cli::px7p_constructor_field_composition dynamic_carrier_producer_payload_reaches_linked_process_exit
6	PASS [  37.770s] ( 20/593) ken-cli::rt_cold_lowering_path_enumeration rt_allocate_stage
6	PASS [   0.233s] ( 21/593) ken-cli::rt_native_string_construction native_string_single_non_ascii_scalar_is_not_a_utf8_byte
6	PASS [  39.980s] ( 22/593) ken-cli::rt_cold_lowering_path_enumeration rt_cap41_endpoint_stage
6	PASS [  30.573s] ( 23/593) ken-cli::rt_exactint_carried_observe the_positioned_int_seats_decode_carried_and_complete_native_construction
6	PASS [  37.526s] ( 24/593) ken-cli::rt_resource_release_carried_observe the_carried_resource_route_observes_resource_scalar_and_completes_native_construction
6	PASS [   0.568s] ( 25/593) ken-cli::rt_span_prov_native sp_a_foreign_span_write_rejects_before_backend_interp
6	PASS [   0.693s] ( 26/593) ken-cli::t2_acceptance ac2_verdict_flip_provable_vs_open
6	PASS [   0.012s] ( 27/593) ken-cli::bin/ken capacity_profile_tests::native_profile_requires_all_eleven_explicit_numbers_and_admits_zero
6	PASS [   0.014s] ( 28/593) ken-elaborator checked_core::tests::body_view_recovers_package_bound_record_sigma_construction
6	PASS [   0.012s] ( 29/593) ken-elaborator checked_core::tests::body_view_recovers_runtime_record_sigma_projection
6	PASS [   0.014s] ( 30/593) ken-elaborator checked_core::tests::body_view_rejects_missing_reachable_body
6	PASS [   0.010s] ( 31/593) ken-elaborator checked_core::tests::body_view_rejects_unsupported_declaration_kind
6	PASS [   0.010s] ( 32/593) ken-elaborator checked_core::tests::body_view_rejects_unsupported_proof_only_match
6	PASS [   0.006s] ( 33/593) ken-elaborator checked_core::tests::body_view_rejects_unsupported_record_projection_shape
6	PASS [   0.005s] ( 34/593) ken-elaborator checked_core::tests::obligation_and_dependency_keys_are_stable_symbols
6	PASS [   0.005s] ( 35/593) ken-elaborator checked_core::tests::semantic_and_trust_changes_flip_semantic_fingerprint
6	PASS [   0.006s] ( 36/593) ken-elaborator checked_core::tests::validator_rejects_semantic_and_artifact_hash_mismatches
6	PASS [   0.006s] ( 37/593) ken-elaborator checked_core::tests::validator_rejects_unsupported_entries_without_blocking_lowerability
6	PASS [   0.218s] ( 38/593) ken-elaborator compiler_driver::d1b_role_c1_roster_identity::every_emitted_role_equals_its_canonical_global_id_projection
6	PASS [   0.303s] ( 39/593) ken-elaborator compiler_driver::d1b_role_c1_roster_projection_is_fail_closed::a_captured_id_absent_from_the_symbol_table_refuses_instead_of_shrinking_the_roster
6	PASS [   0.266s] ( 40/593) ken-elaborator compiler_driver::tests::executable_entrypoint_rejects_stale_package_identity
6	PASS [   0.234s] ( 41/593) ken-elaborator compiler_driver::tests::manifest_metadata_cannot_select_absent_target
6	PASS [   0.285s] ( 42/593) ken-elaborator compiler_driver::tests::target_closure_reports_unresolved_references_without_runtime_success
6	PASS [   0.005s] ( 43/593) ken-elaborator elab::nested_lift_association_tests::missing_lift_association_mutation_rejects
6	PASS [   0.218s] ( 44/593) ken-elaborator elab::nested_lift_association_tests::recursive_ih_record_sigma_evidence_is_applied_before_source_arguments
6	PASS [  28.810s] ( 45/593) ken-cli::rt_selected_pending_call_admission selected_pending_two_print_route_surfaces_its_admission_refusal
6	PASS [   0.215s] ( 46/593) ken-elaborator elab::omega_index_refinement_tests::hidden_result_prefilter_delegates_a_lawful_omega_outer_binding
6	PASS [   0.222s] ( 47/593) ken-elaborator elab::omega_index_refinement_tests::sibling_convoy_index_type_classifier_remains_type_only
6	PASS [   0.215s] ( 48/593) ken-elaborator elab::surf1_visits_row_production_path::surf1_view_elaboration_rejects_unbound_visits_row_var
6	PASS [   0.008s] ( 49/593) ken-elaborator erasure::px7l_tests::finish_rejects_an_unconsumed_computational_ih_slot_seed
6	PASS [   0.005s] ( 50/593) ken-elaborator export::exact_inventory_tests::px8_runtime_operations_have_exact_fs_family_and_injective_spellings
6	PASS [   0.005s] ( 51/593) ken-elaborator fo_kripke::tests::positive_control_certificate_computes_true
6	PASS [   0.005s] ( 52/593) ken-elaborator format::tests::recovery_cursor_rounds_an_interior_byte_to_the_next_utf8_boundary
6	PASS [   0.005s] ( 53/593) ken-elaborator layout::tests::group_is_binary_and_hard_lines_never_flatten
6	PASS [   0.230s] ( 54/593) ken-elaborator modules::namespace_effect_tests::actual_export_table_includes_renamed_reexports
6	PASS [   0.006s] ( 55/593) ken-elaborator modules::namespace_effect_tests::ambient_local_import_of_same_identity_is_a_binding_noop
6	PASS [   0.231s] ( 56/593) ken-elaborator modules::namespace_effect_tests::bound_dictionary_purity_uses_selected_class_id
6	PASS [   0.627s] ( 57/593) ken-elaborator erasure::px7l_tests::double_counting_the_injected_result_is_refused_by_the_runtime_marker_gate
6	PASS [   0.240s] ( 58/593) ken-elaborator modules::namespace_effect_tests::checked_current_local_and_its_inline_reexport_are_one_identity
6	PASS [   0.241s] ( 59/593) ken-elaborator modules::namespace_effect_tests::constrained_instance_field_purity_tracks_imported_class_id
6	PASS [   0.239s] ( 60/593) ken-elaborator modules::namespace_effect_tests::file_import_constructor_pattern_keeps_provider_checked_identity
6	PASS [   0.238s] ( 61/593) ken-elaborator modules::namespace_effect_tests::file_import_keeps_descendant_exports_from_selected_file_provider
6	PASS [   0.468s] ( 62/593) ken-elaborator modules::namespace_effect_tests::file_import_retains_checked_leaf_identity_across_same_name_memory_owner
6	PASS [   0.919s] ( 63/593) ken-elaborator modules::namespace_effect_tests::in_memory_root_import_keeps_earlier_declared_child
6	PASS [   0.466s] ( 64/593) ken-elaborator modules::namespace_effect_tests::in_memory_root_import_refuses_later_child_even_when_external_n_is_loaded
6	PASS [   0.234s] ( 65/593) ken-elaborator modules::namespace_effect_tests::selected_private_identity_is_unbound_even_with_a_spelling_binding
6	PASS [   0.218s] ( 66/593) ken-elaborator modules::namespace_effect_tests::sibling_loaded_module_does_not_grant_qualified_access
6	PASS [   0.005s] ( 67/593) ken-elaborator parser::as_pattern_precedence_tests::constructor_argument_or_requires_parentheses
6	PASS [   0.005s] ( 68/593) ken-elaborator parser::atom_form_closure::every_expression_form_is_reachable_through_at
6	PASS [   0.005s] ( 69/593) ken-elaborator parser::atom_form_closure::the_expression_partition_is_the_form_set_minus_the_exclusions
6	PASS [   0.005s] ( 70/593) ken-elaborator parser::atom_form_closure::three_expression_forms_are_live_at_the_head_and_refused_as_arguments
6	PASS [   0.005s] ( 71/593) ken-elaborator parser::atom_start_premise::the_operator_roster_matches_canonical_operator_name
6	PASS [   0.230s] ( 72/593) ken-elaborator r_layer_tests::acceptance::let_ascription_roundtrip
6	PASS [   0.919s] ( 73/593) ken-elaborator r_layer_tests::cat_bool_pub_export::boolean_provider_selective_imports_retain_provider_identities
6	PASS [   2.825s] ( 74/593) ken-elaborator modules::namespace_effect_tests::priority_queue_actual_export_table_is_exactly_the_six_name_api
6	PASS [   3.060s] ( 75/593) ken-elaborator r_layer_tests::cat_effectful_classes_import::effectful_classes_does_not_reexport_imported_dependencies
6	PASS [   3.227s] ( 76/593) ken-elaborator r_layer_tests::cat_effectful_classes_pub_export::effectful_classes_loader_visible_inventory_is_exact
6	PASS [   1.383s] ( 77/593) ken-elaborator r_layer_tests::cat_lawful_functors_pub_export::lawful_functors_bool_algebra_uses_only_lawfulclasses_canonical_family
6	PASS [   0.911s] ( 78/593) ken-elaborator r_layer_tests::cat_ord_nat_canonical_owner::bool_or_bridge_has_only_the_provider_identity
6	PASS [   0.959s] ( 79/593) ken-elaborator r_layer_tests::cat_ord_nat_canonical_owner::ownership_move_preserves_trust_posture_and_behavior
6	PASS [   4.751s] ( 80/593) ken-elaborator r_layer_tests::cat_effectful_classes_pub_export::effectful_classes_publication_preserves_class_and_instance_owners
6	PASS [   1.913s] ( 81/593) ken-elaborator r_layer_tests::cat_tier_d_decoder_import::parsing_decoder_imports_exact_canonical_cursor_surface
6	PASS [   2.767s] ( 82/593) ken-elaborator r_layer_tests::cat_priority_queue_acceptance::two_lawful_orders_equal_function_interop_and_opposite_type_refusal
6	PASS [   3.947s] ( 83/593) ken-elaborator r_layer_tests::cat_tier_d_decoder_import::parsing_decoder_loader_visible_inventory_is_exact
6	PASS [   3.642s] ( 84/593) ken-elaborator r_layer_tests::cat_tier_e_decoder_import::decoder_publication_is_visibility_only
6	PASS [ 130.855s] ( 85/593) ken-cli::mrc_4a1_child_transport mrc_4a1_child_transport_and_its_controls
6	PASS [   3.665s] ( 86/593) ken-elaborator r_layer_tests::cat_tier_e_schema_import::schema_publication_is_visibility_only
6	PASS [   0.215s] ( 87/593) ken-elaborator r_layer_tests::constrained_instance_elaboration::compound_named_and_bare_d_boundaries_are_discriminating
6	PASS [   0.323s] ( 88/593) ken-elaborator r_layer_tests::ds1_empty_dec_acceptance::ac2_empty_and_absurd_empty_elaborate
6	PASS [   0.006s] ( 89/593) ken-elaborator r_layer_tests::effects::cap_op_with_token_accepted
6	PASS [   0.007s] ( 90/593) ken-elaborator r_layer_tests::effects::eff_pure_default_is_effect_free
6	PASS [   0.009s] ( 91/593) ken-elaborator r_layer_tests::effects::eff_row_union_two_effects
6	PASS [   0.009s] ( 92/593) ken-elaborator r_layer_tests::effects::handler_fold_passes_through_unhandled
6	PASS [   0.005s] ( 93/593) ken-elaborator r_layer_tests::effects::pure_view_usable_in_pure_context
6	PASS [   0.006s] ( 94/593) ken-elaborator r_layer_tests::effects::row_poly_two_params_each_tracked
6	PASS [   0.006s] ( 95/593) ken-elaborator r_layer_tests::effects::synthetic_state_row_union_and_discharge
6	PASS [   0.007s] ( 96/593) ken-elaborator r_layer_tests::kenfmt_b3_layout::match_arms_break_after_mapsto_only_when_the_whole_arm_wraps
6	PASS [   0.007s] ( 97/593) ken-elaborator r_layer_tests::kenfmt_b3_layout::selective_import_items_wrap_without_inventory_or_fixed_point_drift
6	PASS [   0.006s] ( 98/593) ken-elaborator r_layer_tests::kenfmt_b3_layout::terminal_type_parens_in_axiom_survive_formatting
6	PASS [   0.006s] ( 99/593) ken-elaborator r_layer_tests::kenfmt_b4_splicing::ac2_parse_first_role_gate_has_both_fallback_and_hard_error_orientations
6	PASS [   0.005s] (100/593) ken-elaborator r_layer_tests::kenfmt_b4_splicing::ac5_full_document_is_byte_idempotent_and_canonical_input_is_a_noop
6	PASS [   9.893s] (101/593) ken-elaborator r_layer_tests::cat_tier_e_json_import::json_publication_is_visibility_only
6	PASS [  51.479s] (102/593) ken-cli::rt_selected_pending_call_admission selected_pending_write_arm_controls_agree_across_executors
6	PASS [   0.458s] (103/593) ken-elaborator r_layer_tests::lang_fixity_decl_surface::agreeing_fixity_is_idempotent_and_conflict_names_both_sites
6	PASS [   0.240s] (104/593) ken-elaborator r_layer_tests::lang_fixity_decl_surface::fixity_declarations_survive_layout_formatting
6	PASS [   0.472s] (105/593) ken-elaborator r_layer_tests::lang_fixity_decl_surface::declared_associativity_changes_structure_with_late_declaration
6	PASS [   0.237s] (106/593) ken-elaborator r_layer_tests::lang_fixity_decl_surface::recursive_symbolic_definition_reassociates_after_self_preadmission
6	PASS [   0.236s] (107/593) ken-elaborator r_layer_tests::lang_fixity_decl_surface::use_and_fixity_may_precede_the_operator_definition
6	PASS [   0.322s] (108/593) ken-elaborator r_layer_tests::lang_structural_result_elab::binary_omega_residual_method_recheck_is_a_transition_sentinel
6	PASS [   0.244s] (109/593) ken-elaborator r_layer_tests::lang_structural_result_elab::d2_deep_nested_associations_elaborate_and_kernel_check
6	PASS [   0.006s] (110/593) ken-elaborator r_layer_tests::lang_structural_result_elab::retired_selector_spelling_is_a_parse_error
6	PASS [   0.689s] (111/593) ken-elaborator r_layer_tests::lang_mod_catalog_evidence_frontier::successful_empty_facade_has_exact_interface_identity_evidence
6	PASS [   0.464s] (112/593) ken-elaborator r_layer_tests::let4_multi_binding::ac2_ac3_group_and_nested_forms_resolve_and_lower_identically
6	PASS [   0.468s] (113/593) ken-elaborator seal2_tests::adversary_repros::direct_transfer_count_forgery_routes_all_reject
6	PASS [  39.567s] (114/593) ken-elaborator r_layer_tests::cat_tier_d_parsing_group_import::parsing_module_implementation_siblings_remain_private
6	PASS [   0.005s] (115/593) ken-elaborator::b2_acceptance closedness_metatheorem_typechecks_via_elim
6	PASS [   0.004s] (116/593) ken-elaborator::bare_proof_selector_atom application_wraps_outside_the_single_path_selector_subject
6	PASS [  20.830s] (117/593) ken-elaborator::b1_acceptance delegated_obligation_never_promoted_to_proved
6	PASS [   0.005s] (118/593) ken-elaborator::cat1_lawful_functors_package lawful_functors_source_cites_landed_laws_without_axiom
6	PASS [   0.426s] (119/593) ken-elaborator::case_eq_dependent_match_sugar modifier_has_zero_trusted_base_delta
6	PASS [  21.899s] (120/593) ken-elaborator::b1_acceptance alphabet_equals_perform_node_signatures
6	PASS [   1.366s] (121/593) ken-elaborator::cat3_collections_package cat3_d1_wrong_take_drop_witness_rejected
6	PASS [   1.388s] (122/593) ken-elaborator::cat3_collections_package derived_has_no_definitionally_equivalent_local_bool_reimplementation
6	PASS [   0.726s] (123/593) ken-elaborator::cat_capability_laws_prelude_move capability_laws_have_checked_local_owners_without_prelude_fallthrough
6	PASS [   2.277s] (124/593) ken-elaborator::cat5_parsing_package cat5_d1_end_past_source_length_rejected
6	PASS [   2.355s] (125/593) ken-elaborator::cat5_parsing_package cat5_d1_reflexive_utf8_proof_rejected
6	PASS [   1.503s] (126/593) ken-elaborator::cat_property_acceptance property_finite_sample_witnesses_retain_behavior
6	PASS [   2.865s] (127/593) ken-elaborator::cat_deque_closeout pop_back_list_view_checks_in_loaded_package_and_on_inhabited_deques
6	PASS [   0.247s] (128/593) ken-elaborator::cat_string_bijection_pub_export string_bijection_loader_visible_inventory_is_exact
6	PASS [   0.251s] (129/593) ken-elaborator::cat_sums_combinators_closeout sums_direct_loader_surface_is_exact_canonical_is_some
6	PASS [   0.875s] (130/593) ken-elaborator::cat_string_keys_closeout string_keys_loader_visible_inventory_is_empty
6	PASS [   1.495s] (131/593) ken-elaborator::cc2_text_codec_numeric_acceptance located_numeric_discriminators_and_codec_boundary_are_checked
6	PASS [   3.173s] (132/593) ken-elaborator::cc1_nonempty_validation_acceptance validation_registry_has_applicative_but_no_monad_instance
6	PASS [   5.896s] (133/593) ken-elaborator::cat_map_bool_and_owner map_resolves_exact_lawfulclasses_bool_and_family_without_local_identity
6	PASS [   1.963s] (134/593) ken-elaborator::cc4_diagnostic_core_acceptance diagnostic_core_loader_surface_and_carrier_shapes_are_exact
6	PASS [   4.715s] (135/593) ken-elaborator::cc3_parsing_cursor_decoder_acceptance cursor_length_occurrence_population_and_migration_shape_are_pinned
6	PASS [   2.427s] (136/593) ken-elaborator::cc4_diagnostic_core_acceptance ordered_dependency_closure_elaborates_all_cc4_clients
6	PASS [   6.286s] (137/593) ken-elaborator::cc3_parsing_cursor_decoder_acceptance repetition_progress_and_arg_locations_are_discriminating
6	PASS [   1.743s] (138/593) ken-elaborator::cc6a_process_arguments_exit_acceptance cc6a_has_zero_trust_delta_and_no_new_carrier_or_string_hop
6	PASS [   2.959s] (139/593) ken-elaborator::cc5_pretty_doc_acceptance pretty_doc_loader_surface_and_string_boundary_are_behavioral
6	PASS [   1.430s] (140/593) ken-elaborator::compare_ord_lexicographic_acceptance structural_ord_instances_and_all_laws_are_checked_zero_delta
6	PASS [   1.731s] (141/593) ken-elaborator::conversions_acceptance ac1_round_trip_law_at_max_every_width
6	PASS [   0.895s] (142/593) ken-elaborator::conversions_acceptance ac1_round_trip_law_at_min_every_signed_width
6	PASS [   5.081s] (143/593) ken-elaborator::cc8_env_config_decoder_acceptance invalid_utf8_environment_value_survives_the_full_pipeline
6	PASS [   5.256s] (144/593) ken-elaborator::cc8_env_config_decoder_acceptance cc8_adds_no_trust_and_declares_no_second_universe
6	PASS [   0.218s] (145/593) ken-elaborator::decimal_char_acceptance char_deceq_pin1_value_consequence
6	PASS [   0.276s] (146/593) ken-elaborator::decimal_char_acceptance decimal_add_same_exponent
6	PASS [   0.319s] (147/593) ken-elaborator::decimal_char_acceptance decimal_mul_exact_flips_vs_saturating
6	PASS [   0.367s] (148/593) ken-elaborator::dependent_match_coherent_frame_acceptance trivial_coupled_equality_stays_elaborable
6	PASS [   0.246s] (149/593) ken-elaborator::dependent_match_eigen_guard_localization context_extension_without_dependent_guard_remains_elaborable
6	PASS [   0.221s] (150/593) ken-elaborator::dependent_match_wstyle_acceptance ac1b_itree_vis_dependent_branch_domain_elaborates
6	PASS [   1.971s] (151/593) ken-elaborator::conversions_acceptance ac4_checked_sub_underflow_every_width
6	PASS [   0.333s] (152/593) ken-elaborator::dependent_match_wstyle_acceptance ac1c_outer_wstyle_inner_direct_cross_slot_elaborates
6	PASS [   0.266s] (153/593) ken-elaborator::dependent_match_wstyle_acceptance ac2_ill_typed_wstyle_arm_stays_kernel_rejected
6	PASS [   0.281s] (154/593) ken-elaborator::ds5b_dependent_match_refinement_acceptance base_case_construction_retypes_the_checking_goal
6	PASS [   0.216s] (155/593) ken-elaborator::ds5b_dependent_match_refinement_acceptance omega_classified_reindexed_position_uses_kernel_checked_transport
6	PASS [   1.105s] (156/593) ken-elaborator::ds2_ord_nat_acceptance totality_source_and_public_relation_behavior_survive_the_move
6	PASS [   1.576s] (157/593) ken-elaborator::ds3_sum_combinators_acceptance orelse_left_biased_concrete_example
6	PASS [   1.412s] (158/593) ken-elaborator::ds6a_int_deceq_acceptance distinct_int_variables_refl_still_rejected
6	PASS [   0.228s] (159/593) ken-elaborator::effect_composition_resp_coproduct_acceptance resp_coproduct_inr_reduces_to_rh_applied_to_payload
6	PASS [   1.444s] (160/593) ken-elaborator::either_catalog_package_acceptance ac8_either_does_not_swap_branches
6	PASS [   3.062s] (161/593) ken-elaborator::ds8_traversable_acceptance ac6_traverse_field_classifies_proc
6	PASS [   3.110s] (162/593) ken-elaborator::ds8_traversable_acceptance entry_elaborates_with_every_checked_fence
6	PASS [   0.219s] (163/593) ken-elaborator::es3_modules_acceptance retired_use_reports_the_migration_diagnostic
6	PASS [   0.212s] (164/593) ken-elaborator::es3_modules_acceptance selective_import_ambiguity_rejected_naming_both
6	PASS [   1.449s] (165/593) ken-elaborator::either_catalog_package_acceptance either_and_combinators_are_real_globals
6	PASS [   0.236s] (166/593) ken-elaborator::explicit_data_elaboration indexed_head_rejects_empty_vector_application
6	PASS [   0.005s] (167/593) ken-elaborator::explicit_data_parser constructor_result_indices_use_expression_surface
6	PASS [   0.004s] (168/593) ken-elaborator::explicit_data_parser implicit_constructor_binder_is_preserved
6	PASS [   0.004s] (169/593) ken-elaborator::explicit_data_parser named_constructor_field_sugar_rejects_duplicate_labels
6	PASS [   0.015s] (170/593) ken-elaborator::i4d_boundary_header_parser filesystem_root_is_checked_boundary_metadata
6	PASS [   1.451s] (171/593) ken-elaborator::either_catalog_package_acceptance swap_involutive_concrete_examples
6	PASS [   0.238s] (172/593) ken-elaborator::i7_env_process_projectors_acceptance both_packages_elaborate_as_transparent_structural_projectors
6	PASS [   0.244s] (173/593) ken-elaborator::i7_env_process_projectors_acceptance invalid_environment_bytes_round_trip_and_preserve_argv_and_cwd
6	PASS [   0.530s] (174/593) ken-elaborator::k3_literal_char_view deep_checked_literal_view_admits_a_list_on_the_default_sized_stack
6	PASS [   0.233s] (175/593) ken-elaborator::k3_literal_rollback reused_foreign_id_cannot_inherit_a_checked_string_view
6	PASS [   0.005s] (176/593) ken-elaborator::kenfmt_b2_token_kind ac6_function_and_match_arrows_are_distinct_wp_s_roles
6	PASS [   0.004s] (177/593) ken-elaborator::km_literal_trust_accounting literal_classification_is_the_only_primitive_accounting_exclusion
6	PASS [   1.359s] (178/593) ken-elaborator::es4_classes_acceptance where_ord_supplies_same_comparator_as_explicit_form
6	PASS [   0.233s] (179/593) ken-elaborator::km_sigma_eq_pair_refl componentwise_proof_is_not_unrelated_full_pair_equality
6	PASS [   0.215s] (180/593) ken-elaborator::kw_theorem_surface_keyword theorem_elaborates_and_formats_while_retired_spelling_is_an_identifier
6	PASS [   0.237s] (181/593) ken-elaborator::l2_acceptance ac2_nested_match_produces_nested_elim
6	PASS [   0.216s] (182/593) ken-elaborator::l2_acceptance ac3_exhaustive_match_accepts
6	PASS [   0.230s] (183/593) ken-elaborator::l2_acceptance ac8_proof_returning_match_through_transparent_scrutinee_elaborates
6	PASS [   0.214s] (184/593) ken-elaborator::l2_acceptance redundant_wildcard_arm_shadowed_at_three_leaves_names_every_subsuming_arm
6	PASS [   1.487s] (185/593) ken-elaborator::k3_literal_char_view fresh_ascii_literal_closes_generic_checked_finite_code_witness
6	PASS [   0.214s] (186/593) ken-elaborator::l3_strings_roundtrip_acceptance ac2_s2l_injectivity_over_normalized_strings
6	PASS [   0.227s] (187/593) ken-elaborator::l2_acceptance unknown_ctor_in_pattern_is_error
6	PASS [   0.238s] (188/593) ken-elaborator::l4_export_reexport facade_loader_edge_participates_in_cycle_detection
6	PASS [   0.237s] (189/593) ken-elaborator::l6_acceptance read_bytes_tracked_accepts
6	PASS [   0.239s] (190/593) ken-elaborator::l7_acceptance pure_but_effectful_foreign_is_the_named_residual
6	PASS [   0.476s] (191/593) ken-elaborator::l6_acceptance retired_placeholder_primitives_are_absent_and_trusted_base_shrinks
6	PASS [   0.237s] (192/593) ken-elaborator::l7_acceptance pure_foreign_assumption_rides_p_not_q
6	PASS [   0.239s] (193/593) ken-elaborator::l7_acceptance relied_on_foreign_listed_in_trusted_base_delta
6	PASS [   0.238s] (194/593) ken-elaborator::l_resolver_globals ac1_two_decl_chain
6	PASS [   0.004s] (195/593) ken-elaborator::lang_application_atom_if_rejection ac_guard_unbroken_guarded_match_arms_still_parse
6	PASS [   0.005s] (196/593) ken-elaborator::lang_atom_start_classification_closure a_bare_operator_name_is_never_a_declaration_body
6	PASS [   0.005s] (197/593) ken-elaborator::lang_atom_start_classification_closure ac0_the_grouped_spelling_is_the_sanctioned_one_and_parses
6	PASS [   0.004s] (198/593) ken-elaborator::lang_atom_start_classification_closure the_effect_row_veto_governs_the_expression_position_too
6	PASS [   0.005s] (199/593) ken-elaborator::lang_bare_operator_atom_rejection ac_argument_position_rejects_but_not_via_this_arm
6	PASS [   0.004s] (200/593) ken-elaborator::lang_bare_operator_atom_rejection ac_grouped_and_prefix_head_forms_are_preserved
6	PASS [   0.005s] (201/593) ken-elaborator::lang_bare_operator_atom_rejection ac_infix_path_untouched
6	PASS [   1.046s] (202/593) ken-elaborator::l4_export_reexport loader_executes_import_identity_clash_and_rename_discriminators
6	PASS [   0.238s] (203/593) ken-elaborator::l_resolver_globals ac3_uppercase_con_still_resolves
6	PASS [   0.004s] (204/593) ken-elaborator::lang_foreign_name_format_chars escaped_format_character_round_trips_as_literal_data
6	PASS [   0.004s] (205/593) ken-elaborator::lang_infix_application_default default_symbolic_infix_binds_tighter_than_star_and_plus
6	PASS [   0.004s] (206/593) ken-elaborator::lang_infix_application_default ordinary_application_still_binds_tighter_than_default_infix
6	PASS [   0.004s] (207/593) ken-elaborator::lang_lex_hex_float hex_float_values_and_boundaries
6	PASS [   0.239s] (208/593) ken-elaborator::lang_bytes_hex_list_literal bracketed_and_quoted_bytes_have_the_same_elaborated_type_and_value
6	PASS [   0.211s] (209/593) ken-elaborator::lang_foreign_name_control_chars span_points_at_the_offending_literal_not_the_foreign_keyword
6	PASS [   0.238s] (210/593) ken-elaborator::lang_match_as_pattern qualified_module_patterns_preserve_alias_bindings
6	PASS [   0.236s] (211/593) ken-elaborator::lang_match_as_pattern top_level_variable_alias_remains_fail_closed
6	PASS [   0.217s] (212/593) ken-elaborator::lang_match_guards guard_composes_with_nested_tuple_and_record_patterns
6	PASS [   0.245s] (213/593) ken-elaborator::lang_match_guards guard_uses_pattern_binders_and_false_falls_through
6	PASS [   0.213s] (214/593) ken-elaborator::lang_match_or_pattern module_rewriting_recurses_through_or_alternatives
6	PASS [   0.239s] (215/593) ken-elaborator::lang_match_or_pattern partially_subsumed_union_remains_reachable_and_exhaustive
6	PASS [   0.217s] (216/593) ken-elaborator::lang_match_or_pattern unequal_common_context_binder_types_require_separate_arms
6	PASS [   0.240s] (217/593) ken-elaborator::lang_match_record_pattern dependent_later_field_checks_in_declaration_order_not_source_order
6	PASS [   0.214s] (218/593) ken-elaborator::lang_match_tuple_pattern empty_and_trailing_comma_tuple_patterns_have_surface_diagnostics
6	PASS [   0.240s] (219/593) ken-elaborator::lang_match_tuple_pattern one_tuple_arm_is_exhaustive_but_an_inner_constructor_gap_is_named
6	PASS [   0.213s] (220/593) ken-elaborator::lang_mod_catalog_realization canonical_or_publishes_constructors_under_legacy_roots_idempotently
6	PASS [   0.946s] (221/593) ken-elaborator::lang_match_literal_patterns comparator_semantic_duplicates_are_subsumed_and_finite_sets_stay_open
6	PASS [   0.242s] (222/593) ken-elaborator::lang_mod_strict_resolution_d1 strict_admits_local_counterparts_for_globals_and_class_representations
6	PASS [   1.244s] (223/593) ken-elaborator::lang_mod_pair_floor_realization pair_floor_binding_collisions_reject_before_allocation
6	PASS [   0.272s] (224/593) ken-elaborator::lang_qualified_constructor_privacy forge_buffer_file
6	PASS [   1.621s] (225/593) ken-elaborator::lang_mod_pair_floor_realization pair_floor_beta_eta_are_definitional
6	PASS [   0.235s] (226/593) ken-elaborator::lang_qualified_constructor_privacy forge_count_decl
6	PASS [   1.505s] (227/593) ken-elaborator::lang_prelude_collections ac2_filter_computes_and_rejects_at_least_one_element
6	PASS [   0.238s] (228/593) ken-elaborator::lang_qualified_constructor_privacy mapping_resource_decl
6	PASS [   0.240s] (229/593) ken-elaborator::lang_qualified_constructors empty_module_member_cannot_manufacture_type_path_ambiguity
6	PASS [   0.235s] (230/593) ken-elaborator::lang_qualified_constructors prelude_qualified_constructor_expression_keeps_true_id
6	PASS [   0.280s] (231/593) ken-elaborator::lang_qualified_constructors imported_type_qualified_pattern_preserves_provider_id
6	PASS [   0.287s] (232/593) ken-elaborator::lang_qualified_constructors prelude_qualified_constructor_patterns_cover_bool
6	PASS [   0.294s] (233/593) ken-elaborator::lang_qualified_constructors same_shaped_other_type_cannot_donate_constructor
6	PASS [   0.006s] (234/593) ken-elaborator::lang_reserved_infix_names reserved_names_do_not_widen_excluded_identifier_grammars
6	PASS [   0.328s] (235/593) ken-elaborator::lang_qualified_constructors scoped_constructor_leaf_can_be_selectively_imported_from_user
6	PASS [   0.260s] (236/593) ken-elaborator::lang_qualified_constructors scoped_resource_kind_qualifies_every_arm_and_checks_coverage
6	PASS [   0.227s] (237/593) ken-elaborator::lang_roots_loader_local_instance_dict_scope imported_head_uses_its_qualified_synthesis_identity_and_exports_that_identity
6	PASS [   0.239s] (238/593) ken-elaborator::lang_roots_loader_local_instance_dict_scope legacy_roots_same_unit_alias_selects_the_same_synthesis_identity
6	PASS [   0.220s] (239/593) ken-elaborator::lang_standard_infix_call_completion ac2a_a_renaming_hop_to_the_same_identity_completes_identically
6	PASS [   0.244s] (240/593) ken-elaborator::lang_standard_infix_call_completion ac4_completion_applies_operands_in_source_order_for_both_roles
6	PASS [   0.005s] (241/593) ken-elaborator::lang_surface_block_comments ac6_brace_neighbours_coexist_with_a_block_comment
6	PASS [   0.216s] (242/593) ken-elaborator::lang_standard_infix_call_completion ac9_positive_control_the_same_home_with_the_right_shape_is_accepted
6	PASS [   0.245s] (243/593) ken-elaborator::lang_surface_decimal_precision decimal_eq_decides_wide_exactness_through_target
6	PASS [   0.005s] (244/593) ken-elaborator::lang_surface_if lossless_and_layout_keep_if_surface_syntax
6	PASS [   0.215s] (245/593) ken-elaborator::lang_surface_if floor_constructor_names_cannot_retarget_if
6	PASS [   0.243s] (246/593) ken-elaborator::lang_surface_if non_bool_condition_has_if_specific_diagnostic
6	PASS [   0.211s] (247/593) ken-elaborator::lang_surface_pair lossless_layout_grouping_and_ascription_preserve_pair_surface
6	PASS [   0.005s] (248/593) ken-elaborator::lang_surface_pair projection_chains_and_float_literals_split_at_the_lexer
6	PASS [   0.004s] (249/593) ken-elaborator::lang_trivia_kind_mapping_pin d2_same_line_after_ordinary_block_comment_attaches_trailing_to_preceding_declaration
6	PASS [   0.214s] (250/593) ken-elaborator::lang_surface_pair triples_lower_once_to_right_nested_core_pairs
6	PASS [   1.368s] (251/593) ken-elaborator::lang_reserved_infix_names unbound_reserved_names_reach_resolution_without_implicit_meaning
6	PASS [   0.243s] (252/593) ken-elaborator::lang_truncation_surface_syntax ac3_surface_formation_matches_direct_rust_construction
6	PASS [   0.213s] (253/593) ken-elaborator::lang_truncation_surface_syntax d1_annotation_trunc_mixed_precedence_predicate_reassociates_under_truncation
6	PASS [   0.240s] (254/593) ken-elaborator::lang_truncation_surface_syntax d2_elim_trunc_elaborates_and_computes_via_the_i_reduction
6	PASS [   0.240s] (255/593) ken-elaborator::lang_type_projection_surface_form a_projection_in_a_data_declaration_is_refused_where_it_is_written
6	PASS [   0.237s] (256/593) ken-elaborator::lang_type_projection_surface_form ac3_the_consumer_bindings_resolve_as_ordinary_top_level_bindings_not_builtins
6	PASS [   0.470s] (257/593) ken-elaborator::lang_type_projection_surface_form ac2_both_rejections_fire_with_a_span_on_the_projection
6	PASS [   0.241s] (258/593) ken-elaborator::let5_checking_mode_let old_in_checked_position_fails_closed_without_prestate
6	PASS [   0.239s] (259/593) ken-elaborator::let5_checking_mode_let unannotated_let_infers_rhs_before_checking_body
6	PASS [   0.259s] (260/593) ken-elaborator::literal_escapes_conformance common_escape_matrix_decodes_exactly
6	PASS [   0.852s] (261/593) ken-elaborator::lang_type_projection_surface_form ac1_the_three_consumer_bindings_are_writable
6	PASS [   0.005s] (262/593) ken-elaborator::literal_escapes_lexer_unit char_cardinality_rejects_empty_and_multi_scalar
6	PASS [   0.004s] (263/593) ken-elaborator::literal_escapes_lexer_unit incomplete_escape_takes_precedence_over_unterminated
6	PASS [   0.004s] (264/593) ken-elaborator::literal_escapes_lexer_unit ordinary_unterminated_literal_is_unaffected
6	PASS [   0.004s] (265/593) ken-elaborator::literal_escapes_lexer_unit unrecognized_discriminator_span_is_exactly_backslash_and_char
6	PASS [   0.235s] (266/593) ken-elaborator::literal_escapes_conformance invalid_escape_span_precedes_unterminated
6	PASS [   0.239s] (267/593) ken-elaborator::literal_escapes_conformance raw_triple_backslashes_are_data
6	PASS [   5.728s] (268/593) ken-elaborator::map_build_acceptance cat4_relations_compose_and_converse_over_adjacency_maps
6	PASS [   5.806s] (269/593) ken-elaborator::map_build_acceptance fold_agrees_with_left_fold_over_tolist
6	PASS [   5.903s] (270/593) ken-elaborator::map_build_acceptance cat_map_dependency_closure_roots_loads_declared_imports
6	PASS [   0.219s] (271/593) ken-elaborator::mutual_recursion_surface_acceptance is_even_is_odd_mutual_group_elaborates_as_one_group
6	PASS [   0.638s] (272/593) ken-elaborator::n1_duplicate_definition totally_reserved_sugar_names_keep_the_existing_hard_error
6	PASS [   0.847s] (273/593) ken-elaborator::n3_import_exclusion local_import_clash_is_order_independent_and_latent
6	PASS [   0.008s] (274/593) ken-elaborator::n3_import_exclusion parser_distinguishes_item_rename_from_module_alias_and_rejects_hiding
6	PASS [   0.306s] (275/593) ken-elaborator::nc14_data_match_lowering duplicate_nested_lift_arm_is_reachability_error
6	PASS [   1.142s] (276/593) ken-elaborator::nc14_data_match_lowering nested_recursive_bag_join_residual_folds_all_leaves_at_nat_three
6	PASS [   0.876s] (277/593) ken-elaborator::nc14_data_match_lowering nested_recursive_bag_rose_elaborates_checks_erases_and_interprets_at_nat_three
6	PASS [   0.538s] (278/593) ken-elaborator::nc14_data_match_lowering option_match_payload_binding_lowers_and_matches_interpreter
6	PASS [   0.006s] (279/593) ken-elaborator::nc14_data_match_lowering unsupported_dependent_motive_rejects_before_runtime_program_success
6	PASS [   0.006s] (280/593) ken-elaborator::nc14_data_match_lowering unsupported_proof_only_match_rejects_before_runtime_program_success
6	PASS [   0.005s] (281/593) ken-elaborator::nc16_primitive_value_lowering primitive_bool_string_and_bytes_values_lower_and_evaluate
6	PASS [   0.004s] (282/593) ken-elaborator::nc16_primitive_value_lowering unsupported_runtime_primitive_name_stays_loud_and_package_facing
6	PASS [   0.006s] (283/593) ken-elaborator::nc5_erasure_runtime_ir foreign_boundary_survives_as_metadata_without_ffi_semantics
6	PASS [   0.006s] (284/593) ken-elaborator::nc5_erasure_runtime_ir proof_erasure_boundary_witness_rejects_checked_core_field_status_drift
6	PASS [   0.006s] (285/593) ken-elaborator::nc5_erasure_runtime_ir symbol_without_runtime_metadata_rejects_loudly
6	PASS [   0.874s] (286/593) ken-elaborator::proof_vocabulary computational_keywords_reject_omega_results_and_proved_names_top
6	PASS [   5.865s] (287/593) ken-elaborator::map_build_acceptance map_ops_full_api_not_primitive
6	PASS [   0.233s] (288/593) ken-elaborator::purity_keywords surf1_d2_fn_calling_proc_reuses_escape_gate
6	PASS [   0.230s] (289/593) ken-elaborator::px7f_system_resource_acceptance resource_host_io_preserves_the_existing_host_io_identity
6	PASS [   6.131s] (290/593) ken-elaborator::map_build_acceptance map_total_leq_nat_preserves_proof_relevant_or_tags
6	PASS [  91.653s] (291/593) ken-elaborator r_layer_tests::kenfmt_b4_splicing::ac6_whole_literate_corpus_preserves_prose_ast_and_idempotence_read_only
6	PASS [   0.502s] (292/593) ken-elaborator::record_decl_form right_nested_third_and_dependent_record_fields_elaborate
6	PASS [   2.949s] (293/593) ken-elaborator::record_index_refinement_acceptance control_bare_variable_index_still_elaborates
6	PASS [   0.479s] (294/593) ken-elaborator::record_index_sigma_closure if_condition_validation_closes_an_active_result_premise
6	PASS [   0.507s] (295/593) ken-elaborator::rt_dasm_d1b_role_a_role_authority d1b_role_a_package_cannot_declare_a_runtime_role_constructor_spelling
6	PASS [   0.538s] (296/593) ken-elaborator::rt_dasm_d1b_role_c1_trusted_base_provenance c1_the_roster_is_closed_before_source_and_one_foreign_adds_exactly_one_live_entry
6	PASS [   0.538s] (297/593) ken-elaborator::sct_completeness_repro control_flat_single_sibling_recurses
6	PASS [   0.707s] (298/593) ken-elaborator::sct_reconstruction_descent control_shape_a_nested_split_still_accepts
6	PASS [   0.751s] (299/593) ken-elaborator::sct_reconstruction_descent shape_b_bad_ack2_still_rejected
6	PASS [   0.655s] (300/593) ken-elaborator::sct_reconstruction_descent shape_b_bad_ack_still_rejected
6	PASS [   0.021s] (301/593) ken-elaborator::sec1_acceptance declassify_authorised_accepts_and_listed
6	PASS [   0.017s] (302/593) ken-elaborator::sec1_acceptance label_survives_effect_routing
6	PASS [   0.014s] (303/593) ken-elaborator::sec1_acceptance n1_n2_stub_gaps_carry_reify_triggers
6	PASS [   0.008s] (304/593) ken-elaborator::sec1_acceptance secret_to_public_rejected
6	PASS [   0.018s] (305/593) ken-elaborator::sec1ct_acceptance ct_discipline_cross_case_sweep
6	PASS [   0.014s] (306/593) ken-elaborator::sec1ct_acceptance ct_guarded_branch_implicit_leak_rejected
6	PASS [   0.503s] (307/593) ken-elaborator::sec4_acceptance closed_literal_equalities_bypass_refl_via_top_and_bottom
6	PASS [   0.337s] (308/593) ken-elaborator::sec4_acceptance kernel_check_flips_on_abstract_index_convertibility_without_provenance
6	PASS [   0.234s] (309/593) ken-elaborator::state_effect_build_eff6_integration ac2_runstate_next_post_increment_through_real_interp
6	PASS [   0.320s] (310/593) ken-elaborator::sub1b_uint8_deceq ac5_postulate_is_usable_but_refl_remains_rejected
6	PASS [   0.254s] (311/593) ken-elaborator::surf_space_cells_p1 ac_s2_middle_write_preserves_both_neighbors
6	PASS [   0.427s] (312/593) ken-elaborator::surface_arrow_and_infix_acceptance infix_star_matches_prefix_mul_int
6	PASS [   0.216s] (313/593) ken-elaborator::surface_arrow_in_expr_acceptance plain_parenthesized_ascription_is_unaffected
6	PASS [   0.215s] (314/593) ken-elaborator::surface_def_refinement def_alias_parses_and_elaborates
6	PASS [   0.217s] (315/593) ken-elaborator::surface_def_refinement type_is_reserved_not_a_free_identifier
6	PASS [   0.217s] (316/593) ken-elaborator::surface_named_proof_claims bare_attached_proof_name_is_not_in_ordinary_namespace
6	PASS [   0.214s] (317/593) ken-elaborator::surface_named_proof_claims duplicate_attached_proof_name_on_same_subject_is_rejected
6	PASS [   0.215s] (318/593) ken-elaborator::surface_named_proof_claims local_prop_intro_resolves_through_the_family_name
6	PASS [   0.005s] (319/593) ken-elaborator::t1_acceptance deterministic_modulo_stats_and_display
6	PASS [   0.004s] (320/593) ken-elaborator::t1_acceptance false_unknown_non_confusable_roundtrip
6	PASS [   0.004s] (321/593) ken-elaborator::t1_acceptance obligation_id_stable_across_unrelated_edit
6	PASS [   0.004s] (322/593) ken-elaborator::v1_acceptance disproved_distinct_from_unknown
6	PASS [   0.249s] (323/593) ken-elaborator::v1_acceptance epistemic_projection_distinct
6	PASS [   0.256s] (324/593) ken-elaborator::v2_acceptance match_branch_gamma_scrutinee_equation_placeholder
6	PASS [   0.248s] (325/593) ken-elaborator::v2_acceptance non_spec_program_empty_obligation_set
6	PASS [   0.240s] (326/593) ken-elaborator::v2_acceptance postcondition_emits_substituted_goal
6	PASS [   1.391s] (327/593) ken-elaborator::v3_fo_checker_soundness_d1a_elaborator_divergence_finding data_ctor_with_recursive_nth_form_equality_elaborates
6	PASS [   1.344s] (328/593) ken-elaborator::v3_fo_checker_soundness_d1a_elaborator_divergence_finding minimal_fok_derivation_eliminator_builds_without_trust_growth
6	PASS [   1.558s] (329/593) ken-elaborator::v3_fo_checker_soundness_d2_bool_inversion all_five_lemmas_elaborate_with_zero_trusted_base_delta
6	PASS [   2.595s] (330/593) ken-elaborator::v3_fo_checker_soundness_d2_bool_inversion fok_and_left_applies_to_a_concrete_true_true_instance
6	PASS [  40.313s] (331/593) ken-elaborator::px7f_resource_lifetime_export checked_no_acquire_producer_preserves_the_pre_px7f_t_hash_route
6	PASS [   2.663s] (332/593) ken-elaborator::v3_fo_checker_soundness_d2_bool_inversion fok_or_elim_naive_prebound_form_is_kernel_rejected
6	PASS [   2.870s] (333/593) ken-elaborator::v3_fo_checker_soundness_d3 fragment_witness_excludes_nested_forall_object_right
6	PASS [   2.601s] (334/593) ken-elaborator::v3_fo_embedding_adequacy_d1 recursive_parent_call_is_rejected_by_unchanged_sct
6	PASS [   0.021s] (335/593) ken-elaborator::v3_fo_kripke_slice_acceptance fo_withheld_and_ordinary_unknown_holes_carry_distinct_trusted_base_labels
6	PASS [   0.016s] (336/593) ken-elaborator::v3_fo_kripke_slice_acceptance negative_control_obtains_no_certificate
6	PASS [   0.013s] (337/593) ken-elaborator::v3_fo_kripke_slice_acceptance positive_control_certificate_computes_true
6	PASS [   3.422s] (338/593) ken-elaborator::v3_fo_ken_level_checker_authoring fok_check_cert_accepts_genuine_derivations
6	PASS [   6.056s] (339/593) ken-elaborator::v3_fo_sorted_eigenparameter_refuting_cert bound_object_eigen_step_has_no_constructor_encoding_on_the_ken_surface
6	PASS [   0.005s] (340/593) ken-elaborator::v4_acceptance classically_valid_never_in_refuted_region
6	PASS [   0.223s] (341/593) ken-elaborator::val1_string_literals fibonacci_iterative_elaborates
6	PASS [   0.218s] (342/593) ken-elaborator::val1_string_literals string_literal_infer_path_elaborates
6	PASS [   0.005s] (343/593) ken-foundation canonical::tests::map_ordering_deterministic
6	PASS [   0.004s] (344/593) ken-foundation hash::tests::fnv1a_different_inputs_different_hashes
6	PASS [   0.006s] (345/593) ken-foundation store::tests::intern_dedup_same_value_same_slot
6	PASS [   0.005s] (346/593) ken-foundation store::tests::reset_retires_slot_ids
6	PASS [   0.006s] (347/593) ken-host abi_v1::tests::abi_s6_d4_file_acquire_raw_request_layout_is_exact
6	PASS [   0.007s] (348/593) ken-host abi_v1::tests::native_dispatch_projects_revoked_path_as_the_distinct_ioerror_tag
6	PASS [   0.005s] (349/593) ken-host abi_v1::tests::zero_plan_binding_clears_the_complete_init_result
6	PASS [   0.005s] (350/593) ken-host effect_v1::tests::abi_s1_inheritance_get_set_are_typed_and_right_separated
6	PASS [   0.005s] (351/593) ken-host effect_v1::tests::abi_s6_d2_mapping_views_share_bounds_and_enforce_origin_rights_and_lifetime
6	PASS [   0.004s] (352/593) ken-host effect_v1::tests::abi_s6_d5a_leaves_file_acquisition_represented_unavailable
6	PASS [   0.004s] (353/593) ken-host effect_v1::tests::ac4_entropy_reports_unavailable_rather_than_supplying_bytes_from_elsewhere
6	PASS [   0.005s] (354/593) ken-host effect_v1::tests::capability_grants_thread_attenuated_and_copied_lineage
6	PASS [   0.005s] (355/593) ken-host effect_v1::tests::resource_close_waits_for_the_last_of_multiple_admitted_leases
6	PASS [   0.004s] (356/593) ken-host effect_v1::tests::stale_slot_reuse_wrap_retirement_and_real_consumer_are_distinct
6	PASS [   0.004s] (357/593) ken-host effect_wire::tests::abi_s6_d4_file_acquire_and_mapping_limit_round_trip_typed_wire
6	PASS [   0.004s] (358/593) ken-host effect_wire::tests::linked_trace_codec_preserves_allocation_failure_identity
6	PASS [   0.005s] (359/593) ken-host effect_wire::tests::wire_decoder_rejects_wrote_effective_request_above_raw_request
6	PASS [   0.005s] (360/593) ken-host tests::public_surface_contains_only_ken_owned_semantic_types
6	PASS [   0.007s] (361/593) ken-interp eff_tests::eff1_perform_observe_resume_console
6	PASS [   0.013s] (362/593) ken-interp eff_tests::eff2_sequencing_trace_is_spine_order
6	PASS [   0.013s] (363/593) ken-interp eff_tests::eff5_x1_trace_equals_l5_itree_denotation
6	PASS [   0.013s] (364/593) ken-interp eff_tests::eff7_exhaustive_driver_dispatch_no_silent_skip
6	PASS [   0.006s] (365/593) ken-interp eff_tests::regression_pure_program_never_reaches_driver
6	PASS [   0.007s] (366/593) ken-interp eval::capacity_tests::interp_loud_capacity_error_not_silent
6	PASS [   0.006s] (367/593) ken-interp eval::f1_bignum_tests::f1_dedup_content_address_stable_across_paths
6	PASS [   0.009s] (368/593) ken-interp eval::f1_bignum_tests::f1_store_roundtrip_above_i128_byte_identical
6	PASS [   0.006s] (369/593) ken-interp eval::px5b_effect_observation_tests::ambient_dispatches_append_canonical_events_in_order
6	PASS [   0.006s] (370/593) ken-interp eval::px5b_effect_observation_tests::mapping_limit_reifies_the_distinct_checked_resource_error
6	PASS [   0.006s] (371/593) ken-interp eval::px5b_effect_observation_tests::positioned_backend_unsupported_reifies_as_named_error
6	PASS [   0.007s] (372/593) ken-interp tests::closure_containing_aggregate_has_no_deceq
6	PASS [   5.857s] (373/593) ken-elaborator::v3_fo_sorted_eigenparameter_wrong_sort_controls object_eigen_into_world_binder_is_refused_by_the_sort_guard
6	PASS [  25.351s] (374/593) ken-interp::b3_acceptance sigma_event_concretizes_sigma_member
6	PASS [   0.844s] (375/593) ken-interp::elim_bool_dispatch_acceptance computed_bool_agrees_with_literal_bool_dispatch
6	PASS [   0.005s] (376/593) ken-interp::f1_bignum_acceptance f1_product_chain_exceeds_2_1000
6	PASS [   0.004s] (377/593) ken-interp::f2f3_acceptance ac4_wrapping_add_int8_same_operands_still_wraps
6	PASS [   0.217s] (378/593) ken-interp::i3_fs_floor scoped_resource_kinds_keep_runtime_roles_after_user_bare_rebindings
6	PASS [   0.219s] (379/593) ken-interp::i4_program_caps_step1 program_caps_is_authority_parametric_and_adds_zero_trust
6	PASS [   0.222s] (380/593) ken-interp::i5_scoped_capability traversal_denies_while_sibling_accepts_through_real_dispatch
6	PASS [   0.216s] (381/593) ken-interp::l1_acceptance ac1_int_exact_above_2_53
6	PASS [   0.217s] (382/593) ken-interp::l1_acceptance ac4_explicit_wrapping_is_modular
6	PASS [   0.218s] (383/593) ken-interp::l1_acceptance ac6_decimal_exact
6	PASS [   0.006s] (384/593) ken-interp::nc12_runtime_ir_evaluator unsupported_effect_metadata_rejects_without_success_observation
6	PASS [   0.236s] (385/593) ken-interp::px8x_single_schema_observation real_buffer_bracket_exposes_ordered_target_bindings
6	PASS [   0.007s] (386/593) ken-kernel check::tests::k2_omega_formation
6	PASS [   0.007s] (387/593) ken-kernel check::tests::let_check_accepts_valid_body_at_outer_expected_type
6	PASS [   0.004s] (388/593) ken-kernel check::tests::let_check_preserves_check_mode_for_intro_body
6	PASS [   0.004s] (389/593) ken-kernel conv::tests::cast_congruence_compares_all_four_fields_directionally
6	PASS [   0.004s] (390/593) ken-kernel conv::tests::level_max_zero_absorbed_by_var_at_same_offset
6	PASS [   0.004s] (391/593) ken-kernel inductive::tests::iota_reduct_wrong_methods_arity_errors_not_panics
6	PASS [   0.004s] (392/593) ken-kernel inductive::tests::w_style_branching_domain_not_d_free_rejected
6	PASS [   0.006s] (393/593) ken-kernel sct::tests::canonical_eta_head_realigns_wrapped_body
6	PASS [   0.004s] (394/593) ken-kernel sct::tests::compose_table
6	PASS [   0.006s] (395/593) ken-kernel subst::tests::shift_negative_does_not_underflow
6	PASS [   0.004s] (396/593) ken-kernel subst::tests::subst_tel_empty_is_identity
6	PASS [   0.004s] (397/593) ken-kernel subst::tests::subst_tel_outermost_var_picks_first_arg
6	PASS [   0.009s] (398/593) ken-kernel::acceptance ac1_hierarchy_well_founded
6	PASS [   0.009s] (399/593) ken-kernel::acceptance ac2_dependent_second_projection
6	PASS [   0.007s] (400/593) ken-kernel::acceptance ac2_dependent_sigma_formation
6	PASS [   0.008s] (401/593) ken-kernel::acceptance ac2_pair_intro_dependent
6	PASS [   0.005s] (402/593) ken-kernel::acceptance ac4_elim_vec_iota_open_telescope_index_correct
6	PASS [   0.007s] (403/593) ken-kernel::acceptance ac5_vec_style_constructor_target_indices_admitted
6	PASS [   0.005s] (404/593) ken-kernel::acceptance k2_cast_computes_pi_to_lambda
6	PASS [   0.006s] (405/593) ken-kernel::acceptance k2_omega_pi_convertible
6	PASS [   0.007s] (406/593) ken-kernel::ax2_named_postulate_inertness changing_only_an_opaque_label_changes_audit_text_not_typing
6	PASS [   0.009s] (407/593) ken-kernel::ds6b_intlit_eq_reduction neutral_for_unregistered_primitive
6	PASS [   0.007s] (408/593) ken-kernel::eq_at_inductive_multifield_binder two_field_reflexive_eq_under_trailing_binder_infers_the_nested_proof
6	PASS [   0.007s] (409/593) ken-kernel::k1p5_wstyle ac1_tree_w_style_admitted
6	PASS [   0.005s] (410/593) ken-kernel::k1p5_wstyle ac2_tree_iota_node_fires
6	PASS [   0.008s] (411/593) ken-kernel::k2c_conversion declare_def_non_recursive_admitted
6	PASS [   0.004s] (412/593) ken-kernel::k2c_conversion sct_accept_mutual
6	PASS [   0.005s] (413/593) ken-kernel::k2c_conversion sct_reject_ctor_wrap_compose
6	PASS [   0.004s] (414/593) ken-kernel::k2c_conversion sct_reject_growing
6	PASS [   0.004s] (415/593) ken-kernel::k2c_conversion sct_rejects_nonterminating_hidden_return_pi_group
6	PASS [   0.009s] (416/593) ken-kernel::k5_omega_fragment absurd_discharges_type_motive_from_constructor_disjoint_hypothesis
6	PASS [   0.006s] (417/593) ken-kernel::k5_omega_fragment absurd_type_motive_proof_must_actually_be_bottom
6	PASS [   0.005s] (418/593) ken-kernel::k5_omega_fragment sct_rejects_self_reference_laundered_through_type_absurd_motive
6	PASS [   0.008s] (419/593) ken-kernel::nested_inductives_all generated_all_type_and_omega_cross_at_the_exact_public_level
6	PASS [   0.005s] (420/593) ken-kernel::nested_inductives_all issued_origin_aligns_real_empty_one_join_support_constructors
6	PASS [   0.007s] (421/593) ken-kernel::nested_inductives_d1a parameter_index_derivation_is_total_for_out_of_scope_variables
6	PASS [   0.006s] (422/593) ken-kernel::nested_inductives_d3_shapes direct_and_wstyle_shapes_project_to_the_legacy_api
6	PASS [   0.006s] (423/593) ken-kernel::nested_inductives_d3_shapes primitive_sigma_preserves_topology_and_both_motive_leaves
6	PASS [   0.009s] (424/593) ken-kernel::nested_inductives_d3b_d4 polymorphic_former_transport_preserves_guest_levels
6	PASS [   0.007s] (425/593) ken-kernel::nested_inductives_remaining polarity_producer_covers_all_four_positions_with_independent_mutations
6	PASS [   0.005s] (426/593) ken-kernel::nested_inductives_remaining seed_negative_under_fresh_positive_bag_rejects_only_inner_arrow
6	PASS [   0.009s] (427/593) ken-kernel::sigma_sort sigma_subset_pairs_not_proof_irrelevant
6	PASS [   0.024s] (428/593) ken-runtime activation_abi::tests::two_activations_across_the_c_abi_get_distinct_services
6	PASS [   0.005s] (429/593) ken-runtime boundary_activation::tests::one_past_max_epoch_has_an_exact_nonwrapping_request
6	PASS [   0.016s] (430/593) ken-runtime boundary_activation::tests::the_eight_authorized_limits_reach_their_own_published_ceilings
6	PASS [   0.009s] (431/593) ken-runtime boundary_activation::tests::unrepresentable_node_grants_do_not_panic_at_open_or_begin
6	PASS [   0.006s] (432/593) ken-runtime boundary_resource_profile::tests::a_missing_profile_is_distinguishable_from_exhaustion_and_names_its_stage
6	PASS [   0.005s] (433/593) ken-runtime boundary_value::reservation_units_tests::region_reservation_can_shrink_before_publication
6	PASS [   0.047s] (434/593) ken-runtime boundary_value_clif::tests::b2v_a_wrapped_limb_span_fails_closed
6	PASS [   1.368s] (435/593) ken-runtime boundary_value_clif::tests::b2v_ac10_a_deep_acyclic_chain_adopts_without_walk_recursion
6	PASS [   0.044s] (436/593) ken-runtime boundary_value_clif::tests::b2v_ac10_the_magnitude_boundary_is_a_real_emitted_partition
6	PASS [   0.006s] (437/593) ken-runtime boundary_value_clif::tests::b2v_ac6_invocation_owned_classes_are_never_persisted
6	PASS [   0.049s] (438/593) ken-runtime boundary_value_clif::tests::b2v_emitted_code_constructs_a_nonconstant_constructor_and_a_consumer_reads_it
6	PASS [   0.236s] (439/593) ken-runtime boundary_value_clif::tests::b2v_every_emitted_tag_admission_test_is_the_plans
6	PASS [   0.021s] (440/593) ken-runtime boundary_value_clif::tests::b2v_the_magnitude_marker_relation_is_closed_over_owner_and_marker
6	PASS [   0.005s] (441/593) ken-runtime boundary_value_clif::tests::b2v_the_plan_owner_bands_agree_with_referent_owner
6	PASS [   0.014s] (442/593) ken-runtime boundary_value_clif::tests::d3_a_span_past_the_live_data_is_refused_on_the_bounds_axis
6	PASS [   0.014s] (443/593) ken-runtime boundary_value_clif::tests::d3_a_wrong_class_word_is_refused_on_the_class_axis
6	PASS [   0.005s] (444/593) ken-runtime canonical::tests::bignum_minimal_limb
6	PASS [   0.217s] (445/593) ken-runtime cranelift_backend::artifact::api::tests::nc22_ambiguous_runtime_ir_report_target_rejects_before_native_lowering
6	PASS [   0.010s] (446/593) ken-runtime cranelift_backend::artifact::api::tests::nc8_certificate_missing_fields_rejects_loudly
6	PASS [   0.039s] (447/593) ken-runtime cranelift_backend::artifact::api::tests::nc8_certificate_rejects_add_int_var_bound_to_bool_payload
6	PASS [   0.005s] (448/593) ken-runtime cranelift_backend::artifact::api::tests::nc8_certificate_rejects_top_level_observable_closure
6	PASS [   0.005s] (449/593) ken-runtime cranelift_backend::artifact::api::tests::reachable_package_effect_metadata_rejects_before_backend_lowering
6	PASS [   0.011s] (450/593) ken-runtime cranelift_backend::artifact::tests::px8i_jit_and_object_construct_identical_local_helper_clif
6	PASS [   0.008s] (451/593) ken-runtime cranelift_backend::grafted_spine_control_graph::tests::several_real_seed_alternatives_may_converge_on_one_terminal
6	PASS [   0.042s] (452/593) ken-runtime cranelift_backend::lowering::aggregates::tests::a_constructor_store_loop_child_reports_a_direct_boundary_transfer
6	PASS [   0.005s] (453/593) ken-runtime cranelift_backend::lowering::boundary::tests::recut2_the_phase_inventory_is_bound_to_the_type
6	PASS [   0.005s] (454/593) ken-runtime cranelift_backend::lowering::boundary::tests::recut2_the_tag_admission_is_derived_from_the_partition_not_restated
6	PASS [   0.006s] (455/593) ken-runtime cranelift_backend::lowering::boundary::tests::refusal_pins_rehomed_computational_match_without_selector_exclusion
6	PASS [   0.020s] (456/593) ken-runtime cranelift_backend::lowering::core::primitive::tests::explicit_partial_primitive_reports_trap_not_backend_bug
6	PASS [   0.041s] (457/593) ken-runtime cranelift_backend::lowering::core::primitive::tests::px8i_comparison_observes_high_limbs_and_dynamic_join_preserves_pair
6	PASS [   0.018s] (458/593) ken-runtime cranelift_backend::lowering::core::primitive::tests::safe_bytes_at_oob_lowers_to_none_with_bounds_obligation
6	PASS [   0.032s] (459/593) ken-runtime cranelift_backend::lowering::core::tests::constructors::a_missing_diagnostic_child_that_was_already_absent_is_not_a_mutation_hit
6	PASS [   0.015s] (460/593) ken-runtime cranelift_backend::lowering::core::tests::constructors::ac1_source_machine_match_classifies_a_carried_scrutinee_by_phase
6	PASS [   0.029s] (461/593) ken-runtime cranelift_backend::lowering::core::tests::constructors::ac1_the_seat_dispatches_a_classified_carried_operand_before_join_acquisition
6	PASS [   0.017s] (462/593) ken-runtime cranelift_backend::lowering::core::tests::constructors::b2f_d9_a_no_pair_spillable_crosses_on_its_own_tag
6	PASS [   0.015s] (463/593) ken-runtime cranelift_backend::lowering::core::tests::constructors::b2f_d9_a_value_inside_the_field_takes_the_immediate_arm
6	PASS [   0.015s] (464/593) ken-runtime cranelift_backend::lowering::core::tests::constructors::c1_d3_ac_c4_a_carried_recursive_position_builds_its_hypothesis_and_eliminates
6	PASS [   0.007s] (465/593) ken-runtime cranelift_backend::lowering::core::tests::constructors::c1_d3_ac_c4_the_recursor_capsule_is_refused_before_its_residual_is_read
6	PASS [   0.034s] (466/593) ken-runtime cranelift_backend::lowering::core::tests::constructors::c2_ac6_host_result_covers_resource_token_and_response_bytes_payloads
6	PASS [   0.022s] (467/593) ken-runtime cranelift_backend::lowering::core::tests::constructors::carried_bounded_nat_adapter_is_load_bearing
6	PASS [   0.015s] (468/593) ken-runtime cranelift_backend::lowering::core::tests::constructors::carried_nat_match_selects_zero_and_suc_immediates
6	PASS [   0.019s] (469/593) ken-runtime cranelift_backend::lowering::core::tests::constructors::constructor_field_recursive_ih_offset_selects_argument_binder
6	PASS [   0.014s] (470/593) ken-runtime cranelift_backend::lowering::core::tests::constructors::d2_a_capacity_exceeding_runtime_span_fails_before_publication
6	PASS [   0.030s] (471/593) ken-runtime cranelift_backend::lowering::core::tests::constructors::d4_an_observable_span_yields_pointer_length_and_outcome_zero
6	PASS [   0.009s] (472/593) ken-runtime cranelift_backend::lowering::core::tests::constructors::dynamic_constructor_unknown_tag_runs_malformed_not_source_default
6	PASS [   0.022s] (473/593) ken-runtime cranelift_backend::lowering::core::tests::constructors::heterogeneous_nested_payload_kind_is_guarded_in_the_emitted_consumer
6	PASS [   0.035s] (474/593) ken-runtime cranelift_backend::lowering::core::tests::constructors::nested_computational_carrier_final_kind_is_runtime_guarded
6	PASS [   0.017s] (475/593) ken-runtime cranelift_backend::lowering::core::tests::constructors::nested_computational_malformed_recursive_position_rejects_specifically
6	PASS [   0.036s] (476/593) ken-runtime cranelift_backend::lowering::core::tests::constructors::selected_worker_generated_gate_rejects_wrong_target_and_duplicate
6	PASS [   0.007s] (477/593) ken-runtime cranelift_backend::lowering::core::tests::constructors::static_worker_construction_rejects_capture_count_against_definition
6	PASS [   0.006s] (478/593) ken-runtime cranelift_backend::lowering::core::tests::constructors::static_worker_construction_rejects_slot_offset_disagreement
6	PASS [   0.031s] (479/593) ken-runtime cranelift_backend::lowering::core::tests::control::a_closure_stored_as_constructor_data_cannot_cross_a_unit_boundary
6	PASS [   0.007s] (480/593) ken-runtime cranelift_backend::lowering::core::tests::control::an_out_of_range_child_position_is_a_loud_planner_invariant
6	PASS [   0.007s] (481/593) ken-runtime cranelift_backend::lowering::core::tests::control::distinguished_root_authority_is_checked_affine_and_cursor_bound
6	PASS [   0.010s] (482/593) ken-runtime cranelift_backend::lowering::core::tests::control::oriented_open_control_obligations_are_affine_and_mint_exact
6	PASS [   0.007s] (483/593) ken-runtime cranelift_backend::lowering::core::tests::control::oriented_segment_keeps_semantic_and_control_axes_independent
6	PASS [   0.010s] (484/593) ken-runtime cranelift_backend::lowering::core::tests::control::px8j_all_three_direct_consumers_propagate_the_role_validator
6	PASS [   0.006s] (485/593) ken-runtime cranelift_backend::lowering::core::tests::control::rt_escape_within_path_duplicate_frame_consume_still_rejects
6	PASS [   0.005s] (486/593) ken-runtime cranelift_backend::lowering::core::tests::control::the_field_inventory_extractor_sees_an_added_term_field
6	PASS [   0.016s] (487/593) ken-runtime cranelift_backend::lowering::core::tests::control::unmarked_equal_shape_frame_cannot_consume_retained_join_site
6	PASS [   0.089s] (488/593) ken-runtime cranelift_backend::lowering::core::tests::effects::a_capacity_that_is_not_an_exact_int_fails_closed_and_is_never_invalid_bounds
6	PASS [   0.025s] (489/593) ken-runtime cranelift_backend::lowering::core::tests::effects::call_returned_host_result_keeps_established_dynamic_lane
6	PASS [   0.063s] (490/593) ken-runtime cranelift_backend::lowering::core::tests::effects::carried_site_operand_projection_preserves_the_exact_source_witness
6	PASS [   0.050s] (491/593) ken-runtime cranelift_backend::lowering::core::tests::effects::complementary_omissions_across_two_visits_both_reject_though_their_union_is_complete
6	PASS [   0.016s] (492/593) ken-runtime cranelift_backend::lowering::core::tests::effects::directory_entry_name_is_a_governed_host_response_referent
6	PASS [   0.056s] (493/593) ken-runtime cranelift_backend::lowering::core::tests::effects::px8n_fs_read_at_arm_distinguishes_eof_and_short_read_some
6	PASS [   0.005s] (494/593) ken-runtime cranelift_backend::lowering::core::tests::effects::seat_contracts_differ_on_ordinal_capability_and_need_not_operation
6	PASS [   0.017s] (495/593) ken-runtime cranelift_backend::lowering::core::tests::every_expression_typed_field_is_a_reachable_positional_child_origin
6	PASS [   0.043s] (496/593) ken-runtime cranelift_backend::lowering::core::tests::host_call_carrier::d4_claiming_under_a_unit_that_does_not_own_the_token_reds
6	PASS [   0.041s] (497/593) ken-runtime cranelift_backend::lowering::core::tests::host_call_carrier::d4_substituting_the_emitted_funcref_reds_the_emission_equality
6	PASS [   0.006s] (498/593) ken-runtime cranelift_backend::lowering::core::tests::host_call_carrier::d5_the_closeout_planned_set_comes_from_the_plan_not_from_the_emissions
6	PASS [   0.029s] (499/593) ken-runtime cranelift_backend::lowering::core::tests::positional_candidate_settlement::ced_d3_m5_settling_the_direct_candidate_twice_is_refused_at_the_second_settlement
6	PASS [   0.147s] (500/593) ken-runtime cranelift_backend::lowering::core::tests::positional_candidate_settlement::ced_d3_the_five_rows_are_five_proofs_and_not_one_shared_terminal
6	PASS [   0.086s] (501/593) ken-runtime cranelift_backend::lowering::core::tests::positional_candidate_settlement::d2k_1b_unmarked_seeds_refuse_and_resolve_no_fusion_plane
6	PASS [   0.037s] (502/593) ken-runtime cranelift_backend::lowering::core::tests::positional_candidate_settlement::d3_a_two_parameter_source_declaration_binds_its_positions_in_de_bruijn_order
6	PASS [   0.049s] (503/593) ken-runtime cranelift_backend::lowering::core::tests::positional_candidate_settlement::d3_generated_context_arity_sentinel_edge_is_reached
6	PASS [   0.042s] (504/593) ken-runtime cranelift_backend::lowering::core::tests::positional_candidate_settlement::d3_the_ported_producer_call_scrutinee_runs_unhooked_on_the_functionized_lane
6	PASS [   0.013s] (505/593) ken-runtime cranelift_backend::lowering::core::tests::recursor_fusion::contkey_wrong_own_occurrence_seed_is_rejected
6	PASS [   0.109s] (506/593) ken-runtime cranelift_backend::lowering::core::tests::recursor_fusion::r3_fused_late_call_build_refusal_keeps_claim_outstanding
6	PASS [   0.061s] (507/593) ken-runtime cranelift_backend::lowering::core::tests::recursor_fusion::r3_fused_wrong_consuming_call_refuses_before_claim_consumption
6	PASS [   0.091s] (508/593) ken-runtime cranelift_backend::lowering::core::tests::source_frame_bridge::d8f_the_remaining_checked_marker_refusals
6	PASS [   0.054s] (509/593) ken-runtime cranelift_backend::lowering::core::tests::source_frame_bridge::d8m_two_distinct_occurrences_each_keep_their_own_frame
6	PASS [   0.068s] (510/593) ken-runtime cranelift_backend::lowering::core::tests::source_frame_bridge::d8p_preserves_the_refusals_the_projection_could_have_weakened
6	PASS [   0.049s] (511/593) ken-runtime cranelift_backend::lowering::core::tests::specialization_binding::d5a_a_missing_generated_context_binding_refuses_before_any_phantom_is_emitted
6	PASS [   0.109s] (512/593) ken-runtime cranelift_backend::lowering::core::tests::specialization_binding::d5a_a_plan_the_application_disagrees_with_refuses_before_the_worker_call
6	PASS [   0.049s] (513/593) ken-runtime cranelift_backend::lowering::core::tests::specialization_binding::d5a_two_generated_contexts_claiming_one_key_is_a_hard_stop
6	PASS [   0.062s] (514/593) ken-runtime cranelift_backend::lowering::core::tests::specialization_binding::d6a_a_raw_or_static_worker_call_cannot_mint_the_checked_route
6	PASS [   0.026s] (515/593) ken-runtime cranelift_backend::lowering::core::tests::specialization_binding::d7a_the_three_field_selector_collides_where_the_four_field_selector_resolves
6	PASS [   0.025s] (516/593) ken-runtime cranelift_backend::lowering::core::tests::specialization_binding::d8h_a_composed_call_target_carries_the_identity_its_own_coordinate_selects
6	PASS [   0.012s] (517/593) ken-runtime cranelift_backend::lowering::source::tests::px8j_source_machine_install_accepts_valid_unchecked_segment
6	PASS [   0.007s] (518/593) ken-runtime cranelift_backend::lowering::units::admitted_matches_role_sequence::an_ordinal_disagreement_with_the_roles_is_refused
6	PASS [   0.007s] (519/593) ken-runtime cranelift_backend::lowering::units::admitted_matches_role_sequence::the_planner_issued_association_agrees
6	PASS [   0.012s] (520/593) ken-runtime cranelift_backend::planning::static_transition::aggregates::checked_ih_captured_env_schema::bind_continuation_production_rejects_response_lifetime_mismatch
6	PASS [   0.014s] (521/593) ken-runtime cranelift_backend::planning::static_transition::aggregates::checked_ih_captured_env_schema::records_are_keyed_by_exact_force_edges_not_containment
6	PASS [   0.020s] (522/593) ken-runtime cranelift_backend::planning::static_transition::aggregates::checked_ih_captured_env_schema::the_issued_seats_are_exactly_the_seats_with_a_coordinate_run
6	PASS [   0.013s] (523/593) ken-runtime cranelift_backend::planning::static_transition::aggregates::tests::a_lawful_non_dynamic_root_is_not_a_failed_lookup
6	PASS [   0.012s] (524/593) ken-runtime cranelift_backend::planning::static_transition::aggregates::tests::a_scalar_nodes_owner_set_comes_from_its_exact_spill_disposition
6	PASS [   0.011s] (525/593) ken-runtime cranelift_backend::planning::static_transition::aggregates::tests::an_abandoned_eager_template_contributes_neither_records_nor_allocation
6	PASS [   1.135s] (526/593) ken-runtime cranelift_backend::planning::static_transition::closure::tests::b2r_ac7_the_abi_plane_adds_no_parser_and_no_dependency_edge
6	PASS [   0.097s] (527/593) ken-runtime cranelift_backend::planning::static_transition::closure::tests::boundary_b1_nested_resource_brackets_n3_through_n7_are_closed_and_affine
6	PASS [   0.006s] (528/593) ken-runtime cranelift_backend::planning::static_transition::closure::tests::boundary_b1_preserves_equal_occurrences_and_reuses_one_activation_program
6	PASS [   0.014s] (529/593) ken-runtime cranelift_backend::planning::static_transition::closure::tests::boundary_c1_validate_rejects_equal_bytes_interned_at_two_spans
6	PASS [   0.015s] (530/593) ken-runtime cranelift_backend::planning::static_transition::closure::tests::closed_identity_terminal_and_store_guards_reject_exact_mutations
6	PASS [   0.007s] (531/593) ken-runtime cranelift_backend::planning::static_transition::closure::tests::declaration_call_validation_positions_out_of_order_sources_once
6	PASS [   0.007s] (532/593) ken-runtime cranelift_backend::planning::static_transition::closure::tests::p2_the_fixture_witness_refuses_closures
6	PASS [   0.017s] (533/593) ken-runtime cranelift_backend::planning::static_transition::closure::tests::quartet_edge_sets_and_completed_successor_reject_alternate_calls
6	PASS [   0.007s] (534/593) ken-runtime cranelift_backend::planning::static_transition::closure::tests::substrate_case_emission_open_ingress_prunes_nothing
6	PASS [   0.027s] (535/593) ken-runtime cranelift_backend::planning::static_transition::construction::tests::collapsing_only_the_static_body_target_class_is_refused
6	PASS [   0.045s] (536/593) ken-runtime cranelift_backend::planning::static_transition::construction::tests::collapsing_the_body_to_its_scheduling_entry_recreates_the_closeout_failure
6	PASS [   0.005s] (537/593) ken-runtime cranelift_backend::planning::static_transition::construction::tests::computational_match_is_the_sole_entry_occurrence_split
6	PASS [   0.006s] (538/593) ken-runtime cranelift_backend::planning::static_transition::construction::tests::d2_a_transparent_closure_seed_declaration_owns_a_callable_unit
6	PASS [   0.006s] (539/593) ken-runtime cranelift_backend::planning::static_transition::construction::tests::d4_the_declaration_call_partition_is_causal_in_both_directions
6	PASS [   0.023s] (540/593) ken-runtime cranelift_backend::planning::static_transition::continuations::fusion::tests::d2f_2_the_region_claim_is_issued_once_and_each_ruled_rule_refuses
6	PASS [   0.008s] (541/593) ken-runtime cranelift_backend::planning::static_transition::continuations::fusion::tests::d2i_ac2_suppressing_only_the_descent_takes_the_candidate_to_zero
6	PASS [   0.008s] (542/593) ken-runtime cranelift_backend::planning::static_transition::continuations::fusion::tests::d2i_the_discovery_ledger_is_richer_than_the_seed_reconstruction
6	PASS [   0.011s] (543/593) ken-runtime cranelift_backend::planning::static_transition::continuations::fusion::tests::d3_the_ordinary_and_fusion_local_populations_partition_the_planned_ones
6	PASS [   0.008s] (544/593) ken-runtime cranelift_backend::planning::static_transition::continuations::tests::contspec_each_projection_field_prevents_one_compile_valid_collision
6	PASS [   0.008s] (545/593) ken-runtime cranelift_backend::planning::static_transition::continuations::tests::contspec_ordinary_prefix_uses_the_ordered_worker_envelope
6	PASS [   0.008s] (546/593) ken-runtime cranelift_backend::planning::static_transition::continuations::tests::contspec_planned_edge_closure_rejects_omission_and_redirection
6	PASS [   0.008s] (547/593) ken-runtime cranelift_backend::planning::static_transition::continuations::tests::d3_two_distinct_planned_edges_may_not_name_one_specialization
6	PASS [   0.004s] (548/593) ken-runtime cranelift_backend::planning::static_transition::immediate_bridge::tests::new_intent_static_host_operation_cause
6	PASS [   0.004s] (549/593) ken-runtime cranelift_backend::planning::static_transition::immediate_bridge::tests::refuses_an_ih_slots_wrapper_whose_inner_form_is_wrong
6	PASS [   0.004s] (550/593) ken-runtime cranelift_backend::planning::static_transition::immediate_bridge::tests::refuses_when_neither_cause_holds
6	PASS [   0.008s] (551/593) ken-runtime cranelift_backend::planning::static_transition::immediate_bridge::tests::validation_accepts_an_empty_plane_when_the_derivation_is_empty
6	PASS [   0.014s] (552/593) ken-runtime cranelift_backend::planning::static_transition::occurrences::tests::the_occurrence_table_is_total_over_every_planned_expression
6	PASS [   0.004s] (553/593) ken-runtime cranelift_backend::planning::static_transition::selected_pending_calls::tests::checked_template_slot_identifies_the_marked_read_not_the_raw_var
6	PASS [   0.006s] (554/593) ken-runtime cranelift_backend::planning::static_transition::selected_pending_calls::tests::open_return_and_generated_crossings_keep_the_admission_refusals
6	PASS [   0.009s] (555/593) ken-runtime cranelift_backend::planning::static_transition::units::tests::b2r_ac5_an_imported_capture_edge_is_refused_and_intra_module_recursion_is_not
6	PASS [   0.009s] (556/593) ken-runtime cranelift_backend::planning::static_transition::units::tests::contspec_abi_refuses_owner_lifetime_and_affinity_disagreement
6	PASS [   0.007s] (557/593) ken-runtime cranelift_backend::surface::surface_diagnostics_tests::validated_run_error_from_impls_select_the_matching_arm
6	PASS [   0.006s] (558/593) ken-runtime cranelift_backend::surface::surface_diagnostics_tests::validated_run_error_prefixes_validation_but_delegates_backend_verbatim
6	PASS [   0.006s] (559/593) ken-runtime executable_artifact_contract::tests::available_native_artifact_rejects_unavailable_or_unsupported_lanes
6	PASS [   0.005s] (560/593) ken-runtime executable_artifact_contract::tests::native_and_toolchain_facts_cannot_be_semantic_authority
6	PASS [   0.006s] (561/593) ken-runtime executable_artifact_contract::tests::unsupported_native_marker_rejects_blank_construct_or_reason
6	PASS [   0.005s] (562/593) ken-runtime executable_entrypoint_packaging::tests::contract_target_mismatch_rejects_entrypoint_binding
6	PASS [   0.006s] (563/593) ken-runtime executable_entrypoint_packaging::tests::stale_entrypoint_metadata_identity_rejects_after_hash_refresh_attack
6	PASS [   0.007s] (564/593) ken-runtime ir::tests::acf1_computational_frames_differing_only_in_a_closure_body_share_a_fingerprint
6	PASS [   0.007s] (565/593) ken-runtime ir::tests::acf2_computational_argument_binders_is_load_bearing
6	PASS [   0.004s] (566/593) ken-runtime ir::tests::checked_ih_binder_morphism_maps_the_lawful_ordinal_zero_to_runtime_four
6	PASS [   0.009s] (567/593) ken-runtime ir::tests::ir_has_no_backend_layout_surface
6	PASS [   0.007s] (568/593) ken-runtime ir::tests::seed_examples_are_observation_limited
6	PASS [   1.670s] (569/593) ken-runtime native_execution_differential::tests::missing_effect_authority_reports_represented_unavailable
6	PASS [   1.558s] (570/593) ken-runtime native_execution_differential::tests::stale_executable_bytes_reject_before_native_execution
6	PASS [   0.030s] (571/593) ken-runtime native_process_entrypoint::tests::trap_reports_to_runtime_stderr_and_clean_run_does_not
6	PASS [   0.030s] (572/593) ken-runtime object_linker_packaging::tests::carried_loop_header_edges_keep_their_distinct_control_words
6	PASS [   0.006s] (573/593) ken-runtime object_linker_packaging::tests::forged_entrypoint_package_kind_version_rejects_before_linking
6	PASS [   1.510s] (574/593) ken-runtime object_linker_packaging::tests::generic_object_decodes_terminal_big_before_destroying_its_arena
6	PASS [   0.005s] (575/593) ken-runtime object_linker_packaging::tests::stale_filesystem_root_fails_the_bound_entrypoint_check
6	PASS [   0.005s] (576/593) ken-runtime object_linker_packaging::tests::stale_root_execution_marker_fails_the_bound_entrypoint_check
6	PASS [   0.019s] (577/593) ken-runtime object_linker_packaging::tests::trap_observation_rejects_without_promoting_runtime_error_to_build_success
6	PASS [   0.005s] (578/593) ken-runtime oriented_subcontinuation_plan::tests::canonical_roundtrip_keeps_full_checked_interfaces
6	PASS [   0.004s] (579/593) ken-runtime oriented_subcontinuation_plan::tests::endpoint_or_occurrence_corruption_rejects
6	PASS [   0.005s] (580/593) ken-runtime platform_runtime_support::tests::declaration_ref_scans_referenced_transparent_body
6	PASS [   0.006s] (581/593) ken-runtime store::tests::at_limit_repeat_does_not_trip
6	PASS [   0.096s] (582/593) ken-runtime::value_depth_totality ac_p3b_debug_returns_and_renders_at_depth_d_through_all_child_positions
6	PASS [   0.115s] (583/593) ken-runtime::value_depth_totality ac_v12_witness_hashing_is_total_at_depth_d
6	PASS [   0.049s] (584/593) ken-runtime::value_depth_totality ac_v1_new_encoder_emits_exact_closed_form_bytes_at_depth_d
6	PASS [   0.004s] (585/593) ken-runtime::value_depth_totality every_chain_variant_builds_a_chain_of_that_variant
6	PASS [   0.006s] (586/593) ken-verify host::tests::scripted_console_is_execution_only
6	PASS [   0.006s] (587/593) ken-verify host::tests::unscripted_clock_read_fails_loudly
6	PASS [  94.843s] (588/593) ken-elaborator::px8x_static_export_projection direct_body_and_fixed_descriptor_fail_closed_before_wire_output
6	PASS [  45.325s] (589/593) ken-interp::b3_acceptance q_p_assertion_points_project_from_export
6	PASS [  40.263s] (590/593) ken-verify scenario::tests::change_mode_is_observed_and_matches_across_real_twin_roots
6	PASS [  39.591s] (591/593) ken-verify scenario::tests::directory_change_mode_matches_across_real_twin_roots
6	PASS [  82.629s] (592/593) ken-verify scenario::tests::fs_remove_file_exercises_every_path_policy_refusal
6	PASS [ 180.334s] (593/593) ken-elaborator::r3_c2_source_mixed_branch r3_4b_observation_feature_is_native_artifact_identical
4	PASS [   0.009s] (  1/594) ken-cli entrypoint_tests::exit_code_mapping_is_total_and_failure_zero_fails_closed
4	PASS [   1.053s] (  2/594) ken-cli::deterministic_app injected_application_run_is_byte_identical_and_drives_capture_host
4	PASS [   0.433s] (  3/594) ken-cli::ken_check_mode stale_reject_in_imported_dependency_is_not_run
4	PASS [   0.012s] (  4/594) ken-cli::ken_fmt fmt_fails_loudly_for_unsupported_paths_and_must_parse_bodies
4	PASS [   0.448s] (  5/594) ken-cli::ken_md_literate_cli ken_ignore_fence_is_prose_only_for_cli
4	PASS [   0.439s] (  6/594) ken-cli::ken_md_literate_cli ken_run_accepts_exact_ken_md_fence
4	PASS [  72.124s] (  7/594) ken-cli::abi_s6_mapping_surface_native read_only_mapping_refuses_payload_write_with_exact_rights
4	PASS [   0.006s] (  8/594) ken-cli::library_documentation_gates agent_pack_integrity_rejects_missing_modules_and_cycles
4	PASS [   0.130s] (  9/594) ken-cli::library_documentation_gates generator_only_ever_writes_the_proposed_sibling_never_the_real_ledger
4	PASS [   0.079s] ( 10/594) ken-cli::library_documentation_gates missing_origin_main_anchor_is_rejected_not_silently_skipped
4	PASS [   0.006s] ( 11/594) ken-cli::library_documentation_gates slugify_matches_the_proposals_own_worked_anchor
4	PASS [   0.006s] ( 12/594) ken-cli::mrc_d8_manifest_premise mrc_d8_real_control_fact_one_reds_on_the_shipped_workspace_manifest
4	PASS [   0.006s] ( 13/594) ken-cli::mrc_d8_manifest_premise mrc_d9_control_c_the_featured_dev_edge_is_not_an_offender
4	PASS [   0.007s] ( 14/594) ken-cli::px4b_native_production string_literal_end_leaves_non_raw_and_plain_strings_intact
4	PASS [  75.174s] ( 15/594) ken-cli::abi_s6_mapping_surface_native out_of_range_map_write_is_invalid_bounds_not_clamped
4	PASS [  47.695s] ( 16/594) ken-cli::px7m_hostresult_computational_match dynamic_err_pending_route_refuses_missing_effect_binding_before_join_accounting
4	PASS [  51.608s] ( 17/594) ken-cli::px7l_checked_host_recursive_bind delayed_capturing_generic_bind_agrees_across_real_executors
4	PASS [ 153.536s] ( 18/594) ken-cli::abi_s6_mapping_surface_native fixed_accounting_boundary_lengths_reach_both_engines
4	PASS [  51.940s] ( 19/594) ken-cli::px7m_hostresult_computational_match flipped_outer_arm_label_preserves_the_inner_owner_contract
4	PASS [  57.813s] ( 20/594) ken-cli::px7o_heterogeneous_eliminator_frames nested_err_payload_reaches_both_real_executors
4	PASS [   0.433s] ( 21/594) ken-cli::px8l_recursive_decl_native nondecreasing_cycle_is_rejected_before_native_lowering
4	PASS [  59.403s] ( 22/594) ken-cli::px7p_constructor_field_composition selected_ok_field_reaches_both_real_executors
4	PASS [ 215.496s] ( 23/594) ken-cli::lang_checked_ih_body_view_cause d5_inorder_compiles_runs_and_its_exit_value_discriminates_every_recursive_position
4	PASS [  59.614s] ( 24/594) ken-cli::px8h_heterogeneous_continuation multiple_steps_preserve_the_recursive_payload_direction
4	PASS [  58.244s] ( 25/594) ken-cli::rt_cold_lowering_checked_family_enumeration every_checked_family_program_reaches_its_expected_terminal_state
4	PASS [  55.973s] ( 26/594) ken-cli::rt_escape_second_resource_native escape_one_used_matches_interpreter
4	PASS [   0.593s] ( 27/594) ken-cli::rt_span_prov_native sp_c_released_span_not_revived_by_slot_reuse_interp
4	PASS [   0.427s] ( 28/594) ken-cli::t2_acceptance ac6_verify_path_is_real_prover
4	PASS [   0.008s] ( 29/594) ken-elaborator checked_core::tests::body_view_rejects_malformed_declaration_bytes
4	PASS [   0.013s] ( 30/594) ken-elaborator checked_core::tests::body_view_rejects_non_executable_dictionary_field_use
4	PASS [   0.010s] ( 31/594) ken-elaborator checked_core::tests::body_view_rejects_unsupported_dependent_record_sigma_field_shape
4	PASS [   0.009s] ( 32/594) ken-elaborator checked_core::tests::body_view_rejects_unsupported_recursive_shape
4	PASS [   0.009s] ( 33/594) ken-elaborator checked_core::tests::level_encoding_uses_semilattice_normal_form
4	PASS [   0.009s] ( 34/594) ken-elaborator checked_core::tests::package_consumer_uses_artifact_without_surface_source
4	PASS [   0.007s] ( 35/594) ken-elaborator checked_core::tests::primitive_identity_is_registry_symbol_not_primitive_global_id
4	PASS [   0.009s] ( 36/594) ken-elaborator checked_core::tests::validator_rejects_missing_or_unsupported_artifact_versions
4	PASS [   0.008s] ( 37/594) ken-elaborator compiler_driver::tests::erased_whole_match_does_not_precede_the_runtime_match_census
4	PASS [   0.500s] ( 38/594) ken-elaborator compiler_driver::tests::executable_entrypoint_reports_unsupported_lowerability_before_native_work
4	PASS [   0.555s] ( 39/594) ken-elaborator compiler_driver::tests::target_closure_preserves_obligations_trust_and_dependencies
4	PASS [   1.018s] ( 40/594) ken-elaborator compiler_driver::tests::target_closure_reaches_declaration_dependencies_and_changes_with_content
4	PASS [   0.548s] ( 41/594) ken-elaborator compiler_driver::tests::target_closure_rejects_dropped_reachable_metadata
4	PASS [   0.509s] ( 42/594) ken-elaborator compiler_driver::tests::unsupported_target_metadata_is_reported_as_named_lane
4	PASS [   0.435s] ( 43/594) ken-elaborator elab::match_matrix_occurrence_tests::production_two_level_recursive_split_rebases_binding_under_both_ihs
4	PASS [   0.419s] ( 44/594) ken-elaborator elab::nested_lift_association_tests::direct_recursive_ih_self_call_discharges_before_ordinary_arguments
4	PASS [   0.422s] ( 45/594) ken-elaborator elab::nested_lift_association_tests::lifted_dispatch_rejects_a_foreign_constructor_before_reading_lift_evidence
4	PASS [   0.008s] ( 46/594) ken-elaborator elab::nested_lift_association_tests::swapped_lift_association_mutation_rejects
4	PASS [   0.007s] ( 47/594) ken-elaborator elab::nested_lift_association_tests::validator_failures_map_to_named_structural_diagnostics_with_field_spans
4	PASS [   0.422s] ( 48/594) ken-elaborator elab::omega_index_refinement_tests::hidden_result_matched_type_classifier_remains_type_only
4	PASS [   0.426s] ( 49/594) ken-elaborator elab::omega_index_refinement_tests::reindex_classifier_outside_type_or_omega_fails_closed
4	PASS [   0.008s] ( 50/594) ken-elaborator erasure::px7l_tests::computational_ih_and_capture_order_have_independent_opposites
4	PASS [   0.007s] ( 51/594) ken-elaborator erasure::px7l_tests::static_and_runtime_selected_capability_policies_are_exhaustively_identical
4	PASS [   0.008s] ( 52/594) ken-elaborator fo_kripke::tests::mentions_var0_detects_var0_in_pair_second_component
4	PASS [   0.007s] ( 53/594) ken-elaborator layout::tests::display_columns_are_not_utf8_bytes
4	PASS [   0.007s] ( 54/594) ken-elaborator lexer::validated_source_tests::suffix_view_cannot_reacquire_the_root_bom_exception
4	PASS [   0.007s] ( 55/594) ken-elaborator lossless::comment_kind_mapping_tests::from_comment_kind_maps_each_arm_directly
4	PASS [  45.875s] ( 56/594) ken-cli::rt_planner_seed_binding_order two_different_type_parameters_read_after_a_bind_keep_their_values
4	PASS [   0.430s] ( 57/594) ken-elaborator modules::namespace_effect_tests::file_facade_uses_source_file_exports_not_memory_shadow
4	PASS [   0.423s] ( 58/594) ken-elaborator modules::namespace_effect_tests::forward_local_export_waits_for_its_checked_id
4	PASS [   1.651s] ( 59/594) ken-elaborator modules::namespace_effect_tests::external_inline_edge_cannot_predeclare_later_same_unit_sibling
4	PASS [   0.425s] ( 60/594) ken-elaborator modules::namespace_effect_tests::in_memory_q_after_file_selects_its_own_checked_identity
4	PASS [   1.678s] ( 61/594) ken-elaborator modules::namespace_effect_tests::generated_derive_import_refuses_stale_provider_in_either_order
4	PASS [   0.008s] ( 62/594) ken-elaborator parser::as_pattern_precedence_tests::as_binds_tighter_than_flat_or
4	PASS [   0.007s] ( 63/594) ken-elaborator parser::atom_form_closure::all_lists_each_variant_once
4	PASS [   0.007s] ( 64/594) ken-elaborator parser::atom_form_closure::the_derived_type_roster_claims_exactly_the_historical_four
4	PASS [   0.007s] ( 65/594) ken-elaborator parser::atom_start_premise::all_three_atom_entry_points_refuse_every_exclusion_trigger
4	PASS [   0.419s] ( 66/594) ken-elaborator r_layer_tests::acceptance::ascription_on_lambda
4	PASS [   1.245s] ( 67/594) ken-elaborator modules::namespace_effect_tests::later_same_unit_sibling_rejects_regardless_of_file_import_order
4	PASS [   0.513s] ( 68/594) ken-elaborator r_layer_tests::acceptance::existing_invariants_still_green
4	PASS [   0.435s] ( 69/594) ken-elaborator r_layer_tests::acceptance::wrong_arity_rejected
4	PASS [   3.294s] ( 70/594) ken-elaborator r_layer_tests::cat_bool_pub_export::class_owner_provider_loader_visible_inventories_are_exact
4	PASS [   6.449s] ( 71/594) ken-elaborator r_layer_tests::cat_effectful_classes_import::effectful_classes_roots_loads_standalone
4	PASS [  54.622s] ( 72/594) ken-cli::rt_selected_pending_call_admission selected_pending_write_arm_runs_its_bind_continuation_natively
4	PASS [  11.086s] ( 73/594) ken-elaborator r_layer_tests::cat_effectful_classes_import::effectful_classes_imports_erase_to_identical_kernel_trees_and_zero_trust
4	PASS [   1.840s] ( 74/594) ken-elaborator r_layer_tests::cat_ord_nat_canonical_owner::order_facade_carries_relation_and_dictionary_identities
4	PASS [   1.844s] ( 75/594) ken-elaborator r_layer_tests::cat_order_pub_export::order_facade_does_not_export_the_totality_bridge
4	PASS [   1.850s] ( 76/594) ken-elaborator r_layer_tests::cat_order_pub_export::selective_consumer_preserves_local_and_reexported_provider_identities
4	PASS [   5.681s] ( 77/594) ken-elaborator r_layer_tests::cat_priority_queue_acceptance::empty_singleton_duplicates_and_pop_persistence_match_seed
4	PASS [   5.713s] ( 78/594) ken-elaborator r_layer_tests::cat_priority_queue_acceptance::public_client_constructs_peeks_merges_and_drains_exact_exports
4	PASS [   5.956s] ( 79/594) ken-elaborator r_layer_tests::cat_priority_queue_acceptance::entries_ties_self_merge_count_vectors_and_persistence_match_seed
4	PASS [  91.035s] ( 80/594) ken-cli::rt_cold_lowering_path_enumeration rt_write_writable_stage
4	PASS [   2.741s] ( 81/594) ken-elaborator r_layer_tests::ds1_empty_dec_acceptance::landed_lawful_classes_package_still_elaborates_with_dependencies
4	PASS [   1.765s] ( 82/594) ken-elaborator r_layer_tests::ds1_empty_dec_acceptance::real_empty_dec_imports_bind_canonical_class_and_transport_identities
4	PASS [   0.008s] ( 83/594) ken-elaborator r_layer_tests::effects::cap_two_distinct_caps_each_gated
4	PASS [   0.007s] ( 84/594) ken-elaborator r_layer_tests::effects::handler_fold_tail_resumptive_chains
4	PASS [   0.007s] ( 85/594) ken-elaborator r_layer_tests::effects::higher_order_param_undeclared_rejected
4	PASS [   0.007s] ( 86/594) ken-elaborator r_layer_tests::effects::impure_boundary_marker_exposed
4	PASS [   0.008s] ( 87/594) ken-elaborator r_layer_tests::effects::lower_elim_itree_wrong_method_count_rejected
4	PASS [   0.007s] ( 88/594) ken-elaborator r_layer_tests::effects::row_poly_mixed_concrete_and_var
4	PASS [   0.007s] ( 89/594) ken-elaborator r_layer_tests::effects::row_poly_undeclared_row_var_rejected
4	PASS [   0.008s] ( 90/594) ken-elaborator r_layer_tests::kenfmt_b3_layout::ac1_wide_inscope_export_wraps_under_canonical_width
4	PASS [   0.012s] ( 91/594) ken-elaborator r_layer_tests::kenfmt_b3_layout::ac3_wide_declaration_signatures_nest_and_keep_fitting_binders_flat
4	PASS [   0.014s] ( 92/594) ken-elaborator r_layer_tests::kenfmt_let_layout::let4_comments_stay_owned_and_shadowing_starts_a_new_segment
4	PASS [   0.455s] ( 93/594) ken-elaborator r_layer_tests::lang_fixity_decl_surface::declared_precedence_compares_with_arithmetic_levels
4	PASS [   9.696s] ( 94/594) ken-elaborator r_layer_tests::cat_tier_d_cursor_import::parsing_cursor_imports_are_canonical_and_visibility_only
4	PASS [   0.009s] ( 95/594) ken-elaborator r_layer_tests::lang_mod_catalog_evidence_frontier::discovery_known_answer_covers_both_source_spellings
4	PASS [   0.007s] ( 96/594) ken-elaborator r_layer_tests::lang_mod_catalog_evidence_frontier::evidence_status_is_typed_and_independent_from_strict_observation
4	PASS [   0.007s] ( 97/594) ken-elaborator r_layer_tests::lang_mod_catalog_evidence_frontier::parsed_provider_interfaces_and_loader_edges_have_known_answer
4	PASS [   0.848s] ( 98/594) ken-elaborator r_layer_tests::lang_structural_result_elab::ordinary_let_binding_inside_lifted_arm_is_exactly_out_of_scope
4	PASS [   9.552s] ( 99/594) ken-elaborator r_layer_tests::cat_tier_e_argparse_import::argparse_checked_laws_retain_real_parser_and_distinct_endpoints
4	PASS [   9.550s] (100/594) ken-elaborator r_layer_tests::cat_tier_e_argparse_import::argparse_publication_is_visibility_only
4	PASS [   0.009s] (101/594) ken-elaborator r_layer_tests::let4_multi_binding::ac1_binding_separators_are_context_local
4	PASS [   0.858s] (102/594) ken-elaborator r_layer_tests::lc_acceptance::ac6_sct_wellfounded_accepted_cyclic_rejected
4	PASS [   0.464s] (103/594) ken-elaborator r_layer_tests::n4_program_admits::admitted_ambient_resolution_records_distinct_provider_provenance
4	PASS [   0.917s] (104/594) ken-elaborator r_layer_tests::lc_acceptance::ac7_derive_kernel_rechecks_candidate
4	PASS [   0.009s] (105/594) ken-elaborator seal2_tests::producer_closure::catalog_glob_ranges_over_every_package
4	PASS [   0.608s] (106/594) ken-elaborator seal2_tests::adversary_repros::transfer_count_has_no_public_producer
4	PASS [   0.440s] (107/594) ken-elaborator seal2_tests::producer_closure::unclassifiable_global_member_fails_loudly
4	PASS [   0.475s] (108/594) ken-elaborator::ax2_axiom_named_postulates axiom_surface_parses_formats_and_elaborates_as_a_named_postulate
4	PASS [   0.424s] (109/594) ken-elaborator::ax2_axiom_named_postulates instance_field_axiom_uses_the_canonical_owner_path
4	PASS [   1.714s] (110/594) ken-elaborator seal2_tests::adversary_repros::direct_buffer_span_forgery_routes_all_reject
4	PASS [   1.943s] (111/594) ken-elaborator::b1_exact_denotation_alphabet wrapped_operation_tree_and_callback_inputs_fail_closed_transitively
4	PASS [   0.006s] (112/594) ken-elaborator::b2_acceptance inert_to_conversion
4	PASS [  42.961s] (113/594) ken-elaborator::b1_exact_denotation_alphabet real_resource_performs_derive_the_exact_lifecycle_alphabet
4	PASS [   0.433s] (114/594) ken-elaborator::bare_proof_selector_atom recursive_attached_proof_can_use_its_bare_selector
4	PASS [   0.438s] (115/594) ken-elaborator::case_eq_dependent_match_sugar stuck_bool_scrutinee_binds_a_usable_equation_and_kernel_checks
4	PASS [  44.490s] (116/594) ken-elaborator::b2_acceptance ward_green_keeps_delegated_never_promoted
4	PASS [   4.503s] (117/594) ken-elaborator::cat5_parsing_package cat5_d2_failed_parser_carries_same_source_valid_span
4	PASS [   2.050s] (118/594) ken-elaborator::cat_bsearch_acceptance entry_adds_no_trusted_declarations
4	PASS [   5.294s] (119/594) ken-elaborator::cat5_parsing_package parsing_reuses_the_canonical_nat_providers
4	PASS [   0.427s] (120/594) ken-elaborator::cat_capex_authority capability_filesystem_authority_fragment_elaborates
4	PASS [   2.040s] (121/594) ken-elaborator::cat_bsearch_acceptance generic_decision_and_yes_no_evidence_instantiate
4	PASS [   0.935s] (122/594) ken-elaborator::cat_capex_authority filesystem_program_requires_the_declared_capability_and_accepts_its_twin
4	PASS [   2.615s] (123/594) ken-elaborator::cat_concat_map_append_law concat_map_append_stays_private_and_adds_no_provider_closure_trust
4	PASS [   3.004s] (124/594) ken-elaborator::cat_deque_acceptance entry_elaborates_and_registers_operations_and_laws
4	PASS [   2.607s] (125/594) ken-elaborator::cat_derived_filter_membership_law private_law_statements_resolve_the_derived_filter
4	PASS [   2.237s] (126/594) ken-elaborator::cat_gcd_acceptance roots_loader_registers_gcd_artifacts_with_exact_catalog_provider_identities
4	PASS [   3.125s] (127/594) ken-elaborator::cat_idf_trust_free_provider combinators_are_trust_free_canonical_checked_imports
4	PASS [  11.797s] (128/594) ken-elaborator::cat_map_dom_member map_dom_member_public_surface_transition_sentinel
4	PASS [  16.003s] (129/594) ken-elaborator::cat_map_bool_and_owner map_bool_and_import_withdrawal_and_wrong_name_fail
4	PASS [   5.551s] (130/594) ken-elaborator::cat_property_acceptance property_length_occurrence_and_selective_import_are_pinned
4	PASS [   2.919s] (131/594) ken-elaborator::cat_sort_insertion_sort_acceptance boolean_vectors_compute_and_both_generic_laws_instantiate
4	PASS [  11.672s] (132/594) ken-elaborator::cat_map_dom_member map_trusted_base_is_unchanged_from_provider_closure
4	PASS [   0.472s] (133/594) ken-elaborator::cat_string_bijection_pub_export string_bijection_standalone_imports_retain_provider_identities
4	PASS [   2.838s] (134/594) ken-elaborator::cat_sort_insertion_sort_acceptance entry_adds_no_trusted_declarations
4	PASS [   0.482s] (135/594) ken-elaborator::cat_vec_acceptance empty_and_out_of_bounds_calls_are_rejected_by_their_indices
4	PASS [   1.625s] (136/594) ken-elaborator::cat_string_keys_closeout string_keys_direct_lawfulclasses_consumption_is_exact
4	PASS [   0.574s] (137/594) ken-elaborator::cat_vec_acceptance generic_operations_preserve_length_and_concrete_computations_hold
4	PASS [   0.938s] (138/594) ken-elaborator::cat_vector_closeout vector_loader_visible_inventory_is_empty
4	PASS [   0.007s] (139/594) ken-elaborator::catalog_taxonomy catalog_package_roots_use_only_the_controlled_sections
4	PASS [   1.021s] (140/594) ken-elaborator::cat_vector_closeout vector_owned_inventory_transition_sentinel_and_zero_local_trust
4	PASS [   5.101s] (141/594) ken-elaborator::cc3_parsing_cursor_decoder_acceptance ordered_dependency_closure_elaborates_cursor_then_decoder
4	PASS [   0.422s] (142/594) ken-elaborator::class_field_purity surf2_d1_unmarked_classes_and_sort_discriminant_stay_status_quo
4	PASS [   0.417s] (143/594) ken-elaborator::class_field_purity type_id_projection_view_and_infer_route_are_live
4	PASS [   2.106s] (144/594) ken-elaborator::decimal_char_acceptance char_eq_and_ord_on_projection
4	PASS [   0.474s] (145/594) ken-elaborator::dependent_match_context_telescope_acceptance elim_carries_convoy_telescope_in_motive_methods_and_application
4	PASS [   0.457s] (146/594) ken-elaborator::dependent_match_motive_rebase_acceptance control_constant_motive_match_still_elaborates
4	PASS [   0.457s] (147/594) ken-elaborator::dependent_match_motive_rebase_acceptance regression_index_and_value_dependent_omega_motive_over_a_recursive_family
4	PASS [   0.455s] (148/594) ken-elaborator::dependent_match_nonnullary_acceptance ac1_tree_two_recursive_fields_elaborates_and_narrows_structurally
4	PASS [  11.426s] (149/594) ken-elaborator::cc7_argparse_acceptance invalid_utf8_option_value_survives_byte_identically
4	PASS [   2.856s] (150/594) ken-elaborator::ds3_sum_combinators_acceptance ac8_getorelse_returns_contained_value_not_default
4	PASS [   0.473s] (151/594) ken-elaborator::ds5b_dependent_match_refinement_acceptance interleaved_let_alias_of_enclosing_field_rejects_after_convoy_closes_type_gap
4	PASS [   0.463s] (152/594) ken-elaborator::ds5b_dependent_match_refinement_acceptance let_interleaved_outer_binder_not_skipped_by_convoy
4	PASS [   0.458s] (153/594) ken-elaborator::ds5b_dependent_match_refinement_acceptance non_indexed_match_stays_unaffected
4	PASS [   0.462s] (154/594) ken-elaborator::ds5b_dependent_match_refinement_acceptance omega_reindexed_evidence_is_consumed_in_the_ruled_direction
4	PASS [   2.976s] (155/594) ken-elaborator::ds3_sum_combinators_acceptance trusted_base_delta_is_empty_across_the_file
4	PASS [   0.467s] (156/594) ken-elaborator::ds5b_dependent_match_refinement_acceptance production_source_preserves_reachable_non_sort_prefilter_skip
4	PASS [   0.471s] (157/594) ken-elaborator::ds6c_intlit_elaborator_emission interpreter_evaluates_real_elaborated_intlit
4	PASS [   2.901s] (158/594) ken-elaborator::ds6a_int_deceq_acceptance deceq_char_transports_from_deceq_int_not_a_fresh_postulate
4	PASS [   7.243s] (159/594) ken-elaborator::ds7_applicative_monad_acceptance ac8_noncartesian_applicative_cannot_wire_into_monad
4	PASS [   7.194s] (160/594) ken-elaborator::ds8_traversable_acceptance compose_ap_cmp_is_present_and_kernel_checked
4	PASS [   0.460s] (161/594) ken-elaborator::ds9_json_codec_acceptance intrinsic_all_lift_direct_pi_domain_remains_rejected
4	PASS [   0.636s] (162/594) ken-elaborator::es2_acceptance map_set_retired_not_prelude_primitives
4	PASS [   0.623s] (163/594) ken-elaborator::es2_acceptance perm_body_is_a_truncation
4	PASS [   0.477s] (164/594) ken-elaborator::explicit_data_elaboration indexed_impossible_constructor_may_be_omitted_from_non_empty_vector_match
4	PASS [   0.455s] (165/594) ken-elaborator::explicit_data_elaboration proof_carrying_constructor_telescope_elaborates_with_prior_binders_in_scope
4	PASS [   0.006s] (166/594) ken-elaborator::explicit_data_parser explicit_family_accepts_empty_constructor_block
4	PASS [   0.006s] (167/594) ken-elaborator::explicit_data_parser explicit_where_block_accepts_simple_default_result_constructors
4	PASS [   0.444s] (168/594) ken-elaborator::fr2_absurd_collision_hygiene explicit_data_ctor_named_axiom_is_a_hard_error
4	PASS [   0.456s] (169/594) ken-elaborator::generated_index_evidence_closure bare_user_refl_on_top_level_top_remains_rejected
4	PASS [   0.452s] (170/594) ken-elaborator::i4d_boundary_header_parser direct_file_reader_preserves_manifest_without_minting_or_trust_growth
4	PASS [   6.405s] (171/594) ken-elaborator::ds8_traversable_acceptance wired_superclass_fields_reused_not_reproved
4	PASS [   0.478s] (172/594) ken-elaborator::i7_env_process_projectors_acceptance working_directory_round_trip_preserves_argv_and_environment
4	PASS [   0.009s] (173/594) ken-elaborator::k5_absurd_trusted_base absurd_motive_position_counted_in_trusted_base_delta
4	PASS [   0.008s] (174/594) ken-elaborator::ken_md_literate checked_fence_ranges_are_utf8_safe_with_non_ascii_prose
4	PASS [   0.007s] (175/594) ken-elaborator::ken_md_literate only_exact_ken_fences_compile
4	PASS [   0.008s] (176/594) ken-elaborator::kenfmt_signature_layout r2_r3_r4_r5_prefer_horizontal_when_the_construct_fits
4	PASS [   0.476s] (177/594) ken-elaborator::k3_literal_rollback fresh_string_and_non_string_literals_after_rollback_keep_own_values
4	PASS [   0.466s] (178/594) ken-elaborator::kernel_conv_congruence_closure quotient_class_congruence_is_reached_by_checked_ken_source
4	PASS [   0.470s] (179/594) ken-elaborator::km_literal_trust_accounting checked_numeric_and_string_literals_are_trust_accounting_neutral
4	PASS [   0.473s] (180/594) ken-elaborator::km_sigma_eq_pair_refl wrong_endpoint_pair_lens_law_still_rejects
4	PASS [   0.474s] (181/594) ken-elaborator::ktr2_data_lowering_diagnostics failed_localization_preserves_the_unattributed_kernel_error
4	PASS [   0.472s] (182/594) ken-elaborator::ktr2_data_lowering_diagnostics legacy_universe_overflow_is_actionable_and_source_attributed
4	PASS [   0.465s] (183/594) ken-elaborator::l2_acceptance ac2_elim_computes_on_circle
4	PASS [   0.456s] (184/594) ken-elaborator::l2_acceptance ac3_exhaustive_elim_reduces_on_blue
4	PASS [   0.456s] (185/594) ken-elaborator::l2_acceptance data_recursive_type_accepts
4	PASS [   0.425s] (186/594) ken-elaborator::l2_acceptance duplicate_flat_arm_is_subsumed_by_exactly_one_earlier_arm
4	PASS [   0.469s] (187/594) ken-elaborator::l2_acceptance nested_ctor_pattern_missing_case_is_exhaustiveness_error
4	PASS [   0.421s] (188/594) ken-elaborator::l2_acceptance non_dependent_arity_one_constructor_witness_derives_its_own_arity
4	PASS [   0.525s] (189/594) ken-elaborator::l3_strings_roundtrip_acceptance ac2_source_literals_merge_at_nfc_construction
4	PASS [   0.471s] (190/594) ken-elaborator::l3a_acceptance string_is_not_list_char_but_convertible
4	PASS [   0.425s] (191/594) ken-elaborator::l4_export_reexport formatter_is_fixed_point_and_export_adds_no_trust
4	PASS [   0.007s] (192/594) ken-elaborator::l4_export_reexport parser_distinguishes_facade_and_in_scope_forms_with_renames
4	PASS [   0.933s] (193/594) ken-elaborator::l3b_acceptance user_ord_instance_drives_verified_sort
4	PASS [   0.432s] (194/594) ken-elaborator::l7_acceptance foreign_decl_binds_typed_effect_rowed
4	PASS [   0.007s] (195/594) ken-elaborator::lang_application_atom_if_rejection ac_if_rejects_affirmatively_from_the_argument_loop
4	PASS [   0.007s] (196/594) ken-elaborator::lang_atom_start_classification_closure ac0_a_proof_selector_head_is_still_admitted
4	PASS [   0.008s] (197/594) ken-elaborator::lang_atom_start_classification_closure ac2_the_self_delimiting_bar_still_nests_and_groups
4	PASS [   0.007s] (198/594) ken-elaborator::lang_atom_start_classification_closure the_match_equation_binder_is_not_a_scrutinee_argument
4	PASS [   0.007s] (199/594) ken-elaborator::lang_bytes_hex_list_literal bracketed_hex_pairs_lex_to_existing_byte_string_token
4	PASS [   0.008s] (200/594) ken-elaborator::lang_comment_classifier_shared ac3_lexer_and_lossless_comment_end_are_the_same_offset
4	PASS [   0.472s] (201/594) ken-elaborator::l7_acceptance world_foreign_without_row_rejected
4	PASS [   0.473s] (202/594) ken-elaborator::lang_constructor_namespace_shadowing_guard a_single_family_with_distinct_constructors_compiles
4	PASS [   0.472s] (203/594) ken-elaborator::lang_foreign_name_control_chars ordinary_foreign_names_still_accept
4	PASS [   0.007s] (204/594) ken-elaborator::lang_foreign_name_format_chars category_data_version_matches_the_pinned_workspace_unicode_data
4	PASS [   0.006s] (205/594) ken-elaborator::lang_foreign_name_format_chars feff_after_offset_zero_is_rejected
4	PASS [   0.006s] (206/594) ken-elaborator::lang_foreign_name_format_chars formatter_recovery_advances_on_multibyte_boundaries
4	PASS [   0.006s] (207/594) ken-elaborator::lang_foreign_name_format_chars formatter_recovery_rejects_later_offset_feff_before_suffix_scanning
4	PASS [   0.482s] (208/594) ken-elaborator::lang_infix_application_default infix_elaborates_to_the_same_term_as_prefix_application
4	PASS [   0.477s] (209/594) ken-elaborator::lang_instance_registry_identity_key absent_old_prerequisite_remains_no_instance
4	PASS [   1.834s] (210/594) ken-elaborator::lang_facade_export_load_order nested_facade_reaches_the_consumer_through_p_interface
4	PASS [   0.006s] (211/594) ken-elaborator::lang_lex_numeric_forms decimal_fraction_separators_do_not_change_exponent
4	PASS [   0.473s] (212/594) ken-elaborator::lang_instance_registry_identity_key rebound_construction_prerequisite_refuses_before_emitting_a_dictionary_term
4	PASS [   0.923s] (213/594) ken-elaborator::lang_match_literal_patterns boolean_constructor_patterns_and_general_top_catchall_refusal_are_unchanged
4	PASS [   1.399s] (214/594) ken-elaborator::lang_match_guards guarded_top_wildcard_and_variable_remain_refused
4	PASS [   0.545s] (215/594) ken-elaborator::lang_match_literal_patterns every_supported_carrier_selects_and_falls_through_by_value
4	PASS [   0.471s] (216/594) ken-elaborator::lang_match_literal_patterns literals_compose_inside_constructor_columns
4	PASS [   0.464s] (217/594) ken-elaborator::lang_match_or_pattern three_alternatives_are_flat_and_map_binders_by_name
4	PASS [   0.907s] (218/594) ken-elaborator::lang_match_or_pattern binder_sets_and_intra_alternative_duplicates_are_rejected
4	PASS [   0.506s] (219/594) ken-elaborator::lang_match_record_pattern component_coverage_respects_open_fields_and_names_the_real_gap
4	PASS [   0.475s] (220/594) ken-elaborator::lang_match_record_pattern record_fields_compose_with_tuple_constructor_and_as_patterns
4	PASS [   0.472s] (221/594) ken-elaborator::lang_match_tuple_pattern module_rewriting_recurses_through_tuple_components
4	PASS [   0.472s] (222/594) ken-elaborator::lang_match_tuple_pattern redundant_tuple_arm_is_subsumed_never_no_inhabitants
4	PASS [   1.770s] (223/594) ken-elaborator::lang_mod_catalog_realization strict_slice_stays_closed_and_floor_nat_reuses_existing_identity
4	PASS [  13.364s] (224/594) ken-elaborator::lang_membership_operator_surface membership_surface_adds_no_trusted_declaration
4	PASS [   0.473s] (225/594) ken-elaborator::lang_mod_or_omega_param_elab omega_sorted_parameters_and_indices_elaborate_for_type_families
4	PASS [   0.471s] (226/594) ken-elaborator::lang_mod_pub_eligibility public_attached_proof_still_rejects_a_private_subject
4	PASS [   6.453s] (227/594) ken-elaborator::lang_mod_strict_resolution_d1 strict_globals_choke_covers_every_d0_globals_representation
4	PASS [   0.434s] (228/594) ken-elaborator::lang_nested_former_recursion_acceptance ac_nested_fold_lowers_to_a_checked_elimination
4	PASS [  19.474s] (229/594) ken-elaborator::lang_mod_nat_floor_realization every_executable_top_level_binding_route_is_floor_immutable
4	PASS [   0.872s] (230/594) ken-elaborator::lang_nested_former_recursion_acceptance ac_nested_former_fold_admitted_direct_stays_green
4	PASS [   2.683s] (231/594) ken-elaborator::lang_prelude_collections ac5_new_combinators_add_zero_trusted_base_entries
4	PASS [   0.424s] (232/594) ken-elaborator::lang_prelude_floor_fifteen strict_entry_rejects_forged_pre_source_floor_identity
4	PASS [   2.647s] (233/594) ken-elaborator::lang_prelude_collections list_combinators_compose_with_checked_derived_providers
4	PASS [   0.458s] (234/594) ken-elaborator::lang_qualified_constructor_privacy buffer_capacity_file
4	PASS [   0.464s] (235/594) ken-elaborator::lang_qualified_constructor_privacy buffer_resource_file
4	PASS [   0.434s] (236/594) ken-elaborator::lang_qualified_constructor_privacy forge_span_file
4	PASS [   0.467s] (237/594) ken-elaborator::lang_qualified_constructor_privacy mapping_resource_file
4	PASS [   0.431s] (238/594) ken-elaborator::lang_qualified_constructors local_qualified_constructor_pattern_uses_identity_for_coverage
4	PASS [   0.457s] (239/594) ken-elaborator::lang_qualified_constructors other_parent_buffer_cannot_index_resource_type
4	PASS [   0.432s] (240/594) ken-elaborator::lang_qualified_constructors scoped_resource_kind_bare_member_neither_resolves_nor_binds
4	PASS [   0.445s] (241/594) ken-elaborator::lang_reserved_infix_names simultaneous_reserved_names_remain_distinct_without_generic_operator_tokens
4	PASS [   0.424s] (242/594) ken-elaborator::lang_roots_loader_local_instance_dict_scope distinct_local_collision_rejects_before_allocating_or_trusting_either_name
4	PASS [   0.838s] (243/594) ken-elaborator::lang_roots_loader_local_instance_dict_scope selective_import_supports_explicit_argument_and_superclass_wiring
4	PASS [   0.007s] (244/594) ken-elaborator::lang_standard_infix_call_completion a_glyph_is_a_legal_rename_target_in_a_facade_export
4	PASS [   1.656s] (245/594) ken-elaborator::lang_standard_infix_call_completion a_parameterized_carrier_resolves_from_its_inferred_core_application
4	PASS [   0.434s] (246/594) ken-elaborator::lang_standard_infix_call_completion a_rebound_fixed_argument_is_refused_before_builder_selection
4	PASS [   0.430s] (247/594) ken-elaborator::lang_standard_infix_call_completion ac2c_an_explicit_partial_application_is_not_rewritten_into_a_completed_call
4	PASS [   4.850s] (248/594) ken-elaborator::lang_reserved_infix_names every_reserved_name_and_alias_reaches_declaration_prefix_infix_and_fixity
4	PASS [   0.745s] (249/594) ken-elaborator::lang_standard_infix_call_completion the_standard_fixities_govern_parsing_and_and_binds_tighter_than_or
4	PASS [   0.016s] (250/594) ken-elaborator::lang_surface_pair kenfmt_canonical_projection_output_remains_accepted
4	PASS [   0.460s] (251/594) ken-elaborator::lang_surface_int_precision kernel_equality_decides_equal_large_surface_spellings
4	PASS [   0.455s] (252/594) ken-elaborator::lang_symbolic_operator_names symbolic_name_uses_existing_duplicate_definition_diagnostic
4	PASS [   0.026s] (253/594) ken-elaborator::lang_truncation_surface_syntax ac2_a_bare_truncation_argument_closes_and_the_loop_continues
4	PASS [   0.683s] (254/594) ken-elaborator::lang_symbolic_operator_names symbolic_fn_elaborates_to_the_ordinary_function_form
4	PASS [   0.638s] (255/594) ken-elaborator::lang_truncation_surface_syntax ac4_kernel_level_type_target_elimination_of_trunc_remains_refused
4	PASS [   0.572s] (256/594) ken-elaborator::lang_truncation_surface_syntax d1_unicode_formation_elaborates_and_kernel_checks
4	PASS [   0.450s] (257/594) ken-elaborator::lang_type_projection_surface_form positional_projection_in_type_position_names_the_unsupported_form
4	PASS [   0.463s] (258/594) ken-elaborator::let5_checking_mode_let singleton_let_preserves_checked_match_goal
4	PASS [   3.005s] (259/594) ken-elaborator::lang_truncation_surface_syntax ac5_derives_exact_shape_elaborates_and_kernel_checks
4	PASS [   3.628s] (260/594) ken-elaborator::literal_escapes_conformance byte_string_ascii_and_x_domain
4	PASS [   0.007s] (261/594) ken-elaborator::literal_escapes_lexer_unit byte_escape_malformed_spans_end_at_the_offending_character
4	PASS [   1.396s] (262/594) ken-elaborator::literal_escapes_lexer_unit char_and_bytes_elaborate_end_to_end
4	PASS [   0.007s] (263/594) ken-elaborator::literal_escapes_lexer_unit raw_triple_string_performs_no_escape_processing
4	PASS [   0.006s] (264/594) ken-elaborator::literal_escapes_lexer_unit unicode_escape_decodes_in_string_and_char
4	PASS [   0.006s] (265/594) ken-elaborator::literal_escapes_lexer_unit well_shaped_invalid_scalar_spans_the_complete_escape
4	PASS [   7.205s] (266/594) ken-elaborator::literal_escapes_conformance unicode_escape_shape_scalar_and_char_cardinality
4	PASS [ 174.159s] (267/594) ken-elaborator::b2_acceptance cross_case_verdict_mapping_is_constant
4	PASS [  11.840s] (268/594) ken-elaborator::map_build_acceptance cat_rel_seed_positive_two_edge_cycle_executes
4	PASS [  11.862s] (269/594) ken-elaborator::map_build_acceptance letter_frequency_shape
4	PASS [   0.421s] (270/594) ken-elaborator::mutual_recursion_surface_acceptance non_terminating_mutual_group_is_rejected_by_sct
4	PASS [   0.463s] (271/594) ken-elaborator::n1_duplicate_definition duplicate_ordinary_definition_uses_specific_variant_and_payload
4	PASS [   0.470s] (272/594) ken-elaborator::n1_duplicate_definition lower_arity_eq_j_and_real_sugar_remain_jointly_live
4	PASS [   0.007s] (273/594) ken-elaborator::nat_arithmetic_laws_acceptance tangled_source_stays_free_of_numeric_classes_and_trusted_declarations
4	PASS [   0.010s] (274/594) ken-elaborator::nc15_record_sigma_lowering unsupported_dependent_record_field_shape_rejects_before_runtime_ir
4	PASS [   0.009s] (275/594) ken-elaborator::nc16_primitive_value_lowering safe_bytes_at_lowering_returns_none_and_carries_bounds_obligation
4	PASS [   0.010s] (276/594) ken-elaborator::nc17_recursion_dictionaries_modules imported_declaration_ref_requires_exact_dependency_seed_identity
4	PASS [   0.007s] (277/594) ken-elaborator::nc17_recursion_dictionaries_modules recursive_body_view_lowers_to_explicit_runtime_declaration_ref
4	PASS [   0.011s] (278/594) ken-elaborator::nc18_effects_foreign_boundary_ir represented_effect_target_survives_and_reports_comparison_unavailable
4	PASS [   0.424s] (279/594) ken-elaborator::proof_vocabulary mutual_scc_orders_dependencies_from_non_entry_members
4	PASS [   0.006s] (280/594) ken-elaborator::purity_keywords legacy_view_at_declaration_head_is_not_a_declaration
4	PASS [   1.778s] (281/594) ken-elaborator::px3_abi_scalars ac3_manifest_max_is_ok_and_max_plus_one_is_err_for_every_scalar
4	PASS [  11.474s] (282/594) ken-elaborator::map_build_acceptance lookupfoundafterinsert_law2_is_a_real_general_proof_term
4	PASS [  11.389s] (283/594) ken-elaborator::map_build_acceptance lookuplocality_law3_is_a_real_general_proof_term
4	PASS [   0.430s] (284/594) ken-elaborator::px9_system_error_classification sanctioned_retry_surface_consumes_both_classification_axes
4	PASS [   0.433s] (285/594) ken-elaborator::record_decl_form point_named_projections_are_typed_through_the_shared_owner_registry
4	PASS [   0.468s] (286/594) ken-elaborator::record_index_sigma_closure if_result_classifier_closes_a_substituted_refined_core
4	PASS [   0.435s] (287/594) ken-elaborator::record_index_sigma_closure second_sigma_component_refines_a_fresh_branch_goal
4	PASS [   0.429s] (288/594) ken-elaborator::record_literal brace_neighbours_and_declaration_regressions_remain_live
4	PASS [   0.435s] (289/594) ken-elaborator::record_literal named_literals_follow_declaration_order_not_written_order
4	PASS [   0.697s] (290/594) ken-elaborator::record_literal puns_resolve_in_the_enclosing_scope_and_follow_field_names
4	PASS [   0.612s] (291/594) ken-elaborator::record_literal refinement_braces_parse_without_expression_record_braces
4	PASS [   0.433s] (292/594) ken-elaborator::record_literal update_rebuilds_from_projections_and_is_eta_respecting
4	PASS [   0.466s] (293/594) ken-elaborator::sct_completeness_repro shape_a_accepts_and_evaluates_correctly
4	PASS [   0.643s] (294/594) ken-elaborator::sct_completeness_repro shape_a_val2_12_nested_split_flat_sibling_recursion_accepts
4	PASS [   0.016s] (295/594) ken-elaborator::sec1_acceptance ct_label_parses_carries_and_defers_timing
4	PASS [   0.010s] (296/594) ken-elaborator::sec1_acceptance declassify_absent_from_delta_is_infidelity
4	PASS [   0.015s] (297/594) ken-elaborator::sec1_acceptance integrity_taint_rejected
4	PASS [   0.013s] (298/594) ken-elaborator::sec1_acceptance unprovable_relational_incomplete_never_false_proved
4	PASS [   0.013s] (299/594) ken-elaborator::sec1ct_acceptance ct_value_steers_branch_guard_rejected
4	PASS [   0.015s] (300/594) ken-elaborator::sec1ct_acceptance declassified_ct_value_steers_sink_accepted_and_listed
4	PASS [   0.012s] (301/594) ken-elaborator::sec1ct_acceptance secret_not_ct_branches_freely_accepted
4	PASS [   0.012s] (302/594) ken-elaborator::sec1ct_acceptance timing_guarantee_delegated_not_claimed
4	PASS [   0.015s] (303/594) ken-elaborator::sec2_acceptance attenuated_cap_at_strong_sink_rejects
4	PASS [   0.013s] (304/594) ken-elaborator::sec2_acceptance no_row_view_is_inert_rejected
4	PASS [   0.783s] (305/594) ken-elaborator::surf_space_cells_p1 ac_s3_reads_each_of_three_pairwise_distinct_components
4	PASS [   0.701s] (306/594) ken-elaborator::surf_space_cells_p1 ac_s6_mut_outside_space_is_a_specific_error_with_a_span
4	PASS [   0.750s] (307/594) ken-elaborator::surf_space_cells_p1 ac_s7_old_in_pure_code_remains_unbound
4	PASS [   0.545s] (308/594) ken-elaborator::surf_space_cells_p1 nested_block_space_is_a_specific_surface_refusal
4	PASS [   0.936s] (309/594) ken-elaborator::surface_arrow_and_infix_acceptance infix_minus_matches_prefix_sub_int
4	PASS [   0.423s] (310/594) ken-elaborator::surface_transport_acceptance standalone_j_admits_a_base_through_an_enclosing_let_definition
4	PASS [   0.008s] (311/594) ken-elaborator::surface_unicode surf1_d3_formatter_emits_canonical_unicode
4	PASS [   0.006s] (312/594) ken-elaborator::surface_unicode surf1_d3_invisible_identifier_character_renders_escaped_not_raw
4	PASS [   0.425s] (313/594) ken-elaborator::surface_unicode surf1_d3_membership_glyph_is_not_let_delimiter
4	PASS [   0.830s] (314/594) ken-elaborator::surface_unicode surf1_d3_unicode_and_ascii_elaborate_identically
4	PASS [   0.006s] (315/594) ken-elaborator::t1_acceptance glivenko_wire_sweep_classically_valid_never_false
4	PASS [   0.006s] (316/594) ken-elaborator::t1_acceptance unknown_goal_unknown_tag_no_forcing_world
4	PASS [   0.425s] (317/594) ken-elaborator::v1_acceptance non_omega_predicate_surface_error
4	PASS [   0.426s] (318/594) ken-elaborator::v1_acceptance old_out_of_scope_rejects
4	PASS [   0.430s] (319/594) ken-elaborator::v1_acceptance requires_on_first_of_two_params
4	PASS [   0.007s] (320/594) ken-elaborator::v2_acceptance nonrecursive_degenerate_no_ih_placeholder
4	PASS [   0.434s] (321/594) ken-elaborator::v2_acceptance precondition_at_call_not_in_body_placeholder
4	PASS [   0.430s] (322/594) ken-elaborator::v2_acceptance trivial_clause_still_emits_obligation
4	PASS [   0.429s] (323/594) ken-elaborator::v3_d_open_goal_witness_route pi_bound_int_atoms_route_d_and_preserve_ho_default
4	PASS [   2.572s] (324/594) ken-elaborator::v3_fo_checker_soundness_d0_buildability_probe probe1_fokderivation_indexed_by_foksequent_elaborates_and_kernel_checks
4	PASS [   2.836s] (325/594) ken-elaborator::v3_fo_checker_soundness_d1a_rule_correspondence forall_world_right_constructor_and_checker_reject_a_nonfresh_eigenparameter
4	PASS [   3.071s] (326/594) ken-elaborator::v3_fo_checker_soundness_d2_bool_inversion fok_or_elim_left_branch_applies_to_a_concrete_instance
4	PASS [   2.546s] (327/594) ken-elaborator::v3_fo_checker_soundness_d2_bool_inversion fok_or_elim_right_branch_applies_to_a_concrete_instance
4	PASS [   2.549s] (328/594) ken-elaborator::v3_fo_checker_soundness_d2_bool_inversion fok_or_left_false_applies_to_a_concrete_false_false_instance
4	PASS [   2.521s] (329/594) ken-elaborator::v3_fo_embedding_adequacy_d1 intrinsic_apparatus_passes_full_admission_with_zero_trust_delta
4	PASS [   3.030s] (330/594) ken-elaborator::v3_fo_embedding_adequacy_d1 intrinsic_connectives_and_adequacy_statement_are_live
4	PASS [   2.691s] (331/594) ken-elaborator::v3_fo_embedding_adequacy_d1 kernel_checked_adequacy_has_the_exact_d2a_statement_and_structure
4	PASS [   2.697s] (332/594) ken-elaborator::v3_fo_ken_level_checker_authoring certificate_sort_validation_certificate_wide_parameter_pair
4	PASS [   2.598s] (333/594) ken-elaborator::v3_fo_ken_level_checker_authoring certificate_sort_validation_parameter_world_object_role_pair
4	PASS [  45.904s] (334/594) ken-elaborator::px8p_checked_buffer_producer real_checked_buffer_bracket_emits_exact_allocate_and_release_sigma
4	PASS [  47.803s] (335/594) ken-elaborator::px7f_resource_lifetime_export checked_resource_producer_emits_exactly_one_correlated_t_body
4	PASS [   0.007s] (336/594) ken-elaborator::v3_fo_obligation_signature_discovery_acceptance bottom_in_antecedent_does_not_overcollect_as_a_spurious_sort
4	PASS [   0.006s] (337/594) ken-elaborator::v3_fo_obligation_signature_discovery_acceptance conjunct_3_convert_distinguishes_structurally_different_iforms
4	PASS [   2.935s] (338/594) ken-elaborator::v3_fo_ken_level_checker_authoring fok_check_cert_agrees_with_rust_on_near_miss_pairs
4	PASS [   2.774s] (339/594) ken-elaborator::v3_fo_ken_level_checker_authoring fok_check_cert_serializer_discriminates_init_left_right_swap
4	PASS [   0.007s] (340/594) ken-foundation canonical::tests::bignum_minimal_limb
4	PASS [   0.006s] (341/594) ken-foundation canonical::tests::kind_tags_disambiguate
4	PASS [   0.008s] (342/594) ken-foundation canonical::tests::set_ordering_deterministic
4	PASS [   0.005s] (343/594) ken-foundation hash::tests::fnv1a_known_empty
4	PASS [   0.008s] (344/594) ken-host abi_m1_d0_probe::the_generated_projections_cover_every_family_exactly_once
4	PASS [   0.015s] (345/594) ken-host abi_v1::tests::change_mode_rejects_file_type_bits_before_dispatch
4	PASS [   0.007s] (346/594) ken-host abi_v1::tests::manifest_mismatch_fails_before_context_creation
4	PASS [   0.007s] (347/594) ken-host abi_v1::tests::positioned_future_generation_reifies_malformed_resource
4	PASS [   0.007s] (348/594) ken-host effect_v1::tests::abi_s1_descriptor_failures_preserve_px9_file_error_identity
4	PASS [   0.007s] (349/594) ken-host effect_v1::tests::abi_s1_duplicate_preserves_policy_rights_and_revocation_lineage
4	PASS [   0.006s] (350/594) ken-host effect_v1::tests::abi_s6_d1_mapping_is_opaque_lineage_bound_and_terminally_unmapped
4	PASS [   0.006s] (351/594) ken-host effect_v1::tests::bounded_positioned_io_reaches_progress_mismatch_and_ordered_bindings
4	PASS [   0.007s] (352/594) ken-host effect_v1::tests::every_catalog_or_layout_value_mutation_changes_the_manifest_hash
4	PASS [   0.006s] (353/594) ken-host effect_v1::tests::resource_owner_and_close_allowance_are_structurally_confined
4	PASS [   0.007s] (354/594) ken-host effect_wire::tests::abi_s1_descriptor_requests_and_position_reply_round_trip_typed_wire
4	PASS [   0.005s] (355/594) ken-host effect_wire::tests::abi_s1_duplicate_wire_is_typed_distinct_and_fail_closed
4	PASS [   0.006s] (356/594) ken-host effect_wire::tests::linked_trace_codec_preserves_file_origin_canonical_revoked_identity
4	PASS [   0.005s] (357/594) ken-host mapping_v1::tests::mapping_protection_is_read_only_or_read_write_exactly
4	PASS [   0.006s] (358/594) ken-host revocation_v1::tests::admissibility_rechecks_ancestors_after_leaf_was_observed_live
4	PASS [   0.009s] (359/594) ken-interp console_io_tests::val1_c3_unknown_op_is_err
4	PASS [   0.009s] (360/594) ken-interp eff_tests::eff4_handled_discharges_unhandled_reaches_driver
4	PASS [   0.006s] (361/594) ken-interp eval::nfc_construction_tests::nfc_consumers_observe_normalized_literal_value
4	PASS [   0.008s] (362/594) ken-interp eval::px5b_effect_observation_tests::abi_s6_d5a_mapping_dispatch_uses_the_in_process_interpreter_backend
4	PASS [   0.008s] (363/594) ken-interp eval::px5b_effect_observation_tests::ac2_monotonic_is_refused_while_the_wall_clock_still_reads_and_steps_back
4	PASS [   0.008s] (364/594) ken-interp eval::px5b_effect_observation_tests::malformed_capability_identity_and_error_come_from_reply
4	PASS [   0.009s] (365/594) ken-interp eval::px5b_effect_observation_tests::px8_wrote_component_short_write_reifies_effective_remaining
4	PASS [   0.009s] (366/594) ken-interp eval::px5b_effect_observation_tests::resource_origin_revoked_reifies_as_resource_host_io_revoked
4	PASS [   0.009s] (367/594) ken-interp eval::px5b_effect_observation_tests::rt_parity_buffer_freeze_rejects_malformed_bounds_exactly
4	PASS [   0.009s] (368/594) ken-interp eval::px5b_effect_observation_tests::rt_parity_short_read_reifies_remaining_and_request_budget
4	PASS [   0.006s] (369/594) ken-interp eval::target_abi_tests::mismatch_stops_before_interpreter_host_entry
4	PASS [   0.010s] (370/594) ken-interp tests::unknown_absent_when_hole_free
4	PASS [   0.010s] (371/594) ken-interp tests::unknown_strict_and_kleene_table
4	PASS [   0.005s] (372/594) ken-interp::f2f3_acceptance f3_legacy_add_sub_mul_unreduced
4	PASS [   2.742s] (373/594) ken-elaborator::v3_fo_soundness_sct_expressibility real_fok_checker_soundness_passes_full_admission_without_new_trust
4	PASS [   0.430s] (374/594) ken-interp::fs_driver_build_acceptance absent_path_surfaces_total_not_found_result
4	PASS [   0.467s] (375/594) ken-interp::fs_driver_build_capability_acceptance r1_sufficient_cap_reads_fixture
4	PASS [   0.472s] (376/594) ken-interp::i2_console_floor flush_and_is_terminal_are_total_and_traced
4	PASS [   0.017s] (377/594) ken-interp::k1p5_ih_wstyle_vis_fold_acceptance wstyle_pair_valued_fold_threads_state_through_vis
4	PASS [   0.465s] (378/594) ken-interp::i2_console_floor package_helpers_route_exact_bytes_and_one_newline
4	PASS [   0.461s] (379/594) ken-interp::l1_acceptance ac2_expected_type_overrides_default
4	PASS [   0.454s] (380/594) ken-interp::l1_acceptance ac3_overflow_obligation_emitted_int32
4	PASS [   0.447s] (381/594) ken-interp::l1_acceptance ac4_bare_overflow_never_wraps_silently
4	PASS [   0.010s] (382/594) ken-interp::nc12_runtime_ir_evaluator external_runtime_example_rejects_before_evaluation
4	PASS [   0.447s] (383/594) ken-interp::l1_acceptance sweep_int_total_no_obligation
4	PASS [   0.465s] (384/594) ken-interp::nc9_proof_erasure_boundary_checker ken_checker_source_kernel_checks_without_trust_delta
4	PASS [   0.493s] (385/594) ken-interp::px7f_system_resource escaped_copy_is_legal_but_every_later_use_is_closed
4	PASS [   0.010s] (386/594) ken-kernel check::tests::universe_no_type_type
4	PASS [   0.006s] (387/594) ken-kernel conv::tests::cast_and_quotient_elim_heterogeneous_heads_stay_distinct
4	PASS [   0.011s] (388/594) ken-kernel conv::tests::closed_two_cons_positive_reduces_by_iota_without_refusal
4	PASS [   0.006s] (389/594) ken-kernel conv::tests::level_max_two_distinct_vars_do_not_collapse
4	PASS [   0.007s] (390/594) ken-kernel conv::tests::trunc_congruence_accepts_convertible_interior_and_rejects_distinct_interior
4	PASS [   0.006s] (391/594) ken-kernel inductive::tests::method_ih_usage_treats_an_unexposed_method_as_all_live
4	PASS [   0.008s] (392/594) ken-kernel sct::tests::declared_telescope_is_maximal_and_not_body_counted
4	PASS [   0.006s] (393/594) ken-kernel sct::tests::is_exact_reconstruction_positive
4	PASS [   0.007s] (394/594) ken-kernel subst::tests::subst_tel_application_spine
4	PASS [   0.015s] (395/594) ken-kernel::acceptance ac4_elim_nat_iota_suc_var
4	PASS [   0.009s] (396/594) ken-kernel::acceptance ac4_elim_vec_iota_vcons_var
4	PASS [   0.009s] (397/594) ken-kernel::acceptance ac4_elim_vec_type_checks
4	PASS [   0.009s] (398/594) ken-kernel::acceptance ac5_d_in_constructor_target_index_rejected
4	PASS [   0.007s] (399/594) ken-kernel::acceptance ac5_negative_under_pi_rejected
4	PASS [   0.009s] (400/594) ken-kernel::acceptance ac6_subject_reduction_pi_beta
4	PASS [   0.009s] (401/594) ken-kernel::acceptance ac7_checking_terminates_k1
4	PASS [   0.009s] (402/594) ken-kernel::acceptance k2_eq_inductive_diff_ctor_is_bottom
4	PASS [   0.008s] (403/594) ken-kernel::acceptance k2_j_nonrefl_reduces_not_stuck
4	PASS [   0.008s] (404/594) ken-kernel::acceptance k2_omega_skip_prop_args
4	PASS [   0.502s] (405/594) ken-interp::px8p_checked_buffer positive_capacity_settles_normally_and_body_error_still_settles
4	PASS [   0.010s] (406/594) ken-kernel::ds6a_int_deceq_certificate mistyped_eq_op_domain_is_rejected_at_registration
4	PASS [   0.009s] (407/594) ken-kernel::ds6b_intlit_eq_reduction intlit_infers_the_registered_primitive_type
4	PASS [   0.005s] (408/594) ken-kernel::ds6b_intlit_eq_reduction over_equate_distinct_literals_rejected
4	PASS [   0.013s] (409/594) ken-kernel::eq_at_inductive_multifield_binder two_field_unequal_later_field_witness_discriminates
4	PASS [   0.014s] (410/594) ken-kernel::k1p5_wstyle ac1_itree_w_style_admitted
4	PASS [   0.008s] (411/594) ken-kernel::k1p5_wstyle ac5_itree_bind_shaped_fold_type_checks
4	PASS [   0.013s] (412/594) ken-kernel::k2c_conversion declare_def_sct_rejects_self_loop
4	PASS [   0.008s] (413/594) ken-kernel::k2c_conversion sct_reject_self_loop
4	PASS [   0.015s] (414/594) ken-kernel::k2c_series2 j_constant_motive_still_reduces
4	PASS [   0.015s] (415/594) ken-kernel::k2c_series2 eq_inductive_dependent_telescope
4	PASS [   0.007s] (416/594) ken-kernel::k2c_series2 j_dependent_motive_fires
4	PASS [   0.012s] (417/594) ken-kernel::k4_omega_motive omega_pi_shortcut_fires_on_distinct_proofs_not_alpha
4	PASS [   0.012s] (418/594) ken-kernel::k5_omega_fragment absurd_discharges_goal_from_impossible_hypothesis
4	PASS [   0.007s] (419/594) ken-kernel::k5_omega_fragment antisym_shaped_case_split_both_branches
4	PASS [   0.013s] (420/594) ken-kernel::nested_inductives_all generated_all_support_is_absent_from_general_nested_lookup
4	PASS [   0.012s] (421/594) ken-kernel::nested_inductives_all neutral_method_dependent_decoder_cannot_replace_literal_all
4	PASS [   0.011s] (422/594) ken-kernel::nested_inductives_d1a d1b_retires_the_nested_occurrence_rejection
4	PASS [   0.012s] (423/594) ken-kernel::nested_inductives_d3_shapes descriptor_equivalence_validates_dependent_telescope_prefixes_in_lockstep
4	PASS [   0.009s] (424/594) ken-kernel::nested_inductives_d3_shapes transparent_aliases_preserve_former_topology_and_fail_closed_otherwise
4	PASS [   0.018s] (425/594) ken-kernel::nested_inductives_remaining production_nested_lift_is_consumed_and_iota_computes
4	PASS [   0.013s] (426/594) ken-kernel::obs_eq_termination_congruence allkeys_distinct_predicate_stays_rejected
4	PASS [   0.011s] (427/594) ken-kernel::sct_completeness_nested_split recursing_on_a_deferred_ih_slot_stays_rejected
4	PASS [   0.007s] (428/594) ken-kernel::sct_completeness_nested_split two_level_nested_split_flat_sibling_recursion_accepts
4	PASS [   0.007s] (429/594) ken-runtime activation_abi::export_rendering_tests::the_rendered_export_matches_the_c_stubs_bytes_for_every_shape
4	PASS [   0.012s] (430/594) ken-kernel::sigma_sort sigma_subset_relevant_stays_type
4	PASS [   0.016s] (431/594) ken-runtime boundary_activation::tests::a_first_cap_of_zero_cannot_be_raised_before_any_activation
4	PASS [   0.010s] (432/594) ken-runtime boundary_resource_profile::tests::the_reserve_argument_order_matches_the_named_fields
4	PASS [   0.033s] (433/594) ken-runtime boundary_activation::tests::concurrent_begins_issue_unique_epochs_without_overrunning_one_cap
4	PASS [   0.033s] (434/594) ken-runtime boundary_value_clif::tests::ac4_invocation_data_and_limbs_are_unreachable_by_the_admitted_relation
4	PASS [   0.026s] (435/594) ken-runtime boundary_value_clif::tests::b2v_ac10_adoption_converges_equal_values_and_never_aliases_unequal
4	PASS [   0.011s] (436/594) ken-runtime boundary_value_clif::tests::b2v_ac10_adoption_fails_closed_before_publication
4	PASS [   0.070s] (437/594) ken-runtime boundary_value_clif::tests::b2v_a_constructed_persistent_word_survives_the_invocation_arena
4	PASS [   0.029s] (438/594) ken-runtime boundary_value_clif::tests::b2v_construction_fails_closed_at_each_ceiling
4	PASS [   0.082s] (439/594) ken-runtime boundary_value_clif::tests::b2v_ac10_emitted_construction_publishes_only_through_store_adoption
4	PASS [   0.072s] (440/594) ken-runtime boundary_value_clif::tests::b2v_emitted_code_constructs_equal_length_bytes_and_strings_by_content
4	PASS [   0.085s] (441/594) ken-runtime boundary_value_clif::tests::b2v_emitted_code_constructs_one_selected_host_result_payload
4	PASS [   0.008s] (442/594) ken-runtime boundary_value_clif::tests::b2v_every_class_guard_call_site_takes_its_set_from_the_plan
4	PASS [   0.090s] (443/594) ken-runtime boundary_value_clif::tests::b2v_emitted_wide_int_construction_refuses_a_noncanonical_magnitude
4	PASS [   0.053s] (444/594) ken-runtime boundary_value_clif::tests::b2v_malformed_words_are_refused_with_distinct_exact_errors
4	PASS [   0.007s] (445/594) ken-runtime boundary_value_clif::tests::b2v_the_rust_mirror_and_the_derived_relation_reconcile_over_the_product
4	PASS [   0.009s] (446/594) ken-runtime boundary_value_clif::tests::b2v_the_tag_set_is_closed_in_both_directions
4	PASS [   0.007s] (447/594) ken-runtime cranelift_backend::artifact::api::tests::nc8_certificate_rejects_if_expression_in_reachable_transparent_declaration
4	PASS [   0.007s] (448/594) ken-runtime cranelift_backend::artifact::api::tests::nc8_certificate_rejects_unsupported_total_primitive_in_validated_example
4	PASS [   0.007s] (449/594) ken-runtime cranelift_backend::artifact::api::tests::reachable_declaration_effect_metadata_rejects_before_backend_lowering
4	PASS [   0.054s] (450/594) ken-runtime cranelift_backend::artifact::api::tests::the_synthetic_entrypoint_consumes_the_authority_it_is_given
4	PASS [   0.011s] (451/594) ken-runtime cranelift_backend::lowering::aggregates::tests::a_mismatch_below_every_recursive_container_is_refused_before_any_allocation
4	PASS [   0.035s] (452/594) ken-runtime cranelift_backend::lowering::aggregates::tests::a_source_record_as_a_call_argument_is_marshalled_at_its_own_occurrence
4	PASS [   0.240s] (453/594) ken-runtime boundary_value_clif::tests::b2v_every_emitted_owner_band_test_is_the_plans
4	PASS [   0.009s] (454/594) ken-runtime cranelift_backend::lowering::aggregates::tests::the_carrier_allocation_choke_refuses_both_ungoverned_requests
4	PASS [   0.008s] (455/594) ken-runtime cranelift_backend::lowering::boundary::tests::b2v_ac3_every_variant_carries_exactly_one_of_the_five_static_policies
4	PASS [   0.008s] (456/594) ken-runtime cranelift_backend::lowering::boundary::tests::b2v_ac3_the_lowered_boundary_disposition_has_no_wildcard_arm
4	PASS [   0.059s] (457/594) ken-runtime cranelift_backend::lowering::aggregates::tests::an_aggregate_at_the_callee_scheduling_fallback_authorizes_itself
4	PASS [   0.008s] (458/594) ken-runtime cranelift_backend::lowering::boundary::tests::recut2_the_plan_is_derived_from_the_partition_not_restated
4	PASS [   0.008s] (459/594) ken-runtime cranelift_backend::lowering::core::branched_scrutinee_unit_body_observer_tests::noncarrying_match_arm_missing_recursive_position_returns_none
4	PASS [   0.057s] (460/594) ken-runtime cranelift_backend::lowering::boundary::tests::recut2_the_emitted_helper_graph_changes_when_the_owner_bands_change
4	PASS [   0.031s] (461/594) ken-runtime cranelift_backend::lowering::core::primitive::tests::overflowing_int_primitive_promotes_before_native_wrapping_semantics
4	PASS [   0.009s] (462/594) ken-runtime cranelift_backend::lowering::core::tests::constructors::a_capture_contract_claiming_the_wrong_transfer_discipline_rejects
4	PASS [   0.026s] (463/594) ken-runtime cranelift_backend::lowering::core::tests::constructors::b2f_d9_the_same_emitter_builds_the_string_class
4	PASS [   0.054s] (464/594) ken-runtime cranelift_backend::lowering::core::primitive::tests::px8i_jit_terminal_requires_uncorrupted_local_export_evidence
4	PASS [   0.025s] (465/594) ken-runtime cranelift_backend::lowering::core::tests::constructors::c1_d3_ac_c4_a_carried_hypothesis_applied_to_arguments_fails_closed
4	PASS [   0.008s] (466/594) ken-runtime cranelift_backend::lowering::core::tests::constructors::c2_ac3_missing_dynamic_role_refuses_at_some_zero_unit_epoch
4	PASS [   0.026s] (467/594) ken-runtime cranelift_backend::lowering::core::tests::constructors::carried_bool_dispatch_selects_exact_false_and_true_ordinals
4	PASS [   0.047s] (468/594) ken-runtime cranelift_backend::lowering::core::tests::constructors::c1_d4_ac_c7_project_eliminates_a_carried_record_by_static_field_identity
4	PASS [   0.024s] (469/594) ken-runtime cranelift_backend::lowering::core::tests::constructors::carried_bool_family_refuses_a_duplicate_role_pre_arm
4	PASS [   0.042s] (470/594) ken-runtime cranelift_backend::lowering::core::tests::constructors::carried_bool_hostile_oracle_reddens_when_exact_tag_guard_is_bypassed
4	PASS [   0.029s] (471/594) ken-runtime cranelift_backend::lowering::core::tests::constructors::constructor_field_bridge_removal_recovers_exact_refusal
4	PASS [   0.032s] (472/594) ken-runtime cranelift_backend::lowering::core::tests::constructors::constructor_field_selected_case_composes_before_field_lowering
4	PASS [   0.038s] (473/594) ken-runtime cranelift_backend::lowering::core::tests::constructors::dynamic_constructor_ordinary_continuation_preserves_bool_kind
4	PASS [   0.009s] (474/594) ken-runtime cranelift_backend::lowering::core::tests::constructors::static_worker_construction_rejects_missing_target
4	PASS [   0.009s] (475/594) ken-runtime cranelift_backend::lowering::core::tests::constructors::static_worker_construction_rejects_slot_run_against_header
4	PASS [   0.067s] (476/594) ken-runtime cranelift_backend::lowering::core::tests::constructors::dynamic_host_result_producer_carrier_final_kind_is_runtime_guarded
4	PASS [   0.066s] (477/594) ken-runtime cranelift_backend::lowering::core::tests::constructors::static_worker_witness_runs_and_distinguishes_capture_order
4	PASS [   0.012s] (478/594) ken-runtime cranelift_backend::lowering::core::tests::control::oriented_dynamic_edge_ledger_is_affine_and_sibling_isolated
4	PASS [   0.014s] (479/594) ken-runtime cranelift_backend::lowering::core::tests::control::oriented_dynamic_edge_mutations_reject_through_named_lanes
4	PASS [   0.010s] (480/594) ken-runtime cranelift_backend::lowering::core::tests::control::oriented_source_open_occurrence_cross_checks_the_closure_selected_parent
4	PASS [   0.194s] (481/594) ken-runtime cranelift_backend::lowering::core::tests::control::no_collection_is_keyed_by_a_scheduling_entry
4	PASS [   0.011s] (482/594) ken-runtime cranelift_backend::lowering::core::tests::control::the_branch_local_partition_mints_a_declared_body_for_a_capture_free_recursive_position
4	PASS [   0.030s] (483/594) ken-runtime cranelift_backend::lowering::core::tests::control::valid_root_plus_missing_marked_scalar_cut_rejects_before_emission
4	PASS [   0.076s] (484/594) ken-runtime cranelift_backend::lowering::core::tests::effects::borrowed_ingress_malformed_metadata_fails_closed
4	PASS [   0.016s] (485/594) ken-runtime cranelift_backend::lowering::core::tests::effects::budget_eff_native_read_some_capped_full_and_short_reify_effective_not_raw_remaining
4	PASS [   0.305s] (486/594) ken-runtime cranelift_backend::lowering::core::tests::control::the_backend_production_surface_inventory_is_closed
4	PASS [   0.075s] (487/594) ken-runtime cranelift_backend::lowering::core::tests::effects::d7_non_unit_fixed_role_reaches_ordinary_aggregate_allocation
4	PASS [   0.043s] (488/594) ken-runtime cranelift_backend::lowering::core::tests::effects::live_effect_emitter_inventory_and_generated_layout_mutations_are_closed
4	PASS [   0.026s] (489/594) ken-runtime cranelift_backend::lowering::core::tests::effects::px8n_bounded_nat_rejects_zero_over_bound_misaligned_and_wrapping_progress
4	PASS [   0.044s] (490/594) ken-runtime cranelift_backend::lowering::core::tests::effects::match_selected_call_returned_host_result_keeps_established_dynamic_lane
4	PASS [   0.163s] (491/594) ken-runtime cranelift_backend::lowering::core::tests::effects::the_process_pair_reaches_a_retained_body_only_through_declared_slots
4	PASS [   0.199s] (492/594) ken-runtime cranelift_backend::lowering::core::tests::effects::root_and_descendant_effects_share_only_the_direct_host_context
4	PASS [   0.034s] (493/594) ken-runtime cranelift_backend::lowering::core::tests::host_call_carrier::ac1b_the_executable_lowering_witness_closes_its_one_token_population
4	PASS [   0.037s] (494/594) ken-runtime cranelift_backend::lowering::core::tests::host_call_carrier::d2_ac6_3_the_ported_unit_receives_parameters_before_captures
4	PASS [   0.041s] (495/594) ken-runtime cranelift_backend::lowering::core::tests::host_call_carrier::d5_c2_mutual_same_scc_calls_reconcile_and_emit
4	PASS [   0.149s] (496/594) ken-runtime cranelift_backend::lowering::core::tests::host_call_carrier::an_unrepresentable_transfer_is_refused_before_any_unit_is_declared
4	PASS [   0.090s] (497/594) ken-runtime cranelift_backend::lowering::core::tests::host_call_carrier::d6b_the_governed_case_environment_is_the_binder_run_it_was_planned_from
4	PASS [   0.172s] (498/594) ken-runtime cranelift_backend::lowering::core::tests::host_call_carrier::d5_c4_checked_plan_mutations_each_reach_their_own_authority
4	PASS [   0.039s] (499/594) ken-runtime cranelift_backend::lowering::core::tests::host_call_carrier::d7_the_two_same_shaped_target_population_executes
4	PASS [   0.030s] (500/594) ken-runtime cranelift_backend::lowering::core::tests::host_call_carrier::d8_dynamic_host_result_merge_enters_materialized_dead_cfg_population
4	PASS [   0.008s] (501/594) ken-runtime cranelift_backend::lowering::core::tests::host_call_carrier::every_generated_root_and_unit_signature_is_two_pointers_to_one_word
4	PASS [   0.009s] (502/594) ken-runtime cranelift_backend::lowering::core::tests::host_call_carrier::rtfp_a_cleared_transported_identity_rejects_before_cfg
4	PASS [   0.007s] (503/594) ken-runtime cranelift_backend::lowering::core::tests::host_call_carrier::rtfp_the_two_frames_are_header_identical_and_body_distinct
4	PASS [   0.029s] (504/594) ken-runtime cranelift_backend::lowering::core::tests::host_call_carrier::minted_seed_material_is_present_in_the_finalized_artifact
4	PASS [   0.014s] (505/594) ken-runtime cranelift_backend::lowering::core::tests::positional_candidate_settlement::ac_d3_self_the_recursive_edges_call_site_is_separated_from_its_callee_body
4	PASS [   0.008s] (506/594) ken-runtime cranelift_backend::lowering::core::tests::positional_candidate_settlement::d2k_1c_1_a_transition_and_its_transport_must_name_each_other
4	PASS [   0.064s] (507/594) ken-runtime cranelift_backend::lowering::core::tests::positional_candidate_settlement::ced_d3_m1_suppressing_the_binding_installation_is_refused_at_the_ih_marker_guard
4	PASS [   0.066s] (508/594) ken-runtime cranelift_backend::lowering::core::tests::positional_candidate_settlement::d3_a_two_parameter_body_selects_the_constructor_its_position_named
4	PASS [   0.072s] (509/594) ken-runtime cranelift_backend::lowering::core::tests::recursor_fusion::missing_call_input_callee_child_degrades_the_tag_not_the_compile
4	PASS [   0.011s] (510/594) ken-runtime cranelift_backend::lowering::core::tests::recursor_fusion::required_consumer_projection_refuses_each_wrong_coordinate
4	PASS [   0.034s] (511/594) ken-runtime cranelift_backend::lowering::core::tests::source_frame_bridge::checked_ih_misbinding_refuses_after_mapping_both_authorities_to_runtime
4	PASS [   0.206s] (512/594) ken-runtime cranelift_backend::lowering::core::tests::positional_candidate_settlement::d9b_the_assembled_ordinary_run_matches_the_planner_role_sequence_by_position
4	PASS [   0.063s] (513/594) ken-runtime cranelift_backend::lowering::core::tests::source_frame_bridge::d8m_the_transported_tuple_is_what_carries_the_source_frame
4	PASS [   0.045s] (514/594) ken-runtime cranelift_backend::lowering::core::tests::specialization_binding::d5a_a_superseded_worker_body_keeps_its_raw_descriptor_authority
4	PASS [   0.044s] (515/594) ken-runtime cranelift_backend::lowering::core::tests::specialization_binding::d5a_suppressing_the_marker_consumption_restores_the_pending_closeout_refusal
4	PASS [   0.053s] (516/594) ken-runtime cranelift_backend::lowering::core::tests::specialization_binding::d5a_the_landed_object_fixture_consumes_its_ih_marker_before_emitting_the_worker_call
4	PASS [   0.053s] (517/594) ken-runtime cranelift_backend::lowering::core::tests::specialization_binding::d6a_planned_claimed_and_emitted_identity_agree_exactly
4	PASS [   0.047s] (518/594) ken-runtime cranelift_backend::lowering::core::tests::specialization_binding::d6a_the_same_checked_frame_with_a_direct_predecessor_stays_direct
4	PASS [   0.023s] (519/594) ken-runtime cranelift_backend::lowering::core::tests::specialization_binding::d8a_one_emission_owner_answers_one_composed_source_coordinate
4	PASS [   0.451s] (520/594) ken-runtime cranelift_backend::lowering::core::tests::source_frame_bridge::d6c_the_sealed_binder_run_refuses_a_miscounted_or_permuted_run_at_its_producer
4	PASS [   0.078s] (521/594) ken-runtime cranelift_backend::lowering::source::tests::d2b_the_abandoned_let_body_joins_are_dispositioned_at_the_arm_that_abandons_it
4	PASS [   0.020s] (522/594) ken-runtime cranelift_backend::lowering::source::tests::oriented_edge_mutations_reject_in_the_source_machine_consumer
4	PASS [   0.010s] (523/594) ken-runtime cranelift_backend::lowering::source::tests::px8j_source_machine_install_rejects_repeated_scope_identity
4	PASS [   0.007s] (524/594) ken-runtime cranelift_backend::lowering::units::captured_environment_bijection::a_duplicated_source_occurrence_is_refused
4	PASS [   0.007s] (525/594) ken-runtime cranelift_backend::lowering::units::captured_environment_bijection::a_gapped_ordinal_run_is_refused_even_at_the_right_length
4	PASS [   0.082s] (526/594) ken-runtime cranelift_backend::lowering::source::tests::d6b_calling_the_selected_recursive_argument_in_the_ordinary_unit_copy_fails_closed_at_the_carrier
4	PASS [   0.015s] (527/594) ken-runtime cranelift_backend::planning::static_transition::aggregates::checked_ih_captured_env_schema::an_integrity_defect_in_the_envelope_refuses_rather_than_dropping_the_unit
4	PASS [   0.009s] (528/594) ken-runtime cranelift_backend::planning::static_transition::aggregates::checked_ih_captured_env_schema::bind_target_exactness_rejects_multi_target_and_unpaired
4	PASS [   0.015s] (529/594) ken-runtime cranelift_backend::planning::static_transition::aggregates::checked_ih_captured_env_schema::capture_origin_rejects_a_force_owner_paired_with_the_wrong_seat
4	PASS [   0.013s] (530/594) ken-runtime cranelift_backend::planning::static_transition::aggregates::tests::a_dynamic_childs_owners_are_the_union_of_its_alternatives
4	PASS [   0.011s] (531/594) ken-runtime cranelift_backend::planning::static_transition::aggregates::tests::non_inline_host_effect_records_equal_their_actual_emission_owner_set
4	PASS [   0.015s] (532/594) ken-runtime cranelift_backend::planning::static_transition::aggregates::tests::a_repeated_role_at_one_seat_gets_distinct_real_records
4	PASS [   0.008s] (533/594) ken-runtime cranelift_backend::planning::static_transition::closure::tests::b2o_ac10_semantic_disposition_is_a_function_of_the_plan_graph_alone
4	PASS [   0.025s] (534/594) ken-runtime cranelift_backend::planning::static_transition::closure::tests::b2o_ac2_every_non_sentinel_node_has_exactly_one_in_range_function_owner
4	PASS [   0.024s] (535/594) ken-runtime cranelift_backend::planning::static_transition::closure::tests::b2o_ac3_ownership_composes_down_and_up_for_every_opcode_variant
4	PASS [   0.010s] (536/594) ken-runtime cranelift_backend::planning::static_transition::closure::tests::boundary_b1r_atom_content_must_stay_inside_the_closed_name_arena
4	PASS [   0.013s] (537/594) ken-runtime cranelift_backend::planning::static_transition::construction::tests::d2a_one_source_declaration_contributes_exactly_one_function
4	PASS [   0.010s] (538/594) ken-runtime cranelift_backend::planning::static_transition::construction::tests::d2a_retaining_the_obsolete_scheduling_unit_restores_the_phantom
4	PASS [   0.008s] (539/594) ken-runtime cranelift_backend::planning::static_transition::continuations::fusion::tests::d2e_binder_role_a_nonrecursive_case_has_no_hypothesis_slot
4	PASS [   0.008s] (540/594) ken-runtime cranelift_backend::planning::static_transition::continuations::fusion::tests::d2e_binder_role_past_the_case_run_is_the_frame_environment
4	PASS [   0.011s] (541/594) ken-runtime cranelift_backend::planning::static_transition::continuations::fusion::tests::d2e_ih_binding_survives_let_and_nested_match_indirection
4	PASS [   0.016s] (542/594) ken-runtime cranelift_backend::planning::static_transition::continuations::fusion::tests::d2f_5_the_redirect_target_is_selected_by_the_complete_key
4	PASS [   0.032s] (543/594) ken-runtime cranelift_backend::planning::static_transition::continuations::fusion::tests::d2f_4_the_claimed_producer_body_leaves_the_executable_population
4	PASS [   0.008s] (544/594) ken-runtime cranelift_backend::planning::static_transition::continuations::fusion::tests::d2g_ac2_marker_census_per_fixture
4	PASS [   0.008s] (545/594) ken-runtime cranelift_backend::planning::static_transition::continuations::tests::checked_binder_resolution_rederives_an_intervening_binder_shift
4	PASS [   0.019s] (546/594) ken-runtime cranelift_backend::planning::static_transition::continuations::fusion::tests::d2j_the_segment_owner_re_home_is_provenance_and_non_aliasing
4	PASS [   0.016s] (547/594) ken-runtime cranelift_backend::planning::static_transition::continuations::tests::contspec_locally_forwarded_parameter_retains_exact_source_position
4	PASS [   0.013s] (548/594) ken-runtime cranelift_backend::planning::static_transition::continuations::tests::contspec_planner_closes_ordered_keys_units_and_causal_edges_dormantly
4	PASS [   0.011s] (549/594) ken-runtime cranelift_backend::planning::static_transition::continuations::tests::contsrc_d2b_current_lexical_availability_counts_the_intervening_binder
4	PASS [   0.011s] (550/594) ken-runtime cranelift_backend::planning::static_transition::immediate_bridge::tests::derivation_reads_one_row_with_its_exact_coordinates
4	PASS [   0.009s] (551/594) ken-runtime cranelift_backend::planning::static_transition::immediate_bridge::tests::refuses_a_checked_subcontinuation_frame_whose_inner_form_is_wrong
4	PASS [   0.012s] (552/594) ken-runtime cranelift_backend::planning::static_transition::immediate_bridge::tests::validation_refuses_a_stored_plane_that_is_not_the_re_derivation
4	PASS [   0.013s] (553/594) ken-runtime cranelift_backend::planning::static_transition::joins_traps::tests::d8_callable_summary_removal_reds_at_the_plan_boundary
4	PASS [   0.011s] (554/594) ken-runtime cranelift_backend::planning::static_transition::joins_traps::tests::d8_trap_predecessors_do_not_create_a_result_edge
4	PASS [   0.008s] (555/594) ken-runtime cranelift_backend::planning::static_transition::occurrences::tests::content_equal_occurrences_resolve_to_distinct_occurrences
4	PASS [   0.009s] (556/594) ken-runtime cranelift_backend::planning::static_transition::selected_pending_calls::tests::generated_call_crossing_refuses_at_the_production_walker
4	PASS [   0.012s] (557/594) ken-runtime cranelift_backend::planning::static_transition::units::tests::b2r_ac3_the_closed_ground_value_family_yields_one_fixed_carrier
4	PASS [   0.009s] (558/594) ken-runtime executable_artifact_contract::tests::available_native_artifact_rejects_blank_required_evidence_fields
4	PASS [   0.008s] (559/594) ken-runtime executable_artifact_contract::tests::available_object_or_linker_lane_rejects_in_v0
4	PASS [   0.008s] (560/594) ken-runtime executable_artifact_contract::tests::available_toolchain_fact_rejects_blank_value_or_evidence_source
4	PASS [   0.008s] (561/594) ken-runtime executable_entrypoint_packaging::tests::process_entrypoint_packaging_binds_raw_argv_environment_and_cwd
4	PASS [   0.008s] (562/594) ken-runtime executable_entrypoint_packaging::tests::stale_entrypoint_package_identity_rejects
4	PASS [   0.008s] (563/594) ken-runtime hash::tests::fnv1a_deterministic
4	PASS [   0.008s] (564/594) ken-runtime ir::tests::acf1_ordinary_frames_differing_only_in_a_closure_body_share_a_fingerprint
4	PASS [   0.009s] (565/594) ken-runtime ir::tests::acf2_computational_constructor_is_load_bearing
4	PASS [   0.008s] (566/594) ken-runtime ir::tests::acf2_ordinary_binders_is_load_bearing
4	PASS [   0.008s] (567/594) ken-runtime ir::tests::acf2_ordinary_constructor_is_load_bearing
4	PASS [   0.010s] (568/594) ken-runtime native_effect_v1::tests::fs_append_dispatch_is_ordered_and_response_arena_is_invocation_lived
4	PASS [  11.382s] (569/594) ken-elaborator::v3_fo_sorted_eigenparameter_wrong_sort_controls world_eigen_into_object_binder_is_refused_by_the_sort_guard
4	PASS [   3.043s] (570/594) ken-runtime native_execution_differential::tests::closeout_rejects_overclaimed_out_of_phase_proof_lane
4	PASS [   0.016s] (571/594) ken-runtime native_int::tests::arena_header_matches_the_generated_local_helper_layout
4	PASS [   0.071s] (572/594) ken-runtime object_linker_packaging::tests::aggregate_observation_rejects_as_non_scalar_smoke_lane
4	PASS [   3.366s] (573/594) ken-runtime native_execution_differential::tests::asserted_available_interpreter_artifact_mismatch_rejects
4	PASS [   2.902s] (574/594) ken-runtime native_execution_differential::tests::detached_runtime_ir_report_rejects_before_execution
4	PASS [   2.922s] (575/594) ken-runtime object_linker_packaging::tests::an_absent_profile_is_refused_before_packaging_not_at_run
4	PASS [   3.133s] (576/594) ken-runtime object_linker_packaging::tests::linked_process_executes_exact_big_int_support_without_host_dispatch
4	PASS [   0.008s] (577/594) ken-runtime oriented_subcontinuation_plan::tests::computational_ih_parent_edges_roundtrip_and_bind_exact_occurrences
4	PASS [   0.009s] (578/594) ken-runtime oriented_subcontinuation_plan::tests::occurrence_exact_but_semantic_order_reversed_rejects
4	PASS [   0.009s] (579/594) ken-runtime platform_runtime_support::tests::process_entrypoint_lifecycle_records_staged_process_input
4	PASS [   0.014s] (580/594) ken-runtime store::tests::ac_v2c_interning_a_nested_compound_mints_exactly_one_slot
4	PASS [   0.019s] (581/594) ken-runtime store::tests::dedup_aware_accounting
4	PASS [   0.012s] (582/594) ken-runtime store::tests::dedup_shares_slot
4	PASS [   0.010s] (583/594) ken-runtime store::tests::dedup_uses_memcmp_not_hash_only
4	PASS [   0.007s] (584/594) ken-runtime unknown::tests::unknown_and_true_is_unknown
4	PASS [   0.086s] (585/594) ken-runtime::value_depth_totality ac_p3b_debug_returns_and_renders_at_depth_d
4	PASS [   0.206s] (586/594) ken-runtime::value_depth_totality ac_v12_witness_ordering_is_total_at_depth_d
4	PASS [   0.186s] (587/594) ken-runtime::value_depth_totality ac_v3b_clone_then_drop_both_copies_at_depth_d
4	PASS [   0.008s] (588/594) ken-verify canonical::tests::target_and_effect_manifest_mismatch_fail_closed
4	PASS [   2.181s] (589/594) ken-runtime object_linker_packaging::tests::nonprocess_starter_preserves_named_persistent_reservation_fault
4	PASS [   2.011s] (590/594) ken-runtime object_linker_packaging::tests::same_process_artifact_observes_fresh_byte_exact_os_input
4	PASS [   0.008s] (591/594) ken-verify scenario::tests::wrong_token_malformed_identity_and_error_are_reply_owned
4	PASS [ 302.470s] (592/594) ken-elaborator r_layer_tests::lang_mod_catalog_evidence_frontier::catalog_evidence_frontier_is_closed_and_honest
4	PASS [  52.574s] (593/594) ken-verify scenario::tests::execution_start_cwd_root_reaches_the_same_real_node_in_both_lanes
4	PASS [  87.555s] (594/594) ken-verify scenario::tests::cwd_root_preserves_scope_escape_and_symlink_denied_identities
